// 4.26.0 0xe1f787c8 D2 R0 FRGB565 U565 N0 SExtFlashSection
// Generated by imageconverter. Please, do not edit!

#include <touchgfx/hal/Config.hpp>

LOCATION_PRAGMA("ExtFlashSection")
KEEP extern const unsigned char image_light_theme_images_backgrounds_240x240_pink_shine[] LOCATION_ATTRIBUTE("ExtFlashSection") = { // 280x240 RGB565 pixels.
    0x0d, 0xc0, 0x0d, 0xc0, 0x0d, 0xc0, 0x0d, 0xc0, 0x0d, 0xc0, 0x0d, 0xc0,
    0x0e, 0xc8, 0x0d, 0xc8, 0x0e, 0xc8, 0x0e, 0xc8, 0x0e, 0xc8, 0x0e, 0xc8,
    0x0e, 0xd0, 0x0e, 0xd0, 0x0e, 0xc8, 0x0c, 0xb0, 0x0c, 0xb0, 0x0c, 0xb8,
    0x0c, 0xb8, 0x0d, 0xb8, 0x0d, 0xb8, 0x0d, 0xb8, 0x0d, 0xb8, 0x0d, 0xc0,
    0x0d, 0xc0, 0x0d, 0xc0, 0x0d, 0xc0, 0x0d, 0xc0, 0x0d, 0xc0, 0x0d, 0xc0,
    0x0e, 0xc8, 0x0e, 0xc8, 0x0e, 0xc8, 0x0e, 0xc8, 0x0e, 0xc8, 0x0e, 0xc8,
    0x0e, 0xd0, 0x0e, 0xd0, 0x0e, 0xd0, 0x0e, 0xd0, 0x0e, 0xd0, 0x0e, 0xd0,
    0x0f, 0xd0, 0x0f, 0xd8, 0x0e, 0xd0, 0x0d, 0xc0, 0x0d, 0xb8, 0x0d, 0xc0,
    0x0d, 0xc0, 0x0d, 0xc0, 0x0d, 0xc0, 0x0e, 0xc8, 0x0e, 0xc8, 0x0e, 0xc8,
    0x0e, 0xc8, 0x0e, 0xc8, 0x0e, 0xc8, 0x0e, 0xd0, 0x0e, 0xd0, 0x0e, 0xd0,
    0x0e, 0xd0, 0x0e, 0xd0, 0x0e, 0xd0, 0x0f, 0xd8, 0x0f, 0xd8, 0x0f, 0xd8,
    0x0f, 0xd8, 0x0f, 0xd8, 0x0f, 0xd8, 0x0e, 0xc8, 0x0d, 0xc0, 0x0d, 0xc8,
    0x0e, 0xc8, 0x0e, 0xc8, 0x0e, 0xc8, 0x0e, 0xc8, 0x0e, 0xd0, 0x0e, 0xd0,
    0x0e, 0xd0, 0x0e, 0xd0, 0x0f, 0xd0, 0x0e, 0xd0, 0x0f, 0xd8, 0x0f, 0xd8,
    0x0f, 0xd8, 0x0f, 0xd8, 0x0f, 0xd8, 0x0f, 0xe0, 0x0f, 0xe0, 0x0f, 0xe0,
    0x0e, 0xd0, 0x0e, 0xc8, 0x0e, 0xc8, 0x0e, 0xc8, 0x0e, 0xd0, 0x0e, 0xd0,
    0x0e, 0xd0, 0x0e, 0xd0, 0x0f, 0xd0, 0x0f, 0xd8, 0x0f, 0xd8, 0x0f, 0xd8,
    0x0f, 0xd8, 0x0f, 0xd8, 0x0f, 0xd8, 0x0f, 0xe0, 0x0f, 0xe0, 0x10, 0xe0,
    0x0f, 0xe0, 0x0f, 0xd0, 0x0e, 0xc8, 0x0e, 0xd0, 0x0e, 0xd0, 0x0e, 0xd0,
    0x0f, 0xd0, 0x0f, 0xd8, 0x0e, 0xd8, 0x0f, 0xd8, 0x0f, 0xd8, 0x0f, 0xd8,
    0x0f, 0xd8, 0x0f, 0xe0, 0x0f, 0xe0, 0x0f, 0xe0, 0x10, 0xe0, 0x10, 0xe0,
    0x0f, 0xe0, 0x0e, 0xd0, 0x0e, 0xd0, 0x0e, 0xd0, 0x0e, 0xd0, 0x0f, 0xd0,
    0x0f, 0xd8, 0x0f, 0xd8, 0x0f, 0xd8, 0x0f, 0xd8, 0x0f, 0xd8, 0x0f, 0xe0,
    0x0f, 0xe0, 0x10, 0xe0, 0x0f, 0xe0, 0x0f, 0xe0, 0x10, 0xe8, 0x10, 0xe0,
    0x0f, 0xd8, 0x0e, 0xc8, 0x0e, 0xd0, 0x0e, 0xd0, 0x0f, 0xd0, 0x0f, 0xd8,
    0x0e, 0xd8, 0x0f, 0xd8, 0x0f, 0xd8, 0x0f, 0xd8, 0x0f, 0xe0, 0x0f, 0xe0,
    0x10, 0xe0, 0x10, 0xe0, 0x0f, 0xe0, 0x10, 0xe8, 0x10, 0xe8, 0x0f, 0xe0,
    0x0e, 0xd0, 0x0e, 0xc8, 0x0e, 0xd0, 0x0e, 0xd0, 0x0f, 0xd0, 0x0f, 0xd8,
    0x0f, 0xd8, 0x0f, 0xd8, 0x0f, 0xd8, 0x0f, 0xe0, 0x0f, 0xe0, 0x0f, 0xe0,
    0x10, 0xe0, 0x10, 0xe0, 0x10, 0xe8, 0x10, 0xe8, 0x10, 0xe8, 0x0f, 0xe0,
    0x0e, 0xd0, 0x0e, 0xc8, 0x0e, 0xd0, 0x0e, 0xd0, 0x0e, 0xd0, 0x0e, 0xd0,
    0x0f, 0xd8, 0x0f, 0xd8, 0x0f, 0xd8, 0x0f, 0xd8, 0x0f, 0xe0, 0x0f, 0xe0,
    0x0f, 0xe0, 0x10, 0xe0, 0x10, 0xe0, 0x10, 0xe8, 0x10, 0xe8, 0x10, 0xe0,
    0x10, 0xe8, 0x0f, 0xe0, 0x0e, 0xd0, 0x0d, 0xc8, 0x0e, 0xc8, 0x0e, 0xc8,
    0x0e, 0xd0, 0x0e, 0xd0, 0x0e, 0xd0, 0x0f, 0xd0, 0x0e, 0xd8, 0x0f, 0xd8,
    0x0f, 0xd8, 0x0f, 0xd8, 0x0f, 0xd8, 0x0f, 0xe0, 0x0f, 0xe0, 0x10, 0xe0,
    0x0f, 0xe0, 0x10, 0xe0, 0x10, 0xe8, 0x10, 0xe8, 0x10, 0xe8, 0x10, 0xe8,
    0x0f, 0xd8, 0x0d, 0xc0, 0x0d, 0xc0, 0x0d, 0xc0, 0x0e, 0xc8, 0x0e, 0xc8,
    0x0e, 0xc8, 0x0e, 0xc8, 0x0e, 0xc8, 0x0e, 0xd0, 0x0e, 0xd0, 0x0e, 0xd0,
    0x0f, 0xd0, 0x0e, 0xd8, 0x0f, 0xd8, 0x0f, 0xd8, 0x0f, 0xd8, 0x0f, 0xe0,
    0x0f, 0xe0, 0x0f, 0xe0, 0x0f, 0xe0, 0x10, 0xe0, 0x0f, 0xe0, 0x10, 0xe0,
    0x10, 0xe8, 0x10, 0xe8, 0x10, 0xe8, 0x0f, 0xd8, 0x0d, 0xb8, 0x0d, 0xb8,
    0x0d, 0xb8, 0x0d, 0xc0, 0x0d, 0xc0, 0x0d, 0xc0, 0x0d, 0xc0, 0x0d, 0xc0,
    0x0d, 0xc0, 0x0e, 0xc8, 0x0e, 0xc8, 0x0e, 0xc8, 0x0e, 0xc8, 0x0e, 0xc8,
    0x0e, 0xc8, 0x0e, 0xd0, 0x0e, 0xd0, 0x0e, 0xd0, 0x0e, 0xd0, 0x0e, 0xd0,
    0x0f, 0xd8, 0x0f, 0xd8, 0x0e, 0xd8, 0x0f, 0xd8, 0x0f, 0xd8, 0x0f, 0xd8,
    0x0f, 0xe0, 0x0f, 0xe0, 0x0f, 0xe0, 0x0f, 0xe0, 0x0d, 0xc0, 0x0d, 0xc0,
    0x0d, 0xc0, 0x0d, 0xc0, 0x0d, 0xc0, 0x0e, 0xc0, 0x0d, 0xc0, 0x0d, 0xc8,
    0x0e, 0xc8, 0x0e, 0xc8, 0x0e, 0xc8, 0x0e, 0xc8, 0x0e, 0xc8, 0x0e, 0xc8,
    0x0e, 0xd0, 0x0e, 0xc8, 0x0d, 0xb8, 0x0c, 0xb0, 0x0c, 0xb8, 0x0d, 0xb8,
    0x0c, 0xb8, 0x0d, 0xb8, 0x0d, 0xb8, 0x0d, 0xb8, 0x0d, 0xc0, 0x0d, 0xc0,
    0x0d, 0xc0, 0x0d, 0xc0, 0x0d, 0xc0, 0x0d, 0xc0, 0x0d, 0xc0, 0x0d, 0xc8,
    0x0e, 0xc8, 0x0e, 0xc8, 0x0d, 0xc8, 0x0e, 0xc8, 0x0e, 0xc8, 0x0e, 0xc8,
    0x0e, 0xd0, 0x0e, 0xd0, 0x0e, 0xd0, 0x0e, 0xd0, 0x0f, 0xd0, 0x0e, 0xd0,
    0x0f, 0xd8, 0x0e, 0xc8, 0x0d, 0xc0, 0x0d, 0xc0, 0x0d, 0xc0, 0x0d, 0xc0,
    0x0d, 0xc0, 0x0d, 0xc0, 0x0e, 0xc8, 0x0d, 0xc8, 0x0e, 0xc8, 0x0e, 0xc8,
    0x0e, 0xc8, 0x0e, 0xc8, 0x0e, 0xd0, 0x0e, 0xd0, 0x0e, 0xd0, 0x0e, 0xd0,
    0x0f, 0xd0, 0x0e, 0xd0, 0x0e, 0xd0, 0x0f, 0xd8, 0x0f, 0xd8, 0x0f, 0xd8,
    0x0f, 0xd8, 0x0f, 0xd8, 0x0e, 0xc8, 0x0d, 0xc0, 0x0e, 0xc8, 0x0e, 0xc8,
    0x0e, 0xc8, 0x0e, 0xc8, 0x0e, 0xd0, 0x0e, 0xd0, 0x0e, 0xd0, 0x0e, 0xd0,
    0x0f, 0xd0, 0x0e, 0xd0, 0x0e, 0xd8, 0x0f, 0xd8, 0x0f, 0xd8, 0x0f, 0xd8,
    0x0f, 0xd8, 0x0f, 0xd8, 0x0f, 0xe0, 0x0f, 0xe0, 0x0f, 0xd8, 0x0e, 0xc8,
    0x0e, 0xc8, 0x0e, 0xc8, 0x0e, 0xd0, 0x0e, 0xd0, 0x0e, 0xd0, 0x0e, 0xd0,
    0x0e, 0xd0, 0x0f, 0xd0, 0x0f, 0xd8, 0x0f, 0xd8, 0x0f, 0xd8, 0x0f, 0xd8,
    0x0f, 0xe0, 0x0f, 0xe0, 0x0f, 0xe0, 0x0f, 0xe0, 0x10, 0xe0, 0x0f, 0xd8,
    0x0e, 0xc8, 0x0e, 0xd0, 0x0e, 0xd0, 0x0e, 0xd0, 0x0f, 0xd0, 0x0f, 0xd0,
    0x0e, 0xd8, 0x0f, 0xd8, 0x0f, 0xd8, 0x0f, 0xd8, 0x0f, 0xe0, 0x0f, 0xe0,
    0x0f, 0xe0, 0x0f, 0xe0, 0x10, 0xe0, 0x10, 0xe0, 0x10, 0xe8, 0x0f, 0xd0,
    0x0e, 0xd0, 0x0e, 0xd0, 0x0f, 0xd0, 0x0e, 0xd0, 0x0e, 0xd8, 0x0f, 0xd8,
    0x0f, 0xd8, 0x0f, 0xd8, 0x0f, 0xe0, 0x0f, 0xe0, 0x0f, 0xe0, 0x10, 0xe0,
    0x10, 0xe0, 0x0f, 0xe0, 0x10, 0xe8, 0x10, 0xe8, 0x0f, 0xd8, 0x0e, 0xd0,
    0x0e, 0xd0, 0x0e, 0xd0, 0x0f, 0xd8, 0x0f, 0xd8, 0x0f, 0xd8, 0x0f, 0xd8,
    0x0f, 0xe0, 0x0f, 0xe0, 0x0f, 0xe0, 0x10, 0xe0, 0x0f, 0xe0, 0x0f, 0xe0,
    0x10, 0xe0, 0x10, 0xe8, 0x10, 0xe8, 0x0f, 0xd8, 0x0e, 0xd0, 0x0e, 0xd0,
    0x0e, 0xd0, 0x0f, 0xd0, 0x0f, 0xd8, 0x0e, 0xd8, 0x0f, 0xd8, 0x0f, 0xd8,
    0x0f, 0xe0, 0x0f, 0xe0, 0x0f, 0xe0, 0x10, 0xe0, 0x0f, 0xe0, 0x10, 0xe8,
    0x10, 0xe8, 0x10, 0xe8, 0x10, 0xe8, 0x0f, 0xe0, 0x0e, 0xc8, 0x0e, 0xc8,
    0x0e, 0xd0, 0x0f, 0xd0, 0x0f, 0xd0, 0x0f, 0xd8, 0x0f, 0xd8, 0x0f, 0xd8,
    0x0f, 0xd8, 0x0f, 0xe0, 0x0f, 0xe0, 0x0f, 0xe0, 0x0f, 0xe0, 0x10, 0xe0,
    0x10, 0xe0, 0x0f, 0xe8, 0x10, 0xe8, 0x10, 0xe8, 0x10, 0xe8, 0x0f, 0xd8,
    0x0e, 0xc8, 0x0e, 0xc8, 0x0e, 0xc8, 0x0e, 0xd0, 0x0e, 0xd0, 0x0e, 0xd0,
    0x0f, 0xd0, 0x0f, 0xd8, 0x0f, 0xd8, 0x0f, 0xd8, 0x0f, 0xd8, 0x0f, 0xe0,
    0x0f, 0xe0, 0x0f, 0xe0, 0x10, 0xe0, 0x0f, 0xe0, 0x10, 0xe0, 0x10, 0xe8,
    0x10, 0xe8, 0x0f, 0xe0, 0x10, 0xe8, 0x0f, 0xe0, 0x0e, 0xc8, 0x0d, 0xc0,
    0x0e, 0xc0, 0x0e, 0xc8, 0x0d, 0xc8, 0x0e, 0xc8, 0x0e, 0xc8, 0x0e, 0xd0,
    0x0e, 0xd0, 0x0e, 0xd0, 0x0f, 0xd0, 0x0f, 0xd8, 0x0e, 0xd8, 0x0f, 0xd8,
    0x0f, 0xd8, 0x0f, 0xd8, 0x0f, 0xd8, 0x0f, 0xe0, 0x0f, 0xe0, 0x10, 0xe0,
    0x10, 0xe0, 0x0f, 0xe0, 0x10, 0xe8, 0x10, 0xe8, 0x10, 0xe8, 0x10, 0xe8,
    0x0f, 0xd8, 0x0d, 0xc0, 0x0c, 0xb8, 0x0d, 0xb8, 0x0d, 0xc0, 0x0d, 0xc0,
    0x0d, 0xc0, 0x0d, 0xc0, 0x0d, 0xc0, 0x0d, 0xc0, 0x0e, 0xc8, 0x0e, 0xc8,
    0x0d, 0xc8, 0x0e, 0xc8, 0x0e, 0xc8, 0x0e, 0xd0, 0x0e, 0xd0, 0x0e, 0xd0,
    0x0e, 0xd0, 0x0f, 0xd0, 0x0f, 0xd8, 0x0f, 0xd8, 0x0e, 0xd8, 0x0f, 0xd8,
    0x0f, 0xd8, 0x0f, 0xd8, 0x0f, 0xe0, 0x0f, 0xe0, 0x0f, 0xe0, 0x10, 0xd8,
    0x0f, 0xe0, 0x10, 0xe0, 0x0d, 0xb8, 0x0d, 0xc0, 0x0d, 0xc0, 0x0d, 0xc0,
    0x0d, 0xc0, 0x0d, 0xc0, 0x0e, 0xc0, 0x0e, 0xc8, 0x0d, 0xc8, 0x0d, 0xc8,
    0x0e, 0xc8, 0x0e, 0xc8, 0x0e, 0xc8, 0x0e, 0xc8, 0x0e, 0xd0, 0x0e, 0xd0,
    0x0e, 0xc8, 0x0d, 0xb8, 0x0c, 0xb0, 0x0c, 0xb8, 0x0c, 0xb8, 0x0c, 0xb8,
    0x0d, 0xb8, 0x0d, 0xb8, 0x0d, 0xb8, 0x0d, 0xb8, 0x0d, 0xc0, 0x0d, 0xc0,
    0x0d, 0xc0, 0x0e, 0xc0, 0x0d, 0xc0, 0x0d, 0xc8, 0x0e, 0xc8, 0x0e, 0xc8,
    0x0e, 0xc8, 0x0e, 0xc8, 0x0e, 0xc8, 0x0e, 0xd0, 0x0e, 0xd0, 0x0e, 0xd0,
    0x0e, 0xd0, 0x0e, 0xd0, 0x0e, 0xd8, 0x0f, 0xd0, 0x0e, 0xd8, 0x0f, 0xd8,
    0x0e, 0xc8, 0x0d, 0xc0, 0x0d, 0xc0, 0x0d, 0xc0, 0x0e, 0xc0, 0x0d, 0xc0,
    0x0d, 0xc8, 0x0e, 0xc8, 0x0e, 0xc8, 0x0d, 0xc8, 0x0e, 0xc8, 0x0e, 0xc8,
    0x0e, 0xd0, 0x0e, 0xd0, 0x0f, 0xd0, 0x0f, 0xd0, 0x0e, 0xd0, 0x0f, 0xd8,
    0x0e, 0xd0, 0x0f, 0xd8, 0x0f, 0xd8, 0x0e, 0xd8, 0x0f, 0xd8, 0x0f, 0xe0,
    0x0e, 0xd0, 0x0e, 0xc8, 0x0e, 0xc8, 0x0e, 0xc8, 0x0e, 0xc8, 0x0e, 0xc8,
    0x0e, 0xd0, 0x0e, 0xd0, 0x0e, 0xd0, 0x0f, 0xd0, 0x0e, 0xd0, 0x0e, 0xd8,
    0x0f, 0xd0, 0x0e, 0xd0, 0x0f, 0xd8, 0x0f, 0xd8, 0x0f, 0xd8, 0x0f, 0xd8,
    0x0f, 0xd8, 0x10, 0xe0, 0x0f, 0xe0, 0x0e, 0xd0, 0x0e, 0xc8, 0x0e, 0xc8,
    0x0e, 0xd0, 0x0e, 0xd0, 0x0e, 0xd0, 0x0f, 0xd0, 0x0e, 0xd8, 0x0e, 0xd8,
    0x0f, 0xd0, 0x0f, 0xd8, 0x0f, 0xd8, 0x0f, 0xd8, 0x0f, 0xe0, 0x0f, 0xe0,
    0x0f, 0xd8, 0x10, 0xe0, 0x10, 0xe0, 0x0f, 0xe0, 0x0e, 0xd0, 0x0e, 0xc8,
    0x0e, 0xd0, 0x0e, 0xd0, 0x0f, 0xd8, 0x0e, 0xd8, 0x0f, 0xd8, 0x0f, 0xd8,
    0x0f, 0xd8, 0x0f, 0xd8, 0x0f, 0xe0, 0x0f, 0xe0, 0x10, 0xd8, 0x0f, 0xe0,
    0x0f, 0xe0, 0x0f, 0xe8, 0x10, 0xe8, 0x0f, 0xd8, 0x0e, 0xd0, 0x0e, 0xd0,
    0x0f, 0xd0, 0x0e, 0xd0, 0x0f, 0xd8, 0x0f, 0xd8, 0x0f, 0xd8, 0x0f, 0xd8,
    0x0f, 0xe0, 0x0f, 0xe0, 0x0f, 0xd8, 0x10, 0xe0, 0x0f, 0xe0, 0x10, 0xe0,
    0x10, 0xe8, 0x10, 0xe0, 0x0f, 0xd8, 0x0e, 0xd0, 0x0e, 0xd0, 0x0e, 0xd0,
    0x0f, 0xd8, 0x0f, 0xd8, 0x0e, 0xd8, 0x0f, 0xd8, 0x0f, 0xe0, 0x0f, 0xe0,
    0x10, 0xe0, 0x10, 0xe0, 0x0f, 0xe0, 0x10, 0xe8, 0x10, 0xe8, 0x10, 0xe8,
    0x10, 0xe8, 0x0f, 0xd8, 0x0e, 0xc8, 0x0e, 0xd0, 0x0f, 0xd0, 0x0e, 0xd8,
    0x0f, 0xd8, 0x0f, 0xd8, 0x0f, 0xd8, 0x0f, 0xe0, 0x0f, 0xe0, 0x0f, 0xe0,
    0x10, 0xe0, 0x10, 0xe0, 0x10, 0xe0, 0x0f, 0xe0, 0x10, 0xe8, 0x10, 0xe8,
    0x10, 0xe0, 0x0f, 0xd8, 0x0e, 0xc8, 0x0e, 0xd0, 0x0e, 0xd0, 0x0f, 0xd0,
    0x0e, 0xd8, 0x0e, 0xd8, 0x0f, 0xd8, 0x0f, 0xd8, 0x0f, 0xd8, 0x0f, 0xe0,
    0x10, 0xe0, 0x10, 0xe0, 0x10, 0xe0, 0x0f, 0xe0, 0x10, 0xe8, 0x10, 0xe8,
    0x0f, 0xe0, 0x10, 0xe8, 0x0f, 0xe0, 0x0e, 0xd0, 0x0e, 0xc8, 0x0e, 0xc8,
    0x0e, 0xc8, 0x0e, 0xd0, 0x0f, 0xd0, 0x0f, 0xd0, 0x0e, 0xd8, 0x0f, 0xd8,
    0x0f, 0xd8, 0x0f, 0xd8, 0x0f, 0xe0, 0x0f, 0xe0, 0x0f, 0xe0, 0x10, 0xe0,
    0x10, 0xe0, 0x0f, 0xe0, 0x10, 0xe8, 0x10, 0xe8, 0x0f, 0xe8, 0x10, 0xe8,
    0x10, 0xe0, 0x0e, 0xd0, 0x0d, 0xc0, 0x0d, 0xc0, 0x0e, 0xc8, 0x0e, 0xc8,
    0x0e, 0xc8, 0x0e, 0xc8, 0x0e, 0xd0, 0x0e, 0xd0, 0x0e, 0xd0, 0x0f, 0xd0,
    0x0f, 0xd8, 0x0e, 0xd8, 0x0f, 0xd8, 0x0f, 0xd8, 0x0f, 0xd8, 0x0f, 0xe0,
    0x0f, 0xe0, 0x0f, 0xe0, 0x10, 0xe0, 0x10, 0xe0, 0x10, 0xe0, 0x10, 0xe0,
    0x10, 0xe0, 0x0f, 0xe8, 0x10, 0xe8, 0x0f, 0xd8, 0x0d, 0xc0, 0x0c, 0xb8,
    0x0d, 0xb8, 0x0d, 0xc0, 0x0d, 0xc0, 0x0d, 0xc0, 0x0d, 0xc0, 0x0e, 0xc0,
    0x0e, 0xc0, 0x0e, 0xc8, 0x0e, 0xc8, 0x0e, 0xc8, 0x0e, 0xc8, 0x0e, 0xd0,
    0x0e, 0xd0, 0x0e, 0xd0, 0x0e, 0xd0, 0x0e, 0xd0, 0x0f, 0xd0, 0x0f, 0xd8,
    0x0e, 0xd8, 0x0f, 0xd8, 0x0f, 0xd8, 0x0f, 0xd8, 0x0f, 0xd8, 0x0f, 0xe0,
    0x0f, 0xe0, 0x0f, 0xe0, 0x10, 0xe0, 0x10, 0xe0, 0x0f, 0xe0, 0x10, 0xe0,
    0x0d, 0xb8, 0x0d, 0xc0, 0x0d, 0xc0, 0x0d, 0xc0, 0x0e, 0xc0, 0x0d, 0xc0,
    0x0d, 0xc0, 0x0d, 0xc0, 0x0e, 0xc8, 0x0e, 0xc8, 0x0d, 0xc8, 0x0e, 0xc8,
    0x0e, 0xc8, 0x0e, 0xc8, 0x0e, 0xc8, 0x0e, 0xd0, 0x0e, 0xd0, 0x0e, 0xc8,
    0x0d, 0xb8, 0x0c, 0xb0, 0x0d, 0xb8, 0x0d, 0xb8, 0x0d, 0xb8, 0x0c, 0xb8,
    0x0d, 0xc0, 0x0d, 0xc0, 0x0d, 0xb8, 0x0d, 0xc0, 0x0d, 0xc0, 0x0e, 0xc0,
    0x0e, 0xc8, 0x0d, 0xc0, 0x0d, 0xc8, 0x0e, 0xc8, 0x0e, 0xc8, 0x0e, 0xc8,
    0x0e, 0xc8, 0x0e, 0xc8, 0x0e, 0xc8, 0x0e, 0xd0, 0x0f, 0xd0, 0x0e, 0xd0,
    0x0f, 0xd0, 0x0e, 0xd0, 0x0e, 0xd0, 0x0f, 0xd8, 0x0f, 0xd0, 0x0d, 0xc8,
    0x0d, 0xc0, 0x0d, 0xc0, 0x0d, 0xc0, 0x0e, 0xc8, 0x0d, 0xc0, 0x0e, 0xc8,
    0x0e, 0xc8, 0x0e, 0xc8, 0x0e, 0xd0, 0x0e, 0xc8, 0x0e, 0xd0, 0x0e, 0xd0,
    0x0e, 0xd0, 0x0e, 0xd0, 0x0e, 0xd0, 0x0f, 0xd8, 0x0e, 0xd8, 0x0f, 0xd0,
    0x0f, 0xd8, 0x0f, 0xd8, 0x0f, 0xd8, 0x0f, 0xd8, 0x0f, 0xd8, 0x0e, 0xc8,
    0x0d, 0xc8, 0x0e, 0xc8, 0x0e, 0xc8, 0x0e, 0xc8, 0x0e, 0xc8, 0x0e, 0xd0,
    0x0e, 0xd0, 0x0f, 0xd0, 0x0e, 0xd0, 0x0f, 0xd8, 0x0f, 0xd8, 0x0e, 0xd8,
    0x0f, 0xd8, 0x0f, 0xd8, 0x0f, 0xd8, 0x0f, 0xe0, 0x0f, 0xe0, 0x0f, 0xe0,
    0x10, 0xe0, 0x0f, 0xd8, 0x0e, 0xc8, 0x0e, 0xc8, 0x0e, 0xd0, 0x0e, 0xd0,
    0x0e, 0xd0, 0x0f, 0xd0, 0x0f, 0xd0, 0x0f, 0xd8, 0x0e, 0xd8, 0x0f, 0xd8,
    0x0f, 0xd8, 0x0f, 0xd8, 0x0f, 0xd8, 0x0f, 0xe0, 0x0f, 0xe0, 0x0f, 0xe0,
    0x10, 0xe0, 0x0f, 0xe0, 0x0e, 0xd0, 0x0e, 0xd0, 0x0e, 0xd0, 0x0f, 0xd0,
    0x0e, 0xd0, 0x0f, 0xd0, 0x0e, 0xd8, 0x0f, 0xd8, 0x0f, 0xd8, 0x0f, 0xd8,
    0x0f, 0xe0, 0x0f, 0xe0, 0x0f, 0xe0, 0x10, 0xe0, 0x10, 0xe0, 0x0f, 0xe0,
    0x10, 0xe8, 0x0f, 0xd8, 0x0e, 0xd0, 0x0e, 0xd0, 0x0f, 0xd0, 0x0e, 0xd8,
    0x0f, 0xd8, 0x0f, 0xd8, 0x0f, 0xd8, 0x0f, 0xd8, 0x0f, 0xe0, 0x0f, 0xe0,
    0x0f, 0xe0, 0x10, 0xe0, 0x0f, 0xe0, 0x10, 0xe0, 0x10, 0xe8, 0x0f, 0xe0,
    0x0f, 0xd8, 0x0e, 0xd0, 0x0e, 0xd0, 0x0f, 0xd0, 0x0f, 0xd0, 0x0f, 0xd8,
    0x0f, 0xd8, 0x0f, 0xd8, 0x0f, 0xd8, 0x0f, 0xe0, 0x0f, 0xe0, 0x10, 0xe0,
    0x10, 0xe0, 0x10, 0xe0, 0x10, 0xe0, 0x0f, 0xe8, 0x10, 0xe8, 0x0f, 0xd0,
    0x0e, 0xd0, 0x0e, 0xd0, 0x0f, 0xd0, 0x0f, 0xd8, 0x0e, 0xd8, 0x0f, 0xd8,
    0x0f, 0xd8, 0x0f, 0xe0, 0x0f, 0xe0, 0x10, 0xe0, 0x0f, 0xe0, 0x0f, 0xe0,
    0x10, 0xe8, 0x10, 0xe8, 0x0f, 0xe0, 0x10, 0xe8, 0x0f, 0xe0, 0x0e, 0xd0,
    0x0e, 0xd0, 0x0e, 0xd0, 0x0e, 0xd0, 0x0f, 0xd0, 0x0f, 0xd8, 0x0f, 0xd8,
    0x0f, 0xd8, 0x0f, 0xd8, 0x0f, 0xe0, 0x0f, 0xe0, 0x10, 0xe0, 0x0f, 0xe0,
    0x10, 0xe0, 0x10, 0xe8, 0x10, 0xe8, 0x10, 0xe8, 0x10, 0xe8, 0x10, 0xe8,
    0x0f, 0xd8, 0x0d, 0xc8, 0x0e, 0xc8, 0x0e, 0xd0, 0x0e, 0xd0, 0x0e, 0xd0,
    0x0f, 0xd0, 0x0f, 0xd8, 0x0f, 0xd8, 0x0e, 0xd8, 0x0f, 0xd8, 0x0f, 0xd8,
    0x0f, 0xe0, 0x0f, 0xe0, 0x10, 0xe0, 0x10, 0xe0, 0x10, 0xe0, 0x10, 0xe8,
    0x10, 0xe8, 0x10, 0xe8, 0x10, 0xe8, 0x10, 0xe8, 0x0f, 0xd8, 0x0d, 0xc0,
    0x0d, 0xc0, 0x0e, 0xc8, 0x0e, 0xc8, 0x0e, 0xc8, 0x0e, 0xd0, 0x0e, 0xd0,
    0x0e, 0xd0, 0x0e, 0xd0, 0x0e, 0xd0, 0x0e, 0xd0, 0x0f, 0xd8, 0x0f, 0xd8,
    0x0f, 0xd8, 0x0f, 0xd8, 0x0f, 0xd8, 0x0f, 0xe0, 0x0f, 0xe0, 0x10, 0xe0,
    0x0f, 0xe0, 0x0f, 0xe0, 0x10, 0xe8, 0x10, 0xe8, 0x10, 0xe8, 0x10, 0xe8,
    0x0f, 0xe0, 0x0d, 0xc0, 0x0c, 0xb8, 0x0d, 0xc0, 0x0d, 0xc0, 0x0d, 0xc0,
    0x0d, 0xc0, 0x0d, 0xc0, 0x0d, 0xc0, 0x0e, 0xc8, 0x0e, 0xc8, 0x0d, 0xc8,
    0x0e, 0xc8, 0x0e, 0xc8, 0x0e, 0xd0, 0x0e, 0xd0, 0x0e, 0xd0, 0x0e, 0xd0,
    0x0e, 0xd0, 0x0f, 0xd0, 0x0f, 0xd8, 0x0e, 0xd8, 0x0f, 0xd8, 0x0f, 0xd8,
    0x0f, 0xd8, 0x0f, 0xd8, 0x0f, 0xe0, 0x0f, 0xe0, 0x0f, 0xe0, 0x10, 0xe0,
    0x10, 0xe0, 0x0f, 0xe0, 0x10, 0xe0, 0x10, 0xe8, 0x0d, 0xb8, 0x0d, 0xc0,
    0x0d, 0xc0, 0x0d, 0xc0, 0x0d, 0xc0, 0x0d, 0xc0, 0x0d, 0xc0, 0x0d, 0xc0,
    0x0e, 0xc8, 0x0e, 0xc8, 0x0e, 0xc8, 0x0d, 0xc8, 0x0e, 0xd0, 0x0e, 0xc8,
    0x0e, 0xc8, 0x0e, 0xd0, 0x0e, 0xd0, 0x0e, 0xd0, 0x0e, 0xc8, 0x0d, 0xc0,
    0x0c, 0xb8, 0x0d, 0xb8, 0x0d, 0xb8, 0x0c, 0xb8, 0x0d, 0xc0, 0x0d, 0xc0,
    0x0d, 0xc0, 0x0d, 0xc0, 0x0d, 0xc0, 0x0d, 0xc0, 0x0d, 0xc0, 0x0e, 0xc0,
    0x0d, 0xc8, 0x0e, 0xc8, 0x0e, 0xc8, 0x0d, 0xc8, 0x0e, 0xd0, 0x0e, 0xc8,
    0x0e, 0xc8, 0x0e, 0xd0, 0x0e, 0xd0, 0x0e, 0xd0, 0x0f, 0xd0, 0x0e, 0xd8,
    0x0f, 0xd0, 0x0e, 0xd0, 0x0f, 0xd8, 0x0f, 0xd0, 0x0d, 0xc0, 0x0d, 0xc0,
    0x0d, 0xc0, 0x0e, 0xc0, 0x0d, 0xc0, 0x0d, 0xc8, 0x0e, 0xc8, 0x0e, 0xc8,
    0x0e, 0xc8, 0x0e, 0xc8, 0x0e, 0xc8, 0x0e, 0xd0, 0x0e, 0xd0, 0x0e, 0xd0,
    0x0f, 0xd0, 0x0e, 0xd0, 0x0e, 0xd0, 0x0f, 0xd8, 0x0f, 0xd8, 0x0e, 0xd8,
    0x0f, 0xd8, 0x0f, 0xd8, 0x0f, 0xe0, 0x0e, 0xd8, 0x0e, 0xc8, 0x0d, 0xc8,
    0x0e, 0xd0, 0x0e, 0xc8, 0x0e, 0xc8, 0x0e, 0xd0, 0x0e, 0xd0, 0x0e, 0xd0,
    0x0e, 0xd0, 0x0e, 0xd0, 0x0f, 0xd0, 0x0f, 0xd8, 0x0e, 0xd8, 0x0f, 0xd8,
    0x0f, 0xd8, 0x0f, 0xd8, 0x0f, 0xe0, 0x0f, 0xe0, 0x0f, 0xe0, 0x0f, 0xd8,
    0x0e, 0xd0, 0x0e, 0xc8, 0x0e, 0xd0, 0x0e, 0xd0, 0x0e, 0xd0, 0x0e, 0xd0,
    0x0f, 0xd0, 0x0f, 0xd8, 0x0f, 0xd8, 0x0f, 0xd8, 0x0f, 0xd8, 0x0f, 0xd8,
    0x0f, 0xe0, 0x0f, 0xe0, 0x0f, 0xe0, 0x0f, 0xe0, 0x10, 0xe0, 0x10, 0xe0,
    0x0f, 0xd8, 0x0e, 0xd0, 0x0e, 0xd0, 0x0e, 0xd0, 0x0f, 0xd0, 0x0f, 0xd8,
    0x0e, 0xd8, 0x0f, 0xd8, 0x0f, 0xd8, 0x0f, 0xd8, 0x0f, 0xe0, 0x0f, 0xe0,
    0x0f, 0xe0, 0x10, 0xe0, 0x10, 0xe0, 0x0f, 0xe0, 0x10, 0xe0, 0x0f, 0xd8,
    0x0e, 0xd0, 0x0e, 0xd0, 0x0e, 0xd0, 0x0f, 0xd8, 0x0e, 0xd8, 0x0f, 0xd8,
    0x0f, 0xd8, 0x0f, 0xd8, 0x0f, 0xe0, 0x0f, 0xe0, 0x10, 0xe0, 0x10, 0xe0,
    0x0f, 0xe0, 0x10, 0xe0, 0x10, 0xe8, 0x0f, 0xe0, 0x0f, 0xd8, 0x0e, 0xd0,
    0x0e, 0xd0, 0x0e, 0xd8, 0x0f, 0xd8, 0x0e, 0xd8, 0x0f, 0xd8, 0x0f, 0xd8,
    0x0f, 0xe0, 0x0f, 0xe0, 0x0f, 0xe0, 0x0f, 0xe0, 0x10, 0xe0, 0x10, 0xe8,
    0x0f, 0xe8, 0x10, 0xe8, 0x0f, 0xe0, 0x0e, 0xd0, 0x0e, 0xd0, 0x0e, 0xd0,
    0x0f, 0xd8, 0x0f, 0xd8, 0x0f, 0xd8, 0x0f, 0xd8, 0x0f, 0xd8, 0x0f, 0xe0,
    0x0f, 0xe0, 0x10, 0xe0, 0x10, 0xe0, 0x0f, 0xe0, 0x10, 0xe0, 0x10, 0xe8,
    0x10, 0xe8, 0x10, 0xe8, 0x0f, 0xe0, 0x0e, 0xd0, 0x0e, 0xd0, 0x0e, 0xd0,
    0x0f, 0xd0, 0x0f, 0xd8, 0x0f, 0xd8, 0x0f, 0xd8, 0x0f, 0xd8, 0x0f, 0xd8,
    0x0f, 0xe0, 0x0f, 0xe0, 0x0f, 0xe0, 0x10, 0xe0, 0x10, 0xe0, 0x0f, 0xe8,
    0x10, 0xe8, 0x0f, 0xe0, 0x10, 0xe8, 0x0f, 0xe0, 0x0e, 0xd0, 0x0e, 0xc8,
    0x0e, 0xc8, 0x0e, 0xd0, 0x0e, 0xd0, 0x0e, 0xd0, 0x0f, 0xd8, 0x0f, 0xd8,
    0x0f, 0xd8, 0x0f, 0xd8, 0x0f, 0xd8, 0x0f, 0xe0, 0x0f, 0xe0, 0x10, 0xe0,
    0x0f, 0xe0, 0x0f, 0xe0, 0x10, 0xe8, 0x10, 0xe8, 0x0f, 0xe0, 0x10, 0xe8,
    0x10, 0xe8, 0x0f, 0xe0, 0x0e, 0xc8, 0x0d, 0xc0, 0x0e, 0xc8, 0x0e, 0xc8,
    0x0e, 0xc8, 0x0e, 0xd0, 0x0e, 0xd0, 0x0e, 0xd0, 0x0e, 0xd0, 0x0e, 0xd0,
    0x0f, 0xd8, 0x0f, 0xd8, 0x0f, 0xd8, 0x0f, 0xd8, 0x0f, 0xd8, 0x0f, 0xe0,
    0x0f, 0xe0, 0x0f, 0xe0, 0x10, 0xe0, 0x10, 0xe0, 0x10, 0xe0, 0x10, 0xe0,
    0x0f, 0xe8, 0x10, 0xe8, 0x10, 0xe8, 0x0f, 0xe0, 0x0d, 0xc8, 0x0d, 0xb8,
    0x0d, 0xb8, 0x0d, 0xc0, 0x0d, 0xc0, 0x0d, 0xc0, 0x0e, 0xc0, 0x0e, 0xc0,
    0x0d, 0xc8, 0x0e, 0xc8, 0x0e, 0xc8, 0x0e, 0xc8, 0x0e, 0xd0, 0x0e, 0xd0,
    0x0e, 0xd0, 0x0e, 0xd0, 0x0e, 0xd0, 0x0f, 0xd0, 0x0f, 0xd0, 0x0f, 0xd8,
    0x0f, 0xd8, 0x0f, 0xd8, 0x0f, 0xd8, 0x0f, 0xd8, 0x0f, 0xe0, 0x0f, 0xe0,
    0x0f, 0xe0, 0x10, 0xe0, 0x10, 0xe0, 0x0f, 0xe0, 0x10, 0xe0, 0x10, 0xe8,
    0x0f, 0xe0, 0x0d, 0xc0, 0x0d, 0xb8, 0x0d, 0xb8, 0x0d, 0xc0, 0x0d, 0xc0,
    0x0d, 0xc0, 0x0e, 0xc0, 0x0d, 0xc0, 0x0d, 0xc0, 0x0e, 0xc8, 0x0d, 0xc0,
    0x0d, 0xc8, 0x0e, 0xc8, 0x0e, 0xc8, 0x0e, 0xc8, 0x0e, 0xc8, 0x0e, 0xd0,
    0x0e, 0xd0, 0x0e, 0xd0, 0x0e, 0xd0, 0x0e, 0xc8, 0x0c, 0xb8, 0x0c, 0xb8,
    0x0d, 0xb8, 0x0d, 0xb8, 0x0d, 0xb8, 0x0d, 0xc0, 0x0d, 0xb8, 0x0d, 0xc0,
    0x0d, 0xc0, 0x0d, 0xc0, 0x0d, 0xc0, 0x0d, 0xc0, 0x0d, 0xc8, 0x0d, 0xc8,
    0x0e, 0xc8, 0x0e, 0xc8, 0x0e, 0xc8, 0x0e, 0xc8, 0x0e, 0xd0, 0x0e, 0xd0,
    0x0e, 0xd0, 0x0e, 0xd0, 0x0e, 0xd0, 0x0f, 0xd0, 0x0e, 0xd8, 0x0e, 0xd0,
    0x0f, 0xd8, 0x0f, 0xd8, 0x0e, 0xd0, 0x0d, 0xc0, 0x0d, 0xc0, 0x0e, 0xc8,
    0x0e, 0xc0, 0x0d, 0xc8, 0x0d, 0xc8, 0x0e, 0xc8, 0x0e, 0xc8, 0x0e, 0xc8,
    0x0e, 0xc8, 0x0e, 0xd0, 0x0e, 0xd0, 0x0e, 0xd0, 0x0e, 0xd0, 0x0f, 0xd0,
    0x0f, 0xd0, 0x0e, 0xd8, 0x0f, 0xd8, 0x0f, 0xd8, 0x0f, 0xd8, 0x0f, 0xd8,
    0x0f, 0xe0, 0x0f, 0xd8, 0x0e, 0xd0, 0x0e, 0xc8, 0x0e, 0xc8, 0x0e, 0xc8,
    0x0e, 0xd0, 0x0e, 0xd0, 0x0e, 0xd0, 0x0e, 0xd0, 0x0f, 0xd0, 0x0e, 0xd0,
    0x0e, 0xd0, 0x0f, 0xd8, 0x0f, 0xd8, 0x0f, 0xd8, 0x0f, 0xd8, 0x0f, 0xd8,
    0x0f, 0xd8, 0x0f, 0xe0, 0x0f, 0xe0, 0x10, 0xe0, 0x0f, 0xd8, 0x0e, 0xc8,
    0x0e, 0xc8, 0x0e, 0xd0, 0x0e, 0xd0, 0x0e, 0xd0, 0x0e, 0xd0, 0x0f, 0xd8,
    0x0f, 0xd0, 0x0f, 0xd8, 0x0f, 0xd8, 0x0f, 0xd8, 0x0f, 0xe0, 0x0f, 0xe0,
    0x0f, 0xd8, 0x0f, 0xe0, 0x10, 0xe0, 0x10, 0xe0, 0x0f, 0xd8, 0x0e, 0xd0,
    0x0e, 0xd0, 0x0e, 0xd0, 0x0f, 0xd8, 0x0f, 0xd0, 0x0e, 0xd8, 0x0f, 0xd8,
    0x0f, 0xd8, 0x0f, 0xd8, 0x0f, 0xe0, 0x0f, 0xd8, 0x10, 0xe0, 0x0f, 0xe0,
    0x0f, 0xe0, 0x10, 0xe0, 0x10, 0xe8, 0x0f, 0xd8, 0x0e, 0xd0, 0x0e, 0xd0,
    0x0f, 0xd0, 0x0e, 0xd0, 0x0f, 0xd8, 0x0f, 0xd8, 0x0f, 0xd8, 0x0f, 0xe0,
    0x0f, 0xe0, 0x0f, 0xd8, 0x0f, 0xe0, 0x10, 0xe0, 0x0f, 0xe0, 0x10, 0xe8,
    0x10, 0xe8, 0x0f, 0xe0, 0x0f, 0xd8, 0x0e, 0xd0, 0x0e, 0xd0, 0x0f, 0xd8,
    0x0f, 0xd8, 0x0f, 0xd8, 0x0f, 0xd8, 0x0f, 0xe0, 0x0f, 0xe0, 0x0f, 0xd8,
    0x10, 0xe0, 0x10, 0xe0, 0x0f, 0xe0, 0x10, 0xe8, 0x10, 0xe8, 0x10, 0xe8,
    0x0f, 0xe0, 0x0f, 0xd0, 0x0e, 0xd0, 0x0e, 0xd0, 0x0f, 0xd0, 0x0e, 0xd8,
    0x0f, 0xd8, 0x0f, 0xd8, 0x0f, 0xe0, 0x0f, 0xe0, 0x0f, 0xd8, 0x10, 0xe0,
    0x10, 0xe0, 0x10, 0xe0, 0x10, 0xe8, 0x10, 0xe8, 0x0f, 0xe8, 0x10, 0xe8,
    0x0f, 0xd8, 0x0e, 0xc8, 0x0e, 0xd0, 0x0f, 0xd0, 0x0e, 0xd8, 0x0e, 0xd8,
    0x0f, 0xd8, 0x0f, 0xd8, 0x0f, 0xd8, 0x0f, 0xe0, 0x0f, 0xe0, 0x10, 0xe0,
    0x10, 0xe0, 0x10, 0xe0, 0x10, 0xe0, 0x10, 0xe8, 0x10, 0xe8, 0x10, 0xe0,
    0x10, 0xe8, 0x0f, 0xd8, 0x0e, 0xc8, 0x0e, 0xc8, 0x0e, 0xd0, 0x0e, 0xd0,
    0x0e, 0xd0, 0x0f, 0xd8, 0x0e, 0xd8, 0x0f, 0xd8, 0x0e, 0xd8, 0x0f, 0xd8,
    0x0f, 0xe0, 0x0f, 0xe0, 0x0f, 0xe0, 0x10, 0xe0, 0x10, 0xe0, 0x10, 0xe0,
    0x10, 0xe8, 0x0f, 0xe0, 0x10, 0xe8, 0x10, 0xe8, 0x0f, 0xe0, 0x0e, 0xd0,
    0x0d, 0xc0, 0x0e, 0xc8, 0x0e, 0xc8, 0x0e, 0xc8, 0x0e, 0xd0, 0x0e, 0xc8,
    0x0e, 0xd0, 0x0e, 0xd0, 0x0f, 0xd0, 0x0f, 0xd8, 0x0f, 0xd8, 0x0f, 0xd8,
    0x0f, 0xd8, 0x0f, 0xd8, 0x0f, 0xe0, 0x0f, 0xe0, 0x0f, 0xe0, 0x10, 0xe0,
    0x0f, 0xe0, 0x10, 0xe0, 0x10, 0xe8, 0x10, 0xe8, 0x10, 0xe8, 0x10, 0xe8,
    0x0f, 0xe0, 0x0e, 0xc8, 0x0d, 0xb8, 0x0d, 0xb8, 0x0d, 0xc0, 0x0d, 0xc0,
    0x0d, 0xc0, 0x0d, 0xc0, 0x0e, 0xc8, 0x0e, 0xc8, 0x0e, 0xc8, 0x0e, 0xc8,
    0x0e, 0xc8, 0x0e, 0xc8, 0x0e, 0xd0, 0x0e, 0xd0, 0x0e, 0xd0, 0x0e, 0xd0,
    0x0f, 0xd0, 0x0e, 0xd0, 0x0f, 0xd8, 0x0e, 0xd8, 0x0f, 0xd8, 0x0f, 0xd8,
    0x0f, 0xd8, 0x0f, 0xe0, 0x0f, 0xd8, 0x0f, 0xe0, 0x0f, 0xe0, 0x10, 0xe0,
    0x0f, 0xe0, 0x10, 0xe0, 0x10, 0xe8, 0x0f, 0xe0, 0x0d, 0xb8, 0x0c, 0xa8,
    0x0d, 0xb8, 0x0d, 0xc0, 0x0d, 0xb8, 0x0d, 0xc0, 0x0d, 0xc0, 0x0d, 0xc0,
    0x0d, 0xc0, 0x0d, 0xc0, 0x0d, 0xc0, 0x0e, 0xc8, 0x0d, 0xc8, 0x0e, 0xc8,
    0x0e, 0xc8, 0x0d, 0xc8, 0x0e, 0xc8, 0x0e, 0xc8, 0x0e, 0xc8, 0x0e, 0xd0,
    0x0e, 0xd0, 0x0e, 0xd0, 0x0e, 0xd0, 0x0d, 0xc0, 0x0c, 0xb8, 0x0d, 0xb8,
    0x0d, 0xb8, 0x0d, 0xb8, 0x0d, 0xc0, 0x0d, 0xc0, 0x0d, 0xc0, 0x0d, 0xc0,
    0x0e, 0xc0, 0x0d, 0xc8, 0x0e, 0xc0, 0x0e, 0xc0, 0x0d, 0xc8, 0x0e, 0xc8,
    0x0e, 0xc8, 0x0e, 0xc8, 0x0e, 0xc8, 0x0e, 0xd0, 0x0e, 0xd0, 0x0e, 0xd0,
    0x0f, 0xd0, 0x0e, 0xd0, 0x0f, 0xd0, 0x0f, 0xd8, 0x0e, 0xd0, 0x0f, 0xd8,
    0x0f, 0xd8, 0x0e, 0xd0, 0x0d, 0xc0, 0x0d, 0xc0, 0x0d, 0xc0, 0x0e, 0xc8,
    0x0e, 0xc8, 0x0e, 0xc8, 0x0d, 0xc8, 0x0e, 0xd0, 0x0e, 0xc8, 0x0e, 0xd0,
    0x0e, 0xd0, 0x0e, 0xd0, 0x0e, 0xd0, 0x0f, 0xd8, 0x0e, 0xd0, 0x0f, 0xd0,
    0x0f, 0xd8, 0x0f, 0xd8, 0x0f, 0xd8, 0x0f, 0xd8, 0x0f, 0xd8, 0x0f, 0xe0,
    0x0f, 0xd8, 0x0e, 0xc8, 0x0d, 0xc8, 0x0e, 0xc8, 0x0e, 0xc8, 0x0e, 0xd0,
    0x0e, 0xd0, 0x0e, 0xd0, 0x0f, 0xd0, 0x0e, 0xd0, 0x0f, 0xd8, 0x0f, 0xd8,
    0x0f, 0xd8, 0x0f, 0xd8, 0x0f, 0xd8, 0x0f, 0xe0, 0x0f, 0xd8, 0x0f, 0xe0,
    0x0f, 0xe0, 0x0f, 0xe0, 0x0f, 0xd8, 0x0e, 0xd0, 0x0e, 0xc8, 0x0e, 0xd0,
    0x0f, 0xd0, 0x0f, 0xd0, 0x0e, 0xd8, 0x0e, 0xd0, 0x0f, 0xd8, 0x0f, 0xd8,
    0x0e, 0xd8, 0x0f, 0xd8, 0x0f, 0xd8, 0x0f, 0xe0, 0x10, 0xe0, 0x0f, 0xe0,
    0x0f, 0xe0, 0x10, 0xe0, 0x0f, 0xe0, 0x0e, 0xd0, 0x0e, 0xd0, 0x0f, 0xd0,
    0x0e, 0xd0, 0x0f, 0xd8, 0x0f, 0xd8, 0x0f, 0xd8, 0x0f, 0xd8, 0x0f, 0xd8,
    0x0f, 0xe0, 0x0f, 0xe0, 0x10, 0xe0, 0x10, 0xe0, 0x0f, 0xe0, 0x0f, 0xe0,
    0x10, 0xe8, 0x0f, 0xe0, 0x0e, 0xd0, 0x0e, 0xd0, 0x0f, 0xd8, 0x0f, 0xd8,
    0x0f, 0xd8, 0x0f, 0xd8, 0x0f, 0xd8, 0x0f, 0xe0, 0x0f, 0xd8, 0x10, 0xe0,
    0x10, 0xe0, 0x0f, 0xe0, 0x10, 0xe0, 0x10, 0xe0, 0x10, 0xe8, 0x0f, 0xe0,
    0x0f, 0xd8, 0x0e, 0xd0, 0x0f, 0xd0, 0x0f, 0xd0, 0x0f, 0xd8, 0x0f, 0xd8,
    0x0f, 0xd8, 0x0f, 0xd8, 0x0f, 0xe0, 0x10, 0xe0, 0x10, 0xe0, 0x10, 0xe0,
    0x10, 0xe8, 0x0f, 0xe0, 0x10, 0xe8, 0x10, 0xe8, 0x0f, 0xe0, 0x0e, 0xd0,
    0x0e, 0xd0, 0x0f, 0xd8, 0x0e, 0xd0, 0x0f, 0xd8, 0x0f, 0xd8, 0x0f, 0xd8,
    0x0f, 0xe0, 0x0f, 0xe0, 0x10, 0xe0, 0x0f, 0xe0, 0x0f, 0xe0, 0x10, 0xe8,
    0x10, 0xe8, 0x0f, 0xe8, 0x10, 0xe8, 0x0f, 0xe0, 0x0f, 0xd0, 0x0e, 0xd0,
    0x0e, 0xd0, 0x0f, 0xd0, 0x0f, 0xd8, 0x0f, 0xd8, 0x0f, 0xd8, 0x0f, 0xd8,
    0x0f, 0xe0, 0x0f, 0xe0, 0x0f, 0xe0, 0x10, 0xe0, 0x0f, 0xe0, 0x10, 0xe8,
    0x0f, 0xe8, 0x10, 0xe8, 0x10, 0xe8, 0x0f, 0xe8, 0x0f, 0xe0, 0x0e, 0xd0,
    0x0e, 0xc8, 0x0e, 0xc8, 0x0e, 0xd0, 0x0e, 0xd0, 0x0f, 0xd0, 0x0f, 0xd0,
    0x0f, 0xd8, 0x0f, 0xd8, 0x0f, 0xd8, 0x0f, 0xe0, 0x0f, 0xd8, 0x0f, 0xe0,
    0x10, 0xe0, 0x0f, 0xe0, 0x10, 0xe0, 0x10, 0xe8, 0x10, 0xe8, 0x10, 0xe8,
    0x10, 0xe8, 0x10, 0xe8, 0x0f, 0xd0, 0x0d, 0xc8, 0x0e, 0xc8, 0x0e, 0xc8,
    0x0e, 0xc8, 0x0e, 0xd0, 0x0e, 0xd0, 0x0e, 0xd0, 0x0e, 0xd0, 0x0f, 0xd0,
    0x0e, 0xd8, 0x0f, 0xd8, 0x0e, 0xd8, 0x0f, 0xd8, 0x0f, 0xd8, 0x0f, 0xe0,
    0x0f, 0xe0, 0x0f, 0xe0, 0x10, 0xe0, 0x0f, 0xe0, 0x10, 0xe0, 0x10, 0xe0,
    0x0f, 0xe8, 0x10, 0xe0, 0x10, 0xe8, 0x0f, 0xe0, 0x0e, 0xc8, 0x0d, 0xb8,
    0x0d, 0xc0, 0x0d, 0xc0, 0x0d, 0xc0, 0x0d, 0xc0, 0x0e, 0xc0, 0x0e, 0xc8,
    0x0d, 0xc8, 0x0e, 0xc8, 0x0e, 0xc8, 0x0e, 0xd0, 0x0e, 0xd0, 0x0e, 0xd0,
    0x0e, 0xd0, 0x0e, 0xd0, 0x0f, 0xd0, 0x0f, 0xd8, 0x0f, 0xd8, 0x0f, 0xd8,
    0x0f, 0xd8, 0x0f, 0xd8, 0x0f, 0xd8, 0x0f, 0xe0, 0x0f, 0xe0, 0x0f, 0xe0,
    0x10, 0xe0, 0x0f, 0xe0, 0x10, 0xe0, 0x10, 0xe0, 0x10, 0xe0, 0x10, 0xe8,
    0x0e, 0xd8, 0x0d, 0xb8, 0x0c, 0xb0, 0x0c, 0xb0, 0x0d, 0xb8, 0x0d, 0xb8,
    0x0d, 0xc0, 0x0d, 0xc0, 0x0d, 0xc0, 0x0d, 0xc0, 0x0d, 0xc0, 0x0e, 0xc0,
    0x0d, 0xc0, 0x0d, 0xc0, 0x0e, 0xc8, 0x0e, 0xc8, 0x0e, 0xc8, 0x0e, 0xc8,
    0x0e, 0xc8, 0x0e, 0xc8, 0x0e, 0xc8, 0x0e, 0xd0, 0x0e, 0xd0, 0x0e, 0xd0,
    0x0e, 0xd0, 0x0e, 0xd0, 0x0d, 0xc0, 0x0c, 0xb8, 0x0d, 0xb8, 0x0c, 0xb8,
    0x0d, 0xc0, 0x0d, 0xc0, 0x0d, 0xc0, 0x0d, 0xc0, 0x0d, 0xc0, 0x0d, 0xc0,
    0x0e, 0xc0, 0x0d, 0xc8, 0x0d, 0xc8, 0x0e, 0xc8, 0x0e, 0xc8, 0x0e, 0xd0,
    0x0e, 0xc8, 0x0e, 0xc8, 0x0e, 0xc8, 0x0e, 0xd0, 0x0e, 0xd0, 0x0e, 0xd0,
    0x0e, 0xd0, 0x0e, 0xd0, 0x0f, 0xd8, 0x0f, 0xd8, 0x0f, 0xd8, 0x0f, 0xd8,
    0x0e, 0xc8, 0x0d, 0xc0, 0x0d, 0xc0, 0x0d, 0xc8, 0x0e, 0xc8, 0x0e, 0xc8,
    0x0e, 0xc8, 0x0e, 0xc8, 0x0e, 0xc8, 0x0e, 0xd0, 0x0e, 0xd0, 0x0f, 0xd0,
    0x0e, 0xd0, 0x0e, 0xd0, 0x0f, 0xd0, 0x0e, 0xd8, 0x0e, 0xd8, 0x0e, 0xd8,
    0x0f, 0xd8, 0x0f, 0xd8, 0x0f, 0xd8, 0x0f, 0xd8, 0x0f, 0xe0, 0x0e, 0xd0,
    0x0e, 0xc8, 0x0e, 0xc8, 0x0e, 0xc8, 0x0e, 0xd0, 0x0e, 0xd0, 0x0e, 0xd0,
    0x0e, 0xd0, 0x0f, 0xd0, 0x0e, 0xd0, 0x0e, 0xd0, 0x0e, 0xd8, 0x0f, 0xd8,
    0x0f, 0xd8, 0x0f, 0xd8, 0x0f, 0xe0, 0x0f, 0xd8, 0x10, 0xe0, 0x10, 0xe0,
    0x0f, 0xe0, 0x0f, 0xd0, 0x0e, 0xd0, 0x0e, 0xd0, 0x0e, 0xd0, 0x0f, 0xd0,
    0x0f, 0xd8, 0x0e, 0xd0, 0x0e, 0xd8, 0x0f, 0xd8, 0x0f, 0xd8, 0x0f, 0xd8,
    0x0f, 0xe0, 0x0f, 0xd8, 0x0f, 0xe0, 0x10, 0xe0, 0x0f, 0xe0, 0x10, 0xe0,
    0x10, 0xe0, 0x0e, 0xd8, 0x0e, 0xd0, 0x0e, 0xd0, 0x0f, 0xd0, 0x0e, 0xd8,
    0x0e, 0xd8, 0x0f, 0xd8, 0x0f, 0xd8, 0x0f, 0xd8, 0x0f, 0xe0, 0x0f, 0xe0,
    0x0f, 0xe0, 0x10, 0xe0, 0x10, 0xe0, 0x10, 0xe0, 0x10, 0xe8, 0x0f, 0xe0,
    0x0f, 0xd0, 0x0e, 0xd0, 0x0f, 0xd8, 0x0f, 0xd8, 0x0e, 0xd8, 0x0f, 0xd8,
    0x0f, 0xd8, 0x0f, 0xe0, 0x0f, 0xe0, 0x0f, 0xe0, 0x10, 0xe0, 0x0f, 0xe0,
    0x10, 0xe8, 0x10, 0xe0, 0x10, 0xe8, 0x0f, 0xe0, 0x0f, 0xd8, 0x0e, 0xd0,
    0x0e, 0xd0, 0x0f, 0xd8, 0x0e, 0xd8, 0x0f, 0xd8, 0x0f, 0xe0, 0x0f, 0xe0,
    0x0f, 0xe0, 0x0f, 0xe0, 0x0f, 0xe0, 0x10, 0xe0, 0x10, 0xe8, 0x10, 0xe8,
    0x10, 0xe8, 0x10, 0xe0, 0x0f, 0xd8, 0x0e, 0xd0, 0x0f, 0xd0, 0x0f, 0xd8,
    0x0f, 0xd8, 0x0f, 0xd8, 0x0f, 0xd8, 0x0f, 0xe0, 0x0f, 0xe0, 0x10, 0xe0,
    0x10, 0xe0, 0x0f, 0xe0, 0x10, 0xe0, 0x10, 0xe8, 0x0f, 0xe8, 0x10, 0xe0,
    0x10, 0xe8, 0x0f, 0xe0, 0x0e, 0xd0, 0x0e, 0xd0, 0x0e, 0xd0, 0x0f, 0xd0,
    0x0f, 0xd8, 0x0f, 0xd8, 0x0f, 0xd8, 0x0f, 0xd8, 0x0f, 0xe0, 0x0f, 0xe0,
    0x10, 0xe0, 0x0f, 0xe0, 0x10, 0xe0, 0x10, 0xe8, 0x0f, 0xe8, 0x10, 0xe0,
    0x10, 0xe8, 0x10, 0xe8, 0x0f, 0xd8, 0x0e, 0xc8, 0x0e, 0xc8, 0x0e, 0xd0,
    0x0e, 0xd0, 0x0f, 0xd8, 0x0e, 0xd8, 0x0f, 0xd8, 0x0f, 0xd8, 0x0f, 0xd8,
    0x0f, 0xe0, 0x0f, 0xe0, 0x0f, 0xe0, 0x10, 0xe0, 0x10, 0xe0, 0x10, 0xe0,
    0x0f, 0xe8, 0x10, 0xe8, 0x0f, 0xe8, 0x10, 0xe8, 0x10, 0xe8, 0x0f, 0xe0,
    0x0e, 0xc8, 0x0d, 0xc0, 0x0e, 0xc8, 0x0e, 0xc8, 0x0e, 0xc8, 0x0e, 0xd0,
    0x0e, 0xd0, 0x0e, 0xd0, 0x0f, 0xd0, 0x0f, 0xd8, 0x0e, 0xd8, 0x0f, 0xd8,
    0x0f, 0xd8, 0x0f, 0xd8, 0x0f, 0xe0, 0x0f, 0xe0, 0x0f, 0xe0, 0x10, 0xe0,
    0x10, 0xe0, 0x0f, 0xe0, 0x10, 0xe0, 0x10, 0xe8, 0x0f, 0xe8, 0x10, 0xe8,
    0x10, 0xe0, 0x0e, 0xd0, 0x0d, 0xc0, 0x0d, 0xc0, 0x0d, 0xc0, 0x0d, 0xc0,
    0x0e, 0xc0, 0x0e, 0xc8, 0x0d, 0xc8, 0x0e, 0xc8, 0x0e, 0xc8, 0x0e, 0xc8,
    0x0e, 0xc8, 0x0e, 0xd0, 0x0e, 0xd0, 0x0e, 0xd0, 0x0e, 0xd0, 0x0f, 0xd0,
    0x0f, 0xd8, 0x0f, 0xd8, 0x0e, 0xd8, 0x0f, 0xd8, 0x0f, 0xd8, 0x0f, 0xd8,
    0x0f, 0xe0, 0x0f, 0xe0, 0x0f, 0xe0, 0x10, 0xe0, 0x10, 0xe0, 0x0f, 0xe0,
    0x10, 0xe0, 0x10, 0xe0, 0x10, 0xe8, 0x0e, 0xd0, 0x0c, 0xb8, 0x0c, 0xb0,
    0x0c, 0xb0, 0x0c, 0xb8, 0x0d, 0xb8, 0x0c, 0xb8, 0x0d, 0xb8, 0x0d, 0xb8,
    0x0d, 0xb8, 0x0d, 0xc0, 0x0d, 0xc0, 0x0d, 0xc0, 0x0d, 0xc0, 0x0e, 0xc0,
    0x0d, 0xc8, 0x0d, 0xc8, 0x0d, 0xc8, 0x0e, 0xc8, 0x0e, 0xd0, 0x0e, 0xc8,
    0x0e, 0xc8, 0x0e, 0xd0, 0x0e, 0xc8, 0x0e, 0xd0, 0x0e, 0xd0, 0x0f, 0xd0,
    0x0e, 0xd0, 0x0d, 0xc0, 0x0d, 0xb8, 0x0d, 0xb8, 0x0d, 0xb8, 0x0d, 0xb8,
    0x0d, 0xc0, 0x0d, 0xc0, 0x0d, 0xc0, 0x0d, 0xc0, 0x0d, 0xc0, 0x0e, 0xc8,
    0x0d, 0xc8, 0x0e, 0xc8, 0x0e, 0xc8, 0x0e, 0xc8, 0x0e, 0xc8, 0x0e, 0xd0,
    0x0e, 0xc8, 0x0e, 0xd0, 0x0e, 0xd0, 0x0f, 0xd0, 0x0e, 0xd0, 0x0f, 0xd8,
    0x0e, 0xd0, 0x0f, 0xd0, 0x0e, 0xd8, 0x0f, 0xd8, 0x0f, 0xd8, 0x0e, 0xc8,
    0x0d, 0xc0, 0x0d, 0xc0, 0x0d, 0xc8, 0x0e, 0xc8, 0x0e, 0xc8, 0x0e, 0xc8,
    0x0e, 0xc8, 0x0e, 0xc8, 0x0e, 0xd0, 0x0e, 0xd0, 0x0e, 0xd0, 0x0f, 0xd0,
    0x0f, 0xd0, 0x0f, 0xd8, 0x0f, 0xd0, 0x0e, 0xd8, 0x0f, 0xd8, 0x0f, 0xd8,
    0x0f, 0xd8, 0x0f, 0xe0, 0x0f, 0xe0, 0x0f, 0xd8, 0x0e, 0xd0, 0x0e, 0xc8,
    0x0e, 0xc8, 0x0e, 0xc8, 0x0e, 0xd0, 0x0e, 0xd0, 0x0f, 0xd0, 0x0e, 0xd0,
    0x0f, 0xd8, 0x0f, 0xd0, 0x0e, 0xd8, 0x0f, 0xd8, 0x0f, 0xd8, 0x0f, 0xd8,
    0x0f, 0xe0, 0x0f, 0xd8, 0x0f, 0xe0, 0x0f, 0xe0, 0x10, 0xe0, 0x0f, 0xd8,
    0x0e, 0xd0, 0x0e, 0xd0, 0x0e, 0xd0, 0x0e, 0xd0, 0x0f, 0xd0, 0x0e, 0xd8,
    0x0f, 0xd8, 0x0f, 0xd8, 0x0f, 0xd8, 0x0f, 0xd8, 0x0f, 0xe0, 0x0f, 0xe0,
    0x0f, 0xd8, 0x10, 0xe0, 0x10, 0xe0, 0x0f, 0xe0, 0x10, 0xe0, 0x0f, 0xd8,
    0x0e, 0xd0, 0x0e, 0xd0, 0x0f, 0xd0, 0x0e, 0xd8, 0x0f, 0xd8, 0x0f, 0xd8,
    0x0f, 0xd8, 0x0f, 0xd8, 0x0f, 0xe0, 0x0f, 0xd8, 0x10, 0xe0, 0x0f, 0xe0,
    0x0f, 0xe0, 0x10, 0xe0, 0x10, 0xe8, 0x0f, 0xe0, 0x0f, 0xd8, 0x0e, 0xd0,
    0x0f, 0xd0, 0x0e, 0xd8, 0x0f, 0xd8, 0x0f, 0xd8, 0x0f, 0xd8, 0x0f, 0xd8,
    0x0f, 0xe0, 0x10, 0xe0, 0x0f, 0xe0, 0x0f, 0xe0, 0x10, 0xe8, 0x10, 0xe8,
    0x10, 0xe8, 0x0f, 0xe0, 0x0f, 0xd8, 0x0e, 0xd0, 0x0f, 0xd8, 0x0f, 0xd8,
    0x0f, 0xd8, 0x0f, 0xd8, 0x0f, 0xd8, 0x0f, 0xe0, 0x0f, 0xe0, 0x10, 0xe0,
    0x0f, 0xe0, 0x0f, 0xe0, 0x10, 0xe0, 0x10, 0xe8, 0x10, 0xe8, 0x10, 0xe8,
    0x0f, 0xd8, 0x0e, 0xd0, 0x0e, 0xd0, 0x0f, 0xd8, 0x0f, 0xd8, 0x0f, 0xd8,
    0x0f, 0xd8, 0x0f, 0xe0, 0x0f, 0xe0, 0x10, 0xe0, 0x0f, 0xe0, 0x10, 0xe0,
    0x10, 0xe8, 0x10, 0xe8, 0x10, 0xe8, 0x10, 0xe8, 0x10, 0xe8, 0x0f, 0xd8,
    0x0e, 0xd0, 0x0f, 0xd0, 0x0f, 0xd0, 0x0e, 0xd8, 0x0f, 0xd8, 0x0f, 0xd8,
    0x0f, 0xd8, 0x0f, 0xe0, 0x0f, 0xe0, 0x0f, 0xe0, 0x10, 0xe0, 0x0f, 0xe0,
    0x10, 0xe8, 0x10, 0xe8, 0x10, 0xe8, 0x10, 0xe8, 0x10, 0xe8, 0x0f, 0xe0,
    0x0e, 0xd0, 0x0e, 0xc8, 0x0e, 0xd0, 0x0e, 0xd0, 0x0f, 0xd0, 0x0f, 0xd0,
    0x0e, 0xd8, 0x0f, 0xd8, 0x0f, 0xd8, 0x0f, 0xd8, 0x0f, 0xe0, 0x0f, 0xe0,
    0x10, 0xe0, 0x0f, 0xe0, 0x10, 0xe0, 0x10, 0xe8, 0x10, 0xe0, 0x10, 0xe8,
    0x0f, 0xe0, 0x10, 0xe8, 0x0f, 0xe0, 0x0e, 0xd0, 0x0e, 0xc8, 0x0e, 0xc8,
    0x0e, 0xc8, 0x0e, 0xd0, 0x0e, 0xd0, 0x0e, 0xd0, 0x0e, 0xd0, 0x0f, 0xd0,
    0x0f, 0xd8, 0x0f, 0xd8, 0x0f, 0xd8, 0x0f, 0xd8, 0x0f, 0xd8, 0x0f, 0xe0,
    0x0f, 0xe0, 0x0f, 0xe0, 0x10, 0xe0, 0x10, 0xe0, 0x0f, 0xe0, 0x10, 0xe0,
    0x10, 0xe8, 0x10, 0xe8, 0x10, 0xe8, 0x10, 0xe8, 0x0e, 0xd0, 0x0d, 0xc0,
    0x0d, 0xc0, 0x0d, 0xc0, 0x0d, 0xc0, 0x0e, 0xc0, 0x0e, 0xc8, 0x0e, 0xc8,
    0x0e, 0xc8, 0x0e, 0xc8, 0x0e, 0xc8, 0x0e, 0xd0, 0x0e, 0xd0, 0x0e, 0xd0,
    0x0e, 0xd0, 0x0e, 0xd0, 0x0f, 0xd0, 0x0f, 0xd8, 0x0f, 0xd8, 0x0f, 0xd8,
    0x0f, 0xd8, 0x0f, 0xd8, 0x0f, 0xe0, 0x0f, 0xe0, 0x0f, 0xe0, 0x0f, 0xe0,
    0x10, 0xe0, 0x0f, 0xe0, 0x0f, 0xe0, 0x10, 0xe0, 0x10, 0xe8, 0x0f, 0xe8,
    0x0e, 0xc8, 0x0c, 0xb0, 0x0c, 0xb0, 0x0c, 0xb8, 0x0c, 0xb8, 0x0d, 0xb8,
    0x0c, 0xb8, 0x0d, 0xb8, 0x0d, 0xb8, 0x0d, 0xc0, 0x0d, 0xc0, 0x0d, 0xc0,
    0x0d, 0xc0, 0x0d, 0xc0, 0x0d, 0xc0, 0x0e, 0xc0, 0x0d, 0xc0, 0x0d, 0xc0,
    0x0e, 0xc8, 0x0e, 0xc8, 0x0d, 0xc8, 0x0e, 0xc8, 0x0e, 0xc8, 0x0e, 0xc8,
    0x0e, 0xd0, 0x0e, 0xd0, 0x0e, 0xd0, 0x0e, 0xd0, 0x0e, 0xd0, 0x0e, 0xd0,
    0x0d, 0xc0, 0x0d, 0xb8, 0x0d, 0xb8, 0x0d, 0xc0, 0x0d, 0xc0, 0x0d, 0xc0,
    0x0e, 0xc0, 0x0d, 0xc0, 0x0d, 0xc0, 0x0e, 0xc0, 0x0d, 0xc8, 0x0e, 0xc8,
    0x0e, 0xc8, 0x0e, 0xc8, 0x0e, 0xc8, 0x0e, 0xc8, 0x0e, 0xd0, 0x0e, 0xd0,
    0x0e, 0xd0, 0x0e, 0xd0, 0x0f, 0xd0, 0x0e, 0xd0, 0x0e, 0xd0, 0x0f, 0xd8,
    0x0f, 0xd8, 0x0f, 0xd8, 0x0f, 0xd8, 0x0e, 0xd8, 0x0e, 0xc8, 0x0d, 0xc0,
    0x0e, 0xc8, 0x0d, 0xc8, 0x0e, 0xc8, 0x0e, 0xc8, 0x0e, 0xd0, 0x0e, 0xc8,
    0x0e, 0xd0, 0x0e, 0xd0, 0x0e, 0xd0, 0x0e, 0xd0, 0x0e, 0xd0, 0x0f, 0xd0,
    0x0e, 0xd0, 0x0f, 0xd8, 0x0f, 0xd8, 0x0f, 0xd8, 0x0f, 0xd8, 0x0f, 0xd8,
    0x0f, 0xe0, 0x0f, 0xe0, 0x0f, 0xd8, 0x0e, 0xc8, 0x0e, 0xc8, 0x0e, 0xd0,
    0x0e, 0xd0, 0x0e, 0xd0, 0x0f, 0xd0, 0x0e, 0xd0, 0x0e, 0xd8, 0x0f, 0xd8,
    0x0f, 0xd8, 0x0f, 0xd8, 0x0f, 0xd8, 0x0f, 0xd8, 0x0f, 0xe0, 0x0f, 0xe0,
    0x0f, 0xd8, 0x0f, 0xe0, 0x10, 0xe0, 0x0f, 0xe0, 0x0e, 0xd0, 0x0e, 0xc8,
    0x0e, 0xd0, 0x0e, 0xd0, 0x0f, 0xd0, 0x0e, 0xd8, 0x0e, 0xd0, 0x0f, 0xd8,
    0x0f, 0xd8, 0x0f, 0xd8, 0x0f, 0xe0, 0x0f, 0xe0, 0x0f, 0xe0, 0x0f, 0xe0,
    0x10, 0xe0, 0x0f, 0xe0, 0x10, 0xe8, 0x0f, 0xe0, 0x0e, 0xd0, 0x0e, 0xd0,
    0x0f, 0xd0, 0x0f, 0xd0, 0x0e, 0xd8, 0x0f, 0xd8, 0x0f, 0xd8, 0x0f, 0xd8,
    0x0f, 0xe0, 0x0f, 0xe0, 0x10, 0xe0, 0x0f, 0xe0, 0x0f, 0xe0, 0x10, 0xe0,
    0x10, 0xe8, 0x10, 0xe0, 0x0f, 0xd8, 0x0e, 0xd0, 0x0f, 0xd0, 0x0f, 0xd8,
    0x0f, 0xd8, 0x0f, 0xd8, 0x0f, 0xe0, 0x0f, 0xe0, 0x0f, 0xe0, 0x10, 0xe0,
    0x10, 0xe0, 0x0f, 0xe0, 0x10, 0xe0, 0x10, 0xe0, 0x10, 0xe8, 0x0f, 0xe0,
    0x0f, 0xd8, 0x0e, 0xd0, 0x0f, 0xd8, 0x0f, 0xd8, 0x0f, 0xd8, 0x0f, 0xd8,
    0x0f, 0xe0, 0x0f, 0xd8, 0x0f, 0xe0, 0x10, 0xe0, 0x10, 0xe0, 0x10, 0xe8,
    0x10, 0xe8, 0x0f, 0xe0, 0x10, 0xe8, 0x0f, 0xe8, 0x0f, 0xd8, 0x0e, 0xd0,
    0x0e, 0xd0, 0x0f, 0xd8, 0x0f, 0xd8, 0x0f, 0xd8, 0x0f, 0xe0, 0x0f, 0xe0,
    0x0f, 0xd8, 0x10, 0xe0, 0x0f, 0xe0, 0x0f, 0xe0, 0x10, 0xe8, 0x10, 0xe8,
    0x0f, 0xe0, 0x10, 0xe8, 0x0f, 0xe0, 0x0f, 0xd0, 0x0e, 0xd0, 0x0e, 0xd0,
    0x0f, 0xd8, 0x0f, 0xd8, 0x0f, 0xd8, 0x0f, 0xd8, 0x0f, 0xe0, 0x0f, 0xe0,
    0x0f, 0xe0, 0x10, 0xe0, 0x10, 0xe0, 0x10, 0xe0, 0x10, 0xe8, 0x10, 0xe8,
    0x0f, 0xe0, 0x10, 0xe8, 0x10, 0xe8, 0x0f, 0xd8, 0x0e, 0xd0, 0x0e, 0xd0,
    0x0e, 0xd0, 0x0f, 0xd8, 0x0e, 0xd8, 0x0f, 0xd8, 0x0f, 0xd8, 0x0f, 0xd8,
    0x0f, 0xe0, 0x0f, 0xe0, 0x0f, 0xe0, 0x10, 0xe0, 0x10, 0xe0, 0x0f, 0xe0,
    0x10, 0xe0, 0x10, 0xe8, 0x10, 0xe8, 0x10, 0xe0, 0x10, 0xe8, 0x10, 0xe8,
    0x0f, 0xd8, 0x0d, 0xc0, 0x0e, 0xc8, 0x0e, 0xc8, 0x0e, 0xc8, 0x0e, 0xd0,
    0x0e, 0xd0, 0x0e, 0xd0, 0x0f, 0xd0, 0x0f, 0xd8, 0x0e, 0xd8, 0x0f, 0xd8,
    0x0f, 0xd8, 0x0f, 0xd8, 0x0f, 0xe0, 0x0f, 0xe0, 0x10, 0xe0, 0x10, 0xe0,
    0x0f, 0xe0, 0x10, 0xe0, 0x10, 0xe0, 0x10, 0xe8, 0x0f, 0xe8, 0x10, 0xe8,
    0x10, 0xe8, 0x0e, 0xd0, 0x0d, 0xc0, 0x0d, 0xc0, 0x0d, 0xc0, 0x0d, 0xc0,
    0x0e, 0xc8, 0x0e, 0xc8, 0x0d, 0xc8, 0x0e, 0xc8, 0x0e, 0xc8, 0x0e, 0xc8,
    0x0e, 0xd0, 0x0e, 0xd0, 0x0e, 0xd0, 0x0e, 0xd0, 0x0f, 0xd0, 0x0f, 0xd0,
    0x0e, 0xd8, 0x0f, 0xd8, 0x0e, 0xd8, 0x0e, 0xd8, 0x0f, 0xd8, 0x0f, 0xd8,
    0x0f, 0xe0, 0x0f, 0xe0, 0x0f, 0xe0, 0x10, 0xe0, 0x10, 0xe0, 0x0f, 0xe0,
    0x10, 0xe0, 0x10, 0xe8, 0x0f, 0xe0, 0x0d, 0xc8, 0x0c, 0xb0, 0x0c, 0xb0,
    0x0d, 0xb8, 0x0d, 0xb8, 0x0d, 0xb8, 0x0d, 0xb8, 0x0d, 0xb8, 0x0d, 0xb8,
    0x0d, 0xb8, 0x0d, 0xb8, 0x0d, 0xc0, 0x0d, 0xb8, 0x0d, 0xc0, 0x0d, 0xc0,
    0x0d, 0xc0, 0x0d, 0xc0, 0x0d, 0xc8, 0x0e, 0xc0, 0x0e, 0xc0, 0x0d, 0xc8,
    0x0e, 0xc8, 0x0e, 0xc8, 0x0e, 0xc8, 0x0e, 0xc8, 0x0e, 0xd0, 0x0e, 0xc8,
    0x0e, 0xd0, 0x0e, 0xd0, 0x0e, 0xd0, 0x0f, 0xd0, 0x0e, 0xd0, 0x0d, 0xc0,
    0x0c, 0xb8, 0x0d, 0xb8, 0x0d, 0xc0, 0x0d, 0xc0, 0x0d, 0xc0, 0x0d, 0xc0,
    0x0d, 0xc0, 0x0e, 0xc0, 0x0d, 0xc8, 0x0d, 0xc8, 0x0e, 0xc8, 0x0d, 0xc8,
    0x0e, 0xc8, 0x0e, 0xc8, 0x0e, 0xc8, 0x0e, 0xd0, 0x0e, 0xd0, 0x0e, 0xd0,
    0x0f, 0xd0, 0x0e, 0xd8, 0x0e, 0xd0, 0x0f, 0xd0, 0x0e, 0xd8, 0x0f, 0xd8,
    0x0f, 0xd8, 0x0f, 0xd8, 0x0e, 0xd0, 0x0e, 0xc0, 0x0d, 0xc0, 0x0e, 0xc8,
    0x0e, 0xc8, 0x0e, 0xc8, 0x0e, 0xc8, 0x0e, 0xd0, 0x0e, 0xc8, 0x0e, 0xd0,
    0x0e, 0xd0, 0x0f, 0xd0, 0x0e, 0xd0, 0x0e, 0xd8, 0x0f, 0xd8, 0x0e, 0xd0,
    0x0f, 0xd8, 0x0f, 0xd8, 0x0f, 0xd8, 0x0f, 0xd8, 0x0f, 0xd8, 0x0f, 0xe0,
    0x0f, 0xd8, 0x0e, 0xd0, 0x0e, 0xc8, 0x0e, 0xd0, 0x0e, 0xd0, 0x0e, 0xd0,
    0x0e, 0xd0, 0x0f, 0xd0, 0x0e, 0xd0, 0x0e, 0xd0, 0x0f, 0xd8, 0x0f, 0xd8,
    0x0f, 0xd8, 0x0f, 0xd8, 0x0f, 0xd8, 0x0f, 0xd8, 0x0f, 0xe0, 0x0f, 0xe0,
    0x10, 0xe0, 0x10, 0xe0, 0x0f, 0xd8, 0x0e, 0xd0, 0x0e, 0xd0, 0x0f, 0xd0,
    0x0f, 0xd8, 0x0e, 0xd0, 0x0f, 0xd8, 0x0f, 0xd8, 0x0f, 0xd8, 0x0f, 0xd8,
    0x0f, 0xd8, 0x0f, 0xd8, 0x0f, 0xe0, 0x10, 0xe0, 0x0f, 0xe0, 0x0f, 0xe0,
    0x10, 0xe0, 0x10, 0xe0, 0x0e, 0xd0, 0x0e, 0xd0, 0x0f, 0xd8, 0x0f, 0xd0,
    0x0e, 0xd8, 0x0f, 0xd8, 0x0f, 0xd8, 0x0f, 0xe0, 0x0f, 0xe0, 0x0f, 0xe0,
    0x10, 0xe0, 0x10, 0xe0, 0x0f, 0xe0, 0x10, 0xe0, 0x10, 0xe8, 0x0f, 0xe0,
    0x0f, 0xd8, 0x0e, 0xd0, 0x0e, 0xd8, 0x0f, 0xd8, 0x0f, 0xd8, 0x0f, 0xd8,
    0x0f, 0xe0, 0x0f, 0xd8, 0x0f, 0xe0, 0x0f, 0xe0, 0x10, 0xe0, 0x0f, 0xe0,
    0x10, 0xe8, 0x10, 0xe8, 0x10, 0xe8, 0x0f, 0xe0, 0x0f, 0xd8, 0x0e, 0xd0,
    0x0e, 0xd0, 0x0f, 0xd8, 0x0f, 0xd8, 0x0f, 0xd8, 0x0f, 0xe0, 0x0f, 0xe0,
    0x10, 0xe0, 0x0f, 0xe0, 0x10, 0xe0, 0x10, 0xe8, 0x10, 0xe8, 0x10, 0xe8,
    0x10, 0xe8, 0x0f, 0xe0, 0x0f, 0xd0, 0x0e, 0xd0, 0x0f, 0xd8, 0x0f, 0xd8,
    0x0e, 0xd8, 0x0f, 0xd8, 0x0f, 0xe0, 0x0f, 0xe0, 0x0f, 0xe0, 0x10, 0xe0,
    0x10, 0xe0, 0x10, 0xe0, 0x10, 0xe8, 0x10, 0xe8, 0x10, 0xe0, 0x10, 0xe8,
    0x0f, 0xe0, 0x0e, 0xd0, 0x0e, 0xd0, 0x0f, 0xd8, 0x0e, 0xd8, 0x0f, 0xd8,
    0x0f, 0xd8, 0x0f, 0xd8, 0x0f, 0xe0, 0x0f, 0xe0, 0x0f, 0xe0, 0x10, 0xe0,
    0x0f, 0xe0, 0x10, 0xe0, 0x10, 0xe8, 0x0f, 0xe8, 0x10, 0xe0, 0x10, 0xe8,
    0x0f, 0xe0, 0x0e, 0xd0, 0x0e, 0xd0, 0x0e, 0xd0, 0x0e, 0xd0, 0x0f, 0xd0,
    0x0f, 0xd8, 0x0f, 0xd8, 0x0f, 0xd8, 0x0f, 0xd8, 0x0f, 0xe0, 0x0f, 0xe0,
    0x0f, 0xe0, 0x10, 0xe0, 0x0f, 0xe0, 0x10, 0xe0, 0x10, 0xe8, 0x0f, 0xe8,
    0x0f, 0xe8, 0x10, 0xe8, 0x10, 0xe8, 0x0f, 0xd8, 0x0e, 0xc8, 0x0e, 0xc8,
    0x0e, 0xc8, 0x0e, 0xd0, 0x0e, 0xd0, 0x0e, 0xd0, 0x0e, 0xd0, 0x0f, 0xd0,
    0x0e, 0xd8, 0x0f, 0xd8, 0x0f, 0xd8, 0x0f, 0xd8, 0x0f, 0xd8, 0x0f, 0xe0,
    0x0f, 0xe0, 0x0f, 0xe0, 0x10, 0xe0, 0x0f, 0xe0, 0x10, 0xe0, 0x10, 0xe8,
    0x10, 0xe8, 0x0f, 0xe8, 0x10, 0xe8, 0x10, 0xe8, 0x0e, 0xd0, 0x0d, 0xc0,
    0x0d, 0xc0, 0x0e, 0xc0, 0x0d, 0xc0, 0x0e, 0xc8, 0x0e, 0xc8, 0x0e, 0xc8,
    0x0e, 0xc8, 0x0e, 0xc8, 0x0e, 0xd0, 0x0e, 0xd0, 0x0e, 0xd0, 0x0e, 0xd0,
    0x0e, 0xd0, 0x0f, 0xd0, 0x0f, 0xd8, 0x0f, 0xd8, 0x0f, 0xd8, 0x0f, 0xd8,
    0x0f, 0xd8, 0x0f, 0xd8, 0x0f, 0xe0, 0x0f, 0xe0, 0x0f, 0xe0, 0x10, 0xe0,
    0x10, 0xe0, 0x0f, 0xe0, 0x0f, 0xe0, 0x10, 0xe0, 0x10, 0xe8, 0x0f, 0xe0,
    0x0d, 0xc0, 0x0c, 0xb0, 0x0c, 0xb0, 0x0d, 0xb8, 0x0c, 0xb8, 0x0d, 0xb8,
    0x0d, 0xb8, 0x0d, 0xb8, 0x0c, 0xb8, 0x0d, 0xb8, 0x0c, 0xb8, 0x0d, 0xb8,
    0x0d, 0xc0, 0x0d, 0xc0, 0x0d, 0xc0, 0x0d, 0xc0, 0x0e, 0xc0, 0x0d, 0xc0,
    0x0d, 0xc8, 0x0d, 0xc0, 0x0d, 0xc0, 0x0d, 0xc8, 0x0e, 0xc8, 0x0e, 0xd0,
    0x0e, 0xc8, 0x0e, 0xc8, 0x0e, 0xc8, 0x0e, 0xc8, 0x0e, 0xd0, 0x0e, 0xd0,
    0x0f, 0xd0, 0x0e, 0xd0, 0x0f, 0xd0, 0x0e, 0xd0, 0x0d, 0xc8, 0x0d, 0xb8,
    0x0d, 0xb8, 0x0d, 0xc0, 0x0d, 0xc0, 0x0d, 0xc0, 0x0e, 0xc0, 0x0d, 0xc0,
    0x0d, 0xc0, 0x0e, 0xc8, 0x0e, 0xc8, 0x0e, 0xc8, 0x0e, 0xd0, 0x0e, 0xc8,
    0x0e, 0xc8, 0x0e, 0xd0, 0x0e, 0xd0, 0x0e, 0xd0, 0x0e, 0xd0, 0x0f, 0xd0,
    0x0e, 0xd0, 0x0e, 0xd0, 0x0f, 0xd0, 0x0e, 0xd8, 0x0f, 0xd8, 0x0f, 0xd8,
    0x0f, 0xd8, 0x0e, 0xd0, 0x0d, 0xc0, 0x0e, 0xc8, 0x0e, 0xc8, 0x0d, 0xc8,
    0x0e, 0xc8, 0x0e, 0xd0, 0x0e, 0xd0, 0x0e, 0xd0, 0x0e, 0xd0, 0x0f, 0xd0,
    0x0e, 0xd0, 0x0f, 0xd8, 0x0f, 0xd0, 0x0e, 0xd8, 0x0f, 0xd8, 0x0f, 0xd8,
    0x0f, 0xd8, 0x0f, 0xd8, 0x0f, 0xd8, 0x0f, 0xe0, 0x0f, 0xe0, 0x0f, 0xd8,
    0x0e, 0xc8, 0x0e, 0xc8, 0x0e, 0xd0, 0x0e, 0xd0, 0x0e, 0xd0, 0x0e, 0xd0,
    0x0f, 0xd0, 0x0e, 0xd0, 0x0f, 0xd8, 0x0e, 0xd8, 0x0f, 0xd8, 0x0f, 0xd8,
    0x0f, 0xd8, 0x0f, 0xe0, 0x0f, 0xe0, 0x0f, 0xe0, 0x0f, 0xd8, 0x10, 0xe0,
    0x0f, 0xe0, 0x0f, 0xd0, 0x0e, 0xd0, 0x0e, 0xd0, 0x0e, 0xd0, 0x0f, 0xd8,
    0x0f, 0xd8, 0x0e, 0xd8, 0x0f, 0xd8, 0x0f, 0xd8, 0x0f, 0xe0, 0x0f, 0xe0,
    0x0f, 0xe0, 0x10, 0xe0, 0x10, 0xe0, 0x0f, 0xe0, 0x10, 0xe0, 0x10, 0xe0,
    0x0f, 0xd8, 0x0e, 0xd0, 0x0e, 0xd8, 0x0f, 0xd8, 0x0f, 0xd8, 0x0f, 0xd8,
    0x0f, 0xd8, 0x0f, 0xd8, 0x0f, 0xe0, 0x0f, 0xd8, 0x0f, 0xe0, 0x10, 0xe0,
    0x0f, 0xe0, 0x10, 0xe8, 0x10, 0xe8, 0x10, 0xe8, 0x0f, 0xd8, 0x0e, 0xd0,
    0x0e, 0xd0, 0x0f, 0xd8, 0x0f, 0xd8, 0x0f, 0xd8, 0x0f, 0xe0, 0x0f, 0xd8,
    0x0f, 0xe0, 0x10, 0xe0, 0x0f, 0xe0, 0x0f, 0xe0, 0x10, 0xe0, 0x10, 0xe8,
    0x10, 0xe8, 0x0f, 0xe0, 0x0f, 0xd8, 0x0f, 0xd0, 0x0f, 0xd8, 0x0f, 0xd8,
    0x0f, 0xd8, 0x0f, 0xd8, 0x0f, 0xe0, 0x0f, 0xe0, 0x10, 0xe0, 0x0f, 0xe0,
    0x0f, 0xe0, 0x10, 0xe0, 0x0f, 0xe0, 0x10, 0xe8, 0x10, 0xe8, 0x0f, 0xe0,
    0x0f, 0xd0, 0x0e, 0xd8, 0x0f, 0xd8, 0x0f, 0xd8, 0x0f, 0xd8, 0x0f, 0xd8,
    0x0f, 0xe0, 0x0f, 0xe0, 0x10, 0xe0, 0x0f, 0xe0, 0x10, 0xe0, 0x10, 0xe8,
    0x0f, 0xe8, 0x10, 0xe8, 0x10, 0xe8, 0x10, 0xe8, 0x0f, 0xd8, 0x0e, 0xd0,
    0x0e, 0xd0, 0x0f, 0xd0, 0x0f, 0xd8, 0x0f, 0xd8, 0x0f, 0xd8, 0x0f, 0xe0,
    0x0f, 0xe0, 0x0f, 0xe0, 0x10, 0xe0, 0x0f, 0xe0, 0x10, 0xe8, 0x10, 0xe8,
    0x10, 0xe8, 0x10, 0xe8, 0x10, 0xe8, 0x10, 0xe8, 0x0f, 0xd8, 0x0e, 0xc8,
    0x0e, 0xd0, 0x0f, 0xd0, 0x0f, 0xd0, 0x0e, 0xd8, 0x0f, 0xd8, 0x0f, 0xd8,
    0x0f, 0xd8, 0x0f, 0xe0, 0x0f, 0xd8, 0x10, 0xe0, 0x10, 0xe0, 0x0f, 0xe0,
    0x10, 0xe0, 0x10, 0xe8, 0x10, 0xe8, 0x10, 0xe8, 0x10, 0xe0, 0x10, 0xe8,
    0x0f, 0xe0, 0x0e, 0xd0, 0x0d, 0xc8, 0x0e, 0xc8, 0x0e, 0xd0, 0x0e, 0xd0,
    0x0e, 0xd0, 0x0e, 0xd0, 0x0f, 0xd0, 0x0f, 0xd8, 0x0e, 0xd8, 0x0f, 0xd8,
    0x0f, 0xd8, 0x0f, 0xd8, 0x0f, 0xe0, 0x0f, 0xe0, 0x0f, 0xe0, 0x10, 0xe0,
    0x10, 0xe0, 0x10, 0xe0, 0x0f, 0xe0, 0x10, 0xe8, 0x10, 0xe8, 0x10, 0xe0,
    0x10, 0xe8, 0x0f, 0xd8, 0x0d, 0xc0, 0x0d, 0xc0, 0x0d, 0xc0, 0x0d, 0xc0,
    0x0e, 0xc8, 0x0e, 0xc8, 0x0e, 0xc8, 0x0e, 0xc8, 0x0e, 0xc8, 0x0e, 0xd0,
    0x0e, 0xd0, 0x0e, 0xd0, 0x0e, 0xd0, 0x0f, 0xd0, 0x0f, 0xd0, 0x0e, 0xd8,
    0x0e, 0xd8, 0x0f, 0xd8, 0x0f, 0xd8, 0x0f, 0xd8, 0x0f, 0xd8, 0x0f, 0xe0,
    0x0f, 0xe0, 0x0f, 0xe0, 0x10, 0xe0, 0x0f, 0xe0, 0x10, 0xe0, 0x10, 0xe0,
    0x10, 0xe8, 0x10, 0xe8, 0x0f, 0xd8, 0x0d, 0xb8, 0x0c, 0xb0, 0x0d, 0xb8,
    0x0d, 0xb8, 0x0d, 0xb8, 0x0d, 0xb8, 0x0c, 0xb8, 0x0d, 0xb8, 0x0d, 0xc0,
    0x0c, 0xb8, 0x0d, 0xb8, 0x0d, 0xb8, 0x0c, 0xb8, 0x0d, 0xb8, 0x0d, 0xb8,
    0x0d, 0xc0, 0x0d, 0xc0, 0x0d, 0xc0, 0x0d, 0xc0, 0x0e, 0xc0, 0x0d, 0xc0,
    0x0d, 0xc8, 0x0e, 0xc8, 0x0e, 0xc8, 0x0d, 0xc8, 0x0e, 0xc8, 0x0e, 0xd0,
    0x0e, 0xc8, 0x0e, 0xc8, 0x0e, 0xc8, 0x0e, 0xd0, 0x0e, 0xd0, 0x0e, 0xd0,
    0x0e, 0xd0, 0x0f, 0xd8, 0x0e, 0xd0, 0x0d, 0xc8, 0x0d, 0xb8, 0x0d, 0xc0,
    0x0d, 0xc0, 0x0d, 0xc0, 0x0d, 0xc0, 0x0d, 0xc0, 0x0e, 0xc0, 0x0d, 0xc8,
    0x0e, 0xc8, 0x0e, 0xc8, 0x0d, 0xc8, 0x0e, 0xc8, 0x0e, 0xc8, 0x0e, 0xc8,
    0x0e, 0xd0, 0x0e, 0xd0, 0x0e, 0xd0, 0x0e, 0xd0, 0x0f, 0xd0, 0x0f, 0xd8,
    0x0e, 0xd0, 0x0f, 0xd8, 0x0f, 0xd8, 0x0f, 0xd8, 0x0f, 0xd8, 0x0f, 0xd8,
    0x0e, 0xd0, 0x0d, 0xc8, 0x0e, 0xc8, 0x0e, 0xc8, 0x0e, 0xc8, 0x0e, 0xc8,
    0x0e, 0xc8, 0x0e, 0xd0, 0x0e, 0xd0, 0x0e, 0xd0, 0x0e, 0xd0, 0x0f, 0xd0,
    0x0e, 0xd0, 0x0e, 0xd0, 0x0f, 0xd8, 0x0f, 0xd8, 0x0f, 0xd8, 0x0f, 0xd8,
    0x0f, 0xe0, 0x0f, 0xe0, 0x10, 0xe0, 0x0f, 0xe0, 0x0f, 0xd0, 0x0e, 0xc8,
    0x0e, 0xc8, 0x0e, 0xd0, 0x0e, 0xd0, 0x0f, 0xd0, 0x0e, 0xd8, 0x0f, 0xd0,
    0x0f, 0xd8, 0x0f, 0xd8, 0x0f, 0xd8, 0x0f, 0xd8, 0x0f, 0xd8, 0x0f, 0xd8,
    0x0f, 0xe0, 0x10, 0xe0, 0x0f, 0xe0, 0x10, 0xe0, 0x0f, 0xe0, 0x0f, 0xd8,
    0x0e, 0xd0, 0x0e, 0xd0, 0x0e, 0xd0, 0x0f, 0xd8, 0x0f, 0xd0, 0x0e, 0xd8,
    0x0f, 0xd8, 0x0f, 0xd8, 0x0f, 0xe0, 0x0f, 0xd8, 0x0f, 0xe0, 0x0f, 0xe0,
    0x10, 0xe0, 0x0f, 0xe0, 0x10, 0xe0, 0x10, 0xe8, 0x0f, 0xd8, 0x0e, 0xd0,
    0x0e, 0xd0, 0x0f, 0xd8, 0x0f, 0xd8, 0x0e, 0xd8, 0x0f, 0xd8, 0x0f, 0xe0,
    0x0f, 0xe0, 0x0f, 0xe0, 0x10, 0xe0, 0x0f, 0xe0, 0x0f, 0xe0, 0x10, 0xe0,
    0x10, 0xe8, 0x0f, 0xe8, 0x0f, 0xd8, 0x0e, 0xd0, 0x0f, 0xd8, 0x0f, 0xd8,
    0x0f, 0xd8, 0x0f, 0xd8, 0x0f, 0xe0, 0x0f, 0xe0, 0x10, 0xe0, 0x10, 0xe0,
    0x10, 0xe0, 0x10, 0xe0, 0x10, 0xe8, 0x0f, 0xe0, 0x10, 0xe8, 0x0f, 0xe0,
    0x0f, 0xd8, 0x0e, 0xd0, 0x0e, 0xd8, 0x0f, 0xd8, 0x0f, 0xd8, 0x0f, 0xe0,
    0x0f, 0xe0, 0x0f, 0xd8, 0x10, 0xe0, 0x10, 0xe0, 0x10, 0xe0, 0x10, 0xe8,
    0x10, 0xe8, 0x0f, 0xe8, 0x10, 0xe8, 0x0f, 0xe0, 0x0e, 0xd0, 0x0f, 0xd8,
    0x0f, 0xd8, 0x0f, 0xd8, 0x0f, 0xd8, 0x0f, 0xe0, 0x0f, 0xe0, 0x10, 0xe0,
    0x10, 0xe0, 0x0f, 0xe0, 0x10, 0xe8, 0x10, 0xe8, 0x0f, 0xe8, 0x10, 0xe0,
    0x0f, 0xe8, 0x0f, 0xe0, 0x0f, 0xd8, 0x0e, 0xd0, 0x0f, 0xd0, 0x0f, 0xd8,
    0x0f, 0xd8, 0x0f, 0xd8, 0x0f, 0xe0, 0x0f, 0xe0, 0x0f, 0xe0, 0x10, 0xe0,
    0x10, 0xe0, 0x10, 0xe0, 0x10, 0xe8, 0x0f, 0xe8, 0x10, 0xe0, 0x10, 0xe0,
    0x10, 0xe8, 0x0f, 0xe0, 0x0e, 0xd0, 0x0e, 0xd0, 0x0e, 0xd0, 0x0f, 0xd0,
    0x0f, 0xd8, 0x0f, 0xd8, 0x0e, 0xd8, 0x0f, 0xd8, 0x0f, 0xd8, 0x0f, 0xe0,
    0x0f, 0xe0, 0x10, 0xe0, 0x0f, 0xe0, 0x10, 0xe0, 0x10, 0xe8, 0x0f, 0xe8,
    0x10, 0xe8, 0x10, 0xe0, 0x10, 0xe8, 0x10, 0xe8, 0x0f, 0xd8, 0x0e, 0xc8,
    0x0e, 0xc8, 0x0e, 0xd0, 0x0e, 0xd0, 0x0e, 0xd0, 0x0f, 0xd0, 0x0e, 0xd0,
    0x0f, 0xd8, 0x0f, 0xd8, 0x0f, 0xd8, 0x0f, 0xd8, 0x0f, 0xd8, 0x0f, 0xe0,
    0x0f, 0xe0, 0x0f, 0xd8, 0x10, 0xe0, 0x0f, 0xe0, 0x10, 0xe0, 0x10, 0xe8,
    0x10, 0xe8, 0x0f, 0xe8, 0x10, 0xe8, 0x10, 0xe8, 0x0f, 0xd8, 0x0d, 0xc8,
    0x0d, 0xc0, 0x0e, 0xc0, 0x0e, 0xc8, 0x0d, 0xc8, 0x0e, 0xc8, 0x0e, 0xc8,
    0x0e, 0xc8, 0x0e, 0xc8, 0x0e, 0xd0, 0x0e, 0xd0, 0x0e, 0xd0, 0x0e, 0xd0,
    0x0f, 0xd0, 0x0f, 0xd8, 0x0f, 0xd8, 0x0f, 0xd8, 0x0f, 0xd8, 0x0f, 0xd8,
    0x0f, 0xd8, 0x0f, 0xe0, 0x0f, 0xe0, 0x10, 0xe0, 0x10, 0xe0, 0x10, 0xe0,
    0x0f, 0xe0, 0x10, 0xe0, 0x10, 0xe0, 0x10, 0xe8, 0x10, 0xe8, 0x0e, 0xd0,
    0x0c, 0xb8, 0x0c, 0xb0, 0x0d, 0xb8, 0x0d, 0xb8, 0x0d, 0xb8, 0x0d, 0xb8,
    0x0d, 0xb8, 0x0c, 0xc0, 0x0d, 0xc0, 0x0d, 0xc0, 0x0d, 0xb8, 0x0c, 0xb8,
    0x0d, 0xb8, 0x0d, 0xb8, 0x0c, 0xb8, 0x0d, 0xb8, 0x0d, 0xc0, 0x0d, 0xc0,
    0x0d, 0xb8, 0x0d, 0xc0, 0x0d, 0xc0, 0x0e, 0xc0, 0x0d, 0xc0, 0x0e, 0xc8,
    0x0d, 0xc8, 0x0e, 0xc8, 0x0e, 0xc8, 0x0d, 0xc8, 0x0e, 0xd0, 0x0e, 0xc8,
    0x0e, 0xd0, 0x0e, 0xd0, 0x0e, 0xd0, 0x0e, 0xd0, 0x0f, 0xd0, 0x0e, 0xd0,
    0x0f, 0xd8, 0x0f, 0xd0, 0x0e, 0xc8, 0x0d, 0xb8, 0x0d, 0xc0, 0x0d, 0xc0,
    0x0d, 0xc0, 0x0e, 0xc0, 0x0d, 0xc0, 0x0d, 0xc8, 0x0e, 0xc8, 0x0e, 0xc8,
    0x0e, 0xc8, 0x0e, 0xc8, 0x0e, 0xc8, 0x0e, 0xc8, 0x0e, 0xd0, 0x0e, 0xd0,
    0x0e, 0xd0, 0x0f, 0xd0, 0x0e, 0xd0, 0x0e, 0xd8, 0x0f, 0xd0, 0x0f, 0xd8,
    0x0e, 0xd8, 0x0f, 0xd8, 0x0f, 0xd8, 0x0f, 0xd8, 0x0f, 0xd8, 0x0e, 0xc8,
    0x0d, 0xc8, 0x0e, 0xc8, 0x0e, 0xc8, 0x0e, 0xc8, 0x0e, 0xc8, 0x0e, 0xc8,
    0x0e, 0xd0, 0x0e, 0xd0, 0x0f, 0xd0, 0x0f, 0xd0, 0x0e, 0xd8, 0x0f, 0xd8,
    0x0e, 0xd0, 0x0f, 0xd8, 0x0f, 0xd8, 0x0f, 0xd8, 0x0f, 0xd8, 0x0f, 0xe0,
    0x0f, 0xe0, 0x0f, 0xe0, 0x0f, 0xe0, 0x0e, 0xd0, 0x0e, 0xc8, 0x0e, 0xd0,
    0x0e, 0xd0, 0x0e, 0xd0, 0x0e, 0xd0, 0x0f, 0xd8, 0x0e, 0xd8, 0x0f, 0xd8,
    0x0f, 0xd8, 0x0e, 0xd8, 0x0f, 0xd8, 0x0f, 0xd8, 0x0f, 0xe0, 0x0f, 0xe0,
    0x10, 0xe0, 0x0f, 0xe0, 0x10, 0xe0, 0x0f, 0xe0, 0x0e, 0xd0, 0x0e, 0xd0,
    0x0f, 0xd0, 0x0f, 0xd8, 0x0e, 0xd8, 0x0f, 0xd8, 0x0f, 0xd8, 0x0f, 0xd8,
    0x0f, 0xd8, 0x0f, 0xe0, 0x0f, 0xe0, 0x10, 0xe0, 0x0f, 0xe0, 0x10, 0xe0,
    0x0f, 0xe0, 0x10, 0xe8, 0x0f, 0xe0, 0x0f, 0xd0, 0x0e, 0xd0, 0x0f, 0xd8,
    0x0f, 0xd8, 0x0f, 0xd8, 0x0f, 0xd8, 0x0f, 0xd8, 0x0f, 0xe0, 0x10, 0xe0,
    0x10, 0xe0, 0x0f, 0xe0, 0x10, 0xe0, 0x10, 0xe0, 0x10, 0xe0, 0x10, 0xe8,
    0x0f, 0xe0, 0x0f, 0xd0, 0x0f, 0xd8, 0x0e, 0xd8, 0x0f, 0xd8, 0x0f, 0xd8,
    0x0f, 0xe0, 0x0f, 0xe0, 0x0f, 0xd8, 0x0f, 0xe0, 0x0f, 0xe0, 0x10, 0xe0,
    0x10, 0xe8, 0x10, 0xe8, 0x10, 0xe8, 0x0f, 0xe0, 0x0f, 0xd8, 0x0e, 0xd0,
    0x0f, 0xd8, 0x0f, 0xd8, 0x0f, 0xd8, 0x0f, 0xe0, 0x0f, 0xe0, 0x0f, 0xe0,
    0x10, 0xe0, 0x0f, 0xe0, 0x10, 0xe0, 0x10, 0xe8, 0x10, 0xe8, 0x10, 0xe8,
    0x10, 0xe8, 0x0f, 0xd8, 0x0e, 0xd0, 0x0f, 0xd8, 0x0f, 0xd8, 0x0f, 0xd8,
    0x0f, 0xe0, 0x0f, 0xe0, 0x0f, 0xe0, 0x10, 0xe0, 0x0f, 0xe0, 0x10, 0xe0,
    0x10, 0xe8, 0x10, 0xe8, 0x10, 0xe0, 0x10, 0xe8, 0x10, 0xe8, 0x0f, 0xe0,
    0x0e, 0xd0, 0x0e, 0xd0, 0x0f, 0xd8, 0x0f, 0xd8, 0x0f, 0xd8, 0x0f, 0xd8,
    0x0f, 0xe0, 0x0f, 0xe0, 0x10, 0xe0, 0x10, 0xe0, 0x0f, 0xe0, 0x10, 0xe0,
    0x10, 0xe8, 0x0f, 0xe8, 0x10, 0xe8, 0x10, 0xe8, 0x0f, 0xe8, 0x0f, 0xe0,
    0x0e, 0xd0, 0x0e, 0xd0, 0x0f, 0xd0, 0x0e, 0xd8, 0x0e, 0xd8, 0x0f, 0xd8,
    0x0f, 0xd8, 0x0f, 0xe0, 0x0f, 0xe0, 0x0f, 0xe0, 0x10, 0xe0, 0x10, 0xe0,
    0x10, 0xe0, 0x10, 0xe0, 0x10, 0xe8, 0x0f, 0xe8, 0x10, 0xe0, 0x0f, 0xe8,
    0x10, 0xe8, 0x0f, 0xe0, 0x0e, 0xc8, 0x0e, 0xc8, 0x0e, 0xc8, 0x0e, 0xd0,
    0x0e, 0xd0, 0x0e, 0xd0, 0x0f, 0xd0, 0x0f, 0xd8, 0x0f, 0xd8, 0x0f, 0xd8,
    0x0f, 0xd8, 0x0f, 0xe0, 0x0f, 0xe0, 0x0f, 0xe0, 0x0f, 0xe0, 0x10, 0xe0,
    0x10, 0xe0, 0x10, 0xe0, 0x0f, 0xe8, 0x10, 0xe8, 0x10, 0xe8, 0x10, 0xe8,
    0x10, 0xe8, 0x0f, 0xe0, 0x0d, 0xc8, 0x0d, 0xc0, 0x0d, 0xc0, 0x0e, 0xc8,
    0x0e, 0xc8, 0x0e, 0xc8, 0x0e, 0xc8, 0x0e, 0xc8, 0x0e, 0xd0, 0x0e, 0xd0,
    0x0e, 0xd0, 0x0e, 0xd0, 0x0e, 0xd0, 0x0f, 0xd0, 0x0e, 0xd8, 0x0e, 0xd8,
    0x0f, 0xd8, 0x0f, 0xd8, 0x0f, 0xd8, 0x0f, 0xd8, 0x0f, 0xe0, 0x0f, 0xe0,
    0x0f, 0xe0, 0x10, 0xe0, 0x0f, 0xe0, 0x0f, 0xe0, 0x10, 0xe0, 0x10, 0xe0,
    0x10, 0xe8, 0x0f, 0xe8, 0x0e, 0xd0, 0x0d, 0xb8, 0x0c, 0xb8, 0x0d, 0xb8,
    0x0d, 0xb8, 0x0d, 0xb8, 0x0c, 0xc0, 0x0d, 0xc0, 0x0d, 0xc0, 0x0d, 0xc0,
    0x0d, 0xc0, 0x0d, 0xc0, 0x0c, 0xb8, 0x0c, 0xb8, 0x0d, 0xb8, 0x0d, 0xb8,
    0x0d, 0xb8, 0x0d, 0xb8, 0x0d, 0xc0, 0x0d, 0xb8, 0x0d, 0xc0, 0x0d, 0xc0,
    0x0d, 0xc0, 0x0d, 0xc0, 0x0d, 0xc0, 0x0d, 0xc0, 0x0e, 0xc8, 0x0e, 0xc8,
    0x0e, 0xc8, 0x0e, 0xc8, 0x0e, 0xc8, 0x0e, 0xc8, 0x0e, 0xc8, 0x0e, 0xc8,
    0x0e, 0xd0, 0x0e, 0xd0, 0x0e, 0xd0, 0x0e, 0xd0, 0x0e, 0xd0, 0x0f, 0xd0,
    0x0e, 0xd8, 0x0e, 0xc8, 0x0d, 0xb8, 0x0d, 0xc0, 0x0d, 0xc0, 0x0d, 0xc0,
    0x0d, 0xc0, 0x0d, 0xc0, 0x0d, 0xc8, 0x0e, 0xc8, 0x0e, 0xc8, 0x0e, 0xc8,
    0x0e, 0xd0, 0x0e, 0xc8, 0x0e, 0xc8, 0x0e, 0xd0, 0x0e, 0xd0, 0x0e, 0xd0,
    0x0e, 0xd0, 0x0e, 0xd0, 0x0f, 0xd0, 0x0e, 0xd0, 0x0e, 0xd8, 0x0f, 0xd8,
    0x0f, 0xd8, 0x0f, 0xd8, 0x0f, 0xd8, 0x0f, 0xd8, 0x0e, 0xc8, 0x0e, 0xc8,
    0x0d, 0xc8, 0x0e, 0xd0, 0x0e, 0xc8, 0x0e, 0xd0, 0x0e, 0xd0, 0x0e, 0xd0,
    0x0e, 0xd0, 0x0f, 0xd0, 0x0f, 0xd8, 0x0e, 0xd0, 0x0f, 0xd8, 0x0e, 0xd8,
    0x0f, 0xd8, 0x0f, 0xd8, 0x0f, 0xd8, 0x0f, 0xd8, 0x0f, 0xe0, 0x0f, 0xe0,
    0x0f, 0xe0, 0x0f, 0xd8, 0x0e, 0xd0, 0x0e, 0xd0, 0x0f, 0xd0, 0x0e, 0xd0,
    0x0e, 0xd0, 0x0f, 0xd0, 0x0e, 0xd8, 0x0f, 0xd8, 0x0f, 0xd8, 0x0f, 0xd8,
    0x0f, 0xd8, 0x0f, 0xe0, 0x0f, 0xd8, 0x0f, 0xe0, 0x0f, 0xe0, 0x0f, 0xe0,
    0x10, 0xe0, 0x0f, 0xe0, 0x0f, 0xd8, 0x0e, 0xd0, 0x0e, 0xd0, 0x0f, 0xd8,
    0x0f, 0xd8, 0x0e, 0xd8, 0x0f, 0xd8, 0x0f, 0xd8, 0x0f, 0xe0, 0x0f, 0xe0,
    0x0f, 0xd8, 0x10, 0xe0, 0x10, 0xe0, 0x0f, 0xe0, 0x0f, 0xe0, 0x10, 0xe8,
    0x0f, 0xe0, 0x0f, 0xd8, 0x0e, 0xd0, 0x0f, 0xd8, 0x0f, 0xd8, 0x0e, 0xd8,
    0x0f, 0xd8, 0x0f, 0xd8, 0x0f, 0xe0, 0x0f, 0xe0, 0x0f, 0xe0, 0x10, 0xe0,
    0x0f, 0xe0, 0x10, 0xe8, 0x10, 0xe8, 0x10, 0xe8, 0x0f, 0xe0, 0x0f, 0xd0,
    0x0e, 0xd8, 0x0f, 0xd8, 0x0f, 0xd8, 0x0f, 0xe0, 0x0f, 0xd8, 0x0f, 0xe0,
    0x10, 0xe0, 0x10, 0xe0, 0x0f, 0xe0, 0x10, 0xe0, 0x10, 0xe8, 0x10, 0xe8,
    0x10, 0xe8, 0x0f, 0xe0, 0x0f, 0xd8, 0x0f, 0xd8, 0x0f, 0xd8, 0x0f, 0xd8,
    0x0f, 0xe0, 0x0f, 0xe0, 0x0f, 0xe0, 0x10, 0xe0, 0x0f, 0xe0, 0x10, 0xe0,
    0x0f, 0xe8, 0x10, 0xe8, 0x0f, 0xe8, 0x10, 0xe8, 0x10, 0xe0, 0x0f, 0xd8,
    0x0e, 0xd8, 0x0f, 0xd8, 0x0f, 0xd8, 0x0f, 0xd8, 0x0f, 0xd8, 0x0f, 0xd8,
    0x10, 0xe0, 0x0f, 0xe0, 0x10, 0xe0, 0x10, 0xe8, 0x10, 0xe8, 0x0f, 0xe8,
    0x10, 0xe8, 0x10, 0xe8, 0x10, 0xe8, 0x0f, 0xd8, 0x0e, 0xd0, 0x0f, 0xd8,
    0x0f, 0xd8, 0x0f, 0xd8, 0x0f, 0xd8, 0x0f, 0xe0, 0x0f, 0xe0, 0x0f, 0xe0,
    0x10, 0xe0, 0x10, 0xe0, 0x10, 0xe0, 0x10, 0xe8, 0x10, 0xe8, 0x10, 0xe8,
    0x10, 0xe0, 0x10, 0xe8, 0x0f, 0xe0, 0x0f, 0xd0, 0x0e, 0xd0, 0x0f, 0xd0,
    0x0f, 0xd8, 0x0f, 0xd8, 0x0f, 0xd8, 0x0f, 0xd8, 0x0f, 0xd8, 0x0f, 0xe0,
    0x0f, 0xe0, 0x10, 0xe0, 0x0f, 0xe0, 0x0f, 0xe0, 0x10, 0xe8, 0x10, 0xe8,
    0x0f, 0xe8, 0x10, 0xe8, 0x10, 0xe8, 0x10, 0xe8, 0x0f, 0xe0, 0x0e, 0xd0,
    0x0e, 0xc8, 0x0e, 0xd0, 0x0e, 0xd0, 0x0e, 0xd0, 0x0e, 0xd0, 0x0f, 0xd0,
    0x0e, 0xd8, 0x0f, 0xd8, 0x0f, 0xd8, 0x0f, 0xd8, 0x0f, 0xd8, 0x0f, 0xe0,
    0x0f, 0xe0, 0x10, 0xe0, 0x10, 0xe0, 0x0f, 0xe0, 0x10, 0xe0, 0x10, 0xe8,
    0x10, 0xe8, 0x0f, 0xe0, 0x10, 0xe8, 0x10, 0xe8, 0x0f, 0xd8, 0x0e, 0xc8,
    0x0d, 0xc0, 0x0d, 0xc0, 0x0e, 0xc8, 0x0e, 0xc8, 0x0e, 0xc8, 0x0e, 0xc8,
    0x0e, 0xc8, 0x0e, 0xd0, 0x0e, 0xd0, 0x0e, 0xd0, 0x0e, 0xd0, 0x0e, 0xd0,
    0x0f, 0xd0, 0x0f, 0xd8, 0x0f, 0xd8, 0x0f, 0xd8, 0x0f, 0xd8, 0x0f, 0xd8,
    0x0f, 0xe0, 0x0f, 0xe0, 0x0f, 0xe0, 0x0f, 0xe0, 0x10, 0xe0, 0x0f, 0xe0,
    0x0f, 0xe0, 0x10, 0xe0, 0x10, 0xe8, 0x10, 0xe8, 0x0f, 0xe0, 0x0e, 0xc8,
    0x0c, 0xb8, 0x0d, 0xb8, 0x0d, 0xb8, 0x0d, 0xb8, 0x0d, 0xc0, 0x0d, 0xc0,
    0x0d, 0xc0, 0x0d, 0xc0, 0x0d, 0xc0, 0x0d, 0xc0, 0x0d, 0xc0, 0x0d, 0xc0,
    0x0c, 0xb8, 0x0d, 0xb8, 0x0c, 0xb8, 0x0c, 0xb8, 0x0d, 0xb8, 0x0d, 0xb8,
    0x0c, 0xb8, 0x0d, 0xc0, 0x0d, 0xc0, 0x0d, 0xc0, 0x0d, 0xc0, 0x0e, 0xc0,
    0x0d, 0xc0, 0x0d, 0xc0, 0x0d, 0xc0, 0x0d, 0xc8, 0x0d, 0xc8, 0x0e, 0xc8,
    0x0e, 0xc8, 0x0e, 0xc8, 0x0e, 0xc8, 0x0e, 0xd0, 0x0e, 0xd0, 0x0e, 0xd0,
    0x0e, 0xd0, 0x0e, 0xd0, 0x0f, 0xd0, 0x0e, 0xd0, 0x0e, 0xd8, 0x0f, 0xd0,
    0x0e, 0xc8, 0x0d, 0xc0, 0x0d, 0xc0, 0x0e, 0xc0, 0x0d, 0xc0, 0x0e, 0xc0,
    0x0e, 0xc8, 0x0d, 0xc0, 0x0d, 0xc8, 0x0e, 0xc8, 0x0e, 0xc8, 0x0e, 0xc8,
    0x0e, 0xd0, 0x0e, 0xd0, 0x0e, 0xd0, 0x0f, 0xd0, 0x0e, 0xd0, 0x0f, 0xd0,
    0x0f, 0xd8, 0x0e, 0xd0, 0x0f, 0xd0, 0x0f, 0xd8, 0x0e, 0xd8, 0x0f, 0xd8,
    0x0f, 0xd8, 0x0f, 0xe0, 0x0e, 0xd8, 0x0e, 0xc8, 0x0e, 0xc8, 0x0e, 0xc8,
    0x0e, 0xc8, 0x0e, 0xc8, 0x0e, 0xd0, 0x0e, 0xd0, 0x0e, 0xd0, 0x0e, 0xd0,
    0x0f, 0xd0, 0x0e, 0xd0, 0x0f, 0xd8, 0x0f, 0xd8, 0x0e, 0xd8, 0x0f, 0xd8,
    0x0f, 0xd8, 0x0f, 0xe0, 0x0f, 0xd8, 0x0f, 0xd8, 0x10, 0xe0, 0x0f, 0xd8,
    0x0e, 0xd0, 0x0e, 0xd0, 0x0e, 0xd0, 0x0e, 0xd0, 0x0f, 0xd0, 0x0f, 0xd0,
    0x0e, 0xd0, 0x0e, 0xd8, 0x0f, 0xd8, 0x0f, 0xd8, 0x0f, 0xd8, 0x0f, 0xd8,
    0x0f, 0xe0, 0x10, 0xe0, 0x0f, 0xd8, 0x10, 0xe0, 0x10, 0xe0, 0x0f, 0xe0,
    0x0f, 0xd8, 0x0e, 0xd0, 0x0e, 0xd0, 0x0f, 0xd0, 0x0f, 0xd8, 0x0f, 0xd8,
    0x0f, 0xd8, 0x0f, 0xd8, 0x0f, 0xd8, 0x0f, 0xe0, 0x0f, 0xe0, 0x0f, 0xe0,
    0x10, 0xe0, 0x0f, 0xe0, 0x10, 0xe0, 0x10, 0xe8, 0x10, 0xe0, 0x0f, 0xd8,
    0x0e, 0xd0, 0x0e, 0xd8, 0x0f, 0xd8, 0x0f, 0xd8, 0x0f, 0xd8, 0x0f, 0xe0,
    0x0f, 0xe0, 0x0f, 0xd8, 0x10, 0xe0, 0x0f, 0xe0, 0x0f, 0xe0, 0x10, 0xe8,
    0x10, 0xe8, 0x10, 0xe8, 0x0f, 0xe0, 0x0e, 0xd0, 0x0e, 0xd8, 0x0f, 0xd8,
    0x0f, 0xd8, 0x0f, 0xe0, 0x0f, 0xe0, 0x0f, 0xd8, 0x10, 0xe0, 0x10, 0xe0,
    0x0f, 0xe0, 0x10, 0xe8, 0x0f, 0xe8, 0x10, 0xe0, 0x10, 0xe8, 0x0f, 0xe0,
    0x0e, 0xd8, 0x0f, 0xd8, 0x0f, 0xd8, 0x0f, 0xd8, 0x0f, 0xd8, 0x0f, 0xe0,
    0x0f, 0xe0, 0x10, 0xe0, 0x10, 0xe0, 0x0f, 0xe0, 0x10, 0xe8, 0x10, 0xe8,
    0x10, 0xe0, 0x10, 0xe8, 0x0f, 0xe0, 0x0f, 0xd8, 0x0f, 0xd0, 0x0f, 0xd8,
    0x0f, 0xd8, 0x0f, 0xd8, 0x0f, 0xe0, 0x0f, 0xe0, 0x0f, 0xe0, 0x10, 0xe0,
    0x10, 0xe0, 0x10, 0xe0, 0x0f, 0xe8, 0x10, 0xe8, 0x10, 0xe0, 0x0f, 0xe8,
    0x10, 0xe0, 0x0f, 0xd8, 0x0e, 0xd0, 0x0f, 0xd8, 0x0f, 0xd8, 0x0f, 0xd8,
    0x0f, 0xd8, 0x0f, 0xe0, 0x0f, 0xe0, 0x10, 0xe0, 0x0f, 0xe0, 0x0f, 0xe0,
    0x10, 0xe8, 0x0f, 0xe8, 0x10, 0xe8, 0x10, 0xe0, 0x0f, 0xe8, 0x10, 0xe8,
    0x0f, 0xd8, 0x0e, 0xd0, 0x0e, 0xd0, 0x0e, 0xd0, 0x0f, 0xd8, 0x0f, 0xd8,
    0x0f, 0xd8, 0x0f, 0xd8, 0x0f, 0xe0, 0x0f, 0xe0, 0x0f, 0xe0, 0x10, 0xe0,
    0x10, 0xe0, 0x10, 0xe0, 0x10, 0xe8, 0x0f, 0xe8, 0x10, 0xe0, 0x10, 0xe8,
    0x10, 0xe8, 0x10, 0xe0, 0x0e, 0xd8, 0x0e, 0xc8, 0x0e, 0xc8, 0x0e, 0xd0,
    0x0e, 0xd0, 0x0e, 0xd0, 0x0f, 0xd0, 0x0f, 0xd8, 0x0f, 0xd8, 0x0f, 0xd8,
    0x0f, 0xd8, 0x0f, 0xd8, 0x0f, 0xe0, 0x0f, 0xe0, 0x0f, 0xe0, 0x10, 0xe0,
    0x10, 0xe0, 0x10, 0xe0, 0x0f, 0xe8, 0x10, 0xe8, 0x10, 0xe8, 0x10, 0xe0,
    0x10, 0xe8, 0x0f, 0xe0, 0x0e, 0xc8, 0x0d, 0xc0, 0x0e, 0xc0, 0x0e, 0xc8,
    0x0e, 0xc8, 0x0e, 0xc8, 0x0e, 0xc8, 0x0e, 0xc8, 0x0e, 0xd0, 0x0e, 0xd0,
    0x0e, 0xd0, 0x0e, 0xd0, 0x0f, 0xd0, 0x0f, 0xd8, 0x0f, 0xd8, 0x0f, 0xd8,
    0x0f, 0xd8, 0x0f, 0xd8, 0x0f, 0xd8, 0x0f, 0xe0, 0x0f, 0xe0, 0x0f, 0xe0,
    0x0f, 0xe0, 0x10, 0xe0, 0x10, 0xe0, 0x10, 0xe0, 0x10, 0xe0, 0x10, 0xe8,
    0x10, 0xe8, 0x0f, 0xe0, 0x0d, 0xc0, 0x0d, 0xb8, 0x0d, 0xb8, 0x0d, 0xb8,
    0x0d, 0xb8, 0x0d, 0xc0, 0x0d, 0xc0, 0x0d, 0xc0, 0x0d, 0xc0, 0x0d, 0xc0,
    0x0d, 0xc0, 0x0d, 0xc0, 0x0e, 0xc0, 0x0e, 0xc8, 0x0c, 0xb0, 0x0c, 0xb8,
    0x0d, 0xb8, 0x0c, 0xb8, 0x0d, 0xb8, 0x0d, 0xb8, 0x0d, 0xb8, 0x0d, 0xc0,
    0x0d, 0xc0, 0x0d, 0xc0, 0x0d, 0xc0, 0x0d, 0xc0, 0x0e, 0xc0, 0x0d, 0xc8,
    0x0e, 0xc0, 0x0e, 0xc8, 0x0d, 0xc8, 0x0e, 0xc8, 0x0e, 0xc8, 0x0e, 0xd0,
    0x0e, 0xc8, 0x0e, 0xc8, 0x0e, 0xd0, 0x0e, 0xd0, 0x0f, 0xd0, 0x0e, 0xd0,
    0x0e, 0xd0, 0x0f, 0xd0, 0x0e, 0xd0, 0x0f, 0xd8, 0x0f, 0xd8, 0x0e, 0xc8,
    0x0d, 0xc0, 0x0d, 0xc0, 0x0d, 0xc0, 0x0d, 0xc0, 0x0e, 0xc8, 0x0d, 0xc8,
    0x0e, 0xc8, 0x0e, 0xc8, 0x0d, 0xc8, 0x0e, 0xc8, 0x0e, 0xc8, 0x0e, 0xd0,
    0x0e, 0xd0, 0x0e, 0xd0, 0x0e, 0xd0, 0x0e, 0xd0, 0x0e, 0xd8, 0x0f, 0xd0,
    0x0f, 0xd8, 0x0e, 0xd8, 0x0f, 0xd8, 0x0f, 0xd8, 0x0f, 0xd8, 0x0f, 0xd8,
    0x0f, 0xe0, 0x0e, 0xd0, 0x0e, 0xc8, 0x0e, 0xc8, 0x0e, 0xd0, 0x0e, 0xc8,
    0x0e, 0xd0, 0x0e, 0xd0, 0x0e, 0xd0, 0x0f, 0xd0, 0x0e, 0xd8, 0x0e, 0xd0,
    0x0f, 0xd0, 0x0f, 0xd8, 0x0f, 0xd8, 0x0f, 0xd8, 0x0f, 0xd8, 0x0f, 0xd8,
    0x0f, 0xe0, 0x0f, 0xe0, 0x0f, 0xe0, 0x10, 0xe0, 0x0f, 0xd8, 0x0e, 0xd0,
    0x0e, 0xd0, 0x0f, 0xd0, 0x0e, 0xd0, 0x0f, 0xd8, 0x0e, 0xd0, 0x0f, 0xd8,
    0x0f, 0xd8, 0x0f, 0xd8, 0x0f, 0xd8, 0x0f, 0xd8, 0x0f, 0xe0, 0x0f, 0xe0,
    0x0f, 0xe0, 0x0f, 0xe0, 0x10, 0xe0, 0x10, 0xe0, 0x10, 0xe0, 0x0f, 0xd8,
    0x0e, 0xd0, 0x0f, 0xd0, 0x0e, 0xd8, 0x0f, 0xd8, 0x0f, 0xd8, 0x0f, 0xd8,
    0x0f, 0xd8, 0x0f, 0xe0, 0x0f, 0xe0, 0x10, 0xe0, 0x0f, 0xe0, 0x10, 0xe0,
    0x0f, 0xe0, 0x10, 0xe0, 0x10, 0xe8, 0x0f, 0xd8, 0x0e, 0xd0, 0x0f, 0xd8,
    0x0f, 0xd8, 0x0f, 0xd8, 0x0f, 0xd8, 0x0f, 0xe0, 0x0f, 0xe0, 0x10, 0xe0,
    0x0f, 0xe0, 0x10, 0xe0, 0x0f, 0xe0, 0x10, 0xe0, 0x10, 0xe0, 0x0f, 0xe8,
    0x0f, 0xe0, 0x0f, 0xd8, 0x0f, 0xd8, 0x0f, 0xd8, 0x0f, 0xd8, 0x0f, 0xd8,
    0x0f, 0xe0, 0x0f, 0xe0, 0x10, 0xe0, 0x0f, 0xe0, 0x0f, 0xe0, 0x10, 0xe8,
    0x10, 0xe8, 0x10, 0xe8, 0x10, 0xe8, 0x0f, 0xe0, 0x0f, 0xd8, 0x0e, 0xd8,
    0x0f, 0xd8, 0x0f, 0xd8, 0x0f, 0xe0, 0x0f, 0xe0, 0x10, 0xe0, 0x0f, 0xe0,
    0x0f, 0xe0, 0x10, 0xe0, 0x10, 0xe8, 0x10, 0xe8, 0x10, 0xe8, 0x10, 0xe8,
    0x0f, 0xe0, 0x0f, 0xd8, 0x0f, 0xd8, 0x0e, 0xd8, 0x0f, 0xd8, 0x0f, 0xe0,
    0x0f, 0xe0, 0x0f, 0xe0, 0x0f, 0xe0, 0x10, 0xe0, 0x10, 0xe8, 0x0f, 0xe8,
    0x10, 0xe8, 0x10, 0xe0, 0x10, 0xe8, 0x10, 0xe8, 0x0f, 0xe0, 0x0e, 0xd8,
    0x0f, 0xd0, 0x0f, 0xd8, 0x0e, 0xd8, 0x0f, 0xd8, 0x0f, 0xe0, 0x0f, 0xe0,
    0x10, 0xe0, 0x10, 0xe0, 0x10, 0xe0, 0x10, 0xe0, 0x10, 0xe8, 0x0f, 0xe8,
    0x10, 0xe8, 0x10, 0xe8, 0x10, 0xe8, 0x0f, 0xe0, 0x0f, 0xd8, 0x0e, 0xd0,
    0x0f, 0xd8, 0x0f, 0xd8, 0x0e, 0xd8, 0x0f, 0xd8, 0x0f, 0xd8, 0x0f, 0xe0,
    0x0f, 0xe0, 0x10, 0xe0, 0x10, 0xe0, 0x0f, 0xe0, 0x10, 0xe0, 0x10, 0xe8,
    0x10, 0xe8, 0x10, 0xe8, 0x10, 0xe0, 0x0f, 0xe8, 0x10, 0xe8, 0x0f, 0xd8,
    0x0e, 0xc8, 0x0e, 0xc8, 0x0e, 0xd0, 0x0e, 0xd0, 0x0f, 0xd0, 0x0f, 0xd0,
    0x0f, 0xd8, 0x0f, 0xd8, 0x0e, 0xd8, 0x0f, 0xd8, 0x0f, 0xe0, 0x0f, 0xe0,
    0x0f, 0xe0, 0x10, 0xe0, 0x0f, 0xe0, 0x0f, 0xe0, 0x10, 0xe0, 0x10, 0xe8,
    0x10, 0xe8, 0x0f, 0xe8, 0x10, 0xe0, 0x10, 0xe8, 0x0f, 0xe0, 0x0e, 0xd0,
    0x0d, 0xc0, 0x0d, 0xc8, 0x0e, 0xc8, 0x0e, 0xc8, 0x0e, 0xc8, 0x0e, 0xd0,
    0x0e, 0xd0, 0x0e, 0xd0, 0x0e, 0xd0, 0x0e, 0xd0, 0x0f, 0xd0, 0x0f, 0xd8,
    0x0f, 0xd8, 0x0e, 0xd8, 0x0f, 0xd8, 0x0f, 0xd8, 0x0f, 0xd8, 0x0f, 0xe0,
    0x0f, 0xe0, 0x0f, 0xe0, 0x0f, 0xd8, 0x10, 0xe0, 0x10, 0xe0, 0x0f, 0xe0,
    0x10, 0xe0, 0x10, 0xe8, 0x10, 0xe8, 0x10, 0xe8, 0x0f, 0xd8, 0x0d, 0xc0,
    0x0c, 0xb8, 0x0d, 0xb8, 0x0d, 0xb8, 0x0c, 0xb8, 0x0d, 0xc0, 0x0d, 0xc0,
    0x0d, 0xc0, 0x0d, 0xc0, 0x0d, 0xc0, 0x0d, 0xc0, 0x0e, 0xc0, 0x0e, 0xc8,
    0x0e, 0xc8, 0x0e, 0xc8, 0x0c, 0xb0, 0x0c, 0xb0, 0x0d, 0xb8, 0x0d, 0xb8,
    0x0c, 0xb8, 0x0c, 0xb8, 0x0d, 0xb8, 0x0d, 0xb8, 0x0d, 0xc0, 0x0d, 0xc0,
    0x0d, 0xc0, 0x0d, 0xc0, 0x0d, 0xc0, 0x0d, 0xc0, 0x0d, 0xc0, 0x0d, 0xc0,
    0x0e, 0xc8, 0x0e, 0xc8, 0x0d, 0xc8, 0x0e, 0xc8, 0x0e, 0xc8, 0x0e, 0xc8,
    0x0e, 0xc8, 0x0e, 0xc8, 0x0e, 0xd0, 0x0e, 0xd0, 0x0e, 0xd0, 0x0f, 0xd0,
    0x0e, 0xd0, 0x0e, 0xd0, 0x0f, 0xd8, 0x0e, 0xd0, 0x0e, 0xc8, 0x0d, 0xc0,
    0x0d, 0xc0, 0x0d, 0xc0, 0x0d, 0xc0, 0x0e, 0xc0, 0x0e, 0xc8, 0x0d, 0xc8,
    0x0e, 0xc8, 0x0e, 0xc8, 0x0e, 0xc8, 0x0e, 0xc8, 0x0e, 0xc8, 0x0e, 0xd0,
    0x0e, 0xd0, 0x0e, 0xd0, 0x0e, 0xd0, 0x0f, 0xd0, 0x0e, 0xd0, 0x0f, 0xd0,
    0x0f, 0xd8, 0x0e, 0xd8, 0x0f, 0xd8, 0x0f, 0xd8, 0x0f, 0xd8, 0x0f, 0xe0,
    0x0e, 0xd0, 0x0e, 0xc8, 0x0e, 0xc8, 0x0e, 0xc8, 0x0e, 0xc8, 0x0e, 0xd0,
    0x0f, 0xd0, 0x0e, 0xd0, 0x0f, 0xd0, 0x0f, 0xd8, 0x0e, 0xd0, 0x0e, 0xd8,
    0x0f, 0xd8, 0x0f, 0xd8, 0x0f, 0xd8, 0x0f, 0xd8, 0x0f, 0xe0, 0x0f, 0xd8,
    0x0f, 0xd8, 0x0f, 0xe0, 0x10, 0xe0, 0x0f, 0xd0, 0x0e, 0xd0, 0x0e, 0xd0,
    0x0e, 0xd0, 0x0f, 0xd0, 0x0e, 0xd8, 0x0f, 0xd8, 0x0f, 0xd8, 0x0f, 0xd8,
    0x0f, 0xd8, 0x0f, 0xe0, 0x0f, 0xd8, 0x0f, 0xe0, 0x0f, 0xe0, 0x0f, 0xe0,
    0x10, 0xe0, 0x10, 0xe0, 0x0f, 0xe0, 0x0f, 0xd8, 0x0e, 0xd8, 0x0f, 0xd0,
    0x0e, 0xd8, 0x0f, 0xd8, 0x0f, 0xd8, 0x0f, 0xd8, 0x0f, 0xd8, 0x0f, 0xe0,
    0x0f, 0xd8, 0x10, 0xe0, 0x10, 0xe0, 0x0f, 0xe0, 0x0f, 0xe0, 0x10, 0xe0,
    0x10, 0xe8, 0x0f, 0xe0, 0x0f, 0xd8, 0x0f, 0xd8, 0x0f, 0xd8, 0x0f, 0xd8,
    0x0f, 0xd8, 0x0f, 0xe0, 0x0f, 0xe0, 0x0f, 0xe0, 0x10, 0xe0, 0x10, 0xe0,
    0x0f, 0xe0, 0x10, 0xe8, 0x10, 0xe8, 0x10, 0xe8, 0x0f, 0xe0, 0x0f, 0xd8,
    0x0f, 0xd8, 0x0f, 0xd8, 0x0f, 0xd8, 0x0f, 0xe0, 0x0f, 0xe0, 0x10, 0xe0,
    0x10, 0xe0, 0x0f, 0xe0, 0x10, 0xe0, 0x10, 0xe0, 0x10, 0xe8, 0x0f, 0xe8,
    0x10, 0xe8, 0x0f, 0xe0, 0x0f, 0xd8, 0x0f, 0xd8, 0x0f, 0xd8, 0x0f, 0xd8,
    0x0f, 0xe0, 0x10, 0xe0, 0x10, 0xe0, 0x0f, 0xe0, 0x10, 0xe0, 0x10, 0xe8,
    0x10, 0xe0, 0x0f, 0xe8, 0x10, 0xe8, 0x10, 0xe8, 0x0f, 0xe0, 0x0f, 0xd8,
    0x0f, 0xd8, 0x0f, 0xd8, 0x0f, 0xd8, 0x0f, 0xe0, 0x0f, 0xe0, 0x10, 0xe0,
    0x10, 0xe0, 0x0f, 0xe0, 0x10, 0xe0, 0x10, 0xe8, 0x10, 0xe8, 0x0f, 0xe8,
    0x10, 0xe8, 0x10, 0xe8, 0x0f, 0xd8, 0x0e, 0xd0, 0x0f, 0xd8, 0x0f, 0xd8,
    0x0f, 0xd8, 0x0f, 0xe0, 0x0f, 0xe0, 0x0f, 0xd8, 0x0f, 0xe0, 0x10, 0xe0,
    0x10, 0xe0, 0x10, 0xe8, 0x10, 0xe8, 0x10, 0xe0, 0x0f, 0xe8, 0x10, 0xe8,
    0x10, 0xe8, 0x0f, 0xd8, 0x0e, 0xd0, 0x0e, 0xd0, 0x0f, 0xd0, 0x0f, 0xd8,
    0x0f, 0xd8, 0x0f, 0xd8, 0x0f, 0xe0, 0x0f, 0xe0, 0x0f, 0xd8, 0x10, 0xe0,
    0x0f, 0xe0, 0x10, 0xe0, 0x10, 0xe8, 0x0f, 0xe8, 0x0f, 0xe8, 0x10, 0xe8,
    0x10, 0xe8, 0x10, 0xe8, 0x0f, 0xe0, 0x0e, 0xd0, 0x0e, 0xc8, 0x0e, 0xd0,
    0x0e, 0xd0, 0x0e, 0xd0, 0x0f, 0xd8, 0x0e, 0xd8, 0x0f, 0xd8, 0x0f, 0xd8,
    0x0f, 0xd8, 0x0f, 0xe0, 0x0f, 0xe0, 0x0f, 0xe0, 0x10, 0xe0, 0x10, 0xe0,
    0x10, 0xe0, 0x10, 0xe0, 0x10, 0xe8, 0x0f, 0xe8, 0x10, 0xe8, 0x10, 0xe0,
    0x10, 0xe8, 0x0f, 0xe0, 0x0e, 0xd0, 0x0d, 0xc0, 0x0e, 0xc8, 0x0e, 0xc8,
    0x0e, 0xc8, 0x0e, 0xc8, 0x0e, 0xc8, 0x0e, 0xd0, 0x0e, 0xd0, 0x0e, 0xd0,
    0x0e, 0xd0, 0x0f, 0xd0, 0x0f, 0xd8, 0x0f, 0xd8, 0x0f, 0xd8, 0x0f, 0xd8,
    0x0f, 0xd8, 0x0f, 0xd8, 0x0f, 0xe0, 0x0f, 0xe0, 0x0f, 0xe0, 0x10, 0xe0,
    0x10, 0xe0, 0x0f, 0xe0, 0x10, 0xe0, 0x10, 0xe0, 0x0f, 0xe8, 0x10, 0xe8,
    0x10, 0xe8, 0x0e, 0xd8, 0x0d, 0xb8, 0x0d, 0xb8, 0x0d, 0xb8, 0x0d, 0xc0,
    0x0d, 0xc0, 0x0d, 0xb8, 0x0d, 0xc0, 0x0d, 0xc0, 0x0d, 0xc0, 0x0d, 0xc0,
    0x0e, 0xc0, 0x0d, 0xc0, 0x0d, 0xc8, 0x0e, 0xc8, 0x0d, 0xc8, 0x0e, 0xc8,
    0x0d, 0xb8, 0x0c, 0xb8, 0x0c, 0xb0, 0x0d, 0xb8, 0x0c, 0xb8, 0x0d, 0xb8,
    0x0d, 0xb8, 0x0d, 0xb8, 0x0d, 0xb8, 0x0d, 0xb8, 0x0d, 0xc0, 0x0d, 0xc0,
    0x0d, 0xc0, 0x0e, 0xc0, 0x0d, 0xc0, 0x0d, 0xc0, 0x0e, 0xc8, 0x0d, 0xc8,
    0x0d, 0xc8, 0x0e, 0xc8, 0x0e, 0xc8, 0x0e, 0xd0, 0x0e, 0xc8, 0x0e, 0xd0,
    0x0e, 0xd0, 0x0e, 0xd0, 0x0e, 0xd0, 0x0e, 0xd0, 0x0e, 0xd0, 0x0f, 0xd8,
    0x0e, 0xd0, 0x0f, 0xd8, 0x0f, 0xd8, 0x0e, 0xd0, 0x0d, 0xc0, 0x0e, 0xc0,
    0x0d, 0xc8, 0x0e, 0xc8, 0x0d, 0xc8, 0x0e, 0xc8, 0x0e, 0xc8, 0x0e, 0xd0,
    0x0e, 0xc8, 0x0e, 0xd0, 0x0e, 0xc8, 0x0e, 0xd0, 0x0e, 0xd0, 0x0f, 0xd0,
    0x0f, 0xd0, 0x0e, 0xd8, 0x0e, 0xd0, 0x0f, 0xd8, 0x0f, 0xd8, 0x0f, 0xd8,
    0x0f, 0xd8, 0x0f, 0xd8, 0x0f, 0xd8, 0x0f, 0xe0, 0x0f, 0xd8, 0x0e, 0xd0,
    0x0e, 0xc8, 0x0e, 0xc8, 0x0e, 0xd0, 0x0e, 0xd0, 0x0e, 0xd0, 0x0e, 0xd0,
    0x0e, 0xd0, 0x0f, 0xd0, 0x0e, 0xd0, 0x0f, 0xd8, 0x0f, 0xd8, 0x0e, 0xd8,
    0x0f, 0xd8, 0x0f, 0xd8, 0x0f, 0xe0, 0x0f, 0xe0, 0x10, 0xe0, 0x0f, 0xe0,
    0x10, 0xe0, 0x0f, 0xd8, 0x0e, 0xd0, 0x0e, 0xd0, 0x0f, 0xd0, 0x0e, 0xd0,
    0x0f, 0xd8, 0x0e, 0xd8, 0x0f, 0xd8, 0x0f, 0xd8, 0x0f, 0xd8, 0x0f, 0xd8,
    0x0f, 0xd8, 0x0f, 0xe0, 0x10, 0xd8, 0x0f, 0xe0, 0x0f, 0xe0, 0x0f, 0xe0,
    0x10, 0xe8, 0x0f, 0xe0, 0x0f, 0xd8, 0x0e, 0xd0, 0x0f, 0xd8, 0x0f, 0xd8,
    0x0e, 0xd8, 0x0f, 0xd8, 0x0f, 0xd8, 0x0f, 0xe0, 0x0f, 0xe0, 0x0f, 0xe0,
    0x10, 0xe0, 0x0f, 0xe0, 0x10, 0xe0, 0x10, 0xe8, 0x10, 0xe8, 0x0f, 0xe0,
    0x0f, 0xd8, 0x0e, 0xd0, 0x0f, 0xd8, 0x0f, 0xd8, 0x0f, 0xd8, 0x0f, 0xe0,
    0x0f, 0xe0, 0x10, 0xe0, 0x0f, 0xe0, 0x0f, 0xe0, 0x10, 0xe0, 0x10, 0xe8,
    0x10, 0xe8, 0x10, 0xe8, 0x10, 0xe0, 0x0f, 0xd8, 0x0e, 0xd8, 0x0f, 0xd8,
    0x0f, 0xd8, 0x0f, 0xe0, 0x0f, 0xe0, 0x0f, 0xe0, 0x10, 0xe0, 0x0f, 0xe0,
    0x10, 0xe8, 0x10, 0xe0, 0x0f, 0xe8, 0x10, 0xe0, 0x10, 0xe8, 0x0f, 0xe0,
    0x0f, 0xd8, 0x0f, 0xd8, 0x0f, 0xd8, 0x0f, 0xd8, 0x0f, 0xe0, 0x0f, 0xe0,
    0x10, 0xe0, 0x0f, 0xe0, 0x10, 0xe0, 0x10, 0xe8, 0x0f, 0xe8, 0x10, 0xe0,
    0x10, 0xe8, 0x0f, 0xe8, 0x0f, 0xe0, 0x0f, 0xd0, 0x0f, 0xd8, 0x0f, 0xd8,
    0x0f, 0xe0, 0x0f, 0xe0, 0x10, 0xe0, 0x0f, 0xe0, 0x10, 0xe0, 0x10, 0xe8,
    0x10, 0xe0, 0x10, 0xe8, 0x0f, 0xe8, 0x10, 0xe0, 0x10, 0xe8, 0x0f, 0xe0,
    0x0f, 0xd8, 0x0e, 0xd8, 0x0f, 0xd8, 0x0f, 0xd8, 0x0f, 0xe0, 0x0f, 0xe0,
    0x0f, 0xe0, 0x10, 0xe0, 0x0f, 0xe0, 0x0f, 0xe0, 0x10, 0xe0, 0x0f, 0xe8,
    0x10, 0xe8, 0x10, 0xe8, 0x10, 0xe0, 0x0f, 0xe8, 0x0f, 0xe0, 0x0f, 0xd8,
    0x0e, 0xd0, 0x0f, 0xd8, 0x0f, 0xd8, 0x0e, 0xd8, 0x0f, 0xd8, 0x0f, 0xe0,
    0x0f, 0xe0, 0x0f, 0xe0, 0x0f, 0xe0, 0x10, 0xe0, 0x0f, 0xe0, 0x10, 0xe8,
    0x10, 0xe8, 0x10, 0xe0, 0x10, 0xe0, 0x10, 0xe8, 0x10, 0xe8, 0x10, 0xe0,
    0x0f, 0xd0, 0x0e, 0xd0, 0x0e, 0xd0, 0x0e, 0xd0, 0x0f, 0xd0, 0x0f, 0xd0,
    0x0e, 0xd8, 0x0f, 0xd8, 0x0f, 0xd8, 0x0f, 0xd8, 0x0f, 0xe0, 0x0f, 0xd8,
    0x0f, 0xe0, 0x0f, 0xe0, 0x0f, 0xe0, 0x10, 0xe0, 0x10, 0xe0, 0x10, 0xe8,
    0x0f, 0xe8, 0x10, 0xe8, 0x10, 0xe0, 0x10, 0xe8, 0x0f, 0xe8, 0x0f, 0xd0,
    0x0e, 0xc0, 0x0e, 0xc8, 0x0e, 0xc8, 0x0e, 0xc8, 0x0e, 0xc8, 0x0e, 0xd0,
    0x0e, 0xd0, 0x0e, 0xd0, 0x0e, 0xd0, 0x0e, 0xd0, 0x0f, 0xd0, 0x0e, 0xd8,
    0x0f, 0xd8, 0x0e, 0xd8, 0x0e, 0xd8, 0x0f, 0xd8, 0x0f, 0xd8, 0x0f, 0xe0,
    0x0f, 0xe0, 0x0f, 0xe0, 0x10, 0xe0, 0x0f, 0xe0, 0x0f, 0xe0, 0x10, 0xe0,
    0x10, 0xe8, 0x10, 0xe8, 0x10, 0xe8, 0x10, 0xe0, 0x0e, 0xd0, 0x0d, 0xb8,
    0x0c, 0xb8, 0x0d, 0xc0, 0x0d, 0xc0, 0x0d, 0xc0, 0x0d, 0xc0, 0x0d, 0xc0,
    0x0d, 0xc0, 0x0d, 0xc0, 0x0d, 0xc0, 0x0e, 0xc0, 0x0e, 0xc8, 0x0e, 0xc8,
    0x0e, 0xc8, 0x0e, 0xc8, 0x0e, 0xc8, 0x0e, 0xc8, 0x0e, 0xd0, 0x0d, 0xc0,
    0x0c, 0xb8, 0x0c, 0xb8, 0x0d, 0xb8, 0x0c, 0xb8, 0x0d, 0xb8, 0x0d, 0xb8,
    0x0c, 0xb8, 0x0d, 0xc0, 0x0d, 0xc0, 0x0d, 0xc0, 0x0d, 0xc0, 0x0d, 0xc0,
    0x0d, 0xc0, 0x0e, 0xc8, 0x0d, 0xc0, 0x0e, 0xc8, 0x0e, 0xc8, 0x0e, 0xc8,
    0x0e, 0xc8, 0x0e, 0xc8, 0x0e, 0xc8, 0x0e, 0xc8, 0x0e, 0xd0, 0x0e, 0xd0,
    0x0f, 0xd0, 0x0e, 0xd0, 0x0f, 0xd0, 0x0e, 0xd0, 0x0e, 0xd0, 0x0f, 0xd8,
    0x0f, 0xd8, 0x0f, 0xd8, 0x0e, 0xc8, 0x0d, 0xc0, 0x0d, 0xc0, 0x0d, 0xc0,
    0x0d, 0xc8, 0x0e, 0xc8, 0x0e, 0xc8, 0x0e, 0xc8, 0x0e, 0xc8, 0x0e, 0xd0,
    0x0e, 0xd0, 0x0e, 0xc8, 0x0e, 0xd0, 0x0e, 0xd0, 0x0f, 0xd0, 0x0e, 0xd0,
    0x0f, 0xd0, 0x0e, 0xd8, 0x0e, 0xd8, 0x0f, 0xd8, 0x0f, 0xd8, 0x0f, 0xd8,
    0x0f, 0xd8, 0x0f, 0xd8, 0x0f, 0xe0, 0x0f, 0xd8, 0x0e, 0xd0, 0x0e, 0xc8,
    0x0e, 0xc8, 0x0e, 0xd0, 0x0e, 0xd0, 0x0f, 0xd0, 0x0e, 0xd0, 0x0e, 0xd0,
    0x0f, 0xd8, 0x0f, 0xd0, 0x0f, 0xd8, 0x0f, 0xd8, 0x0f, 0xd8, 0x0f, 0xd8,
    0x0f, 0xd8, 0x0f, 0xd8, 0x0f, 0xe0, 0x0f, 0xe0, 0x0f, 0xe0, 0x10, 0xe0,
    0x0f, 0xd8, 0x0e, 0xd0, 0x0e, 0xd0, 0x0f, 0xd0, 0x0e, 0xd0, 0x0f, 0xd0,
    0x0f, 0xd8, 0x0f, 0xd8, 0x0f, 0xd8, 0x0f, 0xd8, 0x0f, 0xe0, 0x0f, 0xe0,
    0x0f, 0xe0, 0x10, 0xe0, 0x10, 0xe0, 0x0f, 0xe0, 0x10, 0xe0, 0x10, 0xe0,
    0x0f, 0xd8, 0x0e, 0xd0, 0x0f, 0xd8, 0x0f, 0xd8, 0x0e, 0xd8, 0x0f, 0xd8,
    0x0f, 0xd8, 0x0f, 0xe0, 0x0f, 0xd8, 0x10, 0xe0, 0x0f, 0xe0, 0x10, 0xe0,
    0x0f, 0xe0, 0x10, 0xe0, 0x10, 0xe8, 0x0f, 0xe0, 0x0f, 0xd8, 0x0f, 0xd8,
    0x0f, 0xd8, 0x0f, 0xd8, 0x0f, 0xd8, 0x0f, 0xe0, 0x0f, 0xd8, 0x10, 0xe0,
    0x10, 0xe0, 0x0f, 0xe0, 0x0f, 0xe0, 0x10, 0xe0, 0x0f, 0xe0, 0x10, 0xe8,
    0x0f, 0xe0, 0x0f, 0xd8, 0x0f, 0xd8, 0x0f, 0xd8, 0x0f, 0xd8, 0x0f, 0xe0,
    0x0f, 0xe0, 0x10, 0xe0, 0x0f, 0xe0, 0x0f, 0xe0, 0x10, 0xe0, 0x10, 0xe8,
    0x10, 0xe8, 0x10, 0xe8, 0x10, 0xe8, 0x0f, 0xe0, 0x0f, 0xd8, 0x0f, 0xd8,
    0x0f, 0xd8, 0x0f, 0xe0, 0x0f, 0xe0, 0x0f, 0xe0, 0x10, 0xe0, 0x0f, 0xe0,
    0x10, 0xe0, 0x10, 0xe8, 0x10, 0xe8, 0x10, 0xe8, 0x10, 0xe8, 0x10, 0xe0,
    0x0f, 0xd8, 0x0e, 0xd8, 0x0f, 0xd8, 0x0f, 0xd8, 0x0f, 0xe0, 0x0f, 0xe0,
    0x0f, 0xe0, 0x10, 0xe0, 0x0f, 0xe0, 0x10, 0xe8, 0x10, 0xe8, 0x0f, 0xe8,
    0x10, 0xe8, 0x10, 0xe8, 0x10, 0xe8, 0x0f, 0xe0, 0x0f, 0xd8, 0x0f, 0xd8,
    0x0f, 0xd8, 0x0f, 0xd8, 0x0f, 0xd8, 0x0f, 0xe0, 0x10, 0xe0, 0x10, 0xe0,
    0x0f, 0xe0, 0x10, 0xe8, 0x10, 0xe8, 0x10, 0xe8, 0x0f, 0xe8, 0x10, 0xe8,
    0x10, 0xe8, 0x10, 0xe8, 0x0f, 0xd8, 0x0e, 0xd0, 0x0e, 0xd0, 0x0f, 0xd8,
    0x0f, 0xd8, 0x0f, 0xd8, 0x0f, 0xd8, 0x0f, 0xe0, 0x0f, 0xe0, 0x10, 0xe0,
    0x10, 0xe0, 0x0f, 0xe0, 0x10, 0xe8, 0x10, 0xe8, 0x10, 0xe8, 0x0f, 0xe8,
    0x10, 0xe8, 0x10, 0xe8, 0x0f, 0xe8, 0x0f, 0xd8, 0x0e, 0xd0, 0x0e, 0xd0,
    0x0e, 0xd0, 0x0e, 0xd0, 0x0f, 0xd8, 0x0e, 0xd8, 0x0f, 0xd8, 0x0f, 0xd8,
    0x0f, 0xd8, 0x0f, 0xe0, 0x0f, 0xe0, 0x0f, 0xe0, 0x10, 0xe0, 0x10, 0xe0,
    0x10, 0xe0, 0x0f, 0xe0, 0x10, 0xe8, 0x10, 0xe8, 0x10, 0xe8, 0x10, 0xe8,
    0x0f, 0xe8, 0x10, 0xe8, 0x0e, 0xd0, 0x0e, 0xc8, 0x0e, 0xc8, 0x0e, 0xc8,
    0x0e, 0xc8, 0x0e, 0xd0, 0x0e, 0xd0, 0x0e, 0xd0, 0x0e, 0xd0, 0x0e, 0xd0,
    0x0e, 0xd0, 0x0f, 0xd0, 0x0f, 0xd8, 0x0f, 0xd8, 0x0f, 0xd8, 0x0f, 0xd8,
    0x0f, 0xd8, 0x0f, 0xd8, 0x0f, 0xe0, 0x0f, 0xe0, 0x0f, 0xe0, 0x10, 0xe0,
    0x10, 0xe0, 0x0f, 0xe0, 0x10, 0xe0, 0x10, 0xe8, 0x0f, 0xe8, 0x10, 0xe8,
    0x0f, 0xe0, 0x0e, 0xc8, 0x0d, 0xb8, 0x0d, 0xc0, 0x0d, 0xc0, 0x0d, 0xc0,
    0x0d, 0xc0, 0x0d, 0xc0, 0x0d, 0xc0, 0x0d, 0xc0, 0x0e, 0xc0, 0x0d, 0xc8,
    0x0e, 0xc8, 0x0e, 0xc8, 0x0e, 0xc8, 0x0e, 0xc8, 0x0e, 0xc8, 0x0e, 0xc8,
    0x0e, 0xd0, 0x0e, 0xd0, 0x0e, 0xd0, 0x0e, 0xd0, 0x0e, 0xc8, 0x0d, 0xb8,
    0x0c, 0xb8, 0x0c, 0xb8, 0x0d, 0xb8, 0x0d, 0xb8, 0x0d, 0xc0, 0x0d, 0xb8,
    0x0d, 0xb8, 0x0d, 0xc0, 0x0d, 0xc0, 0x0d, 0xc0, 0x0d, 0xc0, 0x0d, 0xc0,
    0x0d, 0xc0, 0x0e, 0xc0, 0x0d, 0xc8, 0x0d, 0xc8, 0x0e, 0xc8, 0x0e, 0xc8,
    0x0e, 0xc8, 0x0e, 0xc8, 0x0e, 0xc8, 0x0e, 0xd0, 0x0e, 0xd0, 0x0e, 0xd0,
    0x0f, 0xd0, 0x0e, 0xd0, 0x0f, 0xd8, 0x0e, 0xd0, 0x0e, 0xd0, 0x0f, 0xd8,
    0x0f, 0xd8, 0x0e, 0xd0, 0x0e, 0xc0, 0x0d, 0xc0, 0x0e, 0xc0, 0x0d, 0xc8,
    0x0e, 0xc8, 0x0e, 0xc8, 0x0e, 0xc8, 0x0e, 0xc8, 0x0e, 0xc8, 0x0e, 0xd0,
    0x0e, 0xd0, 0x0e, 0xd0, 0x0e, 0xd0, 0x0e, 0xd0, 0x0f, 0xd0, 0x0f, 0xd0,
    0x0e, 0xd0, 0x0e, 0xd8, 0x0f, 0xd8, 0x0f, 0xd8, 0x0f, 0xd8, 0x0f, 0xd8,
    0x0f, 0xe0, 0x0f, 0xe0, 0x0f, 0xd0, 0x0e, 0xc8, 0x0e, 0xc8, 0x0e, 0xd0,
    0x0e, 0xd0, 0x0e, 0xd0, 0x0f, 0xd0, 0x0e, 0xd0, 0x0e, 0xd8, 0x0e, 0xd0,
    0x0e, 0xd8, 0x0f, 0xd8, 0x0f, 0xd8, 0x0f, 0xd8, 0x0f, 0xd8, 0x0f, 0xe0,
    0x0f, 0xd8, 0x0f, 0xe0, 0x10, 0xe0, 0x10, 0xe0, 0x0f, 0xe0, 0x0f, 0xd8,
    0x0e, 0xd0, 0x0e, 0xd0, 0x0f, 0xd0, 0x0e, 0xd8, 0x0f, 0xd8, 0x0f, 0xd8,
    0x0e, 0xd8, 0x0f, 0xd8, 0x0f, 0xe0, 0x0f, 0xd8, 0x0f, 0xe0, 0x0f, 0xe0,
    0x10, 0xe0, 0x0f, 0xe0, 0x0f, 0xe0, 0x10, 0xe8, 0x0f, 0xe0, 0x0f, 0xd0,
    0x0e, 0xd0, 0x0f, 0xd8, 0x0f, 0xd8, 0x0f, 0xd8, 0x0f, 0xd8, 0x0f, 0xe0,
    0x0f, 0xe0, 0x10, 0xd8, 0x0f, 0xe0, 0x0f, 0xe0, 0x10, 0xe0, 0x0f, 0xe0,
    0x10, 0xe8, 0x10, 0xe8, 0x0f, 0xd8, 0x0f, 0xd8, 0x0f, 0xd8, 0x0f, 0xd8,
    0x0f, 0xd8, 0x0f, 0xe0, 0x0f, 0xe0, 0x0f, 0xe0, 0x10, 0xe0, 0x10, 0xe0,
    0x0f, 0xe0, 0x10, 0xe8, 0x10, 0xe8, 0x10, 0xe8, 0x0f, 0xe8, 0x0f, 0xd8,
    0x0f, 0xd8, 0x0f, 0xd8, 0x0f, 0xd8, 0x0f, 0xe0, 0x0f, 0xe0, 0x10, 0xe0,
    0x10, 0xe0, 0x0f, 0xe0, 0x10, 0xe0, 0x10, 0xe8, 0x0f, 0xe8, 0x10, 0xe0,
    0x10, 0xe8, 0x0f, 0xe0, 0x0f, 0xd8, 0x0f, 0xd8, 0x0f, 0xd8, 0x0f, 0xe0,
    0x0f, 0xe0, 0x10, 0xe0, 0x0f, 0xe0, 0x10, 0xe0, 0x0f, 0xe0, 0x10, 0xe8,
    0x10, 0xe8, 0x0f, 0xe0, 0x10, 0xe8, 0x0f, 0xe0, 0x0f, 0xd8, 0x0f, 0xd8,
    0x0f, 0xd8, 0x0f, 0xe0, 0x0f, 0xe0, 0x10, 0xe0, 0x10, 0xe0, 0x0f, 0xe0,
    0x10, 0xe0, 0x10, 0xe0, 0x0f, 0xe8, 0x10, 0xe0, 0x10, 0xe8, 0x10, 0xe8,
    0x10, 0xe0, 0x0f, 0xd8, 0x0e, 0xd8, 0x0f, 0xd8, 0x0f, 0xd8, 0x0f, 0xd8,
    0x0f, 0xe0, 0x0f, 0xe0, 0x10, 0xe0, 0x0f, 0xe0, 0x10, 0xe0, 0x10, 0xe8,
    0x10, 0xe8, 0x10, 0xe0, 0x10, 0xe8, 0x0f, 0xe0, 0x10, 0xe8, 0x0f, 0xe0,
    0x0f, 0xd8, 0x0e, 0xd0, 0x0f, 0xd8, 0x0f, 0xd8, 0x0f, 0xd8, 0x0f, 0xd8,
    0x0f, 0xe0, 0x0f, 0xe0, 0x10, 0xe0, 0x10, 0xe0, 0x0f, 0xe0, 0x10, 0xe0,
    0x10, 0xe0, 0x10, 0xe8, 0x0f, 0xe0, 0x10, 0xe8, 0x10, 0xe8, 0x10, 0xe8,
    0x0f, 0xe0, 0x0e, 0xd0, 0x0e, 0xd0, 0x0e, 0xd0, 0x0f, 0xd0, 0x0f, 0xd8,
    0x0f, 0xd8, 0x0f, 0xd8, 0x0f, 0xd8, 0x0f, 0xd8, 0x0f, 0xe0, 0x0f, 0xe0,
    0x0f, 0xd8, 0x10, 0xe0, 0x0f, 0xe0, 0x10, 0xe0, 0x10, 0xe0, 0x10, 0xe8,
    0x0f, 0xe8, 0x10, 0xe8, 0x10, 0xe0, 0x0f, 0xe8, 0x10, 0xe8, 0x0f, 0xd8,
    0x0e, 0xc8, 0x0d, 0xc8, 0x0e, 0xc8, 0x0e, 0xc8, 0x0e, 0xd0, 0x0e, 0xd0,
    0x0e, 0xd0, 0x0e, 0xd0, 0x0f, 0xd0, 0x0f, 0xd8, 0x0f, 0xd8, 0x0f, 0xd8,
    0x0f, 0xd8, 0x0f, 0xd8, 0x0f, 0xd8, 0x0f, 0xd8, 0x0f, 0xe0, 0x0f, 0xe0,
    0x0f, 0xe0, 0x10, 0xe0, 0x10, 0xe0, 0x0f, 0xe0, 0x10, 0xe0, 0x10, 0xe0,
    0x10, 0xe8, 0x10, 0xe8, 0x10, 0xe8, 0x0f, 0xe0, 0x0e, 0xc8, 0x0d, 0xb8,
    0x0d, 0xc0, 0x0d, 0xc0, 0x0d, 0xc0, 0x0d, 0xc0, 0x0d, 0xc0, 0x0d, 0xc0,
    0x0d, 0xc0, 0x0e, 0xc8, 0x0e, 0xc8, 0x0e, 0xc8, 0x0e, 0xc8, 0x0e, 0xc8,
    0x0e, 0xc8, 0x0e, 0xc8, 0x0e, 0xd0, 0x0e, 0xd0, 0x0e, 0xd0, 0x0e, 0xd0,
    0x0e, 0xc8, 0x0e, 0xc8, 0x0e, 0xd0, 0x0e, 0xc8, 0x0d, 0xc0, 0x0c, 0xb8,
    0x0c, 0xb8, 0x0d, 0xb8, 0x0d, 0xb8, 0x0d, 0xb8, 0x0d, 0xc0, 0x0d, 0xb8,
    0x0d, 0xc0, 0x0d, 0xc0, 0x0e, 0xc0, 0x0d, 0xc0, 0x0e, 0xc0, 0x0e, 0xc8,
    0x0d, 0xc0, 0x0d, 0xc8, 0x0e, 0xc8, 0x0e, 0xd0, 0x0e, 0xc8, 0x0e, 0xc8,
    0x0e, 0xd0, 0x0e, 0xd0, 0x0e, 0xd0, 0x0e, 0xd0, 0x0e, 0xd0, 0x0f, 0xd0,
    0x0e, 0xd8, 0x0e, 0xd0, 0x0f, 0xd8, 0x0f, 0xd8, 0x0f, 0xd8, 0x0f, 0xd8,
    0x0e, 0xd0, 0x0d, 0xc0, 0x0d, 0xc0, 0x0e, 0xc8, 0x0d, 0xc8, 0x0e, 0xc8,
    0x0e, 0xc8, 0x0e, 0xc8, 0x0e, 0xc8, 0x0e, 0xd0, 0x0e, 0xd0, 0x0e, 0xd0,
    0x0e, 0xd0, 0x0f, 0xd0, 0x0e, 0xd8, 0x0f, 0xd0, 0x0f, 0xd8, 0x0e, 0xd0,
    0x0f, 0xd8, 0x0e, 0xd8, 0x0f, 0xd8, 0x0f, 0xd8, 0x0f, 0xe0, 0x0f, 0xe0,
    0x0f, 0xe0, 0x0e, 0xd0, 0x0e, 0xc8, 0x0e, 0xd0, 0x0e, 0xd0, 0x0e, 0xd0,
    0x0e, 0xd0, 0x0f, 0xd0, 0x0f, 0xd0, 0x0e, 0xd8, 0x0f, 0xd8, 0x0f, 0xd8,
    0x0f, 0xd8, 0x0f, 0xd8, 0x0f, 0xd8, 0x0f, 0xe0, 0x0f, 0xe0, 0x0f, 0xe0,
    0x0f, 0xd8, 0x0f, 0xe0, 0x10, 0xe0, 0x0f, 0xd8, 0x0e, 0xd0, 0x0e, 0xd0,
    0x0f, 0xd8, 0x0f, 0xd8, 0x0e, 0xd8, 0x0f, 0xd8, 0x0f, 0xd8, 0x0f, 0xd8,
    0x0f, 0xd8, 0x0f, 0xe0, 0x0f, 0xe0, 0x0f, 0xd8, 0x10, 0xe0, 0x10, 0xe0,
    0x0f, 0xe0, 0x10, 0xe8, 0x0f, 0xe0, 0x0f, 0xd8, 0x0e, 0xd0, 0x0f, 0xd8,
    0x0f, 0xd8, 0x0f, 0xd8, 0x0f, 0xd8, 0x0f, 0xe0, 0x0f, 0xe0, 0x10, 0xe0,
    0x10, 0xe0, 0x0f, 0xe0, 0x10, 0xe0, 0x10, 0xe8, 0x10, 0xe0, 0x10, 0xe8,
    0x0f, 0xe0, 0x0f, 0xd8, 0x0e, 0xd8, 0x0f, 0xd8, 0x0f, 0xe0, 0x0f, 0xe0,
    0x0f, 0xe0, 0x0f, 0xe0, 0x10, 0xe0, 0x0f, 0xe0, 0x0f, 0xe0, 0x10, 0xe8,
    0x10, 0xe8, 0x10, 0xe8, 0x10, 0xe8, 0x0f, 0xe0, 0x0f, 0xd8, 0x0f, 0xd8,
    0x0f, 0xd8, 0x0f, 0xe0, 0x0f, 0xe0, 0x10, 0xe0, 0x0f, 0xe0, 0x10, 0xe0,
    0x10, 0xe8, 0x10, 0xe8, 0x0f, 0xe0, 0x10, 0xe8, 0x10, 0xe8, 0x0f, 0xe0,
    0x0f, 0xd8, 0x0f, 0xd8, 0x0f, 0xd8, 0x0f, 0xd8, 0x0f, 0xe0, 0x10, 0xe0,
    0x10, 0xe0, 0x0f, 0xe0, 0x10, 0xe8, 0x10, 0xe8, 0x0f, 0xe8, 0x10, 0xe8,
    0x10, 0xe8, 0x0f, 0xe0, 0x0f, 0xd8, 0x0f, 0xd8, 0x0f, 0xd8, 0x0f, 0xd8,
    0x0f, 0xe0, 0x0f, 0xe0, 0x10, 0xe0, 0x10, 0xe0, 0x10, 0xe0, 0x10, 0xe8,
    0x10, 0xe8, 0x10, 0xe8, 0x0f, 0xe0, 0x10, 0xe8, 0x0f, 0xe0, 0x0f, 0xd8,
    0x0f, 0xd8, 0x0f, 0xd8, 0x0f, 0xd8, 0x0f, 0xe0, 0x0f, 0xe0, 0x0f, 0xe0,
    0x10, 0xe0, 0x0f, 0xe0, 0x10, 0xe0, 0x10, 0xe8, 0x0f, 0xe8, 0x10, 0xe8,
    0x10, 0xe8, 0x10, 0xe8, 0x10, 0xe8, 0x0f, 0xe0, 0x0f, 0xd0, 0x0f, 0xd0,
    0x0f, 0xd8, 0x0f, 0xd8, 0x0f, 0xd8, 0x0f, 0xe0, 0x0f, 0xe0, 0x0f, 0xe0,
    0x10, 0xe0, 0x0f, 0xe0, 0x10, 0xe0, 0x10, 0xe8, 0x10, 0xe8, 0x0f, 0xe8,
    0x10, 0xe8, 0x10, 0xe0, 0x10, 0xe8, 0x0f, 0xe0, 0x0f, 0xd8, 0x0e, 0xd0,
    0x0e, 0xd0, 0x0e, 0xd0, 0x0f, 0xd8, 0x0f, 0xd8, 0x0e, 0xd8, 0x0f, 0xd8,
    0x0f, 0xd8, 0x0f, 0xe0, 0x0f, 0xe0, 0x0f, 0xe0, 0x10, 0xe0, 0x10, 0xe0,
    0x0f, 0xe0, 0x10, 0xe0, 0x10, 0xe8, 0x10, 0xe8, 0x0f, 0xe8, 0x10, 0xe0,
    0x10, 0xe8, 0x10, 0xe8, 0x0f, 0xd8, 0x0d, 0xc8, 0x0e, 0xc8, 0x0e, 0xc8,
    0x0e, 0xc8, 0x0e, 0xd0, 0x0e, 0xd0, 0x0e, 0xd0, 0x0e, 0xd0, 0x0f, 0xd0,
    0x0e, 0xd0, 0x0e, 0xd8, 0x0f, 0xd8, 0x0e, 0xd8, 0x0f, 0xd8, 0x0f, 0xd8,
    0x0f, 0xd8, 0x0f, 0xe0, 0x0f, 0xe0, 0x10, 0xe0, 0x10, 0xe0, 0x0f, 0xe0,
    0x10, 0xe0, 0x10, 0xe0, 0x10, 0xe8, 0x10, 0xe0, 0x10, 0xe8, 0x10, 0xe8,
    0x0f, 0xd8, 0x0d, 0xc0, 0x0d, 0xb8, 0x0d, 0xc0, 0x0d, 0xc0, 0x0d, 0xc0,
    0x0d, 0xc0, 0x0d, 0xc0, 0x0d, 0xc0, 0x0e, 0xc0, 0x0e, 0xc8, 0x0e, 0xc8,
    0x0e, 0xc8, 0x0d, 0xc8, 0x0e, 0xc8, 0x0e, 0xc8, 0x0e, 0xd0, 0x0e, 0xd0,
    0x0e, 0xd0, 0x0e, 0xd0, 0x0e, 0xd0, 0x0e, 0xd0, 0x0e, 0xc8, 0x0e, 0xc8,
    0x0e, 0xd0, 0x0e, 0xd0, 0x0e, 0xd0, 0x0e, 0xc8, 0x0d, 0xb8, 0x0c, 0xb8,
    0x0d, 0xb8, 0x0c, 0xb8, 0x0d, 0xc0, 0x0d, 0xb8, 0x0d, 0xc0, 0x0d, 0xc0,
    0x0d, 0xc0, 0x0d, 0xc0, 0x0d, 0xc0, 0x0d, 0xc0, 0x0e, 0xc8, 0x0e, 0xc8,
    0x0e, 0xc8, 0x0d, 0xc8, 0x0e, 0xc8, 0x0e, 0xc8, 0x0e, 0xc8, 0x0e, 0xc8,
    0x0e, 0xd0, 0x0e, 0xd0, 0x0e, 0xd0, 0x0e, 0xd0, 0x0f, 0xd0, 0x0e, 0xd0,
    0x0e, 0xd0, 0x0e, 0xd8, 0x0f, 0xd0, 0x0f, 0xd8, 0x0f, 0xd8, 0x0e, 0xd0,
    0x0e, 0xc8, 0x0d, 0xc0, 0x0e, 0xc8, 0x0e, 0xc8, 0x0d, 0xc8, 0x0e, 0xc8,
    0x0e, 0xc8, 0x0e, 0xc8, 0x0e, 0xd0, 0x0e, 0xd0, 0x0e, 0xd0, 0x0f, 0xd0,
    0x0e, 0xd0, 0x0e, 0xd8, 0x0f, 0xd0, 0x0e, 0xd8, 0x0f, 0xd8, 0x0f, 0xd8,
    0x0f, 0xd8, 0x0f, 0xd8, 0x0f, 0xd8, 0x0f, 0xd8, 0x0f, 0xe0, 0x0f, 0xe0,
    0x0e, 0xd0, 0x0e, 0xc8, 0x0e, 0xd0, 0x0e, 0xd0, 0x0f, 0xd0, 0x0e, 0xd0,
    0x0e, 0xd0, 0x0f, 0xd0, 0x0f, 0xd8, 0x0e, 0xd8, 0x0f, 0xd8, 0x0f, 0xd8,
    0x0f, 0xd8, 0x0f, 0xd8, 0x0f, 0xe0, 0x10, 0xe0, 0x0f, 0xe0, 0x0f, 0xe0,
    0x10, 0xe0, 0x10, 0xe0, 0x0f, 0xd8, 0x0e, 0xd0, 0x0e, 0xd0, 0x0f, 0xd0,
    0x0f, 0xd8, 0x0e, 0xd8, 0x0f, 0xd8, 0x0f, 0xd8, 0x0f, 0xd8, 0x0f, 0xe0,
    0x10, 0xe0, 0x0f, 0xe0, 0x0f, 0xe0, 0x10, 0xe0, 0x0f, 0xe0, 0x0f, 0xe0,
    0x10, 0xe8, 0x0f, 0xd8, 0x0f, 0xd8, 0x0e, 0xd8, 0x0f, 0xd8, 0x0f, 0xd8,
    0x0f, 0xd8, 0x0f, 0xe0, 0x0f, 0xe0, 0x0f, 0xe0, 0x10, 0xe0, 0x0f, 0xe0,
    0x0f, 0xe0, 0x10, 0xe0, 0x10, 0xe8, 0x0f, 0xe8, 0x0f, 0xe0, 0x0f, 0xd8,
    0x0f, 0xd8, 0x0f, 0xd8, 0x0f, 0xd8, 0x0f, 0xe0, 0x10, 0xd8, 0x10, 0xe0,
    0x0f, 0xe0, 0x10, 0xe0, 0x10, 0xe0, 0x10, 0xe0, 0x0f, 0xe8, 0x10, 0xe0,
    0x10, 0xe8, 0x0f, 0xe0, 0x0f, 0xd8, 0x0f, 0xd8, 0x0f, 0xe0, 0x0f, 0xd8,
    0x10, 0xe0, 0x0f, 0xe0, 0x0f, 0xe0, 0x10, 0xe0, 0x10, 0xe8, 0x0f, 0xe8,
    0x10, 0xe8, 0x10, 0xe8, 0x10, 0xe8, 0x0f, 0xe0, 0x0f, 0xd8, 0x0f, 0xd8,
    0x0f, 0xe0, 0x0f, 0xe0, 0x10, 0xe0, 0x0f, 0xe0, 0x0f, 0xe0, 0x10, 0xe0,
    0x10, 0xe8, 0x10, 0xe8, 0x10, 0xe0, 0x10, 0xe8, 0x10, 0xe8, 0x0f, 0xe0,
    0x0f, 0xd8, 0x0f, 0xd8, 0x0f, 0xe0, 0x0f, 0xe0, 0x0f, 0xe0, 0x10, 0xe0,
    0x0f, 0xe0, 0x0f, 0xe0, 0x10, 0xe8, 0x0f, 0xe8, 0x10, 0xe8, 0x10, 0xe8,
    0x10, 0xe8, 0x10, 0xe8, 0x0f, 0xe0, 0x0f, 0xd8, 0x0f, 0xd8, 0x0f, 0xd8,
    0x0f, 0xe0, 0x0f, 0xe0, 0x10, 0xe0, 0x10, 0xe0, 0x0f, 0xe0, 0x10, 0xe0,
    0x10, 0xe8, 0x10, 0xe8, 0x0f, 0xe0, 0x10, 0xe8, 0x10, 0xe8, 0x0f, 0xe8,
    0x0f, 0xe0, 0x0f, 0xd8, 0x0e, 0xd0, 0x0f, 0xd8, 0x0f, 0xd8, 0x0f, 0xd8,
    0x0f, 0xe0, 0x0f, 0xe0, 0x0f, 0xe0, 0x10, 0xe0, 0x10, 0xe0, 0x10, 0xe0,
    0x0f, 0xe8, 0x10, 0xe8, 0x10, 0xe8, 0x10, 0xe8, 0x10, 0xe8, 0x0f, 0xe8,
    0x10, 0xe8, 0x0f, 0xd8, 0x0e, 0xd0, 0x0e, 0xd0, 0x0f, 0xd0, 0x0f, 0xd0,
    0x0e, 0xd8, 0x0f, 0xd8, 0x0f, 0xd8, 0x0f, 0xd8, 0x0f, 0xe0, 0x0f, 0xe0,
    0x0f, 0xe0, 0x10, 0xe0, 0x10, 0xe0, 0x0f, 0xe0, 0x10, 0xe8, 0x10, 0xe8,
    0x0f, 0xe8, 0x10, 0xe8, 0x10, 0xe8, 0x10, 0xe8, 0x10, 0xe8, 0x0f, 0xd8,
    0x0e, 0xc8, 0x0e, 0xc8, 0x0e, 0xc8, 0x0e, 0xd0, 0x0e, 0xd0, 0x0e, 0xd0,
    0x0e, 0xd0, 0x0e, 0xd0, 0x0f, 0xd0, 0x0f, 0xd8, 0x0f, 0xd8, 0x0f, 0xd8,
    0x0f, 0xd8, 0x0f, 0xd8, 0x0f, 0xd8, 0x0f, 0xe0, 0x0f, 0xe0, 0x0f, 0xe0,
    0x0f, 0xe0, 0x10, 0xe0, 0x0f, 0xe0, 0x10, 0xe0, 0x10, 0xe0, 0x0f, 0xe8,
    0x10, 0xe8, 0x10, 0xe8, 0x0f, 0xe8, 0x0f, 0xd8, 0x0d, 0xc0, 0x0d, 0xc0,
    0x0d, 0xc0, 0x0d, 0xc0, 0x0d, 0xc0, 0x0d, 0xc0, 0x0d, 0xc0, 0x0e, 0xc0,
    0x0e, 0xc8, 0x0e, 0xc8, 0x0e, 0xc8, 0x0e, 0xc8, 0x0e, 0xc8, 0x0e, 0xc8,
    0x0e, 0xc8, 0x0e, 0xd0, 0x0e, 0xd0, 0x0e, 0xd0, 0x0e, 0xd0, 0x0e, 0xd0,
    0x0f, 0xd0, 0x0f, 0xd0, 0x0e, 0xc8, 0x0e, 0xd0, 0x0e, 0xc8, 0x0e, 0xd0,
    0x0e, 0xd0, 0x0e, 0xd0, 0x0e, 0xc8, 0x0d, 0xb8, 0x0c, 0xb8, 0x0d, 0xb8,
    0x0d, 0xb8, 0x0d, 0xb8, 0x0d, 0xc0, 0x0d, 0xc0, 0x0d, 0xc0, 0x0d, 0xc0,
    0x0d, 0xc0, 0x0d, 0xc0, 0x0d, 0xc0, 0x0d, 0xc8, 0x0d, 0xc8, 0x0e, 0xc8,
    0x0e, 0xc8, 0x0e, 0xd0, 0x0e, 0xc8, 0x0e, 0xc8, 0x0e, 0xc8, 0x0e, 0xd0,
    0x0e, 0xd0, 0x0e, 0xd0, 0x0f, 0xd0, 0x0e, 0xd8, 0x0e, 0xd0, 0x0f, 0xd0,
    0x0e, 0xd8, 0x0e, 0xd8, 0x0f, 0xd8, 0x0f, 0xd8, 0x0e, 0xd0, 0x0d, 0xc8,
    0x0d, 0xc0, 0x0e, 0xc8, 0x0e, 0xc8, 0x0e, 0xd0, 0x0e, 0xc8, 0x0e, 0xc8,
    0x0e, 0xc8, 0x0e, 0xd0, 0x0e, 0xd0, 0x0e, 0xd0, 0x0f, 0xd0, 0x0e, 0xd0,
    0x0e, 0xd0, 0x0f, 0xd0, 0x0f, 0xd8, 0x0f, 0xd8, 0x0e, 0xd8, 0x0f, 0xd8,
    0x0f, 0xd8, 0x0f, 0xd8, 0x0f, 0xe0, 0x10, 0xe0, 0x0f, 0xd8, 0x0e, 0xd0,
    0x0e, 0xc8, 0x0e, 0xd0, 0x0e, 0xd0, 0x0e, 0xd0, 0x0e, 0xd0, 0x0f, 0xd8,
    0x0f, 0xd0, 0x0e, 0xd8, 0x0f, 0xd8, 0x0f, 0xd8, 0x0f, 0xd8, 0x0f, 0xd8,
    0x0f, 0xd8, 0x0f, 0xe0, 0x0f, 0xe0, 0x10, 0xe0, 0x0f, 0xe0, 0x10, 0xe0,
    0x0f, 0xe0, 0x0f, 0xd0, 0x0e, 0xd0, 0x0e, 0xd8, 0x0f, 0xd0, 0x0f, 0xd8,
    0x0f, 0xd8, 0x0f, 0xd8, 0x0f, 0xd8, 0x0f, 0xe0, 0x0f, 0xd8, 0x0f, 0xe0,
    0x0f, 0xe0, 0x0f, 0xe0, 0x10, 0xe0, 0x10, 0xe0, 0x10, 0xe8, 0x0f, 0xe0,
    0x0f, 0xd8, 0x0f, 0xd8, 0x0f, 0xd8, 0x0f, 0xd8, 0x0f, 0xd8, 0x0f, 0xd8,
    0x0f, 0xe0, 0x0f, 0xe0, 0x0f, 0xe0, 0x10, 0xe0, 0x0f, 0xe0, 0x10, 0xe0,
    0x10, 0xe8, 0x10, 0xe8, 0x10, 0xe0, 0x0f, 0xd8, 0x0f, 0xd8, 0x0f, 0xd8,
    0x0f, 0xe0, 0x0f, 0xd8, 0x0f, 0xe0, 0x0f, 0xe0, 0x10, 0xe0, 0x0f, 0xe0,
    0x0f, 0xe8, 0x10, 0xe8, 0x10, 0xe0, 0x0f, 0xe8, 0x10, 0xe8, 0x0f, 0xe0,
    0x0f, 0xd8, 0x0f, 0xd8, 0x0f, 0xe0, 0x0f, 0xe0, 0x0f, 0xe0, 0x10, 0xe0,
    0x10, 0xe0, 0x0f, 0xe0, 0x10, 0xe0, 0x10, 0xe0, 0x10, 0xe8, 0x10, 0xe0,
    0x10, 0xe8, 0x0f, 0xe0, 0x0f, 0xd8, 0x0f, 0xd8, 0x0f, 0xe0, 0x0f, 0xe0,
    0x10, 0xe0, 0x10, 0xe0, 0x10, 0xe0, 0x10, 0xe8, 0x0f, 0xe8, 0x10, 0xe0,
    0x10, 0xe8, 0x0f, 0xe8, 0x10, 0xe8, 0x0f, 0xe0, 0x0f, 0xd8, 0x0f, 0xe0,
    0x0f, 0xd8, 0x0f, 0xe0, 0x10, 0xe0, 0x10, 0xe0, 0x0f, 0xe0, 0x10, 0xe0,
    0x10, 0xe8, 0x10, 0xe8, 0x0f, 0xe0, 0x10, 0xe8, 0x10, 0xe8, 0x10, 0xe8,
    0x0f, 0xe0, 0x0f, 0xd8, 0x0f, 0xd8, 0x0f, 0xe0, 0x0f, 0xe0, 0x0f, 0xe0,
    0x10, 0xe0, 0x0f, 0xe0, 0x10, 0xe0, 0x10, 0xe8, 0x10, 0xe8, 0x10, 0xe8,
    0x10, 0xe0, 0x0f, 0xe8, 0x10, 0xe8, 0x10, 0xe0, 0x0f, 0xe0, 0x0e, 0xd0,
    0x0f, 0xd8, 0x0f, 0xd8, 0x0f, 0xd8, 0x0f, 0xe0, 0x0f, 0xd8, 0x0f, 0xe0,
    0x10, 0xe0, 0x0f, 0xe0, 0x10, 0xe0, 0x10, 0xe0, 0x10, 0xe8, 0x0f, 0xe8,
    0x10, 0xe0, 0x10, 0xe0, 0x0f, 0xe8, 0x10, 0xe8, 0x0f, 0xe0, 0x0e, 0xd0,
    0x0e, 0xd0, 0x0f, 0xd0, 0x0f, 0xd8, 0x0f, 0xd8, 0x0f, 0xd8, 0x0f, 0xd8,
    0x0f, 0xd8, 0x0f, 0xd8, 0x0f, 0xe0, 0x0f, 0xe0, 0x10, 0xe0, 0x10, 0xe0,
    0x0f, 0xe0, 0x10, 0xe0, 0x10, 0xe8, 0x10, 0xe8, 0x10, 0xe0, 0x0f, 0xe8,
    0x10, 0xe0, 0x10, 0xe8, 0x0f, 0xe0, 0x0e, 0xc8, 0x0e, 0xc8, 0x0e, 0xc8,
    0x0e, 0xd0, 0x0e, 0xd0, 0x0e, 0xd0, 0x0e, 0xd0, 0x0f, 0xd0, 0x0f, 0xd0,
    0x0e, 0xd8, 0x0f, 0xd8, 0x0f, 0xd8, 0x0f, 0xd8, 0x0f, 0xd8, 0x0f, 0xd8,
    0x0f, 0xe0, 0x0f, 0xe0, 0x0f, 0xe0, 0x10, 0xe0, 0x10, 0xe0, 0x0f, 0xe0,
    0x10, 0xe0, 0x10, 0xe8, 0x10, 0xe8, 0x0f, 0xe8, 0x10, 0xe8, 0x10, 0xe0,
    0x0e, 0xd0, 0x0d, 0xc0, 0x0d, 0xc0, 0x0d, 0xc0, 0x0d, 0xc0, 0x0d, 0xc0,
    0x0e, 0xc8, 0x0e, 0xc0, 0x0e, 0xc8, 0x0e, 0xc8, 0x0e, 0xc8, 0x0e, 0xc8,
    0x0e, 0xc8, 0x0e, 0xc8, 0x0e, 0xd0, 0x0e, 0xd0, 0x0e, 0xd0, 0x0e, 0xd0,
    0x0e, 0xd0, 0x0e, 0xd0, 0x0f, 0xd0, 0x0e, 0xd0, 0x0e, 0xd0, 0x0f, 0xd8,
    0x0e, 0xc8, 0x0e, 0xc8, 0x0e, 0xc8, 0x0e, 0xd0, 0x0e, 0xd0, 0x0e, 0xd0,
    0x0e, 0xd0, 0x0e, 0xd0, 0x0d, 0xc0, 0x0d, 0xb8, 0x0d, 0xb8, 0x0d, 0xc0,
    0x0d, 0xb8, 0x0d, 0xc0, 0x0d, 0xc0, 0x0e, 0xc0, 0x0d, 0xc0, 0x0e, 0xc0,
    0x0d, 0xc0, 0x0d, 0xc0, 0x0e, 0xc8, 0x0e, 0xc8, 0x0e, 0xc8, 0x0e, 0xc8,
    0x0e, 0xc8, 0x0e, 0xc8, 0x0e, 0xd0, 0x0e, 0xd0, 0x0e, 0xd0, 0x0e, 0xd0,
    0x0e, 0xd0, 0x0f, 0xd0, 0x0f, 0xd0, 0x0f, 0xd0, 0x0e, 0xd8, 0x0f, 0xd8,
    0x0f, 0xd8, 0x0f, 0xd8, 0x0f, 0xd8, 0x0e, 0xd0, 0x0e, 0xc8, 0x0d, 0xc8,
    0x0e, 0xc8, 0x0e, 0xc8, 0x0e, 0xd0, 0x0e, 0xc8, 0x0e, 0xd0, 0x0e, 0xd0,
    0x0e, 0xd0, 0x0e, 0xd0, 0x0f, 0xd0, 0x0e, 0xd8, 0x0e, 0xd0, 0x0f, 0xd8,
    0x0e, 0xd8, 0x0e, 0xd8, 0x0f, 0xd8, 0x0f, 0xd8, 0x0f, 0xd8, 0x0f, 0xe0,
    0x0f, 0xd8, 0x0f, 0xe0, 0x10, 0xe0, 0x0f, 0xd8, 0x0e, 0xd0, 0x0e, 0xd0,
    0x0f, 0xd0, 0x0e, 0xd0, 0x0e, 0xd0, 0x0f, 0xd8, 0x0f, 0xd0, 0x0e, 0xd8,
    0x0f, 0xd8, 0x0f, 0xd8, 0x0f, 0xd8, 0x0f, 0xd8, 0x0f, 0xe0, 0x0f, 0xd8,
    0x0f, 0xe0, 0x0f, 0xe0, 0x0f, 0xe0, 0x10, 0xe0, 0x0f, 0xe0, 0x0f, 0xd8,
    0x0f, 0xd0, 0x0e, 0xd8, 0x0f, 0xd8, 0x0e, 0xd8, 0x0f, 0xd8, 0x0f, 0xd8,
    0x0f, 0xd8, 0x0f, 0xe0, 0x0f, 0xe0, 0x10, 0xe0, 0x0f, 0xe0, 0x0f, 0xe0,
    0x10, 0xe0, 0x0f, 0xe0, 0x10, 0xe8, 0x10, 0xe0, 0x0f, 0xd8, 0x0e, 0xd8,
    0x0f, 0xd8, 0x0f, 0xd8, 0x0f, 0xe0, 0x0f, 0xd8, 0x0f, 0xe0, 0x10, 0xe0,
    0x10, 0xe0, 0x0f, 0xe0, 0x10, 0xe0, 0x0f, 0xe0, 0x10, 0xe8, 0x10, 0xe8,
    0x10, 0xe8, 0x0f, 0xe0, 0x0f, 0xd8, 0x0f, 0xd8, 0x0f, 0xe0, 0x0f, 0xe0,
    0x0f, 0xe0, 0x0f, 0xe0, 0x10, 0xe0, 0x10, 0xe0, 0x0f, 0xe0, 0x10, 0xe8,
    0x10, 0xe8, 0x10, 0xe8, 0x10, 0xe8, 0x0f, 0xe0, 0x0f, 0xd8, 0x0f, 0xd8,
    0x0f, 0xe0, 0x0f, 0xe0, 0x0f, 0xe0, 0x10, 0xe0, 0x0f, 0xe0, 0x10, 0xe0,
    0x10, 0xe8, 0x10, 0xe8, 0x0f, 0xe8, 0x10, 0xe8, 0x10, 0xe0, 0x0f, 0xe0,
    0x0f, 0xd8, 0x0f, 0xd8, 0x0f, 0xe0, 0x0f, 0xe0, 0x10, 0xe0, 0x0f, 0xe0,
    0x10, 0xe0, 0x10, 0xe8, 0x0f, 0xe0, 0x10, 0xe8, 0x10, 0xe8, 0x10, 0xe8,
    0x10, 0xe8, 0x0f, 0xe0, 0x0f, 0xd8, 0x0f, 0xd8, 0x0f, 0xe0, 0x0f, 0xe0,
    0x10, 0xe0, 0x0f, 0xe0, 0x10, 0xe0, 0x10, 0xe8, 0x10, 0xe8, 0x10, 0xe0,
    0x0f, 0xe8, 0x10, 0xe8, 0x10, 0xe8, 0x0f, 0xe0, 0x0f, 0xd8, 0x0f, 0xd8,
    0x0f, 0xd8, 0x0f, 0xe0, 0x0f, 0xe0, 0x0f, 0xe0, 0x10, 0xe0, 0x10, 0xe0,
    0x10, 0xe8, 0x0f, 0xe8, 0x0f, 0xe8, 0x10, 0xe0, 0x10, 0xe8, 0x10, 0xe8,
    0x10, 0xe8, 0x10, 0xe0, 0x0f, 0xd8, 0x0f, 0xd8, 0x0f, 0xd8, 0x0f, 0xd8,
    0x0f, 0xd8, 0x0f, 0xe0, 0x0f, 0xe0, 0x10, 0xe0, 0x10, 0xe0, 0x0f, 0xe0,
    0x10, 0xe8, 0x10, 0xe8, 0x10, 0xe8, 0x0f, 0xe8, 0x10, 0xe8, 0x10, 0xe8,
    0x10, 0xe8, 0x10, 0xe0, 0x0f, 0xd8, 0x0e, 0xd0, 0x0e, 0xd0, 0x0f, 0xd0,
    0x0e, 0xd8, 0x0f, 0xd8, 0x0f, 0xd8, 0x0f, 0xd8, 0x0f, 0xe0, 0x0f, 0xe0,
    0x0f, 0xe0, 0x10, 0xe0, 0x0f, 0xe0, 0x10, 0xe0, 0x10, 0xe0, 0x10, 0xe8,
    0x0f, 0xe8, 0x10, 0xe8, 0x10, 0xe8, 0x10, 0xe0, 0x10, 0xe8, 0x0f, 0xe0,
    0x0e, 0xd0, 0x0e, 0xc8, 0x0e, 0xc8, 0x0e, 0xd0, 0x0e, 0xd0, 0x0e, 0xd0,
    0x0e, 0xd0, 0x0f, 0xd0, 0x0e, 0xd0, 0x0f, 0xd8, 0x0f, 0xd8, 0x0f, 0xd8,
    0x0f, 0xd8, 0x0f, 0xd8, 0x0f, 0xe0, 0x0f, 0xe0, 0x0f, 0xe0, 0x0f, 0xe0,
    0x10, 0xe0, 0x10, 0xe0, 0x10, 0xe0, 0x10, 0xe0, 0x10, 0xe8, 0x0f, 0xe8,
    0x10, 0xe8, 0x10, 0xe8, 0x0f, 0xe0, 0x0e, 0xd0, 0x0d, 0xc0, 0x0d, 0xc0,
    0x0d, 0xc0, 0x0d, 0xc0, 0x0e, 0xc0, 0x0d, 0xc8, 0x0d, 0xc8, 0x0e, 0xc8,
    0x0e, 0xc8, 0x0d, 0xc8, 0x0e, 0xc8, 0x0e, 0xc8, 0x0e, 0xd0, 0x0e, 0xd0,
    0x0e, 0xd0, 0x0e, 0xd0, 0x0e, 0xd0, 0x0e, 0xd0, 0x0f, 0xd0, 0x0f, 0xd8,
    0x0e, 0xd0, 0x0f, 0xd8, 0x0f, 0xd8, 0x0f, 0xd8, 0x0e, 0xc8, 0x0e, 0xc8,
    0x0e, 0xc8, 0x0e, 0xc8, 0x0e, 0xd0, 0x0e, 0xd0, 0x0e, 0xd0, 0x0f, 0xd0,
    0x0e, 0xd0, 0x0d, 0xc8, 0x0d, 0xc0, 0x0c, 0xb8, 0x0d, 0xb8, 0x0d, 0xc0,
    0x0d, 0xc0, 0x0d, 0xc0, 0x0d, 0xc0, 0x0d, 0xc0, 0x0e, 0xc8, 0x0d, 0xc0,
    0x0e, 0xc0, 0x0d, 0xc8, 0x0d, 0xc8, 0x0e, 0xc8, 0x0e, 0xc8, 0x0e, 0xc8,
    0x0e, 0xc8, 0x0e, 0xc8, 0x0e, 0xd0, 0x0e, 0xd0, 0x0e, 0xd0, 0x0e, 0xd0,
    0x0e, 0xd0, 0x0f, 0xd8, 0x0e, 0xd0, 0x0f, 0xd0, 0x0f, 0xd8, 0x0f, 0xd8,
    0x0f, 0xd8, 0x0f, 0xd8, 0x0f, 0xd0, 0x0e, 0xc8, 0x0d, 0xc8, 0x0e, 0xc8,
    0x0e, 0xc8, 0x0e, 0xc8, 0x0e, 0xc8, 0x0e, 0xc8, 0x0e, 0xd0, 0x0e, 0xd0,
    0x0e, 0xd0, 0x0f, 0xd0, 0x0f, 0xd8, 0x0e, 0xd0, 0x0f, 0xd0, 0x0f, 0xd8,
    0x0f, 0xd8, 0x0f, 0xd8, 0x0f, 0xd8, 0x0f, 0xd8, 0x0f, 0xe0, 0x0f, 0xe0,
    0x0f, 0xe0, 0x10, 0xe0, 0x0f, 0xd8, 0x0e, 0xd0, 0x0e, 0xd0, 0x0e, 0xd0,
    0x0f, 0xd0, 0x0e, 0xd0, 0x0e, 0xd0, 0x0f, 0xd8, 0x0f, 0xd8, 0x0e, 0xd8,
    0x0f, 0xd8, 0x0f, 0xd8, 0x0f, 0xe0, 0x0f, 0xe0, 0x10, 0xd8, 0x0f, 0xe0,
    0x10, 0xe0, 0x0f, 0xe0, 0x10, 0xe0, 0x0f, 0xe0, 0x0f, 0xd8, 0x0f, 0xd0,
    0x0e, 0xd0, 0x0f, 0xd8, 0x0f, 0xd8, 0x0f, 0xd8, 0x0f, 0xd8, 0x0f, 0xe0,
    0x0f, 0xd8, 0x10, 0xe0, 0x0f, 0xe0, 0x10, 0xe0, 0x0f, 0xe0, 0x0f, 0xe0,
    0x10, 0xe8, 0x10, 0xe8, 0x0f, 0xe0, 0x0f, 0xd8, 0x0f, 0xd8, 0x0f, 0xd8,
    0x0f, 0xd8, 0x0f, 0xe0, 0x0f, 0xe0, 0x0f, 0xd8, 0x0f, 0xe0, 0x10, 0xe0,
    0x0f, 0xe0, 0x10, 0xe8, 0x10, 0xe0, 0x0f, 0xe8, 0x10, 0xe8, 0x0f, 0xe0,
    0x0f, 0xd8, 0x0f, 0xd8, 0x0f, 0xd8, 0x0f, 0xe0, 0x10, 0xe0, 0x0f, 0xe0,
    0x10, 0xe0, 0x0f, 0xe0, 0x10, 0xe0, 0x10, 0xe0, 0x10, 0xe8, 0x10, 0xe0,
    0x10, 0xe8, 0x0f, 0xe0, 0x0f, 0xd8, 0x0f, 0xd8, 0x0f, 0xe0, 0x0f, 0xe0,
    0x10, 0xe0, 0x10, 0xe0, 0x0f, 0xe0, 0x10, 0xe8, 0x10, 0xe8, 0x0f, 0xe8,
    0x10, 0xe8, 0x10, 0xe8, 0x10, 0xe8, 0x0f, 0xe0, 0x0f, 0xd8, 0x0f, 0xe0,
    0x0f, 0xe0, 0x10, 0xe0, 0x0f, 0xe0, 0x0f, 0xe0, 0x10, 0xe8, 0x10, 0xe0,
    0x10, 0xe8, 0x10, 0xe8, 0x0f, 0xe0, 0x10, 0xe8, 0x10, 0xe0, 0x0f, 0xe0,
    0x0f, 0xd8, 0x0f, 0xe0, 0x0f, 0xe0, 0x10, 0xe0, 0x0f, 0xe0, 0x10, 0xe0,
    0x10, 0xe0, 0x0f, 0xe8, 0x10, 0xe8, 0x10, 0xe8, 0x10, 0xe0, 0x0f, 0xe8,
    0x10, 0xe8, 0x0f, 0xe0, 0x0f, 0xd8, 0x0f, 0xd8, 0x0f, 0xd8, 0x0f, 0xd8,
    0x0f, 0xe0, 0x10, 0xe0, 0x0f, 0xe0, 0x10, 0xe0, 0x10, 0xe8, 0x10, 0xe8,
    0x10, 0xe0, 0x0f, 0xe8, 0x10, 0xe8, 0x10, 0xe8, 0x0f, 0xe8, 0x0f, 0xe0,
    0x0f, 0xd0, 0x0f, 0xd8, 0x0f, 0xd8, 0x0f, 0xe0, 0x0f, 0xd8, 0x0f, 0xe0,
    0x0f, 0xe0, 0x10, 0xe0, 0x10, 0xe0, 0x10, 0xe0, 0x0f, 0xe8, 0x10, 0xe8,
    0x10, 0xe0, 0x10, 0xe8, 0x0f, 0xe8, 0x10, 0xe0, 0x10, 0xe8, 0x0f, 0xd8,
    0x0e, 0xd0, 0x0e, 0xd0, 0x0f, 0xd8, 0x0f, 0xd8, 0x0f, 0xd8, 0x0f, 0xd8,
    0x0f, 0xd8, 0x0f, 0xe0, 0x0f, 0xe0, 0x0f, 0xe0, 0x10, 0xe0, 0x0f, 0xe0,
    0x10, 0xe0, 0x10, 0xe0, 0x10, 0xe8, 0x0f, 0xe8, 0x10, 0xe8, 0x10, 0xe0,
    0x0f, 0xe8, 0x10, 0xe8, 0x0f, 0xe0, 0x0e, 0xd0, 0x0e, 0xc8, 0x0e, 0xc8,
    0x0e, 0xd0, 0x0e, 0xd0, 0x0e, 0xd0, 0x0e, 0xd0, 0x0f, 0xd0, 0x0f, 0xd8,
    0x0e, 0xd8, 0x0f, 0xd8, 0x0f, 0xd8, 0x0f, 0xd8, 0x0f, 0xe0, 0x0f, 0xe0,
    0x0f, 0xd8, 0x0f, 0xe0, 0x10, 0xe0, 0x10, 0xe0, 0x0f, 0xe0, 0x0f, 0xe0,
    0x10, 0xe8, 0x10, 0xe8, 0x0f, 0xe8, 0x10, 0xe0, 0x10, 0xe8, 0x0f, 0xe0,
    0x0e, 0xc8, 0x0d, 0xc0, 0x0d, 0xc0, 0x0d, 0xc0, 0x0e, 0xc0, 0x0e, 0xc8,
    0x0e, 0xc8, 0x0d, 0xc8, 0x0e, 0xc8, 0x0e, 0xc8, 0x0e, 0xc8, 0x0e, 0xc8,
    0x0e, 0xd0, 0x0e, 0xd0, 0x0e, 0xd0, 0x0e, 0xd0, 0x0e, 0xd0, 0x0e, 0xd0,
    0x0e, 0xd0, 0x0f, 0xd0, 0x0e, 0xd8, 0x0f, 0xd8, 0x0f, 0xd8, 0x0f, 0xd8,
    0x0f, 0xd8, 0x0f, 0xd8, 0x0e, 0xc8, 0x0e, 0xd0, 0x0e, 0xc8, 0x0e, 0xc8,
    0x0e, 0xc8, 0x0e, 0xd0, 0x0e, 0xd0, 0x0e, 0xd0, 0x0e, 0xd0, 0x0f, 0xd0,
    0x0e, 0xd0, 0x0d, 0xc0, 0x0d, 0xb8, 0x0d, 0xb8, 0x0d, 0xc0, 0x0d, 0xc0,
    0x0d, 0xc0, 0x0d, 0xc0, 0x0d, 0xc0, 0x0d, 0xc0, 0x0d, 0xc0, 0x0e, 0xc8,
    0x0e, 0xc8, 0x0e, 0xc8, 0x0e, 0xd0, 0x0e, 0xc8, 0x0e, 0xc8, 0x0e, 0xc8,
    0x0e, 0xd0, 0x0e, 0xd0, 0x0f, 0xd0, 0x0e, 0xd0, 0x0e, 0xd0, 0x0e, 0xd0,
    0x0f, 0xd0, 0x0e, 0xd8, 0x0e, 0xd0, 0x0f, 0xd8, 0x0f, 0xd8, 0x0f, 0xd8,
    0x0f, 0xd8, 0x0e, 0xd8, 0x0e, 0xc8, 0x0e, 0xc8, 0x0e, 0xc8, 0x0e, 0xc8,
    0x0e, 0xd0, 0x0e, 0xc8, 0x0e, 0xd0, 0x0e, 0xd0, 0x0e, 0xd0, 0x0f, 0xd0,
    0x0e, 0xd0, 0x0e, 0xd0, 0x0f, 0xd8, 0x0f, 0xd0, 0x0e, 0xd8, 0x0f, 0xd8,
    0x0f, 0xd8, 0x0f, 0xd8, 0x0f, 0xe0, 0x0f, 0xd8, 0x0f, 0xd8, 0x0f, 0xe0,
    0x10, 0xe0, 0x0f, 0xd0, 0x0e, 0xd0, 0x0e, 0xd0, 0x0f, 0xd0, 0x0e, 0xd0,
    0x0e, 0xd8, 0x0f, 0xd8, 0x0f, 0xd8, 0x0f, 0xd8, 0x0f, 0xd8, 0x0f, 0xd8,
    0x0f, 0xd8, 0x0f, 0xe0, 0x0f, 0xd8, 0x0f, 0xe0, 0x10, 0xe0, 0x10, 0xe0,
    0x0f, 0xe0, 0x10, 0xe8, 0x0f, 0xe0, 0x0e, 0xd0, 0x0e, 0xd0, 0x0f, 0xd8,
    0x0f, 0xd8, 0x0f, 0xd8, 0x0f, 0xd8, 0x0f, 0xe0, 0x0f, 0xd8, 0x0f, 0xe0,
    0x0f, 0xe0, 0x10, 0xe0, 0x10, 0xe0, 0x0f, 0xe0, 0x10, 0xe0, 0x10, 0xe8,
    0x0f, 0xe0, 0x0f, 0xd8, 0x0f, 0xd8, 0x0f, 0xd8, 0x0f, 0xd8, 0x0f, 0xe0,
    0x0f, 0xe0, 0x0f, 0xe0, 0x10, 0xe0, 0x0f, 0xe0, 0x0f, 0xe0, 0x10, 0xe0,
    0x10, 0xe8, 0x10, 0xe0, 0x0f, 0xe8, 0x0f, 0xe0, 0x0f, 0xd8, 0x0f, 0xd8,
    0x0f, 0xe0, 0x0f, 0xd8, 0x0f, 0xe0, 0x10, 0xe0, 0x0f, 0xe0, 0x0f, 0xe0,
    0x10, 0xe8, 0x10, 0xe8, 0x0f, 0xe0, 0x10, 0xe8, 0x10, 0xe8, 0x0f, 0xe0,
    0x0f, 0xd8, 0x0f, 0xd8, 0x0f, 0xe0, 0x0f, 0xd8, 0x10, 0xe0, 0x0f, 0xe0,
    0x10, 0xe0, 0x10, 0xe0, 0x10, 0xe0, 0x10, 0xe8, 0x0f, 0xe0, 0x10, 0xe8,
    0x10, 0xe8, 0x0f, 0xe0, 0x0f, 0xd8, 0x0f, 0xe0, 0x0f, 0xe0, 0x10, 0xe0,
    0x10, 0xe0, 0x10, 0xe0, 0x10, 0xe0, 0x0f, 0xe8, 0x10, 0xe8, 0x10, 0xe8,
    0x0f, 0xe8, 0x10, 0xe8, 0x0f, 0xe0, 0x0f, 0xd8, 0x0f, 0xd8, 0x0f, 0xe0,
    0x0f, 0xe0, 0x0f, 0xe0, 0x10, 0xe0, 0x10, 0xe0, 0x10, 0xe8, 0x0f, 0xe0,
    0x10, 0xe8, 0x10, 0xe8, 0x10, 0xe8, 0x10, 0xe0, 0x10, 0xe8, 0x0f, 0xe0,
    0x0f, 0xd8, 0x0f, 0xd8, 0x0f, 0xe0, 0x0f, 0xe0, 0x10, 0xe0, 0x10, 0xe0,
    0x0f, 0xe0, 0x10, 0xe0, 0x10, 0xe8, 0x10, 0xe8, 0x10, 0xe0, 0x10, 0xe8,
    0x0f, 0xe0, 0x10, 0xe8, 0x0f, 0xe0, 0x0f, 0xd8, 0x0e, 0xd8, 0x0f, 0xd8,
    0x0f, 0xd8, 0x0f, 0xe0, 0x0f, 0xe0, 0x0f, 0xe0, 0x10, 0xe0, 0x0f, 0xe0,
    0x10, 0xe0, 0x10, 0xe8, 0x10, 0xe8, 0x0f, 0xe8, 0x10, 0xe0, 0x10, 0xe8,
    0x10, 0xe8, 0x10, 0xe8, 0x0f, 0xe0, 0x0e, 0xd0, 0x0e, 0xd0, 0x0f, 0xd8,
    0x0f, 0xd8, 0x0f, 0xd8, 0x0f, 0xd8, 0x0f, 0xe0, 0x0f, 0xe0, 0x0f, 0xe0,
    0x0f, 0xd8, 0x10, 0xe0, 0x10, 0xe0, 0x10, 0xe0, 0x10, 0xe8, 0x10, 0xe8,
    0x0f, 0xe8, 0x10, 0xe8, 0x10, 0xe0, 0x10, 0xe8, 0x10, 0xe8, 0x0f, 0xe0,
    0x0e, 0xd0, 0x0e, 0xc8, 0x0e, 0xd0, 0x0e, 0xd0, 0x0e, 0xd0, 0x0e, 0xd0,
    0x0f, 0xd0, 0x0f, 0xd8, 0x0e, 0xd8, 0x0f, 0xd8, 0x0f, 0xd8, 0x0f, 0xd8,
    0x0f, 0xd8, 0x0f, 0xd8, 0x0f, 0xe0, 0x0f, 0xe0, 0x0f, 0xe0, 0x10, 0xe0,
    0x10, 0xe0, 0x10, 0xe0, 0x10, 0xe0, 0x10, 0xe8, 0x10, 0xe8, 0x0f, 0xe8,
    0x10, 0xe8, 0x10, 0xe8, 0x0f, 0xe0, 0x0e, 0xc8, 0x0d, 0xb8, 0x0d, 0xc0,
    0x0e, 0xc8, 0x0e, 0xc0, 0x0d, 0xc8, 0x0e, 0xc8, 0x0e, 0xc8, 0x0e, 0xc8,
    0x0e, 0xc8, 0x0e, 0xc8, 0x0e, 0xc8, 0x0e, 0xd0, 0x0e, 0xd0, 0x0e, 0xd0,
    0x0e, 0xd0, 0x0e, 0xd0, 0x0e, 0xd0, 0x0f, 0xd0, 0x0f, 0xd8, 0x0f, 0xd8,
    0x0e, 0xd8, 0x0f, 0xd8, 0x0f, 0xd8, 0x0f, 0xd8, 0x0f, 0xd8, 0x0f, 0xd8,
    0x0e, 0xc8, 0x0e, 0xc8, 0x0e, 0xc8, 0x0e, 0xc8, 0x0e, 0xc8, 0x0e, 0xc8,
    0x0e, 0xd0, 0x0e, 0xd0, 0x0e, 0xd0, 0x0e, 0xd0, 0x0f, 0xd0, 0x0e, 0xd0,
    0x0d, 0xc8, 0x0d, 0xb8, 0x0d, 0xb8, 0x0d, 0xc0, 0x0d, 0xc0, 0x0e, 0xc0,
    0x0d, 0xc0, 0x0d, 0xc0, 0x0e, 0xc8, 0x0d, 0xc8, 0x0e, 0xc8, 0x0d, 0xc8,
    0x0e, 0xc8, 0x0e, 0xc8, 0x0e, 0xd0, 0x0e, 0xc8, 0x0e, 0xc8, 0x0e, 0xd0,
    0x0e, 0xd0, 0x0e, 0xd0, 0x0e, 0xd0, 0x0f, 0xd0, 0x0e, 0xd8, 0x0e, 0xd0,
    0x0f, 0xd8, 0x0e, 0xd8, 0x0e, 0xd8, 0x0f, 0xd8, 0x0f, 0xd8, 0x0f, 0xd8,
    0x0e, 0xd8, 0x0e, 0xc8, 0x0d, 0xc8, 0x0e, 0xd0, 0x0e, 0xc8, 0x0e, 0xc8,
    0x0e, 0xd0, 0x0e, 0xd0, 0x0e, 0xd0, 0x0f, 0xd0, 0x0e, 0xd0, 0x0e, 0xd8,
    0x0f, 0xd0, 0x0e, 0xd8, 0x0e, 0xd8, 0x0f, 0xd8, 0x0f, 0xd8, 0x0f, 0xd8,
    0x0f, 0xd8, 0x0f, 0xe0, 0x0f, 0xe0, 0x0f, 0xe0, 0x0f, 0xe0, 0x0f, 0xd8,
    0x0e, 0xd0, 0x0e, 0xd0, 0x0f, 0xd0, 0x0e, 0xd0, 0x0f, 0xd0, 0x0f, 0xd0,
    0x0f, 0xd8, 0x0f, 0xd8, 0x0f, 0xd8, 0x0f, 0xd8, 0x0f, 0xd8, 0x0f, 0xe0,
    0x0f, 0xe0, 0x0f, 0xe0, 0x0f, 0xe0, 0x0f, 0xe0, 0x10, 0xe0, 0x0f, 0xe0,
    0x0f, 0xe0, 0x0f, 0xd8, 0x0f, 0xd0, 0x0f, 0xd8, 0x0e, 0xd8, 0x0f, 0xd8,
    0x0f, 0xd8, 0x0f, 0xe0, 0x0f, 0xe0, 0x0f, 0xd8, 0x0f, 0xe0, 0x0f, 0xe0,
    0x10, 0xe0, 0x0f, 0xe0, 0x10, 0xe0, 0x10, 0xe0, 0x10, 0xe8, 0x0f, 0xe0,
    0x0f, 0xd8, 0x0f, 0xd8, 0x0f, 0xd8, 0x0f, 0xe0, 0x0f, 0xe0, 0x10, 0xd8,
    0x0f, 0xe0, 0x10, 0xe0, 0x10, 0xe0, 0x0f, 0xe0, 0x10, 0xe8, 0x10, 0xe8,
    0x10, 0xe8, 0x10, 0xe8, 0x0f, 0xe0, 0x0f, 0xd8, 0x0f, 0xe0, 0x0f, 0xe0,
    0x0f, 0xd8, 0x10, 0xe0, 0x10, 0xe0, 0x0f, 0xe0, 0x10, 0xe0, 0x10, 0xe8,
    0x0f, 0xe8, 0x10, 0xe8, 0x10, 0xe8, 0x10, 0xe0, 0x0f, 0xe0, 0x0f, 0xd8,
    0x0f, 0xe0, 0x0f, 0xe0, 0x10, 0xe0, 0x0f, 0xe0, 0x10, 0xe0, 0x10, 0xe0,
    0x0f, 0xe8, 0x10, 0xe8, 0x10, 0xe0, 0x0f, 0xe8, 0x10, 0xe8, 0x0f, 0xe0,
    0x0f, 0xd8, 0x0f, 0xd8, 0x0f, 0xe0, 0x10, 0xe0, 0x0f, 0xe0, 0x10, 0xe0,
    0x10, 0xe8, 0x0f, 0xe8, 0x10, 0xe8, 0x10, 0xe0, 0x10, 0xe8, 0x10, 0xe8,
    0x0f, 0xe0, 0x0f, 0xe0, 0x0f, 0xd8, 0x0f, 0xe0, 0x0f, 0xe0, 0x10, 0xe0,
    0x10, 0xe0, 0x0f, 0xe8, 0x10, 0xe0, 0x10, 0xe8, 0x0f, 0xe8, 0x10, 0xe8,
    0x0f, 0xe8, 0x10, 0xe8, 0x0f, 0xe0, 0x0f, 0xd8, 0x0f, 0xd8, 0x0f, 0xe0,
    0x0f, 0xe0, 0x0f, 0xe0, 0x10, 0xe0, 0x10, 0xe0, 0x10, 0xe0, 0x0f, 0xe8,
    0x0f, 0xe8, 0x10, 0xe8, 0x10, 0xe8, 0x0f, 0xe8, 0x10, 0xe8, 0x10, 0xe8,
    0x0f, 0xe0, 0x0f, 0xd8, 0x0f, 0xd8, 0x0f, 0xd8, 0x0f, 0xe0, 0x0f, 0xe0,
    0x0f, 0xe0, 0x10, 0xe0, 0x0f, 0xe0, 0x10, 0xe0, 0x10, 0xe8, 0x0f, 0xe8,
    0x10, 0xe8, 0x10, 0xe0, 0x0f, 0xe8, 0x10, 0xe8, 0x10, 0xe8, 0x0f, 0xe0,
    0x0f, 0xd8, 0x0e, 0xd0, 0x0f, 0xd8, 0x0f, 0xd8, 0x0e, 0xd8, 0x0f, 0xd8,
    0x0f, 0xd8, 0x0f, 0xe0, 0x0f, 0xe0, 0x0f, 0xd8, 0x10, 0xe0, 0x0f, 0xe0,
    0x0f, 0xe0, 0x10, 0xe0, 0x10, 0xe8, 0x0f, 0xe8, 0x10, 0xe8, 0x10, 0xe0,
    0x0f, 0xe8, 0x10, 0xe8, 0x10, 0xe0, 0x0e, 0xd0, 0x0e, 0xc8, 0x0e, 0xc8,
    0x0e, 0xd0, 0x0e, 0xd0, 0x0e, 0xd0, 0x0f, 0xd0, 0x0f, 0xd8, 0x0e, 0xd8,
    0x0f, 0xd8, 0x0f, 0xd8, 0x0f, 0xd8, 0x0f, 0xd8, 0x0f, 0xe0, 0x0f, 0xe0,
    0x0f, 0xe0, 0x10, 0xe0, 0x10, 0xe0, 0x0f, 0xe0, 0x0f, 0xe0, 0x10, 0xe0,
    0x10, 0xe8, 0x10, 0xe8, 0x0f, 0xe0, 0x10, 0xe8, 0x10, 0xe8, 0x0f, 0xd8,
    0x0d, 0xc0, 0x0d, 0xc0, 0x0d, 0xc0, 0x0e, 0xc8, 0x0e, 0xc8, 0x0e, 0xc8,
    0x0e, 0xc8, 0x0d, 0xc8, 0x0e, 0xc8, 0x0e, 0xc8, 0x0e, 0xd0, 0x0e, 0xd0,
    0x0e, 0xd0, 0x0e, 0xd0, 0x0e, 0xd0, 0x0e, 0xd0, 0x0e, 0xd0, 0x0f, 0xd0,
    0x0f, 0xd0, 0x0f, 0xd8, 0x0e, 0xd8, 0x0f, 0xd8, 0x0f, 0xd8, 0x0f, 0xd8,
    0x0f, 0xd8, 0x0f, 0xd8, 0x0f, 0xe0, 0x0f, 0xe0, 0x0e, 0xc8, 0x0e, 0xc8,
    0x0e, 0xd0, 0x0e, 0xc8, 0x0e, 0xc8, 0x0e, 0xc8, 0x0e, 0xd0, 0x0e, 0xd0,
    0x0f, 0xd0, 0x0e, 0xd0, 0x0e, 0xd0, 0x0f, 0xd0, 0x0e, 0xd8, 0x0e, 0xc8,
    0x0d, 0xc0, 0x0d, 0xb8, 0x0d, 0xc0, 0x0d, 0xc0, 0x0d, 0xc0, 0x0d, 0xc0,
    0x0d, 0xc0, 0x0d, 0xc0, 0x0d, 0xc0, 0x0e, 0xc8, 0x0e, 0xc8, 0x0d, 0xc8,
    0x0e, 0xc8, 0x0e, 0xc8, 0x0e, 0xc8, 0x0e, 0xd0, 0x0e, 0xd0, 0x0e, 0xd0,
    0x0f, 0xd0, 0x0e, 0xd0, 0x0e, 0xd0, 0x0f, 0xd0, 0x0f, 0xd8, 0x0f, 0xd0,
    0x0f, 0xd8, 0x0f, 0xd8, 0x0f, 0xd8, 0x0f, 0xd8, 0x0f, 0xe0, 0x0f, 0xd8,
    0x0e, 0xc8, 0x0e, 0xc8, 0x0e, 0xc8, 0x0e, 0xc8, 0x0e, 0xd0, 0x0e, 0xd0,
    0x0e, 0xd0, 0x0e, 0xd0, 0x0e, 0xd0, 0x0f, 0xd0, 0x0f, 0xd0, 0x0e, 0xd8,
    0x0f, 0xd8, 0x0f, 0xd8, 0x0f, 0xd8, 0x0f, 0xd8, 0x0f, 0xd8, 0x0f, 0xd8,
    0x10, 0xe0, 0x0f, 0xe0, 0x0f, 0xe0, 0x10, 0xe0, 0x0f, 0xe0, 0x0f, 0xd0,
    0x0e, 0xd0, 0x0e, 0xd8, 0x0e, 0xd0, 0x0e, 0xd8, 0x0e, 0xd8, 0x0f, 0xd8,
    0x0e, 0xd8, 0x0f, 0xd8, 0x0f, 0xd8, 0x0f, 0xe0, 0x10, 0xd8, 0x0f, 0xe0,
    0x0f, 0xe0, 0x10, 0xe0, 0x10, 0xe0, 0x0f, 0xe0, 0x10, 0xe0, 0x0f, 0xe0,
    0x0f, 0xd8, 0x0f, 0xd8, 0x0f, 0xd8, 0x0f, 0xd8, 0x0f, 0xd8, 0x0f, 0xd8,
    0x0f, 0xe0, 0x10, 0xe0, 0x0f, 0xe0, 0x0f, 0xe0, 0x10, 0xe0, 0x0f, 0xe0,
    0x10, 0xe8, 0x10, 0xe0, 0x10, 0xe8, 0x0f, 0xe0, 0x0f, 0xd8, 0x0f, 0xd8,
    0x0f, 0xd8, 0x0f, 0xe0, 0x0f, 0xe0, 0x0f, 0xe0, 0x0f, 0xe0, 0x10, 0xe0,
    0x0f, 0xe0, 0x10, 0xe0, 0x10, 0xe8, 0x0f, 0xe0, 0x10, 0xe8, 0x10, 0xe8,
    0x0f, 0xe0, 0x0f, 0xd8, 0x0f, 0xd8, 0x0f, 0xe0, 0x0f, 0xe0, 0x0f, 0xe0,
    0x10, 0xe0, 0x0f, 0xe0, 0x10, 0xe0, 0x10, 0xe0, 0x10, 0xe8, 0x0f, 0xe8,
    0x10, 0xe8, 0x10, 0xe0, 0x0f, 0xe0, 0x0f, 0xd8, 0x0f, 0xe0, 0x10, 0xe0,
    0x10, 0xe0, 0x0f, 0xe0, 0x10, 0xe8, 0x10, 0xe8, 0x0f, 0xe8, 0x10, 0xe8,
    0x10, 0xe8, 0x10, 0xe0, 0x10, 0xe8, 0x0f, 0xe0, 0x0f, 0xd8, 0x0f, 0xe0,
    0x0f, 0xe0, 0x10, 0xe0, 0x0f, 0xe0, 0x0f, 0xe0, 0x10, 0xe8, 0x10, 0xe0,
    0x10, 0xe8, 0x0f, 0xe8, 0x10, 0xe0, 0x10, 0xe8, 0x0f, 0xe0, 0x0f, 0xe0,
    0x0f, 0xe0, 0x10, 0xe0, 0x0f, 0xe0, 0x10, 0xe0, 0x10, 0xe0, 0x0f, 0xe0,
    0x10, 0xe8, 0x10, 0xe8, 0x10, 0xe0, 0x10, 0xe0, 0x10, 0xe8, 0x10, 0xe8,
    0x0f, 0xe0, 0x0f, 0xd8, 0x0f, 0xd8, 0x0f, 0xe0, 0x0f, 0xe0, 0x10, 0xe0,
    0x0f, 0xe0, 0x0f, 0xe0, 0x10, 0xe8, 0x10, 0xe8, 0x10, 0xe0, 0x10, 0xe8,
    0x0f, 0xe8, 0x10, 0xe0, 0x10, 0xe8, 0x0f, 0xe0, 0x0f, 0xd8, 0x0f, 0xd8,
    0x0f, 0xd8, 0x0f, 0xd8, 0x0f, 0xe0, 0x0f, 0xe0, 0x10, 0xe0, 0x10, 0xe0,
    0x0f, 0xe0, 0x10, 0xe8, 0x10, 0xe8, 0x0f, 0xe0, 0x10, 0xe8, 0x10, 0xe8,
    0x10, 0xe8, 0x0f, 0xe8, 0x10, 0xe8, 0x0f, 0xd8, 0x0e, 0xd0, 0x0f, 0xd8,
    0x0f, 0xd8, 0x0f, 0xd8, 0x0f, 0xd8, 0x0f, 0xd8, 0x0f, 0xe0, 0x0f, 0xe0,
    0x0f, 0xe0, 0x10, 0xe0, 0x10, 0xe0, 0x10, 0xe0, 0x10, 0xe8, 0x10, 0xe8,
    0x0f, 0xe8, 0x10, 0xe0, 0x10, 0xe8, 0x10, 0xe8, 0x10, 0xe8, 0x0f, 0xe0,
    0x0f, 0xd0, 0x0e, 0xd0, 0x0e, 0xd0, 0x0e, 0xd0, 0x0e, 0xd0, 0x0f, 0xd0,
    0x0f, 0xd0, 0x0f, 0xd8, 0x0f, 0xd8, 0x0f, 0xd8, 0x0f, 0xd8, 0x0f, 0xd8,
    0x0f, 0xe0, 0x0f, 0xe0, 0x0f, 0xe0, 0x0f, 0xe0, 0x10, 0xe0, 0x10, 0xe0,
    0x0f, 0xe0, 0x10, 0xe0, 0x10, 0xe8, 0x0f, 0xe8, 0x10, 0xe8, 0x10, 0xe8,
    0x10, 0xe8, 0x10, 0xe0, 0x0e, 0xd8, 0x0d, 0xc0, 0x0d, 0xc0, 0x0e, 0xc0,
    0x0e, 0xc8, 0x0e, 0xc8, 0x0d, 0xc8, 0x0e, 0xc8, 0x0e, 0xc8, 0x0e, 0xc8,
    0x0e, 0xc8, 0x0e, 0xd0, 0x0e, 0xd0, 0x0e, 0xd0, 0x0e, 0xd0, 0x0e, 0xd0,
    0x0f, 0xd0, 0x0f, 0xd0, 0x0e, 0xd8, 0x0f, 0xd8, 0x0f, 0xd8, 0x0e, 0xd8,
    0x0f, 0xd8, 0x0f, 0xd8, 0x0f, 0xd8, 0x0f, 0xd8, 0x0f, 0xe0, 0x0f, 0xe0,
    0x0f, 0xe0, 0x0f, 0xe0, 0x0d, 0xc8, 0x0e, 0xc8, 0x0e, 0xc8, 0x0e, 0xd0,
    0x0e, 0xc8, 0x0e, 0xc8, 0x0e, 0xd0, 0x0e, 0xc8, 0x0e, 0xd0, 0x0e, 0xd0,
    0x0e, 0xd0, 0x0e, 0xd0, 0x0f, 0xd0, 0x0e, 0xd8, 0x0e, 0xd0, 0x0d, 0xc0,
    0x0d, 0xc0, 0x0d, 0xc0, 0x0d, 0xc0, 0x0e, 0xc0, 0x0d, 0xc0, 0x0e, 0xc8,
    0x0e, 0xc8, 0x0d, 0xc8, 0x0e, 0xc8, 0x0e, 0xc8, 0x0e, 0xc8, 0x0e, 0xd0,
    0x0e, 0xc8, 0x0e, 0xc8, 0x0e, 0xd0, 0x0f, 0xd0, 0x0e, 0xd0, 0x0e, 0xd0,
    0x0f, 0xd0, 0x0e, 0xd8, 0x0e, 0xd0, 0x0f, 0xd8, 0x0e, 0xd8, 0x0e, 0xd8,
    0x0f, 0xd8, 0x0f, 0xd8, 0x0f, 0xd8, 0x0f, 0xe0, 0x0e, 0xd8, 0x0e, 0xd0,
    0x0e, 0xc8, 0x0e, 0xc8, 0x0e, 0xc8, 0x0e, 0xd0, 0x0e, 0xd0, 0x0f, 0xd0,
    0x0e, 0xd0, 0x0e, 0xd0, 0x0f, 0xd0, 0x0e, 0xd0, 0x0f, 0xd8, 0x0f, 0xd8,
    0x0e, 0xd8, 0x0f, 0xd8, 0x0f, 0xd8, 0x0f, 0xd8, 0x0f, 0xd8, 0x0f, 0xd8,
    0x0f, 0xe0, 0x0f, 0xe0, 0x10, 0xe0, 0x0f, 0xd8, 0x0e, 0xd0, 0x0f, 0xd0,
    0x0f, 0xd8, 0x0e, 0xd0, 0x0f, 0xd8, 0x0f, 0xd8, 0x0f, 0xd8, 0x0f, 0xd8,
    0x0f, 0xd8, 0x0f, 0xe0, 0x0f, 0xd8, 0x0f, 0xe0, 0x0f, 0xe0, 0x10, 0xe0,
    0x0f, 0xe0, 0x10, 0xe0, 0x10, 0xe0, 0x10, 0xe8, 0x0f, 0xd8, 0x0e, 0xd0,
    0x0f, 0xd8, 0x0f, 0xd8, 0x0f, 0xd8, 0x0f, 0xe0, 0x0f, 0xd8, 0x0f, 0xe0,
    0x10, 0xe0, 0x0f, 0xe0, 0x10, 0xe0, 0x0f, 0xe0, 0x0f, 0xe0, 0x10, 0xe8,
    0x10, 0xe8, 0x0f, 0xe0, 0x0f, 0xe0, 0x0f, 0xd8, 0x0f, 0xd8, 0x0f, 0xd8,
    0x0f, 0xd8, 0x0f, 0xe0, 0x10, 0xe0, 0x0f, 0xe0, 0x0f, 0xe0, 0x10, 0xe0,
    0x10, 0xe8, 0x10, 0xe8, 0x10, 0xe0, 0x10, 0xe8, 0x0f, 0xe0, 0x0f, 0xd8,
    0x0f, 0xe0, 0x10, 0xe0, 0x0f, 0xe0, 0x0f, 0xe0, 0x10, 0xe0, 0x0f, 0xe0,
    0x0f, 0xe8, 0x10, 0xe8, 0x10, 0xe8, 0x10, 0xe0, 0x0f, 0xe8, 0x10, 0xe8,
    0x0f, 0xe0, 0x0f, 0xd8, 0x0f, 0xe0, 0x10, 0xe0, 0x0f, 0xe0, 0x0f, 0xe0,
    0x10, 0xe0, 0x10, 0xe0, 0x10, 0xe8, 0x10, 0xe8, 0x0f, 0xe8, 0x10, 0xe8,
    0x10, 0xe0, 0x0f, 0xe0, 0x0f, 0xd8, 0x10, 0xe0, 0x10, 0xe0, 0x0f, 0xe0,
    0x10, 0xe0, 0x10, 0xe0, 0x10, 0xe8, 0x10, 0xe8, 0x10, 0xe8, 0x0f, 0xe8,
    0x10, 0xe8, 0x10, 0xe8, 0x0f, 0xe0, 0x0f, 0xd8, 0x0f, 0xe0, 0x0f, 0xd8,
    0x10, 0xe0, 0x0f, 0xe0, 0x10, 0xe0, 0x10, 0xe8, 0x10, 0xe8, 0x0f, 0xe8,
    0x10, 0xe8, 0x10, 0xe8, 0x0f, 0xe8, 0x10, 0xe8, 0x0f, 0xe0, 0x0f, 0xd8,
    0x0f, 0xe0, 0x0f, 0xe0, 0x10, 0xe0, 0x10, 0xe0, 0x10, 0xe0, 0x10, 0xe0,
    0x10, 0xe8, 0x10, 0xe8, 0x10, 0xe8, 0x10, 0xe0, 0x10, 0xe8, 0x10, 0xe8,
    0x10, 0xe8, 0x0f, 0xe0, 0x0f, 0xd8, 0x0f, 0xd8, 0x0f, 0xd8, 0x0f, 0xe0,
    0x0f, 0xe0, 0x0f, 0xe0, 0x10, 0xe0, 0x10, 0xe0, 0x10, 0xe0, 0x10, 0xe8,
    0x10, 0xe8, 0x10, 0xe8, 0x10, 0xe0, 0x10, 0xe8, 0x10, 0xe8, 0x10, 0xe8,
    0x0f, 0xe0, 0x0e, 0xd8, 0x0e, 0xd0, 0x0f, 0xd8, 0x0f, 0xd8, 0x0f, 0xd8,
    0x0f, 0xd8, 0x0f, 0xe0, 0x0f, 0xe0, 0x0f, 0xe0, 0x10, 0xe0, 0x0f, 0xe0,
    0x10, 0xe0, 0x10, 0xe8, 0x10, 0xe8, 0x10, 0xe8, 0x10, 0xe8, 0x10, 0xe8,
    0x0f, 0xe0, 0x10, 0xe8, 0x10, 0xe8, 0x0e, 0xd8, 0x0e, 0xc8, 0x0e, 0xd0,
    0x0e, 0xd0, 0x0f, 0xd0, 0x0e, 0xd8, 0x0e, 0xd0, 0x0f, 0xd8, 0x0f, 0xd8,
    0x0e, 0xd8, 0x0f, 0xd8, 0x0f, 0xd8, 0x0f, 0xe0, 0x0f, 0xe0, 0x0f, 0xe0,
    0x0f, 0xe0, 0x10, 0xe0, 0x0f, 0xe0, 0x10, 0xe0, 0x10, 0xe0, 0x10, 0xe8,
    0x10, 0xe0, 0x10, 0xe8, 0x0f, 0xe0, 0x10, 0xe8, 0x0f, 0xe0, 0x0e, 0xd0,
    0x0e, 0xc0, 0x0d, 0xc0, 0x0e, 0xc8, 0x0e, 0xc8, 0x0e, 0xc8, 0x0d, 0xc8,
    0x0e, 0xc8, 0x0e, 0xc8, 0x0e, 0xd0, 0x0e, 0xd0, 0x0e, 0xd0, 0x0e, 0xd0,
    0x0e, 0xd0, 0x0e, 0xd0, 0x0e, 0xd0, 0x0f, 0xd0, 0x0f, 0xd0, 0x0e, 0xd8,
    0x0f, 0xd8, 0x0f, 0xd8, 0x0f, 0xd8, 0x0f, 0xd8, 0x0f, 0xd8, 0x0f, 0xd8,
    0x0f, 0xd8, 0x0f, 0xe0, 0x0f, 0xe0, 0x0f, 0xd8, 0x0f, 0xe0, 0x0f, 0xe0,
    0x0d, 0xc8, 0x0e, 0xc8, 0x0e, 0xc8, 0x0d, 0xc8, 0x0e, 0xc8, 0x0e, 0xc8,
    0x0e, 0xc8, 0x0e, 0xd0, 0x0e, 0xd0, 0x0e, 0xd0, 0x0e, 0xd0, 0x0e, 0xd0,
    0x0f, 0xd0, 0x0e, 0xd0, 0x0f, 0xd8, 0x0f, 0xd0, 0x0e, 0xc8, 0x0d, 0xc0,
    0x0d, 0xc0, 0x0d, 0xc0, 0x0d, 0xc0, 0x0d, 0xc0, 0x0e, 0xc8, 0x0d, 0xc8,
    0x0e, 0xc8, 0x0e, 0xc8, 0x0e, 0xc8, 0x0e, 0xc8, 0x0e, 0xc8, 0x0e, 0xc8,
    0x0e, 0xd0, 0x0e, 0xd0, 0x0e, 0xd0, 0x0e, 0xd0, 0x0e, 0xd0, 0x0f, 0xd0,
    0x0e, 0xd0, 0x0f, 0xd8, 0x0e, 0xd0, 0x0f, 0xd8, 0x0f, 0xd8, 0x0f, 0xd8,
    0x0f, 0xd8, 0x0f, 0xd8, 0x0f, 0xe0, 0x0f, 0xd8, 0x0e, 0xd0, 0x0e, 0xc8,
    0x0e, 0xc8, 0x0e, 0xd0, 0x0e, 0xd0, 0x0f, 0xd0, 0x0e, 0xd0, 0x0e, 0xd0,
    0x0e, 0xd8, 0x0f, 0xd0, 0x0f, 0xd8, 0x0e, 0xd8, 0x0f, 0xd8, 0x0f, 0xd8,
    0x0f, 0xd8, 0x0f, 0xe0, 0x0f, 0xd8, 0x0f, 0xe0, 0x0f, 0xe0, 0x0f, 0xe0,
    0x10, 0xe0, 0x0f, 0xe0, 0x0f, 0xd8, 0x0e, 0xd0, 0x0f, 0xd0, 0x0f, 0xd0,
    0x0e, 0xd0, 0x0f, 0xd8, 0x0f, 0xd8, 0x0f, 0xd8, 0x0f, 0xd8, 0x0f, 0xd8,
    0x0f, 0xe0, 0x0f, 0xe0, 0x0f, 0xd8, 0x0f, 0xe0, 0x10, 0xe0, 0x0f, 0xe0,
    0x0f, 0xe0, 0x10, 0xe8, 0x0f, 0xe0, 0x0f, 0xd8, 0x0e, 0xd8, 0x0f, 0xd8,
    0x0f, 0xd8, 0x0f, 0xd8, 0x0f, 0xe0, 0x0f, 0xd8, 0x0f, 0xe0, 0x10, 0xe0,
    0x10, 0xe0, 0x0f, 0xe0, 0x10, 0xe0, 0x10, 0xe8, 0x10, 0xe0, 0x10, 0xe8,
    0x0f, 0xe0, 0x0f, 0xd8, 0x0f, 0xd8, 0x0f, 0xe0, 0x0f, 0xe0, 0x10, 0xd8,
    0x10, 0xe0, 0x0f, 0xe0, 0x10, 0xe0, 0x10, 0xe0, 0x0f, 0xe8, 0x10, 0xe8,
    0x10, 0xe0, 0x10, 0xe8, 0x0f, 0xe8, 0x0f, 0xe0, 0x0f, 0xd8, 0x0f, 0xe0,
    0x0f, 0xe0, 0x10, 0xe0, 0x10, 0xe0, 0x0f, 0xe0, 0x10, 0xe0, 0x10, 0xe8,
    0x10, 0xe8, 0x10, 0xe8, 0x10, 0xe8, 0x0f, 0xe0, 0x0f, 0xe0, 0x0f, 0xe0,
    0x0f, 0xe0, 0x10, 0xe0, 0x0f, 0xe0, 0x0f, 0xe0, 0x10, 0xe0, 0x10, 0xe8,
    0x0f, 0xe0, 0x10, 0xe0, 0x10, 0xe8, 0x10, 0xe8, 0x10, 0xe0, 0x0f, 0xe0,
    0x0f, 0xe0, 0x0f, 0xe0, 0x0f, 0xe0, 0x10, 0xe0, 0x10, 0xe0, 0x10, 0xe8,
    0x0f, 0xe8, 0x10, 0xe0, 0x10, 0xe8, 0x10, 0xe0, 0x10, 0xe8, 0x10, 0xe8,
    0x0f, 0xe0, 0x0f, 0xd8, 0x10, 0xe0, 0x0f, 0xe0, 0x10, 0xe0, 0x0f, 0xe0,
    0x10, 0xe0, 0x10, 0xe8, 0x10, 0xe8, 0x0f, 0xe0, 0x10, 0xe8, 0x10, 0xe8,
    0x10, 0xe0, 0x10, 0xe0, 0x0f, 0xe0, 0x0f, 0xd8, 0x0f, 0xe0, 0x0f, 0xe0,
    0x10, 0xe0, 0x0f, 0xe0, 0x10, 0xe8, 0x10, 0xe8, 0x0f, 0xe8, 0x0f, 0xe8,
    0x10, 0xe8, 0x0f, 0xe8, 0x10, 0xe0, 0x10, 0xe8, 0x0f, 0xe0, 0x0f, 0xd8,
    0x0f, 0xd8, 0x0f, 0xd8, 0x0f, 0xe0, 0x0f, 0xe0, 0x10, 0xe0, 0x10, 0xe0,
    0x0f, 0xe0, 0x0f, 0xe0, 0x10, 0xe8, 0x10, 0xe8, 0x0f, 0xe8, 0x10, 0xe8,
    0x0f, 0xe0, 0x0f, 0xe8, 0x10, 0xe8, 0x10, 0xe0, 0x0f, 0xd8, 0x0e, 0xd0,
    0x0f, 0xd8, 0x0f, 0xd8, 0x0f, 0xd8, 0x0f, 0xd8, 0x0f, 0xe0, 0x0f, 0xe0,
    0x0f, 0xe0, 0x10, 0xe0, 0x10, 0xe0, 0x10, 0xe0, 0x0f, 0xe8, 0x0f, 0xe8,
    0x10, 0xe0, 0x0f, 0xe0, 0x10, 0xe8, 0x10, 0xe8, 0x10, 0xe8, 0x10, 0xe0,
    0x0f, 0xd8, 0x0e, 0xd0, 0x0e, 0xd0, 0x0e, 0xd0, 0x0e, 0xd0, 0x0f, 0xd0,
    0x0f, 0xd8, 0x0e, 0xd8, 0x0f, 0xd8, 0x0f, 0xd8, 0x0f, 0xd8, 0x0f, 0xe0,
    0x0f, 0xe0, 0x0f, 0xe0, 0x0f, 0xd8, 0x10, 0xe0, 0x10, 0xe0, 0x0f, 0xe0,
    0x10, 0xe0, 0x10, 0xe0, 0x0f, 0xe8, 0x10, 0xe8, 0x10, 0xe8, 0x0f, 0xe8,
    0x10, 0xe8, 0x0f, 0xe0, 0x0e, 0xd0, 0x0d, 0xc0, 0x0e, 0xc8, 0x0e, 0xc8,
    0x0e, 0xc8, 0x0e, 0xc8, 0x0e, 0xc8, 0x0e, 0xc8, 0x0e, 0xd0, 0x0e, 0xd0,
    0x0e, 0xd0, 0x0e, 0xd0, 0x0e, 0xd0, 0x0e, 0xd0, 0x0f, 0xd0, 0x0e, 0xd0,
    0x0f, 0xd0, 0x0f, 0xd8, 0x0e, 0xd8, 0x0f, 0xd8, 0x0f, 0xd8, 0x0f, 0xd8,
    0x0f, 0xd8, 0x0f, 0xd8, 0x0f, 0xd8, 0x0f, 0xe0, 0x0f, 0xe0, 0x0f, 0xe0,
    0x0f, 0xe0, 0x10, 0xe0, 0x10, 0xe0, 0x0f, 0xe0, 0x0d, 0xc0, 0x0d, 0xc8,
    0x0e, 0xc8, 0x0e, 0xc8, 0x0e, 0xc8, 0x0e, 0xd0, 0x0e, 0xc8, 0x0e, 0xc8,
    0x0e, 0xd0, 0x0e, 0xd0, 0x0f, 0xd0, 0x0e, 0xd0, 0x0e, 0xd0, 0x0e, 0xd0,
    0x0e, 0xd0, 0x0f, 0xd0, 0x0f, 0xd8, 0x0e, 0xd0, 0x0e, 0xc0, 0x0d, 0xc0,
    0x0d, 0xc0, 0x0d, 0xc0, 0x0d, 0xc0, 0x0d, 0xc0, 0x0d, 0xc8, 0x0d, 0xc8,
    0x0e, 0xc8, 0x0e, 0xc8, 0x0e, 0xc8, 0x0e, 0xc8, 0x0e, 0xc8, 0x0e, 0xd0,
    0x0e, 0xd0, 0x0e, 0xd0, 0x0e, 0xd0, 0x0f, 0xd0, 0x0e, 0xd8, 0x0f, 0xd0,
    0x0f, 0xd0, 0x0e, 0xd0, 0x0f, 0xd8, 0x0f, 0xd8, 0x0f, 0xd8, 0x0f, 0xd8,
    0x0f, 0xd8, 0x0f, 0xe0, 0x0f, 0xd8, 0x0e, 0xd0, 0x0e, 0xc8, 0x0e, 0xc8,
    0x0e, 0xd0, 0x0e, 0xd0, 0x0f, 0xd0, 0x0e, 0xd0, 0x0e, 0xd0, 0x0f, 0xd0,
    0x0e, 0xd0, 0x0f, 0xd8, 0x0f, 0xd8, 0x0f, 0xd8, 0x0f, 0xd8, 0x0f, 0xd8,
    0x0f, 0xd8, 0x0f, 0xe0, 0x10, 0xd8, 0x0f, 0xe0, 0x0f, 0xe0, 0x10, 0xe0,
    0x0f, 0xe0, 0x0f, 0xd8, 0x0e, 0xd0, 0x0e, 0xd0, 0x0f, 0xd8, 0x0e, 0xd8,
    0x0e, 0xd8, 0x0f, 0xd8, 0x0f, 0xd8, 0x0f, 0xd8, 0x0f, 0xe0, 0x10, 0xd8,
    0x0f, 0xe0, 0x10, 0xe0, 0x10, 0xe0, 0x0f, 0xe0, 0x0f, 0xe0, 0x10, 0xe0,
    0x10, 0xe8, 0x0f, 0xd8, 0x0e, 0xd8, 0x0f, 0xd8, 0x0f, 0xd8, 0x0f, 0xd8,
    0x0f, 0xe0, 0x0f, 0xe0, 0x0f, 0xd8, 0x0f, 0xe0, 0x10, 0xe0, 0x0f, 0xe0,
    0x10, 0xe0, 0x10, 0xe8, 0x0f, 0xe0, 0x10, 0xe8, 0x0f, 0xe8, 0x0f, 0xe0,
    0x0f, 0xd8, 0x0f, 0xe0, 0x0f, 0xe0, 0x0f, 0xe0, 0x0f, 0xe0, 0x10, 0xe0,
    0x0f, 0xe0, 0x10, 0xe0, 0x10, 0xe8, 0x0f, 0xe8, 0x10, 0xe8, 0x10, 0xe8,
    0x10, 0xe0, 0x0f, 0xe0, 0x0f, 0xd8, 0x0f, 0xe0, 0x10, 0xe0, 0x10, 0xe0,
    0x0f, 0xe0, 0x0f, 0xe0, 0x10, 0xe0, 0x10, 0xe0, 0x0f, 0xe8, 0x10, 0xe8,
    0x10, 0xe8, 0x10, 0xe0, 0x10, 0xe0, 0x0f, 0xe0, 0x0f, 0xe0, 0x10, 0xe0,
    0x10, 0xe0, 0x10, 0xe0, 0x10, 0xe8, 0x10, 0xe8, 0x0f, 0xe8, 0x10, 0xe8,
    0x10, 0xe8, 0x0f, 0xe8, 0x10, 0xe8, 0x0f, 0xe0, 0x0f, 0xd8, 0x0f, 0xe0,
    0x10, 0xe0, 0x0f, 0xe0, 0x10, 0xe0, 0x10, 0xe8, 0x0f, 0xe8, 0x10, 0xe8,
    0x10, 0xe0, 0x0f, 0xe8, 0x10, 0xe8, 0x10, 0xe0, 0x0f, 0xe0, 0x0f, 0xe0,
    0x10, 0xe0, 0x10, 0xe0, 0x0f, 0xe0, 0x10, 0xe0, 0x10, 0xe8, 0x10, 0xe8,
    0x0f, 0xe8, 0x10, 0xe8, 0x10, 0xe0, 0x0f, 0xe8, 0x10, 0xe8, 0x0f, 0xe0,
    0x0f, 0xd8, 0x0f, 0xe0, 0x0f, 0xe0, 0x10, 0xe0, 0x0f, 0xe0, 0x0f, 0xe0,
    0x10, 0xe0, 0x10, 0xe8, 0x10, 0xe0, 0x10, 0xe0, 0x10, 0xe8, 0x0f, 0xe8,
    0x10, 0xe8, 0x10, 0xe8, 0x0f, 0xe0, 0x0f, 0xd8, 0x0f, 0xd8, 0x0f, 0xe0,
    0x0f, 0xe0, 0x0f, 0xe0, 0x10, 0xe0, 0x10, 0xe0, 0x10, 0xe0, 0x10, 0xe8,
    0x10, 0xe8, 0x0f, 0xe0, 0x10, 0xe8, 0x10, 0xe8, 0x10, 0xe8, 0x10, 0xe8,
    0x0f, 0xe0, 0x0f, 0xd8, 0x0e, 0xd0, 0x0f, 0xd8, 0x0f, 0xd8, 0x0f, 0xd8,
    0x0f, 0xd8, 0x0f, 0xe0, 0x0f, 0xe0, 0x0f, 0xe0, 0x10, 0xe0, 0x0f, 0xe0,
    0x10, 0xe0, 0x10, 0xe8, 0x10, 0xe8, 0x10, 0xe8, 0x10, 0xe8, 0x0f, 0xe8,
    0x10, 0xe8, 0x10, 0xe8, 0x10, 0xe8, 0x0f, 0xd8, 0x0e, 0xd0, 0x0e, 0xd0,
    0x0e, 0xd0, 0x0f, 0xd0, 0x0f, 0xd8, 0x0e, 0xd8, 0x0f, 0xd8, 0x0f, 0xd8,
    0x0f, 0xd8, 0x0f, 0xd8, 0x0f, 0xe0, 0x0f, 0xe0, 0x0f, 0xe0, 0x0f, 0xe0,
    0x10, 0xe0, 0x0f, 0xe0, 0x10, 0xe0, 0x10, 0xe0, 0x10, 0xe8, 0x10, 0xe8,
    0x0f, 0xe8, 0x10, 0xe8, 0x10, 0xe0, 0x10, 0xe8, 0x0f, 0xe0, 0x0e, 0xc8,
    0x0e, 0xc0, 0x0e, 0xc8, 0x0e, 0xc8, 0x0e, 0xc8, 0x0e, 0xc8, 0x0e, 0xd0,
    0x0e, 0xc8, 0x0e, 0xd0, 0x0e, 0xd0, 0x0e, 0xd0, 0x0e, 0xd0, 0x0e, 0xd0,
    0x0f, 0xd0, 0x0f, 0xd0, 0x0e, 0xd0, 0x0f, 0xd8, 0x0f, 0xd8, 0x0f, 0xd8,
    0x0f, 0xd8, 0x0f, 0xd8, 0x0f, 0xd8, 0x0f, 0xd8, 0x0f, 0xe0, 0x0f, 0xe0,
    0x0f, 0xe0, 0x0f, 0xe0, 0x0f, 0xe0, 0x10, 0xe0, 0x10, 0xe0, 0x0f, 0xe0,
    0x10, 0xe0, 0x10, 0xe0, 0x0d, 0xc0, 0x0e, 0xc0, 0x0e, 0xc8, 0x0e, 0xc8,
    0x0e, 0xc8, 0x0e, 0xc8, 0x0e, 0xc8, 0x0e, 0xc8, 0x0e, 0xc8, 0x0e, 0xc8,
    0x0e, 0xd0, 0x0e, 0xd0, 0x0e, 0xd0, 0x0e, 0xd0, 0x0f, 0xd0, 0x0e, 0xd8,
    0x0e, 0xd0, 0x0f, 0xd8, 0x0e, 0xd0, 0x0e, 0xc8, 0x0d, 0xc0, 0x0e, 0xc0,
    0x0d, 0xc0, 0x0e, 0xc0, 0x0d, 0xc8, 0x0e, 0xc8, 0x0e, 0xc8, 0x0d, 0xc8,
    0x0e, 0xd0, 0x0e, 0xc8, 0x0e, 0xc8, 0x0e, 0xc8, 0x0e, 0xc8, 0x0e, 0xd0,
    0x0f, 0xd0, 0x0e, 0xd0, 0x0e, 0xd0, 0x0f, 0xd8, 0x0e, 0xd8, 0x0e, 0xd0,
    0x0f, 0xd8, 0x0e, 0xd8, 0x0f, 0xd8, 0x0f, 0xd8, 0x0f, 0xd8, 0x0f, 0xd8,
    0x0f, 0xe0, 0x0f, 0xd8, 0x0e, 0xd0, 0x0e, 0xc8, 0x0e, 0xc8, 0x0e, 0xd0,
    0x0e, 0xd0, 0x0e, 0xd0, 0x0f, 0xd0, 0x0e, 0xd8, 0x0e, 0xd0, 0x0f, 0xd0,
    0x0e, 0xd8, 0x0e, 0xd8, 0x0f, 0xd8, 0x0f, 0xd8, 0x0f, 0xd8, 0x0f, 0xe0,
    0x0f, 0xe0, 0x0f, 0xd8, 0x0f, 0xe0, 0x10, 0xe0, 0x10, 0xe0, 0x0f, 0xe0,
    0x0f, 0xd8, 0x0f, 0xd0, 0x0f, 0xd0, 0x0f, 0xd8, 0x0e, 0xd8, 0x0f, 0xd8,
    0x0f, 0xd8, 0x0f, 0xd8, 0x0f, 0xe0, 0x0f, 0xe0, 0x0f, 0xd8, 0x0f, 0xe0,
    0x0f, 0xe0, 0x10, 0xe0, 0x10, 0xe0, 0x0f, 0xe0, 0x10, 0xe8, 0x0f, 0xe0,
    0x0f, 0xd8, 0x0f, 0xd8, 0x0f, 0xd8, 0x0f, 0xd8, 0x0f, 0xe0, 0x0f, 0xe0,
    0x0f, 0xe0, 0x0f, 0xe0, 0x0f, 0xe0, 0x10, 0xe0, 0x0f, 0xe0, 0x10, 0xe8,
    0x10, 0xe0, 0x10, 0xe8, 0x10, 0xe8, 0x0f, 0xe0, 0x0f, 0xd8, 0x0f, 0xd8,
    0x0f, 0xe0, 0x0f, 0xe0, 0x10, 0xe0, 0x0f, 0xe0, 0x0f, 0xe0, 0x10, 0xe0,
    0x10, 0xe8, 0x10, 0xe0, 0x0f, 0xe8, 0x10, 0xe8, 0x10, 0xe0, 0x0f, 0xe0,
    0x0f, 0xd8, 0x0f, 0xe0, 0x0f, 0xe0, 0x10, 0xe0, 0x0f, 0xe0, 0x10, 0xe0,
    0x10, 0xe8, 0x10, 0xe8, 0x0f, 0xe0, 0x10, 0xe8, 0x10, 0xe8, 0x10, 0xe8,
    0x0f, 0xe0, 0x0f, 0xd8, 0x0f, 0xe0, 0x10, 0xe0, 0x0f, 0xe0, 0x0f, 0xe0,
    0x10, 0xe8, 0x10, 0xe8, 0x10, 0xe8, 0x10, 0xe0, 0x10, 0xe8, 0x10, 0xe8,
    0x10, 0xe0, 0x0f, 0xe0, 0x0f, 0xe0, 0x10, 0xe0, 0x10, 0xe0, 0x0f, 0xe0,
    0x10, 0xe8, 0x10, 0xe0, 0x10, 0xe8, 0x10, 0xe8, 0x0f, 0xe8, 0x10, 0xe8,
    0x10, 0xe8, 0x0f, 0xe0, 0x0f, 0xe0, 0x0f, 0xe0, 0x0f, 0xe0, 0x10, 0xe0,
    0x10, 0xe0, 0x10, 0xe8, 0x0f, 0xe8, 0x10, 0xe8, 0x10, 0xe0, 0x10, 0xe8,
    0x10, 0xe8, 0x10, 0xe8, 0x10, 0xe8, 0x0f, 0xe0, 0x0f, 0xe0, 0x0f, 0xe0,
    0x10, 0xe0, 0x10, 0xe0, 0x10, 0xe0, 0x10, 0xe0, 0x10, 0xe8, 0x0f, 0xe8,
    0x10, 0xe8, 0x10, 0xe8, 0x10, 0xe8, 0x10, 0xe0, 0x10, 0xe8, 0x0f, 0xe0,
    0x0f, 0xd8, 0x0f, 0xd8, 0x0f, 0xe0, 0x0f, 0xe0, 0x0f, 0xe0, 0x10, 0xe0,
    0x0f, 0xe0, 0x0f, 0xe0, 0x10, 0xe8, 0x10, 0xe8, 0x10, 0xe8, 0x10, 0xe0,
    0x10, 0xe8, 0x0f, 0xe8, 0x10, 0xe0, 0x10, 0xe8, 0x0f, 0xe0, 0x0f, 0xd8,
    0x0f, 0xd8, 0x0f, 0xd8, 0x0f, 0xd8, 0x0f, 0xe0, 0x0f, 0xe0, 0x0f, 0xe0,
    0x0f, 0xe0, 0x10, 0xe0, 0x10, 0xe0, 0x10, 0xe0, 0x10, 0xe8, 0x0f, 0xe8,
    0x10, 0xe0, 0x10, 0xe8, 0x10, 0xe8, 0x10, 0xe0, 0x0f, 0xe8, 0x10, 0xe8,
    0x0f, 0xd8, 0x0e, 0xd0, 0x0e, 0xd0, 0x0e, 0xd0, 0x0f, 0xd0, 0x0f, 0xd8,
    0x0f, 0xd8, 0x0f, 0xd8, 0x0f, 0xd8, 0x0f, 0xd8, 0x0f, 0xd8, 0x0f, 0xe0,
    0x0f, 0xe0, 0x0f, 0xe0, 0x10, 0xe0, 0x10, 0xe0, 0x0f, 0xe0, 0x10, 0xe0,
    0x10, 0xe0, 0x10, 0xe8, 0x0f, 0xe8, 0x10, 0xe8, 0x10, 0xe0, 0x10, 0xe8,
    0x10, 0xe8, 0x0f, 0xd8, 0x0e, 0xc8, 0x0d, 0xc0, 0x0e, 0xc8, 0x0e, 0xc8,
    0x0e, 0xc8, 0x0e, 0xc8, 0x0e, 0xc8, 0x0e, 0xd0, 0x0e, 0xd0, 0x0e, 0xd0,
    0x0e, 0xd0, 0x0e, 0xd0, 0x0f, 0xd0, 0x0f, 0xd0, 0x0e, 0xd8, 0x0f, 0xd8,
    0x0f, 0xd8, 0x0f, 0xd8, 0x0e, 0xd8, 0x0f, 0xd8, 0x0f, 0xd8, 0x0f, 0xd8,
    0x0f, 0xe0, 0x0f, 0xe0, 0x0f, 0xe0, 0x0f, 0xe0, 0x0f, 0xe0, 0x10, 0xe0,
    0x10, 0xe0, 0x0f, 0xe0, 0x0f, 0xe0, 0x10, 0xe0, 0x10, 0xe0, 0x0f, 0xe0,
    0x0d, 0xc0, 0x0d, 0xc8, 0x0d, 0xc8, 0x0d, 0xc8, 0x0e, 0xc8, 0x0e, 0xc8,
    0x0e, 0xd0, 0x0e, 0xc8, 0x0e, 0xc8, 0x0e, 0xc8, 0x0e, 0xd0, 0x0e, 0xd0,
    0x0e, 0xd0, 0x0f, 0xd0, 0x0e, 0xd0, 0x0e, 0xd0, 0x0f, 0xd0, 0x0e, 0xd0,
    0x0f, 0xd8, 0x0f, 0xd8, 0x0e, 0xc8, 0x0d, 0xc0, 0x0d, 0xc0, 0x0d, 0xc0,
    0x0e, 0xc8, 0x0d, 0xc8, 0x0d, 0xc8, 0x0e, 0xc8, 0x0e, 0xc8, 0x0e, 0xd0,
    0x0e, 0xd0, 0x0e, 0xc8, 0x0e, 0xd0, 0x0e, 0xd0, 0x0e, 0xd0, 0x0e, 0xd0,
    0x0e, 0xd0, 0x0f, 0xd0, 0x0e, 0xd8, 0x0f, 0xd0, 0x0f, 0xd0, 0x0e, 0xd8,
    0x0f, 0xd8, 0x0f, 0xd8, 0x0f, 0xd8, 0x0f, 0xd8, 0x0f, 0xe0, 0x0f, 0xe0,
    0x0f, 0xd8, 0x0e, 0xd0, 0x0e, 0xc8, 0x0e, 0xd0, 0x0e, 0xd0, 0x0f, 0xd0,
    0x0e, 0xd0, 0x0e, 0xd8, 0x0f, 0xd0, 0x0f, 0xd8, 0x0f, 0xd8, 0x0f, 0xd8,
    0x0f, 0xd8, 0x0f, 0xd8, 0x0f, 0xd8, 0x0f, 0xd8, 0x0f, 0xe0, 0x0f, 0xe0,
    0x0f, 0xe0, 0x0f, 0xe0, 0x10, 0xe0, 0x10, 0xe0, 0x0f, 0xe0, 0x0e, 0xd8,
    0x0e, 0xd0, 0x0f, 0xd0, 0x0f, 0xd8, 0x0f, 0xd8, 0x0f, 0xd8, 0x0f, 0xd8,
    0x0f, 0xd8, 0x0f, 0xd8, 0x0f, 0xe0, 0x0f, 0xe0, 0x0f, 0xe0, 0x10, 0xe0,
    0x0f, 0xe0, 0x10, 0xe0, 0x10, 0xe0, 0x10, 0xe8, 0x0f, 0xe0, 0x0f, 0xd8,
    0x0f, 0xd8, 0x0f, 0xd8, 0x0f, 0xd8, 0x0f, 0xe0, 0x10, 0xe0, 0x0f, 0xd8,
    0x10, 0xe0, 0x10, 0xe0, 0x0f, 0xe0, 0x10, 0xe8, 0x10, 0xe0, 0x10, 0xe0,
    0x10, 0xe8, 0x10, 0xe0, 0x0f, 0xd8, 0x0f, 0xd8, 0x0f, 0xe0, 0x10, 0xe0,
    0x0f, 0xe0, 0x0f, 0xe0, 0x10, 0xe0, 0x10, 0xe0, 0x10, 0xe8, 0x0f, 0xe0,
    0x10, 0xe8, 0x10, 0xe8, 0x10, 0xe8, 0x0f, 0xe0, 0x0f, 0xe0, 0x10, 0xe0,
    0x0f, 0xe0, 0x10, 0xe0, 0x0f, 0xe0, 0x10, 0xe0, 0x10, 0xe8, 0x10, 0xe0,
    0x10, 0xe8, 0x0f, 0xe8, 0x10, 0xe0, 0x10, 0xe8, 0x10, 0xe0, 0x0f, 0xe0,
    0x0f, 0xe0, 0x10, 0xe0, 0x0f, 0xe0, 0x10, 0xe0, 0x10, 0xe8, 0x0f, 0xe0,
    0x10, 0xe8, 0x0f, 0xe8, 0x10, 0xe0, 0x10, 0xe8, 0x10, 0xe8, 0x0f, 0xe0,
    0x0f, 0xe0, 0x10, 0xe0, 0x0f, 0xe0, 0x10, 0xe0, 0x10, 0xe8, 0x0f, 0xe8,
    0x10, 0xe0, 0x10, 0xe8, 0x10, 0xe8, 0x10, 0xe0, 0x10, 0xe8, 0x10, 0xe0,
    0x0f, 0xe0, 0x0f, 0xd8, 0x0f, 0xe0, 0x0f, 0xe0, 0x10, 0xe0, 0x10, 0xe0,
    0x0f, 0xe8, 0x10, 0xe8, 0x10, 0xe8, 0x0f, 0xe0, 0x10, 0xe8, 0x10, 0xe8,
    0x0f, 0xe0, 0x0f, 0xe0, 0x0f, 0xd8, 0x10, 0xe0, 0x0f, 0xe0, 0x0f, 0xe0,
    0x10, 0xe0, 0x10, 0xe8, 0x10, 0xe8, 0x0f, 0xe8, 0x10, 0xe8, 0x10, 0xe8,
    0x0f, 0xe8, 0x10, 0xe8, 0x10, 0xe8, 0x0f, 0xe0, 0x0f, 0xd8, 0x0f, 0xd8,
    0x0f, 0xe0, 0x0f, 0xe0, 0x10, 0xe0, 0x10, 0xe0, 0x10, 0xe0, 0x10, 0xe8,
    0x0f, 0xe8, 0x10, 0xe8, 0x0f, 0xe8, 0x10, 0xe8, 0x10, 0xe8, 0x0f, 0xe0,
    0x10, 0xe8, 0x10, 0xe0, 0x0f, 0xd8, 0x0f, 0xd8, 0x0f, 0xd8, 0x0f, 0xd8,
    0x0f, 0xe0, 0x0f, 0xe0, 0x0f, 0xe0, 0x10, 0xe0, 0x10, 0xe0, 0x0f, 0xe0,
    0x10, 0xe0, 0x10, 0xe8, 0x10, 0xe8, 0x10, 0xe8, 0x0f, 0xe8, 0x10, 0xe0,
    0x10, 0xe8, 0x10, 0xe8, 0x10, 0xe8, 0x0f, 0xd8, 0x0e, 0xd0, 0x0e, 0xd0,
    0x0e, 0xd0, 0x0f, 0xd8, 0x0f, 0xd8, 0x0f, 0xd8, 0x0f, 0xd8, 0x0f, 0xd8,
    0x0f, 0xd8, 0x0f, 0xe0, 0x0f, 0xe0, 0x0f, 0xe0, 0x0f, 0xe0, 0x10, 0xe0,
    0x10, 0xe0, 0x0f, 0xe0, 0x10, 0xe0, 0x10, 0xe8, 0x10, 0xe8, 0x0f, 0xe8,
    0x10, 0xe0, 0x10, 0xe0, 0x10, 0xe8, 0x0f, 0xe8, 0x0f, 0xd8, 0x0d, 0xc8,
    0x0d, 0xc8, 0x0e, 0xc8, 0x0e, 0xc8, 0x0e, 0xc8, 0x0e, 0xd0, 0x0e, 0xd0,
    0x0e, 0xd0, 0x0e, 0xd0, 0x0e, 0xd0, 0x0e, 0xd0, 0x0e, 0xd0, 0x0f, 0xd0,
    0x0e, 0xd0, 0x0f, 0xd8, 0x0e, 0xd8, 0x0f, 0xd8, 0x0f, 0xd8, 0x0f, 0xd8,
    0x0f, 0xd8, 0x0f, 0xd8, 0x0f, 0xe0, 0x0f, 0xe0, 0x0f, 0xe0, 0x0f, 0xe0,
    0x0f, 0xd8, 0x0f, 0xe0, 0x10, 0xe0, 0x0f, 0xe0, 0x10, 0xe0, 0x10, 0xe0,
    0x10, 0xe8, 0x0f, 0xe0, 0x0e, 0xd0, 0x0d, 0xb8, 0x0d, 0xc0, 0x0e, 0xc0,
    0x0d, 0xc8, 0x0d, 0xc0, 0x0e, 0xc8, 0x0d, 0xc8, 0x0e, 0xc8, 0x0e, 0xd0,
    0x0e, 0xc8, 0x0e, 0xd0, 0x0e, 0xc8, 0x0e, 0xd0, 0x0e, 0xd0, 0x0e, 0xd0,
    0x0e, 0xd0, 0x0f, 0xd0, 0x0e, 0xd8, 0x0f, 0xd0, 0x0e, 0xd0, 0x0e, 0xd8,
    0x0f, 0xd8, 0x0e, 0xd0, 0x0e, 0xc8, 0x0d, 0xc0, 0x0d, 0xc0, 0x0e, 0xc8,
    0x0e, 0xc0, 0x0e, 0xc8, 0x0e, 0xc8, 0x0e, 0xc8, 0x0e, 0xc8, 0x0e, 0xc8,
    0x0e, 0xd0, 0x0e, 0xd0, 0x0e, 0xd0, 0x0e, 0xd0, 0x0e, 0xd0, 0x0f, 0xd0,
    0x0f, 0xd0, 0x0e, 0xd8, 0x0e, 0xd8, 0x0f, 0xd8, 0x0f, 0xd8, 0x0f, 0xd8,
    0x0f, 0xd8, 0x0f, 0xd8, 0x0f, 0xd8, 0x0f, 0xe0, 0x0f, 0xe0, 0x0f, 0xd8,
    0x0f, 0xd0, 0x0e, 0xd0, 0x0e, 0xd0, 0x0e, 0xd0, 0x0e, 0xd0, 0x0f, 0xd0,
    0x0e, 0xd0, 0x0e, 0xd8, 0x0f, 0xd8, 0x0f, 0xd8, 0x0e, 0xd8, 0x0f, 0xd8,
    0x0f, 0xd8, 0x0f, 0xd8, 0x0f, 0xe0, 0x10, 0xd8, 0x0f, 0xe0, 0x0f, 0xe0,
    0x0f, 0xe0, 0x10, 0xe0, 0x10, 0xe0, 0x0f, 0xe0, 0x0f, 0xd8, 0x0e, 0xd0,
    0x0f, 0xd8, 0x0f, 0xd8, 0x0e, 0xd8, 0x0f, 0xd8, 0x0f, 0xd8, 0x0f, 0xe0,
    0x10, 0xe0, 0x0f, 0xd8, 0x0f, 0xe0, 0x10, 0xe0, 0x0f, 0xe0, 0x0f, 0xe0,
    0x10, 0xe0, 0x10, 0xe8, 0x10, 0xe0, 0x0f, 0xe0, 0x0f, 0xd8, 0x0f, 0xd8,
    0x0f, 0xe0, 0x0f, 0xd8, 0x0f, 0xd8, 0x0f, 0xe0, 0x0f, 0xe0, 0x10, 0xe0,
    0x0f, 0xe0, 0x0f, 0xe0, 0x10, 0xe8, 0x0f, 0xe8, 0x10, 0xe8, 0x10, 0xe8,
    0x0f, 0xe0, 0x0f, 0xd8, 0x0f, 0xd8, 0x0f, 0xe0, 0x0f, 0xe0, 0x10, 0xe0,
    0x0f, 0xe0, 0x10, 0xe8, 0x10, 0xe0, 0x0f, 0xe8, 0x10, 0xe8, 0x10, 0xe8,
    0x10, 0xe8, 0x10, 0xe0, 0x0f, 0xe0, 0x0f, 0xd8, 0x10, 0xe0, 0x0f, 0xe0,
    0x10, 0xe0, 0x0f, 0xe0, 0x10, 0xe8, 0x10, 0xe8, 0x0f, 0xe8, 0x10, 0xe8,
    0x10, 0xe8, 0x0f, 0xe8, 0x10, 0xe0, 0x0f, 0xe0, 0x0f, 0xe0, 0x10, 0xe0,
    0x10, 0xe0, 0x10, 0xe0, 0x10, 0xe8, 0x10, 0xe0, 0x10, 0xe8, 0x0f, 0xe8,
    0x10, 0xe8, 0x10, 0xe8, 0x0f, 0xe0, 0x0f, 0xe0, 0x0f, 0xe0, 0x10, 0xe0,
    0x0f, 0xe0, 0x10, 0xe0, 0x10, 0xe8, 0x10, 0xe8, 0x0f, 0xe8, 0x10, 0xe0,
    0x0f, 0xe8, 0x10, 0xe8, 0x10, 0xe8, 0x0f, 0xe0, 0x0f, 0xe0, 0x10, 0xe0,
    0x10, 0xe0, 0x0f, 0xe0, 0x10, 0xe8, 0x10, 0xe8, 0x10, 0xe8, 0x10, 0xe0,
    0x0f, 0xe8, 0x10, 0xe8, 0x10, 0xe8, 0x10, 0xe0, 0x0f, 0xe0, 0x0f, 0xe0,
    0x0f, 0xd8, 0x10, 0xe0, 0x10, 0xe0, 0x0f, 0xe0, 0x10, 0xe8, 0x10, 0xe8,
    0x0f, 0xe0, 0x10, 0xe8, 0x10, 0xe0, 0x0f, 0xe0, 0x10, 0xe8, 0x10, 0xe8,
    0x0f, 0xe0, 0x0f, 0xe0, 0x0f, 0xd8, 0x0f, 0xe0, 0x0f, 0xe0, 0x10, 0xe0,
    0x0f, 0xe0, 0x10, 0xe0, 0x10, 0xe0, 0x10, 0xe8, 0x10, 0xe8, 0x10, 0xe0,
    0x0f, 0xe8, 0x10, 0xe8, 0x10, 0xe0, 0x10, 0xe8, 0x10, 0xe8, 0x0f, 0xd8,
    0x0e, 0xd8, 0x0f, 0xd8, 0x0f, 0xd8, 0x0f, 0xd8, 0x0f, 0xe0, 0x0f, 0xe0,
    0x0f, 0xe0, 0x10, 0xe0, 0x0f, 0xe0, 0x10, 0xe0, 0x10, 0xe8, 0x0f, 0xe8,
    0x10, 0xe0, 0x10, 0xe8, 0x0f, 0xe8, 0x10, 0xe8, 0x0f, 0xe8, 0x10, 0xe8,
    0x0f, 0xe0, 0x0e, 0xd0, 0x0e, 0xd0, 0x0f, 0xd0, 0x0f, 0xd8, 0x0e, 0xd8,
    0x0f, 0xd8, 0x0f, 0xd8, 0x0e, 0xd8, 0x0f, 0xd8, 0x0f, 0xe0, 0x0f, 0xe0,
    0x0f, 0xd8, 0x10, 0xe0, 0x10, 0xe0, 0x0f, 0xe0, 0x10, 0xe0, 0x10, 0xe0,
    0x10, 0xe0, 0x0f, 0xe8, 0x10, 0xe8, 0x10, 0xe8, 0x10, 0xe0, 0x10, 0xe8,
    0x0f, 0xe0, 0x0e, 0xd8, 0x0e, 0xc8, 0x0e, 0xc8, 0x0e, 0xc8, 0x0e, 0xc8,
    0x0e, 0xc8, 0x0e, 0xd0, 0x0e, 0xd0, 0x0e, 0xd0, 0x0e, 0xd0, 0x0e, 0xd0,
    0x0e, 0xd0, 0x0f, 0xd0, 0x0f, 0xd0, 0x0e, 0xd8, 0x0f, 0xd8, 0x0f, 0xd8,
    0x0f, 0xd8, 0x0f, 0xd8, 0x0f, 0xd8, 0x0f, 0xd8, 0x0f, 0xe0, 0x0f, 0xe0,
    0x0f, 0xe0, 0x0f, 0xe0, 0x0f, 0xd8, 0x10, 0xe0, 0x10, 0xe0, 0x10, 0xe0,
    0x0f, 0xe0, 0x10, 0xe0, 0x10, 0xe0, 0x10, 0xe8, 0x0f, 0xd8, 0x0d, 0xc0,
    0x0c, 0xb8, 0x0d, 0xb8, 0x0d, 0xc0, 0x0e, 0xc0, 0x0d, 0xc0, 0x0d, 0xc8,
    0x0e, 0xc8, 0x0e, 0xc8, 0x0d, 0xc8, 0x0e, 0xc8, 0x0e, 0xc8, 0x0e, 0xc8,
    0x0e, 0xc8, 0x0e, 0xd0, 0x0e, 0xd0, 0x0e, 0xd0, 0x0f, 0xd0, 0x0e, 0xd0,
    0x0e, 0xd0, 0x0f, 0xd8, 0x0f, 0xd0, 0x0e, 0xd0, 0x0f, 0xd8, 0x0f, 0xd8,
    0x0f, 0xd8, 0x0e, 0xc8, 0x0d, 0xc0, 0x0d, 0xc0, 0x0d, 0xc8, 0x0e, 0xc8,
    0x0e, 0xc8, 0x0d, 0xc8, 0x0e, 0xc8, 0x0e, 0xc8, 0x0e, 0xc8, 0x0e, 0xc8,
    0x0e, 0xd0, 0x0f, 0xd0, 0x0e, 0xd0, 0x0e, 0xd0, 0x0f, 0xd8, 0x0e, 0xd0,
    0x0e, 0xd0, 0x0f, 0xd8, 0x0e, 0xd8, 0x0f, 0xd8, 0x0f, 0xd8, 0x0f, 0xd8,
    0x0f, 0xd8, 0x0f, 0xd8, 0x0f, 0xe0, 0x10, 0xe0, 0x0f, 0xd8, 0x0f, 0xd0,
    0x0e, 0xd0, 0x0e, 0xd0, 0x0e, 0xd0, 0x0f, 0xd0, 0x0e, 0xd0, 0x0e, 0xd0,
    0x0f, 0xd0, 0x0e, 0xd8, 0x0f, 0xd8, 0x0f, 0xd8, 0x0f, 0xd8, 0x0f, 0xe0,
    0x0f, 0xd8, 0x0f, 0xe0, 0x10, 0xe0, 0x0f, 0xd8, 0x0f, 0xe0, 0x0f, 0xe0,
    0x0f, 0xe0, 0x10, 0xe0, 0x0f, 0xd8, 0x0e, 0xd8, 0x0e, 0xd8, 0x0f, 0xd8,
    0x0f, 0xd8, 0x0f, 0xd8, 0x0f, 0xe0, 0x0f, 0xe0, 0x0f, 0xd8, 0x0f, 0xd8,
    0x0f, 0xe0, 0x10, 0xe0, 0x10, 0xe0, 0x0f, 0xe0, 0x10, 0xe8, 0x10, 0xe0,
    0x0f, 0xe8, 0x0f, 0xe0, 0x0f, 0xd8, 0x0f, 0xd8, 0x0f, 0xe0, 0x0f, 0xe0,
    0x10, 0xe0, 0x0f, 0xe0, 0x0f, 0xe0, 0x10, 0xe0, 0x10, 0xe0, 0x10, 0xe0,
    0x10, 0xe8, 0x0f, 0xe0, 0x10, 0xe8, 0x10, 0xe8, 0x10, 0xe0, 0x0f, 0xe0,
    0x0f, 0xd8, 0x10, 0xe0, 0x0f, 0xe0, 0x0f, 0xe0, 0x10, 0xe0, 0x0f, 0xe0,
    0x10, 0xe8, 0x10, 0xe0, 0x10, 0xe8, 0x0f, 0xe8, 0x10, 0xe0, 0x10, 0xe8,
    0x0f, 0xe0, 0x0f, 0xe0, 0x10, 0xe0, 0x0f, 0xe0, 0x0f, 0xe0, 0x10, 0xe0,
    0x10, 0xe0, 0x0f, 0xe8, 0x10, 0xe0, 0x10, 0xe8, 0x10, 0xe8, 0x10, 0xe8,
    0x0f, 0xe0, 0x0f, 0xe0, 0x0f, 0xe0, 0x10, 0xe0, 0x0f, 0xe0, 0x10, 0xe0,
    0x0f, 0xe8, 0x10, 0xe8, 0x10, 0xe8, 0x10, 0xe0, 0x10, 0xe8, 0x10, 0xe8,
    0x10, 0xe0, 0x0f, 0xe0, 0x10, 0xe0, 0x0f, 0xe0, 0x0f, 0xe0, 0x10, 0xe0,
    0x10, 0xe8, 0x10, 0xe8, 0x10, 0xe8, 0x10, 0xe8, 0x0f, 0xe0, 0x10, 0xe8,
    0x10, 0xe8, 0x0f, 0xe0, 0x0f, 0xe0, 0x10, 0xe0, 0x10, 0xe0, 0x10, 0xe0,
    0x10, 0xe0, 0x0f, 0xe8, 0x10, 0xe8, 0x10, 0xe8, 0x10, 0xe0, 0x0f, 0xe8,
    0x10, 0xe8, 0x10, 0xe8, 0x0f, 0xe0, 0x0f, 0xe0, 0x0f, 0xe0, 0x10, 0xe0,
    0x0f, 0xe0, 0x10, 0xe0, 0x10, 0xe0, 0x10, 0xe8, 0x10, 0xe8, 0x10, 0xe8,
    0x10, 0xe8, 0x10, 0xe8, 0x10, 0xe8, 0x10, 0xe8, 0x0f, 0xe0, 0x0f, 0xd8,
    0x0f, 0xe0, 0x0f, 0xe0, 0x10, 0xe0, 0x10, 0xe0, 0x0f, 0xe0, 0x10, 0xe0,
    0x10, 0xe8, 0x0f, 0xe8, 0x10, 0xe8, 0x10, 0xe0, 0x10, 0xe8, 0x10, 0xe8,
    0x0f, 0xe8, 0x10, 0xe8, 0x0f, 0xe0, 0x0f, 0xd8, 0x0f, 0xd8, 0x0f, 0xd8,
    0x0f, 0xe0, 0x0f, 0xe0, 0x0f, 0xd8, 0x10, 0xe0, 0x10, 0xe0, 0x0f, 0xe0,
    0x10, 0xe0, 0x10, 0xe8, 0x10, 0xe8, 0x0f, 0xe8, 0x10, 0xe8, 0x10, 0xe0,
    0x10, 0xe8, 0x10, 0xe8, 0x10, 0xe8, 0x0f, 0xe0, 0x0e, 0xd0, 0x0e, 0xd0,
    0x0f, 0xd8, 0x0f, 0xd0, 0x0e, 0xd8, 0x0f, 0xd8, 0x0f, 0xd8, 0x0f, 0xd8,
    0x0f, 0xd8, 0x0f, 0xe0, 0x0f, 0xe0, 0x0f, 0xe0, 0x0f, 0xe0, 0x10, 0xe0,
    0x0f, 0xe0, 0x10, 0xe0, 0x10, 0xe8, 0x10, 0xe8, 0x0f, 0xe8, 0x10, 0xe8,
    0x10, 0xe0, 0x0f, 0xe8, 0x10, 0xe8, 0x0f, 0xe0, 0x0e, 0xd0, 0x0e, 0xc8,
    0x0e, 0xc8, 0x0e, 0xc8, 0x0e, 0xd0, 0x0e, 0xd0, 0x0e, 0xd0, 0x0e, 0xd0,
    0x0e, 0xd0, 0x0e, 0xd0, 0x0e, 0xd0, 0x0e, 0xd0, 0x0f, 0xd8, 0x0f, 0xd8,
    0x0f, 0xd8, 0x0e, 0xd8, 0x0f, 0xd8, 0x0f, 0xd8, 0x0f, 0xd8, 0x0f, 0xd8,
    0x0f, 0xd8, 0x0f, 0xe0, 0x0f, 0xd8, 0x0f, 0xe0, 0x0f, 0xe0, 0x10, 0xe0,
    0x10, 0xe0, 0x0f, 0xe0, 0x0f, 0xe0, 0x10, 0xe0, 0x10, 0xe0, 0x10, 0xe8,
    0x0f, 0xe0, 0x0e, 0xd0, 0x0d, 0xb8, 0x0d, 0xb8, 0x0d, 0xb8, 0x0d, 0xc0,
    0x0d, 0xc0, 0x0d, 0xc0, 0x0e, 0xc0, 0x0e, 0xc0, 0x0d, 0xc8, 0x0d, 0xc8,
    0x0e, 0xc8, 0x0e, 0xc8, 0x0e, 0xc8, 0x0e, 0xc8, 0x0e, 0xc8, 0x0e, 0xc8,
    0x0e, 0xd0, 0x0e, 0xd0, 0x0e, 0xd0, 0x0e, 0xd0, 0x0e, 0xd0, 0x0e, 0xd0,
    0x0e, 0xd0, 0x0f, 0xd8, 0x0e, 0xd0, 0x0f, 0xd8, 0x0f, 0xd8, 0x0f, 0xd8,
    0x0e, 0xd0, 0x0d, 0xc8, 0x0d, 0xc0, 0x0d, 0xc8, 0x0e, 0xc8, 0x0e, 0xc8,
    0x0e, 0xc8, 0x0e, 0xd0, 0x0e, 0xc8, 0x0e, 0xd0, 0x0e, 0xd0, 0x0e, 0xd0,
    0x0e, 0xd0, 0x0e, 0xd0, 0x0f, 0xd0, 0x0e, 0xd0, 0x0f, 0xd0, 0x0f, 0xd0,
    0x0e, 0xd8, 0x0f, 0xd8, 0x0f, 0xd8, 0x0f, 0xd8, 0x0f, 0xd8, 0x0f, 0xe0,
    0x0f, 0xd8, 0x0f, 0xe0, 0x10, 0xe0, 0x0f, 0xd8, 0x0f, 0xd0, 0x0e, 0xd0,
    0x0e, 0xd0, 0x0f, 0xd0, 0x0e, 0xd0, 0x0f, 0xd8, 0x0f, 0xd0, 0x0e, 0xd8,
    0x0f, 0xd8, 0x0f, 0xd8, 0x0f, 0xd8, 0x0f, 0xd8, 0x0f, 0xd8, 0x0f, 0xe0,
    0x0f, 0xe0, 0x0f, 0xd8, 0x0f, 0xe0, 0x10, 0xe0, 0x10, 0xe0, 0x0f, 0xe0,
    0x0f, 0xe0, 0x0f, 0xd8, 0x0f, 0xd0, 0x0e, 0xd8, 0x0f, 0xd8, 0x0f, 0xd8,
    0x0f, 0xd8, 0x0f, 0xe0, 0x0f, 0xe0, 0x10, 0xe0, 0x0f, 0xe0, 0x0f, 0xe0,
    0x10, 0xe0, 0x0f, 0xe0, 0x10, 0xe0, 0x10, 0xe8, 0x10, 0xe8, 0x10, 0xe8,
    0x0f, 0xe0, 0x0f, 0xd8, 0x0f, 0xd8, 0x0f, 0xe0, 0x0f, 0xe0, 0x10, 0xe0,
    0x0f, 0xe0, 0x0f, 0xe0, 0x0f, 0xe0, 0x10, 0xe8, 0x10, 0xe0, 0x10, 0xe0,
    0x10, 0xe8, 0x10, 0xe8, 0x10, 0xe8, 0x0f, 0xe0, 0x0f, 0xe0, 0x0f, 0xe0,
    0x0f, 0xd8, 0x10, 0xe0, 0x10, 0xe0, 0x0f, 0xe0, 0x10, 0xe8, 0x10, 0xe8,
    0x0f, 0xe0, 0x10, 0xe8, 0x10, 0xe8, 0x10, 0xe8, 0x0f, 0xe0, 0x0f, 0xd8,
    0x10, 0xe0, 0x10, 0xe0, 0x0f, 0xe0, 0x10, 0xe0, 0x10, 0xe8, 0x10, 0xe8,
    0x10, 0xe8, 0x0f, 0xe0, 0x10, 0xe8, 0x10, 0xe8, 0x10, 0xe0, 0x0f, 0xe0,
    0x10, 0xe0, 0x0f, 0xe0, 0x10, 0xe0, 0x10, 0xe8, 0x10, 0xe0, 0x0f, 0xe8,
    0x10, 0xe8, 0x0f, 0xe0, 0x10, 0xe8, 0x10, 0xe8, 0x0f, 0xe0, 0x0f, 0xe0,
    0x10, 0xe0, 0x10, 0xe0, 0x0f, 0xe0, 0x10, 0xe8, 0x10, 0xe8, 0x0f, 0xe0,
    0x10, 0xe8, 0x10, 0xe8, 0x10, 0xe8, 0x10, 0xe0, 0x10, 0xe0, 0x0f, 0xe0,
    0x0f, 0xe0, 0x0f, 0xe0, 0x10, 0xe0, 0x10, 0xe0, 0x0f, 0xe8, 0x10, 0xe8,
    0x10, 0xe0, 0x0f, 0xe8, 0x10, 0xe8, 0x10, 0xe8, 0x10, 0xe0, 0x10, 0xe8,
    0x0f, 0xe0, 0x0f, 0xe0, 0x10, 0xe0, 0x10, 0xe0, 0x0f, 0xe0, 0x10, 0xe8,
    0x10, 0xe8, 0x0f, 0xe8, 0x10, 0xe8, 0x0f, 0xe0, 0x10, 0xe8, 0x0f, 0xe8,
    0x10, 0xe8, 0x10, 0xe0, 0x0f, 0xd8, 0x0f, 0xe0, 0x0f, 0xe0, 0x10, 0xe0,
    0x10, 0xe0, 0x0f, 0xe0, 0x10, 0xe0, 0x10, 0xe8, 0x10, 0xe8, 0x0f, 0xe8,
    0x10, 0xe8, 0x10, 0xe8, 0x0f, 0xe0, 0x10, 0xe8, 0x10, 0xe8, 0x0f, 0xe0,
    0x0f, 0xd8, 0x0f, 0xd8, 0x0f, 0xd8, 0x0f, 0xd8, 0x0f, 0xe0, 0x0f, 0xe0,
    0x10, 0xe0, 0x0f, 0xe0, 0x10, 0xe0, 0x10, 0xe0, 0x10, 0xe8, 0x10, 0xe8,
    0x0f, 0xe0, 0x10, 0xe8, 0x10, 0xe8, 0x0f, 0xe8, 0x10, 0xe0, 0x10, 0xe8,
    0x0f, 0xe0, 0x0f, 0xd0, 0x0f, 0xd0, 0x0e, 0xd0, 0x0f, 0xd8, 0x0f, 0xd8,
    0x0f, 0xd8, 0x0f, 0xd8, 0x0f, 0xd8, 0x0f, 0xe0, 0x0f, 0xe0, 0x0f, 0xe0,
    0x10, 0xe0, 0x10, 0xe0, 0x0f, 0xe0, 0x10, 0xe0, 0x10, 0xe0, 0x10, 0xe8,
    0x0f, 0xe8, 0x10, 0xe8, 0x10, 0xe8, 0x10, 0xe0, 0x10, 0xe8, 0x10, 0xe8,
    0x0f, 0xe0, 0x0e, 0xd0, 0x0e, 0xc8, 0x0e, 0xc8, 0x0e, 0xd0, 0x0e, 0xc8,
    0x0e, 0xd0, 0x0e, 0xd0, 0x0e, 0xd0, 0x0e, 0xd0, 0x0e, 0xd0, 0x0f, 0xd0,
    0x0f, 0xd8, 0x0f, 0xd8, 0x0f, 0xd8, 0x0f, 0xd8, 0x0f, 0xd8, 0x0f, 0xd8,
    0x0f, 0xd8, 0x0f, 0xd8, 0x0f, 0xe0, 0x0f, 0xe0, 0x0f, 0xe0, 0x0f, 0xe0,
    0x0f, 0xe0, 0x0f, 0xe0, 0x10, 0xe0, 0x0f, 0xe0, 0x10, 0xe0, 0x10, 0xe0,
    0x0f, 0xe0, 0x10, 0xe8, 0x10, 0xe8, 0x0f, 0xd8, 0x0d, 0xc0, 0x0c, 0xb8,
    0x0d, 0xc0, 0x0d, 0xc0, 0x0d, 0xc0, 0x0d, 0xc0, 0x0d, 0xc0, 0x0d, 0xc0,
    0x0d, 0xc0, 0x0d, 0xc8, 0x0d, 0xc0, 0x0e, 0xc0, 0x0e, 0xc8, 0x0e, 0xc8,
    0x0e, 0xc8, 0x0e, 0xd0, 0x0e, 0xc8, 0x0e, 0xc8, 0x0e, 0xc8, 0x0e, 0xd0,
    0x0e, 0xd0, 0x0f, 0xd0, 0x0e, 0xd0, 0x0f, 0xd0, 0x0e, 0xd0, 0x0e, 0xd8,
    0x0f, 0xd0, 0x0e, 0xd8, 0x0e, 0xd8, 0x0f, 0xd8, 0x0f, 0xd8, 0x0f, 0xd0,
    0x0e, 0xc8, 0x0d, 0xc0, 0x0e, 0xc8, 0x0e, 0xc8, 0x0e, 0xc8, 0x0e, 0xc8,
    0x0e, 0xc8, 0x0e, 0xc8, 0x0e, 0xd0, 0x0e, 0xd0, 0x0e, 0xd0, 0x0e, 0xd0,
    0x0e, 0xd0, 0x0f, 0xd8, 0x0e, 0xd0, 0x0e, 0xd8, 0x0f, 0xd8, 0x0e, 0xd8,
    0x0f, 0xd8, 0x0f, 0xd8, 0x0f, 0xd8, 0x0f, 0xd8, 0x0f, 0xd8, 0x0f, 0xe0,
    0x0f, 0xe0, 0x0f, 0xe0, 0x0f, 0xe0, 0x0f, 0xd0, 0x0e, 0xd0, 0x0e, 0xd0,
    0x0e, 0xd0, 0x0f, 0xd8, 0x0e, 0xd0, 0x0e, 0xd8, 0x0f, 0xd0, 0x0f, 0xd8,
    0x0f, 0xd8, 0x0f, 0xd8, 0x0f, 0xd8, 0x0f, 0xe0, 0x0f, 0xd8, 0x10, 0xe0,
    0x0f, 0xe0, 0x0f, 0xe0, 0x10, 0xe0, 0x10, 0xe0, 0x10, 0xe8, 0x0f, 0xe0,
    0x0f, 0xd8, 0x0f, 0xd0, 0x0f, 0xd8, 0x0f, 0xd8, 0x0f, 0xd8, 0x0f, 0xd8,
    0x0f, 0xe0, 0x0f, 0xd8, 0x0f, 0xe0, 0x0f, 0xe0, 0x10, 0xe0, 0x0f, 0xe0,
    0x0f, 0xe0, 0x10, 0xe0, 0x10, 0xe0, 0x10, 0xe8, 0x10, 0xe0, 0x0f, 0xd8,
    0x0f, 0xd8, 0x0f, 0xd8, 0x0f, 0xe0, 0x0f, 0xd8, 0x10, 0xe0, 0x10, 0xe0,
    0x0f, 0xe0, 0x0f, 0xe0, 0x10, 0xe0, 0x0f, 0xe8, 0x10, 0xe8, 0x0f, 0xe8,
    0x10, 0xe0, 0x10, 0xe0, 0x0f, 0xe0, 0x0f, 0xd8, 0x0f, 0xe0, 0x10, 0xe0,
    0x0f, 0xe0, 0x0f, 0xe0, 0x10, 0xe0, 0x10, 0xe8, 0x10, 0xe8, 0x10, 0xe8,
    0x10, 0xe8, 0x10, 0xe8, 0x10, 0xe0, 0x0f, 0xe0, 0x0f, 0xe0, 0x10, 0xe0,
    0x0f, 0xe0, 0x10, 0xe0, 0x10, 0xe8, 0x0f, 0xe8, 0x10, 0xe8, 0x10, 0xe0,
    0x0f, 0xe8, 0x10, 0xe8, 0x10, 0xe0, 0x0f, 0xe0, 0x0f, 0xe0, 0x10, 0xe0,
    0x0f, 0xe0, 0x10, 0xe8, 0x10, 0xe0, 0x10, 0xe8, 0x10, 0xe8, 0x0f, 0xe8,
    0x10, 0xe8, 0x10, 0xe8, 0x0f, 0xe8, 0x0f, 0xe0, 0x0f, 0xe0, 0x10, 0xe0,
    0x10, 0xe0, 0x10, 0xe8, 0x10, 0xe8, 0x0f, 0xe0, 0x10, 0xe8, 0x10, 0xe8,
    0x0f, 0xe8, 0x10, 0xe8, 0x10, 0xe0, 0x0f, 0xe0, 0x0f, 0xe0, 0x10, 0xe0,
    0x10, 0xe0, 0x0f, 0xe8, 0x10, 0xe8, 0x10, 0xe8, 0x10, 0xe0, 0x10, 0xe8,
    0x0f, 0xe8, 0x10, 0xe8, 0x10, 0xe0, 0x0f, 0xe0, 0x0f, 0xe0, 0x10, 0xd8,
    0x10, 0xe0, 0x0f, 0xe0, 0x10, 0xe8, 0x10, 0xe8, 0x0f, 0xe8, 0x10, 0xe0,
    0x10, 0xe8, 0x10, 0xe8, 0x0f, 0xe0, 0x10, 0xe8, 0x10, 0xe8, 0x0f, 0xe0,
    0x0f, 0xd8, 0x0f, 0xe0, 0x10, 0xe0, 0x0f, 0xe0, 0x10, 0xe0, 0x10, 0xe0,
    0x10, 0xe8, 0x0f, 0xe8, 0x10, 0xe8, 0x10, 0xe0, 0x10, 0xe8, 0x0f, 0xe8,
    0x10, 0xe8, 0x10, 0xe0, 0x10, 0xe8, 0x0f, 0xd8, 0x0f, 0xd8, 0x0f, 0xd8,
    0x0f, 0xe0, 0x0f, 0xe0, 0x0f, 0xe0, 0x10, 0xe0, 0x0f, 0xe0, 0x10, 0xe0,
    0x10, 0xe0, 0x0f, 0xe8, 0x10, 0xe8, 0x10, 0xe8, 0x10, 0xe8, 0x10, 0xe0,
    0x10, 0xe8, 0x0f, 0xe8, 0x10, 0xe8, 0x0f, 0xe0, 0x0f, 0xd8, 0x0e, 0xd0,
    0x0f, 0xd8, 0x0f, 0xd8, 0x0f, 0xd8, 0x0f, 0xd8, 0x0f, 0xd8, 0x0f, 0xd8,
    0x0f, 0xe0, 0x0f, 0xe0, 0x0f, 0xe0, 0x10, 0xe0, 0x10, 0xe0, 0x0f, 0xe0,
    0x10, 0xe0, 0x10, 0xe0, 0x10, 0xe8, 0x0f, 0xe8, 0x10, 0xe0, 0x10, 0xe8,
    0x0f, 0xe8, 0x10, 0xe8, 0x10, 0xe8, 0x0f, 0xd8, 0x0e, 0xd0, 0x0e, 0xc8,
    0x0e, 0xc8, 0x0e, 0xd0, 0x0e, 0xd0, 0x0e, 0xd0, 0x0e, 0xd0, 0x0f, 0xd0,
    0x0e, 0xd0, 0x0f, 0xd0, 0x0f, 0xd0, 0x0e, 0xd8, 0x0f, 0xd8, 0x0f, 0xd8,
    0x0f, 0xd8, 0x0f, 0xd8, 0x0f, 0xd8, 0x0f, 0xd8, 0x0f, 0xd8, 0x0f, 0xe0,
    0x0f, 0xe0, 0x0f, 0xe0, 0x0f, 0xe0, 0x10, 0xe0, 0x10, 0xe0, 0x10, 0xe0,
    0x0f, 0xe0, 0x10, 0xe0, 0x10, 0xe0, 0x10, 0xe8, 0x10, 0xe8, 0x0f, 0xe0,
    0x0e, 0xc8, 0x0d, 0xb8, 0x0d, 0xb8, 0x0d, 0xc0, 0x0d, 0xc0, 0x0d, 0xc0,
    0x0d, 0xc0, 0x0d, 0xc0, 0x0d, 0xc0, 0x0d, 0xc0, 0x0d, 0xc0, 0x0d, 0xc0,
    0x0d, 0xc0, 0x0d, 0xc8, 0x0d, 0xc8, 0x0d, 0xc8, 0x0e, 0xc8, 0x0e, 0xc8,
    0x0e, 0xd0, 0x0e, 0xc8, 0x0e, 0xc8, 0x0e, 0xc8, 0x0e, 0xd0, 0x0e, 0xd0,
    0x0e, 0xd0, 0x0f, 0xd0, 0x0f, 0xd0, 0x0e, 0xd0, 0x0f, 0xd0, 0x0e, 0xd0,
    0x0f, 0xd8, 0x0f, 0xd8, 0x0f, 0xd8, 0x0f, 0xd8, 0x0f, 0xd8, 0x0e, 0xd0,
    0x0d, 0xc8, 0x0d, 0xc8, 0x0e, 0xc8, 0x0e, 0xc8, 0x0e, 0xc8, 0x0e, 0xc8,
    0x0e, 0xc8, 0x0e, 0xd0, 0x0e, 0xd0, 0x0f, 0xd0, 0x0e, 0xd0, 0x0e, 0xd0,
    0x0e, 0xd0, 0x0f, 0xd0, 0x0f, 0xd0, 0x0e, 0xd8, 0x0f, 0xd8, 0x0f, 0xd8,
    0x0f, 0xd8, 0x0f, 0xd8, 0x0f, 0xd8, 0x0f, 0xe0, 0x0f, 0xe0, 0x0f, 0xd8,
    0x10, 0xe0, 0x0f, 0xe0, 0x0f, 0xd8, 0x0e, 0xd0, 0x0e, 0xd0, 0x0e, 0xd0,
    0x0f, 0xd0, 0x0f, 0xd8, 0x0e, 0xd8, 0x0f, 0xd8, 0x0f, 0xd8, 0x0f, 0xd8,
    0x0f, 0xd8, 0x0f, 0xd8, 0x0f, 0xe0, 0x0f, 0xe0, 0x0f, 0xe0, 0x0f, 0xd8,
    0x10, 0xe0, 0x0f, 0xe0, 0x0f, 0xe0, 0x10, 0xe0, 0x0f, 0xe0, 0x0f, 0xd8,
    0x0e, 0xd8, 0x0f, 0xd8, 0x0f, 0xd8, 0x0f, 0xd8, 0x0f, 0xd8, 0x0f, 0xe0,
    0x10, 0xe0, 0x0f, 0xe0, 0x10, 0xe0, 0x10, 0xe0, 0x0f, 0xe0, 0x0f, 0xe0,
    0x0f, 0xe0, 0x10, 0xe8, 0x10, 0xe8, 0x0f, 0xe0, 0x0f, 0xd8, 0x0f, 0xe0,
    0x0f, 0xe0, 0x0f, 0xd8, 0x0f, 0xe0, 0x10, 0xe0, 0x10, 0xe0, 0x0f, 0xe0,
    0x10, 0xe8, 0x10, 0xe0, 0x10, 0xe8, 0x10, 0xe8, 0x0f, 0xe0, 0x10, 0xe0,
    0x0f, 0xe0, 0x0f, 0xe0, 0x10, 0xe0, 0x0f, 0xe0, 0x10, 0xe0, 0x10, 0xe0,
    0x10, 0xe8, 0x0f, 0xe8, 0x10, 0xe0, 0x0f, 0xe8, 0x0f, 0xe0, 0x10, 0xe8,
    0x10, 0xe0, 0x0f, 0xe0, 0x0f, 0xe0, 0x10, 0xe0, 0x0f, 0xe0, 0x10, 0xe0,
    0x10, 0xe0, 0x0f, 0xe8, 0x10, 0xe8, 0x10, 0xe8, 0x10, 0xe8, 0x10, 0xe8,
    0x0f, 0xe0, 0x10, 0xe0, 0x10, 0xe0, 0x0f, 0xe0, 0x10, 0xe0, 0x10, 0xe0,
    0x0f, 0xe8, 0x10, 0xe8, 0x10, 0xe0, 0x10, 0xe8, 0x10, 0xe0, 0x10, 0xe8,
    0x10, 0xe0, 0x10, 0xe0, 0x0f, 0xe0, 0x0f, 0xe0, 0x10, 0xe0, 0x10, 0xe8,
    0x0f, 0xe8, 0x10, 0xe8, 0x10, 0xe0, 0x0f, 0xe8, 0x10, 0xe8, 0x10, 0xe8,
    0x0f, 0xe0, 0x0f, 0xe0, 0x10, 0xe0, 0x10, 0xe0, 0x0f, 0xe0, 0x10, 0xe0,
    0x10, 0xe8, 0x0f, 0xe8, 0x10, 0xe8, 0x10, 0xe0, 0x10, 0xe8, 0x10, 0xe8,
    0x10, 0xe8, 0x0f, 0xe0, 0x0f, 0xe0, 0x10, 0xe0, 0x0f, 0xe0, 0x10, 0xe0,
    0x10, 0xe8, 0x10, 0xe8, 0x10, 0xe0, 0x10, 0xe8, 0x10, 0xe8, 0x10, 0xe8,
    0x10, 0xe8, 0x10, 0xe8, 0x0f, 0xe0, 0x0f, 0xe0, 0x0f, 0xe0, 0x10, 0xe0,
    0x10, 0xe0, 0x0f, 0xe0, 0x0f, 0xe0, 0x10, 0xe0, 0x10, 0xe8, 0x10, 0xe8,
    0x0f, 0xe0, 0x10, 0xe8, 0x10, 0xe8, 0x10, 0xe0, 0x10, 0xe8, 0x0f, 0xe8,
    0x0f, 0xe0, 0x0f, 0xd8, 0x0f, 0xd8, 0x0f, 0xe0, 0x0f, 0xe0, 0x0f, 0xe0,
    0x0f, 0xe0, 0x10, 0xe0, 0x10, 0xe0, 0x10, 0xe8, 0x10, 0xe8, 0x0f, 0xe0,
    0x10, 0xe8, 0x10, 0xe8, 0x0f, 0xe8, 0x10, 0xe8, 0x10, 0xe0, 0x10, 0xe8,
    0x0f, 0xe0, 0x0f, 0xd8, 0x0e, 0xd0, 0x0f, 0xd8, 0x0e, 0xd8, 0x0f, 0xd8,
    0x0f, 0xd8, 0x0f, 0xd8, 0x0f, 0xe0, 0x0f, 0xe0, 0x0f, 0xe0, 0x0f, 0xd8,
    0x10, 0xe0, 0x0f, 0xe0, 0x0f, 0xe0, 0x10, 0xe0, 0x10, 0xe8, 0x10, 0xe8,
    0x0f, 0xe8, 0x10, 0xe8, 0x10, 0xe8, 0x10, 0xe0, 0x0f, 0xe8, 0x10, 0xe8,
    0x0f, 0xd8, 0x0e, 0xc8, 0x0e, 0xc8, 0x0e, 0xd0, 0x0e, 0xd0, 0x0e, 0xd0,
    0x0e, 0xd0, 0x0e, 0xd0, 0x0f, 0xd0, 0x0f, 0xd0, 0x0e, 0xd8, 0x0f, 0xd8,
    0x0f, 0xd8, 0x0f, 0xd8, 0x0e, 0xd8, 0x0f, 0xd8, 0x0f, 0xd8, 0x0e, 0xd8,
    0x0f, 0xd8, 0x0f, 0xe0, 0x0f, 0xe0, 0x0f, 0xe0, 0x0f, 0xd8, 0x0f, 0xe0,
    0x10, 0xe0, 0x0f, 0xe0, 0x0f, 0xe0, 0x10, 0xe0, 0x10, 0xe0, 0x10, 0xe0,
    0x10, 0xe8, 0x0f, 0xe8, 0x0e, 0xd0, 0x0d, 0xc0, 0x0d, 0xb8, 0x0d, 0xc0,
    0x0d, 0xc0, 0x0d, 0xc0, 0x0d, 0xc0, 0x0d, 0xc0, 0x0d, 0xc0, 0x0d, 0xc0,
    0x0d, 0xc0, 0x0d, 0xc0, 0x0e, 0xc0, 0x0e, 0xc0, 0x0d, 0xc0, 0x0e, 0xc0,
    0x0d, 0xc8, 0x0d, 0xc8, 0x0e, 0xc8, 0x0e, 0xc8, 0x0e, 0xc8, 0x0e, 0xc8,
    0x0e, 0xc8, 0x0e, 0xd0, 0x0e, 0xc8, 0x0e, 0xd0, 0x0e, 0xd0, 0x0e, 0xd0,
    0x0e, 0xd0, 0x0e, 0xd0, 0x0e, 0xd0, 0x0f, 0xd0, 0x0e, 0xd0, 0x0f, 0xd8,
    0x0f, 0xd8, 0x0e, 0xd8, 0x0f, 0xd8, 0x0f, 0xd8, 0x0e, 0xd0, 0x0e, 0xc8,
    0x0e, 0xc8, 0x0e, 0xc8, 0x0e, 0xd0, 0x0e, 0xc8, 0x0e, 0xc8, 0x0e, 0xd0,
    0x0e, 0xd0, 0x0e, 0xd0, 0x0f, 0xd0, 0x0e, 0xd0, 0x0e, 0xd0, 0x0f, 0xd8,
    0x0e, 0xd0, 0x0f, 0xd8, 0x0f, 0xd8, 0x0e, 0xd8, 0x0f, 0xd8, 0x0f, 0xd8,
    0x0f, 0xd8, 0x0f, 0xd8, 0x0f, 0xe0, 0x0f, 0xe0, 0x0f, 0xd8, 0x0f, 0xe0,
    0x0f, 0xe0, 0x0f, 0xd8, 0x0e, 0xd0, 0x0f, 0xd0, 0x0f, 0xd0, 0x0e, 0xd0,
    0x0f, 0xd8, 0x0f, 0xd8, 0x0e, 0xd8, 0x0f, 0xd8, 0x0f, 0xd8, 0x0f, 0xd8,
    0x0f, 0xe0, 0x0f, 0xe0, 0x10, 0xd8, 0x0f, 0xe0, 0x0f, 0xe0, 0x10, 0xe0,
    0x0f, 0xe0, 0x10, 0xe0, 0x10, 0xe0, 0x0f, 0xe0, 0x0f, 0xd8, 0x0f, 0xd8,
    0x0f, 0xd8, 0x0f, 0xd8, 0x0f, 0xe0, 0x0f, 0xe0, 0x0f, 0xd8, 0x0f, 0xe0,
    0x10, 0xe0, 0x0f, 0xe0, 0x10, 0xe0, 0x10, 0xe8, 0x0f, 0xe0, 0x10, 0xe8,
    0x10, 0xe8, 0x0f, 0xe8, 0x0f, 0xe0, 0x0f, 0xd8, 0x10, 0xe0, 0x0f, 0xe0,
    0x0f, 0xe0, 0x10, 0xe0, 0x0f, 0xe0, 0x0f, 0xe0, 0x10, 0xe0, 0x10, 0xe8,
    0x0f, 0xe0, 0x10, 0xe8, 0x10, 0xe8, 0x10, 0xe8, 0x10, 0xe0, 0x0f, 0xe0,
    0x0f, 0xe0, 0x10, 0xe0, 0x0f, 0xe0, 0x0f, 0xe0, 0x10, 0xe8, 0x10, 0xe0,
    0x10, 0xe8, 0x10, 0xe8, 0x10, 0xe8, 0x10, 0xe8, 0x10, 0xe8, 0x0f, 0xe0,
    0x0f, 0xe0, 0x10, 0xe0, 0x10, 0xe0, 0x0f, 0xe8, 0x10, 0xe0, 0x10, 0xe8,
    0x10, 0xe8, 0x0f, 0xe0, 0x10, 0xe8, 0x10, 0xe8, 0x0f, 0xe8, 0x0f, 0xe0,
    0x10, 0xe0, 0x0f, 0xe0, 0x10, 0xe8, 0x10, 0xe0, 0x0f, 0xe8, 0x10, 0xe8,
    0x10, 0xe8, 0x0f, 0xe8, 0x10, 0xe8, 0x0f, 0xe8, 0x10, 0xe0, 0x0f, 0xe0,
    0x10, 0xe0, 0x10, 0xe0, 0x10, 0xe8, 0x0f, 0xe8, 0x10, 0xe8, 0x10, 0xe8,
    0x10, 0xe0, 0x10, 0xe8, 0x10, 0xe8, 0x10, 0xe0, 0x10, 0xe0, 0x0f, 0xe0,
    0x0f, 0xe0, 0x10, 0xe0, 0x10, 0xe8, 0x10, 0xe8, 0x10, 0xe8, 0x10, 0xe8,
    0x0f, 0xe8, 0x10, 0xe8, 0x0f, 0xe0, 0x10, 0xe8, 0x0f, 0xe0, 0x0f, 0xe0,
    0x10, 0xe0, 0x0f, 0xe0, 0x10, 0xe0, 0x10, 0xe0, 0x0f, 0xe8, 0x10, 0xe8,
    0x10, 0xe0, 0x0f, 0xe8, 0x0f, 0xe8, 0x10, 0xe0, 0x10, 0xe8, 0x10, 0xe8,
    0x0f, 0xe0, 0x0f, 0xd8, 0x0f, 0xe0, 0x10, 0xe0, 0x0f, 0xe0, 0x10, 0xe0,
    0x10, 0xe8, 0x10, 0xe8, 0x10, 0xe8, 0x10, 0xe8, 0x10, 0xe8, 0x0f, 0xe8,
    0x10, 0xe8, 0x10, 0xe8, 0x10, 0xe8, 0x0f, 0xe0, 0x0f, 0xd8, 0x0f, 0xd8,
    0x0f, 0xe0, 0x0f, 0xe0, 0x0f, 0xd8, 0x10, 0xe0, 0x10, 0xe0, 0x0f, 0xe0,
    0x10, 0xe0, 0x10, 0xe8, 0x0f, 0xe8, 0x10, 0xe8, 0x10, 0xe0, 0x0f, 0xe8,
    0x10, 0xe8, 0x10, 0xe0, 0x10, 0xe8, 0x0f, 0xe0, 0x0f, 0xd8, 0x0f, 0xd0,
    0x0f, 0xd8, 0x0f, 0xd8, 0x0f, 0xd8, 0x0f, 0xd8, 0x0f, 0xd8, 0x0f, 0xe0,
    0x0f, 0xe0, 0x0f, 0xe0, 0x0f, 0xe0, 0x10, 0xe0, 0x10, 0xe0, 0x10, 0xe0,
    0x10, 0xe0, 0x10, 0xe8, 0x10, 0xe8, 0x0f, 0xe8, 0x10, 0xe0, 0x10, 0xe8,
    0x10, 0xe8, 0x10, 0xe8, 0x0f, 0xe0, 0x0f, 0xd8, 0x0e, 0xc8, 0x0e, 0xc8,
    0x0e, 0xd0, 0x0e, 0xd0, 0x0e, 0xd0, 0x0f, 0xd0, 0x0e, 0xd0, 0x0f, 0xd0,
    0x0e, 0xd8, 0x0f, 0xd8, 0x0f, 0xd8, 0x0e, 0xd8, 0x0f, 0xd8, 0x0f, 0xd8,
    0x0f, 0xd8, 0x0f, 0xd8, 0x0f, 0xd8, 0x0f, 0xe0, 0x0f, 0xe0, 0x0f, 0xe0,
    0x0f, 0xe0, 0x10, 0xe0, 0x10, 0xe0, 0x10, 0xe0, 0x10, 0xe0, 0x10, 0xe0,
    0x0f, 0xe0, 0x10, 0xe8, 0x10, 0xe8, 0x10, 0xe8, 0x0f, 0xd8, 0x0e, 0xc8,
    0x0d, 0xb8, 0x0d, 0xc0, 0x0d, 0xc0, 0x0d, 0xc0, 0x0d, 0xc0, 0x0d, 0xc0,
    0x0e, 0xc0, 0x0d, 0xc0, 0x0d, 0xc0, 0x0e, 0xc0, 0x0d, 0xc0, 0x0d, 0xc0,
    0x0d, 0xc0, 0x0d, 0xc0, 0x0d, 0xc0, 0x0e, 0xc0, 0x0e, 0xc0, 0x0d, 0xc0,
    0x0e, 0xc8, 0x0e, 0xc8, 0x0d, 0xc8, 0x0e, 0xc8, 0x0e, 0xd0, 0x0e, 0xc8,
    0x0e, 0xc8, 0x0e, 0xd0, 0x0e, 0xd0, 0x0e, 0xd0, 0x0e, 0xd0, 0x0e, 0xd0,
    0x0f, 0xd8, 0x0e, 0xd8, 0x0e, 0xd0, 0x0f, 0xd8, 0x0e, 0xd8, 0x0f, 0xd8,
    0x0f, 0xd8, 0x0f, 0xd8, 0x0f, 0xd8, 0x0f, 0xd8, 0x0e, 0xd0, 0x0d, 0xc8,
    0x0e, 0xc8, 0x0e, 0xc8, 0x0e, 0xc8, 0x0e, 0xd0, 0x0e, 0xc8, 0x0e, 0xd0,
    0x0e, 0xd0, 0x0e, 0xd0, 0x0f, 0xd0, 0x0e, 0xd8, 0x0e, 0xd0, 0x0f, 0xd8,
    0x0e, 0xd8, 0x0e, 0xd8, 0x0f, 0xd8, 0x0f, 0xd8, 0x0f, 0xd8, 0x0f, 0xd8,
    0x0f, 0xe0, 0x10, 0xe0, 0x0f, 0xd8, 0x0f, 0xe0, 0x0f, 0xe0, 0x10, 0xe0,
    0x0f, 0xd8, 0x0e, 0xd0, 0x0e, 0xd0, 0x0e, 0xd8, 0x0f, 0xd0, 0x0e, 0xd0,
    0x0f, 0xd8, 0x0f, 0xd8, 0x0f, 0xd8, 0x0f, 0xd8, 0x0f, 0xe0, 0x0f, 0xd8,
    0x0f, 0xe0, 0x0f, 0xe0, 0x10, 0xe0, 0x10, 0xe0, 0x0f, 0xe0, 0x0f, 0xe0,
    0x10, 0xe8, 0x10, 0xe8, 0x0f, 0xd8, 0x0f, 0xd8, 0x0f, 0xd8, 0x0f, 0xd8,
    0x0f, 0xe0, 0x0f, 0xe0, 0x0f, 0xd8, 0x0f, 0xe0, 0x0f, 0xe0, 0x10, 0xe0,
    0x0f, 0xe0, 0x10, 0xe0, 0x10, 0xe8, 0x10, 0xe0, 0x10, 0xe0, 0x10, 0xe8,
    0x0f, 0xe0, 0x0f, 0xe0, 0x0f, 0xd8, 0x0f, 0xe0, 0x0f, 0xe0, 0x10, 0xe0,
    0x10, 0xe0, 0x0f, 0xe0, 0x10, 0xe8, 0x10, 0xe0, 0x0f, 0xe0, 0x10, 0xe8,
    0x10, 0xe8, 0x10, 0xe8, 0x0f, 0xe0, 0x0f, 0xe0, 0x0f, 0xd8, 0x10, 0xe0,
    0x0f, 0xe0, 0x0f, 0xe0, 0x10, 0xe8, 0x10, 0xe0, 0x10, 0xe8, 0x10, 0xe8,
    0x0f, 0xe0, 0x10, 0xe8, 0x10, 0xe8, 0x0f, 0xe0, 0x0f, 0xe0, 0x10, 0xe0,
    0x10, 0xe0, 0x0f, 0xe0, 0x10, 0xe8, 0x10, 0xe0, 0x10, 0xe8, 0x10, 0xe8,
    0x0f, 0xe0, 0x10, 0xe8, 0x10, 0xe0, 0x10, 0xe0, 0x0f, 0xe0, 0x0f, 0xe0,
    0x10, 0xe8, 0x10, 0xe8, 0x10, 0xe8, 0x10, 0xe0, 0x0f, 0xe8, 0x10, 0xe8,
    0x10, 0xe0, 0x10, 0xe8, 0x0f, 0xe0, 0x0f, 0xe0, 0x10, 0xe0, 0x10, 0xe0,
    0x10, 0xe8, 0x10, 0xe0, 0x10, 0xe8, 0x0f, 0xe8, 0x10, 0xe8, 0x10, 0xe8,
    0x0f, 0xe8, 0x10, 0xe8, 0x10, 0xe0, 0x0f, 0xe0, 0x0f, 0xe0, 0x10, 0xe0,
    0x10, 0xe8, 0x0f, 0xe8, 0x10, 0xe0, 0x10, 0xe0, 0x10, 0xe8, 0x10, 0xe8,
    0x10, 0xe8, 0x10, 0xe8, 0x10, 0xe0, 0x0f, 0xe0, 0x10, 0xe0, 0x10, 0xe0,
    0x10, 0xe0, 0x10, 0xe8, 0x0f, 0xe8, 0x10, 0xe8, 0x10, 0xe8, 0x10, 0xe8,
    0x10, 0xe0, 0x0f, 0xe8, 0x10, 0xe8, 0x10, 0xe0, 0x0f, 0xe0, 0x0f, 0xe0,
    0x10, 0xe0, 0x0f, 0xe0, 0x10, 0xe0, 0x10, 0xe0, 0x10, 0xe8, 0x0f, 0xe8,
    0x0f, 0xe0, 0x10, 0xe8, 0x10, 0xe0, 0x10, 0xe8, 0x0f, 0xe0, 0x10, 0xe8,
    0x0f, 0xe8, 0x0f, 0xd8, 0x0f, 0xd8, 0x0f, 0xe0, 0x0f, 0xe0, 0x0f, 0xe0,
    0x0f, 0xe0, 0x10, 0xe0, 0x0f, 0xe0, 0x10, 0xe0, 0x10, 0xe8, 0x0f, 0xe8,
    0x10, 0xe8, 0x10, 0xe8, 0x10, 0xe8, 0x10, 0xe0, 0x0f, 0xe8, 0x10, 0xe8,
    0x0f, 0xe0, 0x0f, 0xd8, 0x0e, 0xd8, 0x0f, 0xd8, 0x0f, 0xd8, 0x0f, 0xd8,
    0x0f, 0xd8, 0x0f, 0xd8, 0x0f, 0xe0, 0x0f, 0xe0, 0x0f, 0xd8, 0x0f, 0xe0,
    0x10, 0xe0, 0x10, 0xe0, 0x0f, 0xe0, 0x10, 0xe0, 0x10, 0xe8, 0x0f, 0xe0,
    0x10, 0xe8, 0x10, 0xe8, 0x10, 0xe0, 0x0f, 0xe0, 0x10, 0xe8, 0x0f, 0xe0,
    0x0f, 0xd0, 0x0e, 0xc8, 0x0e, 0xd0, 0x0e, 0xd0, 0x0e, 0xd0, 0x0e, 0xd0,
    0x0f, 0xd0, 0x0e, 0xd0, 0x0f, 0xd0, 0x0e, 0xd8, 0x0f, 0xd8, 0x0e, 0xd8,
    0x0f, 0xd8, 0x0f, 0xd8, 0x0f, 0xd8, 0x0f, 0xd8, 0x0f, 0xd8, 0x0f, 0xe0,
    0x0f, 0xe0, 0x0f, 0xe0, 0x0f, 0xe0, 0x10, 0xe0, 0x10, 0xe0, 0x0f, 0xe0,
    0x0f, 0xe0, 0x10, 0xe0, 0x10, 0xe0, 0x10, 0xe8, 0x10, 0xe8, 0x10, 0xe8,
    0x0f, 0xe0, 0x0e, 0xd0, 0x0d, 0xc0, 0x0d, 0xc0, 0x0d, 0xc0, 0x0d, 0xc0,
    0x0d, 0xc0, 0x0d, 0xc0, 0x0d, 0xc0, 0x0e, 0xc0, 0x0e, 0xc8, 0x0e, 0xc8,
    0x0e, 0xc8, 0x0e, 0xc8, 0x0d, 0xc0, 0x0d, 0xc0, 0x0d, 0xc0, 0x0d, 0xc0,
    0x0d, 0xc0, 0x0d, 0xc8, 0x0d, 0xc0, 0x0e, 0xc8, 0x0d, 0xc8, 0x0e, 0xc8,
    0x0e, 0xc8, 0x0e, 0xc8, 0x0e, 0xc8, 0x0e, 0xc8, 0x0e, 0xc8, 0x0e, 0xc8,
    0x0e, 0xd0, 0x0f, 0xd0, 0x0e, 0xd0, 0x0e, 0xd0, 0x0f, 0xd0, 0x0e, 0xd0,
    0x0f, 0xd0, 0x0e, 0xd0, 0x0f, 0xd8, 0x0f, 0xd0, 0x0e, 0xd8, 0x0f, 0xd8,
    0x0f, 0xd8, 0x0f, 0xd8, 0x0f, 0xd8, 0x0e, 0xd0, 0x0e, 0xc8, 0x0e, 0xc8,
    0x0e, 0xc8, 0x0e, 0xd0, 0x0e, 0xd0, 0x0e, 0xd0, 0x0e, 0xd0, 0x0e, 0xd0,
    0x0e, 0xd0, 0x0f, 0xd0, 0x0f, 0xd0, 0x0e, 0xd0, 0x0f, 0xd0, 0x0f, 0xd8,
    0x0e, 0xd8, 0x0f, 0xd8, 0x0f, 0xd8, 0x0f, 0xd8, 0x0f, 0xd8, 0x0f, 0xe0,
    0x10, 0xe0, 0x0f, 0xd8, 0x0f, 0xe0, 0x0f, 0xe0, 0x0f, 0xe0, 0x0f, 0xd8,
    0x0e, 0xd0, 0x0e, 0xd0, 0x0f, 0xd8, 0x0f, 0xd0, 0x0e, 0xd8, 0x0f, 0xd8,
    0x0f, 0xd8, 0x0f, 0xd8, 0x0f, 0xe0, 0x0f, 0xd8, 0x0f, 0xe0, 0x0f, 0xe0,
    0x0f, 0xe0, 0x10, 0xe0, 0x0f, 0xe0, 0x10, 0xe0, 0x0f, 0xe0, 0x10, 0xe8,
    0x10, 0xe0, 0x0f, 0xd8, 0x0f, 0xd8, 0x0f, 0xd8, 0x0f, 0xd8, 0x0f, 0xd8,
    0x10, 0xe0, 0x0f, 0xe0, 0x0f, 0xe0, 0x10, 0xe0, 0x0f, 0xe0, 0x0f, 0xe0,
    0x10, 0xe0, 0x0f, 0xe8, 0x10, 0xe0, 0x10, 0xe8, 0x10, 0xe8, 0x10, 0xe0,
    0x0f, 0xd8, 0x0f, 0xe0, 0x0f, 0xe0, 0x0f, 0xe0, 0x10, 0xe0, 0x0f, 0xe0,
    0x10, 0xe8, 0x10, 0xe8, 0x10, 0xe0, 0x10, 0xe8, 0x0f, 0xe8, 0x10, 0xe0,
    0x10, 0xe8, 0x0f, 0xe0, 0x0f, 0xe0, 0x10, 0xe0, 0x10, 0xe0, 0x0f, 0xe0,
    0x10, 0xe8, 0x10, 0xe0, 0x0f, 0xe8, 0x10, 0xe8, 0x10, 0xe0, 0x0f, 0xe8,
    0x10, 0xe8, 0x10, 0xe0, 0x0f, 0xe0, 0x0f, 0xe0, 0x10, 0xe0, 0x10, 0xe0,
    0x0f, 0xe8, 0x10, 0xe8, 0x10, 0xe8, 0x10, 0xe8, 0x10, 0xe8, 0x10, 0xe8,
    0x10, 0xe8, 0x10, 0xe0, 0x0f, 0xe0, 0x10, 0xe0, 0x10, 0xe0, 0x0f, 0xe8,
    0x10, 0xe8, 0x10, 0xe8, 0x10, 0xe0, 0x10, 0xe8, 0x10, 0xe8, 0x10, 0xe8,
    0x10, 0xe0, 0x0f, 0xe0, 0x0f, 0xe0, 0x0f, 0xe8, 0x10, 0xe0, 0x10, 0xe8,
    0x0f, 0xe8, 0x10, 0xe0, 0x10, 0xe8, 0x0f, 0xe0, 0x10, 0xe8, 0x10, 0xe8,
    0x0f, 0xe0, 0x10, 0xe0, 0x10, 0xe0, 0x10, 0xe8, 0x0f, 0xe8, 0x10, 0xe8,
    0x10, 0xe8, 0x0f, 0xe8, 0x10, 0xe0, 0x10, 0xe8, 0x0f, 0xe8, 0x0f, 0xe0,
    0x10, 0xe0, 0x0f, 0xe0, 0x0f, 0xe0, 0x10, 0xe8, 0x10, 0xe8, 0x10, 0xe8,
    0x10, 0xe8, 0x0f, 0xe0, 0x10, 0xe8, 0x10, 0xe8, 0x10, 0xe8, 0x10, 0xe8,
    0x0f, 0xe8, 0x10, 0xe0, 0x0f, 0xe0, 0x0f, 0xe0, 0x10, 0xe0, 0x0f, 0xe0,
    0x10, 0xe0, 0x10, 0xe8, 0x10, 0xe8, 0x10, 0xe0, 0x10, 0xe8, 0x0f, 0xe8,
    0x10, 0xe8, 0x10, 0xe0, 0x10, 0xe8, 0x10, 0xe8, 0x0f, 0xe0, 0x0f, 0xd8,
    0x0f, 0xe0, 0x0f, 0xe0, 0x10, 0xe0, 0x10, 0xe0, 0x10, 0xe0, 0x0f, 0xe0,
    0x10, 0xe8, 0x10, 0xe8, 0x10, 0xe8, 0x10, 0xe0, 0x10, 0xe8, 0x0f, 0xe8,
    0x10, 0xe0, 0x10, 0xe8, 0x10, 0xe8, 0x10, 0xe8, 0x0f, 0xd8, 0x0f, 0xd8,
    0x0f, 0xd8, 0x0e, 0xd8, 0x0f, 0xd8, 0x0f, 0xd8, 0x0f, 0xe0, 0x0f, 0xe0,
    0x0f, 0xe0, 0x0f, 0xe0, 0x10, 0xe0, 0x10, 0xe0, 0x10, 0xe0, 0x10, 0xe0,
    0x0f, 0xe8, 0x10, 0xe8, 0x10, 0xe8, 0x0f, 0xe8, 0x10, 0xe0, 0x10, 0xe8,
    0x10, 0xe8, 0x10, 0xe8, 0x0f, 0xe0, 0x0e, 0xd0, 0x0e, 0xd0, 0x0e, 0xd0,
    0x0e, 0xd0, 0x0e, 0xd0, 0x0f, 0xd0, 0x0e, 0xd0, 0x0f, 0xd0, 0x0f, 0xd8,
    0x0e, 0xd8, 0x0f, 0xd8, 0x0f, 0xd8, 0x0f, 0xd8, 0x0f, 0xd8, 0x0f, 0xd8,
    0x0f, 0xd8, 0x0f, 0xe0, 0x0f, 0xe0, 0x0f, 0xe0, 0x0f, 0xe0, 0x10, 0xe0,
    0x10, 0xe0, 0x0f, 0xe0, 0x0f, 0xe0, 0x10, 0xe0, 0x10, 0xe0, 0x0f, 0xe0,
    0x10, 0xe8, 0x10, 0xe8, 0x10, 0xe8, 0x0f, 0xd8, 0x0d, 0xc8, 0x0d, 0xc0,
    0x0d, 0xc0, 0x0d, 0xc0, 0x0e, 0xc0, 0x0d, 0xc8, 0x0e, 0xc0, 0x0e, 0xc8,
    0x0e, 0xc8, 0x0d, 0xc8, 0x0e, 0xc8, 0x0d, 0xc8, 0x0e, 0xc8, 0x0e, 0xc8,
    0x0d, 0xb8, 0x0d, 0xc0, 0x0d, 0xc0, 0x0d, 0xc0, 0x0e, 0xc0, 0x0d, 0xc0,
    0x0d, 0xc0, 0x0d, 0xc0, 0x0e, 0xc0, 0x0d, 0xc8, 0x0d, 0xc8, 0x0e, 0xc8,
    0x0e, 0xc8, 0x0e, 0xd0, 0x0e, 0xc8, 0x0e, 0xc8, 0x0e, 0xc8, 0x0e, 0xd0,
    0x0e, 0xd0, 0x0e, 0xd0, 0x0e, 0xd0, 0x0f, 0xd0, 0x0e, 0xd8, 0x0f, 0xd0,
    0x0e, 0xd0, 0x0e, 0xd8, 0x0f, 0xd8, 0x0f, 0xd8, 0x0f, 0xd8, 0x0f, 0xd8,
    0x0f, 0xd8, 0x0f, 0xe0, 0x0f, 0xd8, 0x0e, 0xd0, 0x0e, 0xc8, 0x0e, 0xc8,
    0x0e, 0xc8, 0x0e, 0xc8, 0x0e, 0xd0, 0x0e, 0xd0, 0x0e, 0xd0, 0x0e, 0xd0,
    0x0e, 0xd0, 0x0f, 0xd8, 0x0f, 0xd0, 0x0e, 0xd0, 0x0f, 0xd8, 0x0f, 0xd8,
    0x0f, 0xd8, 0x0f, 0xd8, 0x0f, 0xd8, 0x0f, 0xd8, 0x0f, 0xe0, 0x0f, 0xe0,
    0x10, 0xe0, 0x0f, 0xe0, 0x10, 0xe0, 0x10, 0xe0, 0x0f, 0xd8, 0x0e, 0xd0,
    0x0e, 0xd8, 0x0f, 0xd8, 0x0e, 0xd8, 0x0f, 0xd8, 0x0f, 0xd8, 0x0f, 0xd8,
    0x0f, 0xd8, 0x0f, 0xd8, 0x10, 0xe0, 0x0f, 0xd8, 0x0f, 0xe0, 0x0f, 0xe0,
    0x10, 0xe0, 0x10, 0xe0, 0x0f, 0xe0, 0x0f, 0xe0, 0x10, 0xe8, 0x0f, 0xe0,
    0x0f, 0xe0, 0x0f, 0xd8, 0x0f, 0xd8, 0x0f, 0xe0, 0x0f, 0xe0, 0x0f, 0xd8,
    0x0f, 0xe0, 0x10, 0xe0, 0x10, 0xe0, 0x0f, 0xe0, 0x0f, 0xe0, 0x10, 0xe8,
    0x10, 0xe8, 0x10, 0xe0, 0x10, 0xe8, 0x10, 0xe0, 0x0f, 0xe0, 0x0f, 0xd8,
    0x10, 0xe0, 0x0f, 0xe0, 0x10, 0xe0, 0x0f, 0xe0, 0x0f, 0xe0, 0x10, 0xe0,
    0x10, 0xe8, 0x0f, 0xe8, 0x10, 0xe8, 0x10, 0xe8, 0x10, 0xe8, 0x10, 0xe0,
    0x0f, 0xe0, 0x0f, 0xe0, 0x10, 0xe0, 0x0f, 0xe0, 0x10, 0xe8, 0x10, 0xe0,
    0x0f, 0xe8, 0x10, 0xe8, 0x10, 0xe8, 0x10, 0xe0, 0x10, 0xe8, 0x10, 0xe0,
    0x0f, 0xe0, 0x10, 0xe0, 0x0f, 0xe0, 0x10, 0xe8, 0x10, 0xe0, 0x0f, 0xe8,
    0x10, 0xe8, 0x0f, 0xe0, 0x10, 0xe8, 0x0f, 0xe8, 0x10, 0xe8, 0x0f, 0xe0,
    0x0f, 0xe0, 0x10, 0xe8, 0x10, 0xe0, 0x10, 0xe8, 0x0f, 0xe8, 0x10, 0xe8,
    0x10, 0xe8, 0x0f, 0xe0, 0x0f, 0xe8, 0x10, 0xe8, 0x10, 0xe0, 0x0f, 0xe0,
    0x10, 0xe0, 0x10, 0xe8, 0x10, 0xe8, 0x0f, 0xe8, 0x10, 0xe8, 0x10, 0xe0,
    0x10, 0xe8, 0x10, 0xe8, 0x10, 0xe0, 0x10, 0xe8, 0x0f, 0xe0, 0x0f, 0xe0,
    0x10, 0xe0, 0x10, 0xe8, 0x10, 0xe0, 0x10, 0xe8, 0x10, 0xe8, 0x0f, 0xe8,
    0x10, 0xe8, 0x10, 0xe0, 0x10, 0xe8, 0x0f, 0xe0, 0x10, 0xe0, 0x0f, 0xe0,
    0x0f, 0xe0, 0x10, 0xe8, 0x0f, 0xe0, 0x10, 0xe8, 0x10, 0xe8, 0x10, 0xe0,
    0x0f, 0xe8, 0x10, 0xe8, 0x0f, 0xe0, 0x10, 0xe8, 0x10, 0xe0, 0x0f, 0xe0,
    0x0f, 0xd8, 0x10, 0xe0, 0x10, 0xe0, 0x10, 0xe0, 0x0f, 0xe8, 0x10, 0xe8,
    0x0f, 0xe8, 0x10, 0xe8, 0x10, 0xe8, 0x10, 0xe8, 0x0f, 0xe8, 0x10, 0xe8,
    0x10, 0xe8, 0x0f, 0xe0, 0x0f, 0xd8, 0x0f, 0xe0, 0x0f, 0xe0, 0x10, 0xe0,
    0x10, 0xe0, 0x0f, 0xe0, 0x10, 0xe0, 0x10, 0xe0, 0x10, 0xe8, 0x0f, 0xe8,
    0x10, 0xe8, 0x10, 0xe0, 0x0f, 0xe8, 0x10, 0xe8, 0x10, 0xe8, 0x0f, 0xe8,
    0x10, 0xe8, 0x0f, 0xd8, 0x0e, 0xd8, 0x0f, 0xd8, 0x0f, 0xd8, 0x0f, 0xd8,
    0x0f, 0xd8, 0x0f, 0xe0, 0x0f, 0xe0, 0x0f, 0xe0, 0x10, 0xe0, 0x10, 0xe0,
    0x0f, 0xe0, 0x10, 0xe0, 0x10, 0xe8, 0x0f, 0xe8, 0x10, 0xe8, 0x10, 0xe8,
    0x10, 0xe8, 0x10, 0xe8, 0x0f, 0xe8, 0x10, 0xe8, 0x10, 0xe8, 0x0f, 0xe0,
    0x0e, 0xd0, 0x0e, 0xd0, 0x0e, 0xd0, 0x0e, 0xd0, 0x0f, 0xd0, 0x0f, 0xd0,
    0x0f, 0xd8, 0x0f, 0xd8, 0x0e, 0xd8, 0x0f, 0xd8, 0x0f, 0xd8, 0x0f, 0xd8,
    0x0f, 0xd8, 0x0f, 0xd8, 0x0f, 0xd8, 0x0f, 0xe0, 0x0f, 0xe0, 0x0f, 0xe0,
    0x0f, 0xe0, 0x10, 0xe0, 0x10, 0xe0, 0x0f, 0xe0, 0x10, 0xe0, 0x10, 0xe0,
    0x10, 0xe0, 0x10, 0xe8, 0x10, 0xe8, 0x10, 0xe8, 0x10, 0xe8, 0x0f, 0xe0,
    0x0e, 0xd0, 0x0d, 0xc0, 0x0d, 0xc0, 0x0e, 0xc0, 0x0d, 0xc0, 0x0d, 0xc0,
    0x0e, 0xc8, 0x0e, 0xc8, 0x0e, 0xc8, 0x0e, 0xc8, 0x0e, 0xc8, 0x0e, 0xc8,
    0x0e, 0xc8, 0x0e, 0xc8, 0x0e, 0xc8, 0x0e, 0xc8, 0x0d, 0xb8, 0x0d, 0xb8,
    0x0d, 0xc0, 0x0d, 0xc0, 0x0d, 0xc0, 0x0d, 0xc0, 0x0d, 0xc0, 0x0d, 0xc0,
    0x0e, 0xc0, 0x0d, 0xc8, 0x0d, 0xc8, 0x0e, 0xc8, 0x0e, 0xc8, 0x0e, 0xc8,
    0x0e, 0xd0, 0x0e, 0xc8, 0x0e, 0xc8, 0x0e, 0xd0, 0x0e, 0xd0, 0x0e, 0xd0,
    0x0e, 0xd0, 0x0e, 0xd0, 0x0e, 0xd0, 0x0f, 0xd8, 0x0f, 0xd0, 0x0e, 0xd0,
    0x0f, 0xd8, 0x0e, 0xd8, 0x0f, 0xd8, 0x0f, 0xd8, 0x0f, 0xd8, 0x0f, 0xd8,
    0x0f, 0xe0, 0x0f, 0xd8, 0x0e, 0xd0, 0x0e, 0xc8, 0x0e, 0xc8, 0x0e, 0xd0,
    0x0e, 0xd0, 0x0e, 0xd0, 0x0f, 0xd0, 0x0e, 0xd0, 0x0e, 0xd0, 0x0f, 0xd8,
    0x0e, 0xd0, 0x0e, 0xd8, 0x0f, 0xd8, 0x0f, 0xd8, 0x0e, 0xd8, 0x0f, 0xd8,
    0x0f, 0xd8, 0x0f, 0xd8, 0x0f, 0xe0, 0x0f, 0xd8, 0x0f, 0xd8, 0x0f, 0xe0,
    0x0f, 0xe0, 0x10, 0xe0, 0x10, 0xe0, 0x0f, 0xd8, 0x0f, 0xd0, 0x0e, 0xd0,
    0x0f, 0xd8, 0x0f, 0xd8, 0x0f, 0xd8, 0x0f, 0xd8, 0x0f, 0xd8, 0x0f, 0xe0,
    0x0f, 0xd8, 0x0f, 0xe0, 0x10, 0xe0, 0x0f, 0xe0, 0x0f, 0xe0, 0x10, 0xe0,
    0x0f, 0xe0, 0x10, 0xe0, 0x10, 0xe8, 0x10, 0xe8, 0x0f, 0xe0, 0x0f, 0xd8,
    0x0f, 0xd8, 0x0f, 0xe0, 0x0f, 0xd8, 0x10, 0xd8, 0x0f, 0xe0, 0x0f, 0xe0,
    0x10, 0xe0, 0x10, 0xe0, 0x0f, 0xe0, 0x10, 0xe0, 0x10, 0xe8, 0x0f, 0xe0,
    0x10, 0xe8, 0x10, 0xe8, 0x10, 0xe0, 0x0f, 0xe0, 0x0f, 0xe0, 0x10, 0xe0,
    0x10, 0xe0, 0x0f, 0xe0, 0x10, 0xe0, 0x10, 0xe0, 0x10, 0xe0, 0x10, 0xe8,
    0x10, 0xe0, 0x0f, 0xe8, 0x10, 0xe8, 0x10, 0xe0, 0x0f, 0xe0, 0x0f, 0xe0,
    0x10, 0xe0, 0x0f, 0xe0, 0x10, 0xe8, 0x10, 0xe0, 0x10, 0xe0, 0x10, 0xe8,
    0x0f, 0xe8, 0x10, 0xe8, 0x10, 0xe8, 0x10, 0xe8, 0x0f, 0xe0, 0x10, 0xe0,
    0x0f, 0xe0, 0x10, 0xe0, 0x10, 0xe8, 0x10, 0xe8, 0x10, 0xe0, 0x10, 0xe8,
    0x0f, 0xe0, 0x10, 0xe8, 0x10, 0xe8, 0x10, 0xe0, 0x0f, 0xe0, 0x10, 0xe8,
    0x10, 0xe0, 0x10, 0xe8, 0x10, 0xe0, 0x0f, 0xe8, 0x10, 0xe8, 0x10, 0xe8,
    0x10, 0xe8, 0x10, 0xe8, 0x10, 0xe0, 0x0f, 0xe0, 0x10, 0xe8, 0x10, 0xe0,
    0x10, 0xe8, 0x10, 0xe8, 0x10, 0xe0, 0x0f, 0xe8, 0x10, 0xe8, 0x0f, 0xe8,
    0x10, 0xe8, 0x10, 0xe0, 0x0f, 0xe0, 0x10, 0xe0, 0x10, 0xe8, 0x0f, 0xe0,
    0x10, 0xe8, 0x10, 0xe8, 0x0f, 0xe0, 0x10, 0xe8, 0x10, 0xe8, 0x10, 0xe8,
    0x10, 0xe8, 0x10, 0xe0, 0x0f, 0xe0, 0x10, 0xe0, 0x10, 0xe0, 0x10, 0xe8,
    0x10, 0xe0, 0x0f, 0xe8, 0x10, 0xe8, 0x10, 0xe8, 0x10, 0xe8, 0x10, 0xe0,
    0x10, 0xe8, 0x0f, 0xe8, 0x10, 0xe0, 0x0f, 0xe0, 0x0f, 0xe0, 0x10, 0xe0,
    0x10, 0xe0, 0x10, 0xe8, 0x10, 0xe8, 0x10, 0xe8, 0x10, 0xe0, 0x0f, 0xe8,
    0x10, 0xe0, 0x10, 0xe0, 0x10, 0xe8, 0x0f, 0xe8, 0x10, 0xe0, 0x0f, 0xe0,
    0x0f, 0xd8, 0x10, 0xe0, 0x0f, 0xe0, 0x10, 0xe0, 0x10, 0xe0, 0x0f, 0xe0,
    0x10, 0xe8, 0x10, 0xe0, 0x10, 0xe8, 0x0f, 0xe8, 0x10, 0xe8, 0x10, 0xe8,
    0x10, 0xe0, 0x10, 0xe8, 0x10, 0xe8, 0x0f, 0xe8, 0x0f, 0xd8, 0x0f, 0xd8,
    0x0f, 0xd8, 0x0f, 0xd8, 0x0f, 0xd8, 0x0f, 0xe0, 0x0f, 0xe0, 0x0f, 0xe0,
    0x0f, 0xe0, 0x10, 0xe0, 0x10, 0xe0, 0x0f, 0xe0, 0x10, 0xe0, 0x10, 0xe8,
    0x10, 0xe8, 0x10, 0xe8, 0x10, 0xe0, 0x0f, 0xe8, 0x10, 0xe0, 0x10, 0xe8,
    0x10, 0xe8, 0x0f, 0xe0, 0x0f, 0xd8, 0x0e, 0xd0, 0x0e, 0xd0, 0x0f, 0xd0,
    0x0e, 0xd0, 0x0f, 0xd0, 0x0e, 0xd8, 0x0e, 0xd8, 0x0f, 0xd8, 0x0f, 0xd8,
    0x0f, 0xd8, 0x0f, 0xd8, 0x0f, 0xd8, 0x0f, 0xd8, 0x0f, 0xe0, 0x0f, 0xe0,
    0x0f, 0xe0, 0x0f, 0xe0, 0x0f, 0xe0, 0x10, 0xe0, 0x0f, 0xe0, 0x10, 0xe0,
    0x0f, 0xe0, 0x0f, 0xe0, 0x10, 0xe0, 0x10, 0xe8, 0x0f, 0xe0, 0x10, 0xe8,
    0x10, 0xe8, 0x0f, 0xe8, 0x0f, 0xd8, 0x0d, 0xc0, 0x0d, 0xc0, 0x0d, 0xc0,
    0x0e, 0xc0, 0x0e, 0xc8, 0x0e, 0xc8, 0x0d, 0xc8, 0x0e, 0xc8, 0x0e, 0xc8,
    0x0d, 0xc8, 0x0d, 0xc8, 0x0e, 0xc8, 0x0e, 0xc8, 0x0e, 0xc8, 0x0e, 0xd0,
    0x0e, 0xd0, 0x0e, 0xc8, 0x0d, 0xc0, 0x0d, 0xb8, 0x0d, 0xb8, 0x0d, 0xc0,
    0x0d, 0xc0, 0x0d, 0xc0, 0x0e, 0xc0, 0x0d, 0xc0, 0x0d, 0xc8, 0x0e, 0xc0,
    0x0d, 0xc0, 0x0e, 0xc8, 0x0e, 0xc8, 0x0d, 0xc8, 0x0e, 0xc8, 0x0e, 0xc8,
    0x0e, 0xd0, 0x0e, 0xc8, 0x0e, 0xc8, 0x0e, 0xd0, 0x0f, 0xd0, 0x0e, 0xd0,
    0x0e, 0xd0, 0x0e, 0xd0, 0x0f, 0xd8, 0x0e, 0xd0, 0x0e, 0xd0, 0x0f, 0xd8,
    0x0f, 0xd8, 0x0e, 0xd8, 0x0f, 0xd8, 0x0f, 0xd8, 0x0f, 0xd8, 0x0f, 0xe0,
    0x0f, 0xd8, 0x0e, 0xd8, 0x0e, 0xc8, 0x0e, 0xc8, 0x0e, 0xd0, 0x0e, 0xd0,
    0x0e, 0xd0, 0x0e, 0xd0, 0x0f, 0xd0, 0x0e, 0xd0, 0x0f, 0xd8, 0x0f, 0xd0,
    0x0e, 0xd8, 0x0e, 0xd8, 0x0f, 0xd8, 0x0f, 0xd8, 0x0f, 0xd8, 0x0f, 0xd8,
    0x0f, 0xe0, 0x0f, 0xe0, 0x10, 0xd8, 0x0f, 0xe0, 0x0f, 0xe0, 0x10, 0xe0,
    0x0f, 0xe0, 0x10, 0xe0, 0x0f, 0xd8, 0x0e, 0xd0, 0x0f, 0xd0, 0x0f, 0xd8,
    0x0e, 0xd8, 0x0f, 0xd8, 0x0f, 0xd8, 0x0f, 0xd8, 0x0f, 0xe0, 0x0f, 0xd8,
    0x0f, 0xe0, 0x0f, 0xe0, 0x10, 0xe0, 0x0f, 0xe0, 0x10, 0xe0, 0x0f, 0xe0,
    0x10, 0xe0, 0x10, 0xe8, 0x10, 0xe8, 0x0f, 0xe0, 0x0f, 0xd8, 0x0f, 0xd8,
    0x0f, 0xe0, 0x0f, 0xe0, 0x0f, 0xe0, 0x0f, 0xe0, 0x0f, 0xe0, 0x10, 0xe0,
    0x0f, 0xe0, 0x0f, 0xe0, 0x10, 0xe8, 0x10, 0xe0, 0x0f, 0xe8, 0x10, 0xe8,
    0x10, 0xe0, 0x0f, 0xe0, 0x0f, 0xd8, 0x0f, 0xe0, 0x10, 0xe0, 0x0f, 0xe0,
    0x10, 0xe8, 0x10, 0xe0, 0x0f, 0xe8, 0x10, 0xe8, 0x10, 0xe0, 0x10, 0xe8,
    0x10, 0xe8, 0x10, 0xe8, 0x10, 0xe0, 0x10, 0xe0, 0x0f, 0xe0, 0x10, 0xe0,
    0x10, 0xe8, 0x10, 0xe8, 0x10, 0xe0, 0x0f, 0xe8, 0x10, 0xe8, 0x10, 0xe0,
    0x0f, 0xe8, 0x10, 0xe8, 0x0f, 0xe0, 0x0f, 0xe0, 0x10, 0xe8, 0x10, 0xe0,
    0x0f, 0xe0, 0x10, 0xe8, 0x10, 0xe8, 0x10, 0xe8, 0x10, 0xe8, 0x10, 0xe8,
    0x10, 0xe8, 0x10, 0xe0, 0x0f, 0xe0, 0x10, 0xe0, 0x10, 0xe8, 0x0f, 0xe8,
    0x10, 0xe8, 0x10, 0xe0, 0x10, 0xe8, 0x10, 0xe0, 0x0f, 0xe8, 0x10, 0xe8,
    0x0f, 0xe0, 0x10, 0xe8, 0x0f, 0xe0, 0x10, 0xe0, 0x0f, 0xe8, 0x10, 0xe8,
    0x10, 0xe8, 0x10, 0xe8, 0x0f, 0xe0, 0x10, 0xe8, 0x10, 0xe8, 0x0f, 0xe8,
    0x0f, 0xe0, 0x10, 0xe0, 0x10, 0xe8, 0x0f, 0xe8, 0x10, 0xe8, 0x10, 0xe8,
    0x10, 0xe0, 0x0f, 0xe8, 0x10, 0xe8, 0x0f, 0xe8, 0x10, 0xe8, 0x0f, 0xe0,
    0x0f, 0xe0, 0x10, 0xe8, 0x10, 0xe8, 0x10, 0xe8, 0x10, 0xe8, 0x10, 0xe8,
    0x0f, 0xe0, 0x10, 0xe8, 0x10, 0xe8, 0x0f, 0xe8, 0x10, 0xe8, 0x10, 0xe0,
    0x0f, 0xe0, 0x0f, 0xe0, 0x10, 0xe0, 0x0f, 0xe0, 0x10, 0xe8, 0x0f, 0xe8,
    0x10, 0xe8, 0x10, 0xe0, 0x10, 0xe8, 0x10, 0xe8, 0x0f, 0xe8, 0x10, 0xe8,
    0x10, 0xe8, 0x10, 0xe0, 0x0f, 0xe0, 0x0f, 0xe0, 0x0f, 0xe0, 0x0f, 0xe0,
    0x10, 0xe0, 0x0f, 0xe0, 0x10, 0xe0, 0x10, 0xe0, 0x0f, 0xe8, 0x10, 0xe8,
    0x10, 0xe8, 0x10, 0xe0, 0x0f, 0xe8, 0x10, 0xe8, 0x10, 0xe8, 0x0f, 0xe8,
    0x10, 0xe8, 0x0f, 0xe0, 0x0f, 0xd8, 0x0f, 0xd8, 0x0f, 0xd8, 0x0f, 0xd8,
    0x0f, 0xe0, 0x0f, 0xe0, 0x0f, 0xe0, 0x10, 0xe0, 0x10, 0xe0, 0x0f, 0xe0,
    0x0f, 0xe0, 0x10, 0xe0, 0x10, 0xe8, 0x0f, 0xe8, 0x10, 0xe0, 0x10, 0xe8,
    0x0f, 0xe8, 0x10, 0xe8, 0x10, 0xe0, 0x10, 0xe8, 0x10, 0xe0, 0x0f, 0xd8,
    0x0e, 0xd0, 0x0e, 0xd0, 0x0e, 0xd0, 0x0e, 0xd0, 0x0f, 0xd0, 0x0f, 0xd8,
    0x0f, 0xd8, 0x0f, 0xd8, 0x0e, 0xd8, 0x0f, 0xd8, 0x0f, 0xd8, 0x0f, 0xd8,
    0x0f, 0xd8, 0x0f, 0xe0, 0x0f, 0xe0, 0x0f, 0xe0, 0x0f, 0xd8, 0x10, 0xe0,
    0x10, 0xe0, 0x0f, 0xe0, 0x10, 0xe0, 0x10, 0xe0, 0x10, 0xe0, 0x10, 0xe0,
    0x10, 0xe8, 0x0f, 0xe8, 0x10, 0xe8, 0x10, 0xe8, 0x0f, 0xe0, 0x0e, 0xc8,
    0x0d, 0xc0, 0x0d, 0xc0, 0x0e, 0xc8, 0x0e, 0xc8, 0x0d, 0xc8, 0x0e, 0xc8,
    0x0e, 0xc8, 0x0e, 0xc8, 0x0e, 0xc8, 0x0e, 0xc8, 0x0e, 0xc8, 0x0e, 0xc8,
    0x0e, 0xc8, 0x0e, 0xd0, 0x0e, 0xd0, 0x0e, 0xd0, 0x0e, 0xd0, 0x0e, 0xd0,
    0x0e, 0xd0, 0x0e, 0xc8, 0x0d, 0xc0, 0x0d, 0xb8, 0x0d, 0xc0, 0x0d, 0xc0,
    0x0d, 0xc0, 0x0d, 0xc0, 0x0d, 0xc0, 0x0e, 0xc0, 0x0d, 0xc8, 0x0d, 0xc8,
    0x0d, 0xc8, 0x0e, 0xc8, 0x0e, 0xc8, 0x0e, 0xc8, 0x0e, 0xc8, 0x0e, 0xc8,
    0x0e, 0xd0, 0x0e, 0xd0, 0x0e, 0xd0, 0x0e, 0xd0, 0x0f, 0xd0, 0x0e, 0xd0,
    0x0e, 0xd0, 0x0f, 0xd0, 0x0e, 0xd0, 0x0f, 0xd8, 0x0f, 0xd0, 0x0f, 0xd8,
    0x0e, 0xd8, 0x0f, 0xd8, 0x0f, 0xd8, 0x0f, 0xd8, 0x0f, 0xd8, 0x0f, 0xe0,
    0x0f, 0xd8, 0x0e, 0xd0, 0x0e, 0xc8, 0x0e, 0xc8, 0x0e, 0xd0, 0x0e, 0xd0,
    0x0e, 0xd0, 0x0e, 0xd0, 0x0f, 0xd0, 0x0e, 0xd8, 0x0f, 0xd0, 0x0f, 0xd0,
    0x0f, 0xd8, 0x0f, 0xd8, 0x0f, 0xd8, 0x0f, 0xd8, 0x0f, 0xd8, 0x0f, 0xe0,
    0x0f, 0xe0, 0x0f, 0xe0, 0x0f, 0xd8, 0x0f, 0xe0, 0x10, 0xe0, 0x0f, 0xe0,
    0x0f, 0xe0, 0x0f, 0xe0, 0x0f, 0xd8, 0x0e, 0xd8, 0x0f, 0xd8, 0x0f, 0xd8,
    0x0f, 0xd8, 0x0f, 0xd8, 0x0f, 0xd8, 0x0f, 0xe0, 0x0f, 0xd8, 0x0f, 0xe0,
    0x10, 0xe0, 0x10, 0xe0, 0x0f, 0xe0, 0x0f, 0xe0, 0x0f, 0xe0, 0x10, 0xe0,
    0x10, 0xe8, 0x10, 0xe0, 0x0f, 0xe0, 0x0f, 0xd8, 0x0f, 0xd8, 0x0f, 0xe0,
    0x10, 0xe0, 0x0f, 0xe0, 0x0f, 0xe0, 0x10, 0xe0, 0x10, 0xe0, 0x0f, 0xe0,
    0x10, 0xe8, 0x10, 0xe0, 0x10, 0xe8, 0x10, 0xe8, 0x10, 0xe8, 0x10, 0xe0,
    0x0f, 0xe0, 0x0f, 0xe0, 0x10, 0xe0, 0x0f, 0xe0, 0x10, 0xe0, 0x10, 0xe8,
    0x0f, 0xe0, 0x10, 0xe0, 0x10, 0xe8, 0x0f, 0xe8, 0x10, 0xe8, 0x10, 0xe8,
    0x10, 0xe0, 0x0f, 0xe0, 0x0f, 0xe0, 0x10, 0xe0, 0x10, 0xe0, 0x0f, 0xe8,
    0x10, 0xe8, 0x10, 0xe8, 0x10, 0xe8, 0x10, 0xe0, 0x10, 0xe8, 0x10, 0xe8,
    0x10, 0xe0, 0x0f, 0xe0, 0x10, 0xe8, 0x10, 0xe8, 0x0f, 0xe0, 0x10, 0xe8,
    0x0f, 0xe8, 0x0f, 0xe0, 0x10, 0xe8, 0x10, 0xe8, 0x0f, 0xe8, 0x10, 0xe8,
    0x0f, 0xe0, 0x10, 0xe0, 0x10, 0xe8, 0x0f, 0xe8, 0x10, 0xe8, 0x10, 0xe8,
    0x0f, 0xe8, 0x10, 0xe0, 0x10, 0xe8, 0x10, 0xe8, 0x0f, 0xe0, 0x10, 0xe0,
    0x10, 0xe8, 0x10, 0xe8, 0x0f, 0xe8, 0x10, 0xe0, 0x10, 0xe8, 0x10, 0xe8,
    0x10, 0xe8, 0x10, 0xe0, 0x10, 0xe8, 0x0f, 0xe0, 0x10, 0xe0, 0x10, 0xe8,
    0x10, 0xe8, 0x10, 0xe8, 0x0f, 0xe0, 0x10, 0xe8, 0x10, 0xe8, 0x10, 0xe0,
    0x10, 0xe8, 0x10, 0xe0, 0x10, 0xe0, 0x0f, 0xe0, 0x10, 0xe0, 0x10, 0xe8,
    0x0f, 0xe0, 0x10, 0xe8, 0x10, 0xe8, 0x10, 0xe0, 0x0f, 0xe8, 0x10, 0xe8,
    0x10, 0xe0, 0x0f, 0xe8, 0x10, 0xe8, 0x10, 0xe0, 0x0f, 0xe0, 0x10, 0xe0,
    0x10, 0xe0, 0x10, 0xe8, 0x0f, 0xe8, 0x10, 0xe0, 0x0f, 0xe8, 0x10, 0xe8,
    0x0f, 0xe8, 0x10, 0xe8, 0x10, 0xe0, 0x0f, 0xe8, 0x10, 0xe8, 0x0f, 0xe0,
    0x0f, 0xe0, 0x0f, 0xd8, 0x10, 0xe0, 0x10, 0xe0, 0x0f, 0xe0, 0x10, 0xe0,
    0x10, 0xe0, 0x10, 0xe8, 0x10, 0xe8, 0x0f, 0xe8, 0x10, 0xe8, 0x10, 0xe0,
    0x10, 0xe8, 0x0f, 0xe8, 0x10, 0xe0, 0x10, 0xe8, 0x0f, 0xe0, 0x0f, 0xd8,
    0x0f, 0xd8, 0x0f, 0xd8, 0x0f, 0xe0, 0x0f, 0xe0, 0x0f, 0xd8, 0x0f, 0xe0,
    0x10, 0xe0, 0x0f, 0xe0, 0x10, 0xe0, 0x10, 0xe0, 0x10, 0xe8, 0x10, 0xe8,
    0x10, 0xe8, 0x0f, 0xe8, 0x10, 0xe0, 0x10, 0xe8, 0x10, 0xe8, 0x10, 0xe8,
    0x10, 0xe8, 0x0f, 0xe0, 0x0f, 0xd8, 0x0e, 0xd0, 0x0e, 0xd0, 0x0f, 0xd0,
    0x0f, 0xd8, 0x0e, 0xd8, 0x0f, 0xd8, 0x0f, 0xd8, 0x0f, 0xd8, 0x0f, 0xd8,
    0x0f, 0xd8, 0x0f, 0xd8, 0x0f, 0xd8, 0x0f, 0xe0, 0x0f, 0xe0, 0x0f, 0xe0,
    0x0f, 0xd8, 0x10, 0xe0, 0x10, 0xe0, 0x0f, 0xe0, 0x0f, 0xe0, 0x10, 0xe0,
    0x10, 0xe0, 0x10, 0xe8, 0x0f, 0xe0, 0x10, 0xe8, 0x10, 0xe8, 0x10, 0xe8,
    0x0f, 0xe0, 0x0f, 0xd0, 0x0e, 0xc8, 0x0d, 0xc0, 0x0e, 0xc0, 0x0e, 0xc8,
    0x0e, 0xc8, 0x0e, 0xc8, 0x0e, 0xc8, 0x0e, 0xc8, 0x0e, 0xc8, 0x0e, 0xc8,
    0x0e, 0xc8, 0x0e, 0xc8, 0x0e, 0xc8, 0x0e, 0xd0, 0x0e, 0xd0, 0x0e, 0xd0,
    0x0e, 0xd0, 0x0e, 0xd0, 0x0e, 0xd0, 0x0e, 0xd0, 0x0e, 0xd0, 0x0f, 0xd8,
    0x0e, 0xd8, 0x0e, 0xc8, 0x0d, 0xc0, 0x0d, 0xc0, 0x0d, 0xc0, 0x0d, 0xc0,
    0x0e, 0xc0, 0x0d, 0xc0, 0x0d, 0xc0, 0x0e, 0xc0, 0x0d, 0xc0, 0x0e, 0xc8,
    0x0e, 0xc8, 0x0e, 0xd0, 0x0e, 0xc8, 0x0e, 0xc8, 0x0e, 0xc8, 0x0e, 0xd0,
    0x0e, 0xd0, 0x0e, 0xd0, 0x0e, 0xd0, 0x0f, 0xd0, 0x0e, 0xd0, 0x0e, 0xd0,
    0x0f, 0xd8, 0x0e, 0xd0, 0x0f, 0xd8, 0x0e, 0xd8, 0x0f, 0xd8, 0x0f, 0xd8,
    0x0e, 0xd8, 0x0f, 0xd8, 0x0f, 0xd8, 0x0f, 0xe0, 0x0f, 0xe0, 0x0f, 0xd8,
    0x0f, 0xd0, 0x0e, 0xd0, 0x0e, 0xd0, 0x0e, 0xd0, 0x0f, 0xd0, 0x0e, 0xd0,
    0x0e, 0xd0, 0x0f, 0xd8, 0x0e, 0xd0, 0x0f, 0xd8, 0x0e, 0xd8, 0x0f, 0xd8,
    0x0f, 0xd8, 0x0f, 0xd8, 0x0f, 0xd8, 0x0f, 0xd8, 0x0f, 0xd8, 0x10, 0xe0,
    0x0f, 0xe0, 0x0f, 0xe0, 0x10, 0xe0, 0x10, 0xe0, 0x0f, 0xe0, 0x10, 0xe0,
    0x0f, 0xe0, 0x0f, 0xd0, 0x0e, 0xd8, 0x0f, 0xd8, 0x0f, 0xd8, 0x0f, 0xd8,
    0x0f, 0xe0, 0x0f, 0xd8, 0x10, 0xe0, 0x0f, 0xe0, 0x0f, 0xd8, 0x0f, 0xe0,
    0x10, 0xe0, 0x10, 0xe0, 0x0f, 0xe0, 0x0f, 0xe8, 0x10, 0xe0, 0x10, 0xe8,
    0x10, 0xe0, 0x0f, 0xe0, 0x0f, 0xd8, 0x0f, 0xe0, 0x10, 0xd8, 0x0f, 0xe0,
    0x0f, 0xe0, 0x10, 0xe0, 0x0f, 0xe0, 0x0f, 0xe0, 0x10, 0xe0, 0x10, 0xe8,
    0x0f, 0xe8, 0x10, 0xe8, 0x10, 0xe8, 0x10, 0xe0, 0x0f, 0xe0, 0x0f, 0xe0,
    0x10, 0xe0, 0x0f, 0xe0, 0x0f, 0xe0, 0x10, 0xe0, 0x10, 0xe8, 0x10, 0xe0,
    0x0f, 0xe8, 0x10, 0xe8, 0x0f, 0xe0, 0x10, 0xe8, 0x10, 0xe8, 0x0f, 0xe0,
    0x0f, 0xe0, 0x10, 0xe0, 0x10, 0xe8, 0x0f, 0xe0, 0x10, 0xe0, 0x10, 0xe8,
    0x0f, 0xe8, 0x10, 0xe8, 0x10, 0xe8, 0x0f, 0xe8, 0x10, 0xe8, 0x0f, 0xe0,
    0x10, 0xe0, 0x10, 0xe8, 0x10, 0xe0, 0x10, 0xe8, 0x10, 0xe8, 0x10, 0xe8,
    0x10, 0xe0, 0x0f, 0xe8, 0x10, 0xe8, 0x10, 0xe0, 0x0f, 0xe0, 0x10, 0xe8,
    0x10, 0xe8, 0x10, 0xe0, 0x10, 0xe0, 0x0f, 0xe8, 0x10, 0xe8, 0x10, 0xe8,
    0x10, 0xe8, 0x10, 0xe8, 0x0f, 0xe0, 0x10, 0xe0, 0x10, 0xe8, 0x10, 0xe8,
    0x10, 0xe0, 0x0f, 0xe8, 0x10, 0xe8, 0x0f, 0xe0, 0x10, 0xe8, 0x10, 0xe8,
    0x0f, 0xe8, 0x10, 0xe0, 0x10, 0xe0, 0x0f, 0xe8, 0x10, 0xe8, 0x10, 0xe0,
    0x10, 0xe8, 0x0f, 0xe8, 0x10, 0xe8, 0x10, 0xe8, 0x0f, 0xe8, 0x10, 0xe8,
    0x0f, 0xe0, 0x0f, 0xe0, 0x10, 0xe0, 0x10, 0xe8, 0x10, 0xe0, 0x0f, 0xe8,
    0x10, 0xe8, 0x10, 0xe8, 0x10, 0xe8, 0x10, 0xe8, 0x10, 0xe0, 0x10, 0xe8,
    0x10, 0xe0, 0x0f, 0xe0, 0x0f, 0xe0, 0x10, 0xe0, 0x10, 0xe0, 0x10, 0xe8,
    0x10, 0xe8, 0x10, 0xe0, 0x10, 0xe8, 0x10, 0xe8, 0x10, 0xe0, 0x10, 0xe8,
    0x10, 0xe8, 0x10, 0xe0, 0x0f, 0xe8, 0x0f, 0xe0, 0x0f, 0xd8, 0x10, 0xe0,
    0x10, 0xe0, 0x0f, 0xe0, 0x10, 0xe0, 0x10, 0xe8, 0x10, 0xe8, 0x0f, 0xe8,
    0x10, 0xe8, 0x10, 0xe0, 0x0f, 0xe8, 0x10, 0xe8, 0x10, 0xe8, 0x10, 0xe0,
    0x10, 0xe8, 0x0f, 0xe0, 0x0f, 0xd8, 0x0f, 0xd8, 0x0f, 0xd8, 0x0f, 0xd8,
    0x0f, 0xe0, 0x0f, 0xe0, 0x0f, 0xe0, 0x10, 0xe0, 0x10, 0xe0, 0x0f, 0xe0,
    0x10, 0xe0, 0x10, 0xe0, 0x0f, 0xe8, 0x10, 0xe0, 0x10, 0xe8, 0x10, 0xe8,
    0x0f, 0xe8, 0x10, 0xe0, 0x0f, 0xe8, 0x10, 0xe8, 0x0f, 0xe0, 0x0e, 0xd8,
    0x0e, 0xd0, 0x0e, 0xd0, 0x0f, 0xd8, 0x0e, 0xd0, 0x0f, 0xd8, 0x0f, 0xd8,
    0x0f, 0xd8, 0x0e, 0xd8, 0x0f, 0xd8, 0x0f, 0xd8, 0x0f, 0xd8, 0x0f, 0xe0,
    0x0f, 0xe0, 0x0f, 0xe0, 0x0f, 0xe0, 0x10, 0xe0, 0x10, 0xe0, 0x0f, 0xe0,
    0x10, 0xe0, 0x0f, 0xe0, 0x10, 0xe0, 0x10, 0xe0, 0x10, 0xe8, 0x0f, 0xe8,
    0x10, 0xe8, 0x10, 0xe8, 0x10, 0xe8, 0x0f, 0xd8, 0x0e, 0xc8, 0x0d, 0xc0,
    0x0d, 0xc8, 0x0e, 0xc8, 0x0e, 0xc8, 0x0e, 0xc8, 0x0d, 0xc8, 0x0e, 0xc8,
    0x0e, 0xc8, 0x0e, 0xc8, 0x0e, 0xc8, 0x0e, 0xd0, 0x0e, 0xd0, 0x0e, 0xd0,
    0x0e, 0xd0, 0x0e, 0xd0, 0x0e, 0xd0, 0x0e, 0xd0, 0x0e, 0xd0, 0x0e, 0xd0,
    0x0e, 0xd0, 0x0f, 0xd0, 0x0e, 0xd0, 0x0e, 0xd0, 0x0f, 0xd0, 0x0f, 0xd8,
    0x0e, 0xd0, 0x0e, 0xc8, 0x0d, 0xc0, 0x0d, 0xc0, 0x0d, 0xc0, 0x0d, 0xc0,
    0x0e, 0xc8, 0x0d, 0xc0, 0x0d, 0xc8, 0x0d, 0xc8, 0x0e, 0xc8, 0x0e, 0xc8,
    0x0d, 0xc8, 0x0e, 0xc8, 0x0e, 0xc8, 0x0e, 0xc8, 0x0e, 0xc8, 0x0e, 0xd0,
    0x0e, 0xd0, 0x0e, 0xd0, 0x0f, 0xd0, 0x0e, 0xd0, 0x0e, 0xd0, 0x0f, 0xd0,
    0x0e, 0xd8, 0x0f, 0xd0, 0x0f, 0xd8, 0x0f, 0xd8, 0x0f, 0xd8, 0x0f, 0xd8,
    0x0f, 0xd8, 0x0f, 0xd8, 0x0f, 0xe0, 0x10, 0xe0, 0x0f, 0xe0, 0x0f, 0xd8,
    0x0e, 0xd0, 0x0e, 0xc8, 0x0e, 0xd0, 0x0e, 0xd0, 0x0f, 0xd0, 0x0e, 0xd0,
    0x0e, 0xd0, 0x0e, 0xd0, 0x0f, 0xd8, 0x0f, 0xd8, 0x0e, 0xd8, 0x0f, 0xd8,
    0x0f, 0xe0, 0x0f, 0xd8, 0x0f, 0xd8, 0x0f, 0xe0, 0x0f, 0xd8, 0x0f, 0xe0,
    0x10, 0xe0, 0x0f, 0xe0, 0x10, 0xe0, 0x10, 0xe0, 0x0f, 0xe0, 0x0f, 0xe0,
    0x0f, 0xd8, 0x0e, 0xd8, 0x0f, 0xd8, 0x0f, 0xd8, 0x0f, 0xd8, 0x0f, 0xd8,
    0x0f, 0xe0, 0x0f, 0xe0, 0x0f, 0xd8, 0x0f, 0xe0, 0x10, 0xe0, 0x10, 0xe0,
    0x0f, 0xe0, 0x10, 0xe8, 0x10, 0xe8, 0x10, 0xe0, 0x10, 0xe8, 0x10, 0xe8,
    0x0f, 0xe0, 0x0f, 0xd8, 0x0f, 0xe0, 0x0f, 0xe0, 0x10, 0xe0, 0x10, 0xe0,
    0x0f, 0xe0, 0x10, 0xe0, 0x10, 0xe8, 0x0f, 0xe0, 0x10, 0xe0, 0x0f, 0xe8,
    0x10, 0xe8, 0x10, 0xe8, 0x0f, 0xe0, 0x0f, 0xe0, 0x10, 0xe0, 0x0f, 0xe0,
    0x0f, 0xe0, 0x10, 0xe0, 0x10, 0xe8, 0x0f, 0xe8, 0x10, 0xe8, 0x10, 0xe8,
    0x10, 0xe0, 0x0f, 0xe8, 0x10, 0xe8, 0x10, 0xe0, 0x0f, 0xe0, 0x0f, 0xe0,
    0x10, 0xe8, 0x10, 0xe0, 0x10, 0xe8, 0x0f, 0xe8, 0x10, 0xe0, 0x10, 0xe8,
    0x0f, 0xe8, 0x10, 0xe0, 0x10, 0xe8, 0x0f, 0xe0, 0x10, 0xe0, 0x10, 0xe8,
    0x0f, 0xe8, 0x10, 0xe8, 0x10, 0xe8, 0x10, 0xe8, 0x10, 0xe0, 0x10, 0xe8,
    0x10, 0xe8, 0x10, 0xe0, 0x0f, 0xe0, 0x10, 0xe8, 0x10, 0xe8, 0x10, 0xe8,
    0x0f, 0xe8, 0x10, 0xe0, 0x10, 0xe8, 0x0f, 0xe8, 0x10, 0xe0, 0x10, 0xe8,
    0x0f, 0xe8, 0x0f, 0xe0, 0x10, 0xe0, 0x10, 0xe8, 0x0f, 0xe8, 0x10, 0xe8,
    0x10, 0xe8, 0x10, 0xe0, 0x0f, 0xe8, 0x10, 0xe8, 0x10, 0xe8, 0x0f, 0xe0,
    0x10, 0xe0, 0x10, 0xe8, 0x0f, 0xe8, 0x10, 0xe8, 0x10, 0xe8, 0x10, 0xe0,
    0x0f, 0xe8, 0x10, 0xe8, 0x10, 0xe0, 0x10, 0xe8, 0x10, 0xe8, 0x0f, 0xe0,
    0x10, 0xe8, 0x10, 0xe8, 0x10, 0xe8, 0x0f, 0xe0, 0x10, 0xe8, 0x10, 0xe8,
    0x0f, 0xe0, 0x0f, 0xe8, 0x10, 0xe8, 0x10, 0xe8, 0x0f, 0xe0, 0x0f, 0xe0,
    0x10, 0xe0, 0x10, 0xe0, 0x0f, 0xe8, 0x10, 0xe8, 0x10, 0xe8, 0x0f, 0xe8,
    0x10, 0xe8, 0x10, 0xe0, 0x0f, 0xe8, 0x10, 0xe8, 0x10, 0xe8, 0x10, 0xe0,
    0x0f, 0xe0, 0x0f, 0xe0, 0x10, 0xe0, 0x10, 0xe0, 0x0f, 0xe0, 0x10, 0xe0,
    0x10, 0xe8, 0x10, 0xe8, 0x0f, 0xe8, 0x10, 0xe8, 0x10, 0xe0, 0x10, 0xe8,
    0x10, 0xe8, 0x0f, 0xe8, 0x10, 0xe0, 0x10, 0xe8, 0x0f, 0xe0, 0x0f, 0xd8,
    0x0f, 0xd8, 0x0f, 0xe0, 0x0f, 0xe0, 0x0f, 0xe0, 0x0f, 0xe0, 0x10, 0xe0,
    0x10, 0xe0, 0x0f, 0xe0, 0x10, 0xe0, 0x10, 0xe8, 0x10, 0xe8, 0x10, 0xe8,
    0x0f, 0xe8, 0x10, 0xe8, 0x10, 0xe0, 0x10, 0xe8, 0x10, 0xe8, 0x10, 0xe8,
    0x10, 0xe8, 0x0f, 0xe0, 0x0e, 0xd0, 0x0e, 0xd0, 0x0f, 0xd0, 0x0f, 0xd8,
    0x0f, 0xd8, 0x0f, 0xd8, 0x0f, 0xd8, 0x0f, 0xd8, 0x0f, 0xd8, 0x0f, 0xd8,
    0x0f, 0xd8, 0x0f, 0xe0, 0x0f, 0xe0, 0x0f, 0xe0, 0x0f, 0xe0, 0x0f, 0xe0,
    0x10, 0xe0, 0x0f, 0xe0, 0x0f, 0xe0, 0x10, 0xe0, 0x10, 0xe8, 0x10, 0xe0,
    0x10, 0xe8, 0x10, 0xe8, 0x0f, 0xe8, 0x10, 0xe8, 0x10, 0xe8, 0x0f, 0xe0,
    0x0e, 0xd0, 0x0e, 0xc8, 0x0d, 0xc8, 0x0e, 0xc8, 0x0e, 0xc8, 0x0e, 0xc8,
    0x0e, 0xc8, 0x0e, 0xc8, 0x0e, 0xc8, 0x0e, 0xc8, 0x0e, 0xd0, 0x0e, 0xd0,
    0x0e, 0xd0, 0x0e, 0xd0, 0x0e, 0xd0, 0x0e, 0xd0, 0x0e, 0xd0, 0x0e, 0xd0,
    0x0e, 0xd0, 0x0f, 0xd0, 0x0f, 0xd0, 0x0f, 0xd0, 0x0e, 0xd0, 0x0f, 0xd8,
    0x0e, 0xd0, 0x0e, 0xd0, 0x0e, 0xd0, 0x0e, 0xd0, 0x0f, 0xd0, 0x0f, 0xd0,
    0x0e, 0xd0, 0x0e, 0xc8, 0x0d, 0xc0, 0x0d, 0xc0, 0x0d, 0xc0, 0x0d, 0xc0,
    0x0e, 0xc0, 0x0e, 0xc8, 0x0d, 0xc8, 0x0e, 0xc8, 0x0e, 0xc8, 0x0e, 0xd0,
    0x0e, 0xc8, 0x0e, 0xc8, 0x0e, 0xd0, 0x0e, 0xc8, 0x0e, 0xd0, 0x0e, 0xd0,
    0x0f, 0xd0, 0x0e, 0xd0, 0x0e, 0xd0, 0x0f, 0xd8, 0x0e, 0xd0, 0x0f, 0xd0,
    0x0e, 0xd8, 0x0f, 0xd8, 0x0f, 0xd8, 0x0e, 0xd8, 0x0f, 0xd8, 0x0f, 0xd8,
    0x0f, 0xd8, 0x0f, 0xe0, 0x0f, 0xe0, 0x0f, 0xd8, 0x0f, 0xd8, 0x0f, 0xd0,
    0x0e, 0xd0, 0x0e, 0xd0, 0x0f, 0xd0, 0x0f, 0xd8, 0x0f, 0xd8, 0x0e, 0xd0,
    0x0f, 0xd0, 0x0f, 0xd8, 0x0f, 0xd8, 0x0f, 0xd8, 0x0f, 0xd8, 0x0f, 0xd8,
    0x0f, 0xe0, 0x0f, 0xe0, 0x0f, 0xd8, 0x0f, 0xe0, 0x0f, 0xe0, 0x0f, 0xe0,
    0x10, 0xe0, 0x0f, 0xe0, 0x0f, 0xe0, 0x10, 0xe0, 0x0f, 0xe0, 0x0f, 0xd8,
    0x0f, 0xd8, 0x0f, 0xd8, 0x0f, 0xd8, 0x0f, 0xd8, 0x0f, 0xe0, 0x10, 0xe0,
    0x0f, 0xe0, 0x0f, 0xe0, 0x0f, 0xe0, 0x10, 0xe0, 0x0f, 0xe0, 0x0f, 0xe0,
    0x10, 0xe8, 0x0f, 0xe0, 0x10, 0xe0, 0x10, 0xe8, 0x0f, 0xe0, 0x0f, 0xe0,
    0x0f, 0xd8, 0x0f, 0xe0, 0x10, 0xe0, 0x0f, 0xe0, 0x0f, 0xe0, 0x10, 0xe0,
    0x10, 0xe8, 0x10, 0xe0, 0x10, 0xe0, 0x10, 0xe8, 0x0f, 0xe8, 0x10, 0xe8,
    0x10, 0xe0, 0x10, 0xe0, 0x0f, 0xe0, 0x10, 0xe0, 0x10, 0xe0, 0x0f, 0xe8,
    0x10, 0xe0, 0x10, 0xe0, 0x10, 0xe8, 0x10, 0xe8, 0x10, 0xe8, 0x10, 0xe8,
    0x10, 0xe8, 0x10, 0xe8, 0x10, 0xe0, 0x0f, 0xe0, 0x10, 0xe0, 0x10, 0xe8,
    0x10, 0xe8, 0x10, 0xe8, 0x10, 0xe0, 0x10, 0xe8, 0x10, 0xe8, 0x10, 0xe8,
    0x10, 0xe8, 0x0f, 0xe0, 0x10, 0xe0, 0x10, 0xe8, 0x0f, 0xe0, 0x10, 0xe8,
    0x0f, 0xe8, 0x0f, 0xe0, 0x10, 0xe8, 0x0f, 0xe8, 0x10, 0xe8, 0x10, 0xe8,
    0x10, 0xe0, 0x10, 0xe0, 0x0f, 0xe8, 0x10, 0xe8, 0x10, 0xe8, 0x10, 0xe8,
    0x10, 0xe8, 0x0f, 0xe0, 0x10, 0xe8, 0x10, 0xe8, 0x10, 0xe0, 0x10, 0xe0,
    0x10, 0xe8, 0x0f, 0xe8, 0x10, 0xe0, 0x10, 0xe8, 0x10, 0xe8, 0x10, 0xe8,
    0x10, 0xe8, 0x10, 0xe8, 0x10, 0xe8, 0x10, 0xe0, 0x10, 0xe8, 0x10, 0xe8,
    0x10, 0xe0, 0x0f, 0xe8, 0x10, 0xe8, 0x10, 0xe0, 0x10, 0xe8, 0x0f, 0xe8,
    0x10, 0xe0, 0x10, 0xe8, 0x0f, 0xe0, 0x10, 0xe0, 0x10, 0xe8, 0x0f, 0xe8,
    0x10, 0xe8, 0x10, 0xe8, 0x10, 0xe0, 0x10, 0xe8, 0x10, 0xe8, 0x10, 0xe0,
    0x0f, 0xe8, 0x10, 0xe8, 0x0f, 0xe0, 0x10, 0xe0, 0x10, 0xe8, 0x10, 0xe8,
    0x0f, 0xe0, 0x10, 0xe8, 0x10, 0xe0, 0x0f, 0xe8, 0x10, 0xe8, 0x10, 0xe8,
    0x0f, 0xe8, 0x10, 0xe8, 0x10, 0xe0, 0x0f, 0xe0, 0x0f, 0xe0, 0x10, 0xe0,
    0x0f, 0xe0, 0x0f, 0xe0, 0x10, 0xe0, 0x10, 0xe8, 0x0f, 0xe8, 0x10, 0xe0,
    0x10, 0xe8, 0x10, 0xe8, 0x0f, 0xe8, 0x10, 0xe8, 0x10, 0xe8, 0x10, 0xe0,
    0x0f, 0xe8, 0x0f, 0xe0, 0x0f, 0xe0, 0x0f, 0xd8, 0x0f, 0xe0, 0x0f, 0xe0,
    0x0f, 0xe0, 0x10, 0xe0, 0x10, 0xe0, 0x0f, 0xe0, 0x10, 0xe0, 0x10, 0xe0,
    0x0f, 0xe0, 0x10, 0xe8, 0x10, 0xe8, 0x0f, 0xe8, 0x10, 0xe8, 0x10, 0xe8,
    0x0f, 0xe8, 0x10, 0xe0, 0x10, 0xe8, 0x10, 0xe8, 0x0f, 0xd8, 0x0f, 0xd0,
    0x0e, 0xd0, 0x0f, 0xd8, 0x0f, 0xd8, 0x0f, 0xd8, 0x0e, 0xd8, 0x0f, 0xd8,
    0x0f, 0xd8, 0x0f, 0xd8, 0x0f, 0xd8, 0x0f, 0xe0, 0x0f, 0xe0, 0x0f, 0xe0,
    0x0f, 0xe0, 0x0f, 0xd8, 0x10, 0xe0, 0x10, 0xe0, 0x0f, 0xe0, 0x10, 0xe0,
    0x10, 0xe0, 0x10, 0xe8, 0x10, 0xe0, 0x0f, 0xe8, 0x10, 0xe8, 0x10, 0xe8,
    0x10, 0xe8, 0x10, 0xe0, 0x0f, 0xd8, 0x0e, 0xc8, 0x0e, 0xc8, 0x0e, 0xc8,
    0x0e, 0xc8, 0x0e, 0xc8, 0x0e, 0xc8, 0x0e, 0xc8, 0x0e, 0xc8, 0x0e, 0xd0,
    0x0e, 0xd0, 0x0e, 0xd0, 0x0e, 0xd0, 0x0e, 0xd0, 0x0e, 0xd0, 0x0e, 0xd0,
    0x0e, 0xd0, 0x0e, 0xd0, 0x0e, 0xd0, 0x0f, 0xd0, 0x0f, 0xd0, 0x0e, 0xd0,
    0x0e, 0xd0, 0x0f, 0xd8, 0x0f, 0xd8, 0x0e, 0xd8, 0x0e, 0xd0, 0x0e, 0xd0,
    0x0f, 0xd8, 0x0e, 0xd8, 0x0e, 0xd0, 0x0f, 0xd8, 0x0f, 0xd8, 0x0f, 0xd8,
    0x0e, 0xd0, 0x0e, 0xc8, 0x0d, 0xc0, 0x0d, 0xc0, 0x0d, 0xc0, 0x0d, 0xc0,
    0x0e, 0xc8, 0x0d, 0xc8, 0x0e, 0xc8, 0x0e, 0xc8, 0x0e, 0xc8, 0x0e, 0xc8,
    0x0e, 0xc8, 0x0e, 0xd0, 0x0e, 0xd0, 0x0e, 0xd0, 0x0e, 0xd0, 0x0e, 0xd0,
    0x0e, 0xd0, 0x0f, 0xd0, 0x0f, 0xd8, 0x0e, 0xd0, 0x0e, 0xd0, 0x0f, 0xd8,
    0x0e, 0xd8, 0x0f, 0xd8, 0x0f, 0xd8, 0x0f, 0xd8, 0x0f, 0xd8, 0x0f, 0xd8,
    0x0f, 0xd8, 0x0f, 0xe0, 0x10, 0xe0, 0x0f, 0xe0, 0x0f, 0xd8, 0x0e, 0xd0,
    0x0e, 0xd0, 0x0e, 0xd0, 0x0e, 0xd0, 0x0f, 0xd8, 0x0e, 0xd8, 0x0e, 0xd8,
    0x0f, 0xd8, 0x0f, 0xd8, 0x0e, 0xd8, 0x0f, 0xd8, 0x0f, 0xd8, 0x0f, 0xd8,
    0x10, 0xe0, 0x0f, 0xe0, 0x0f, 0xe0, 0x0f, 0xe0, 0x10, 0xe0, 0x10, 0xe0,
    0x0f, 0xe0, 0x10, 0xe0, 0x10, 0xe0, 0x0f, 0xe0, 0x0f, 0xd8, 0x0f, 0xd8,
    0x0f, 0xd8, 0x0f, 0xd8, 0x0f, 0xe0, 0x0f, 0xd8, 0x10, 0xe0, 0x0f, 0xe0,
    0x0f, 0xe0, 0x10, 0xe0, 0x10, 0xe0, 0x0f, 0xe0, 0x10, 0xe8, 0x10, 0xe8,
    0x0f, 0xe0, 0x10, 0xe8, 0x10, 0xe8, 0x10, 0xe0, 0x0f, 0xe0, 0x0f, 0xd8,
    0x10, 0xe0, 0x10, 0xe0, 0x0f, 0xe0, 0x0f, 0xe0, 0x10, 0xe0, 0x10, 0xe8,
    0x0f, 0xe8, 0x10, 0xe0, 0x10, 0xe8, 0x10, 0xe8, 0x10, 0xe8, 0x10, 0xe8,
    0x0f, 0xe0, 0x0f, 0xe0, 0x10, 0xe0, 0x0f, 0xe0, 0x10, 0xe0, 0x10, 0xe8,
    0x0f, 0xe0, 0x10, 0xe8, 0x0f, 0xe8, 0x10, 0xe0, 0x10, 0xe8, 0x10, 0xe8,
    0x0f, 0xe0, 0x10, 0xe0, 0x10, 0xe8, 0x0f, 0xe0, 0x10, 0xe8, 0x0f, 0xe8,
    0x0f, 0xe8, 0x10, 0xe0, 0x0f, 0xe8, 0x10, 0xe8, 0x10, 0xe8, 0x0f, 0xe8,
    0x10, 0xe0, 0x10, 0xe0, 0x10, 0xe8, 0x10, 0xe8, 0x10, 0xe0, 0x10, 0xe8,
    0x10, 0xe8, 0x10, 0xe0, 0x0f, 0xe8, 0x10, 0xe8, 0x10, 0xe8, 0x0f, 0xe0,
    0x10, 0xe8, 0x10, 0xe0, 0x0f, 0xe8, 0x10, 0xe8, 0x10, 0xe0, 0x10, 0xe8,
    0x0f, 0xe8, 0x10, 0xe8, 0x10, 0xe8, 0x10, 0xe0, 0x10, 0xe8, 0x10, 0xe8,
    0x10, 0xe8, 0x0f, 0xe0, 0x0f, 0xe8, 0x10, 0xe8, 0x0f, 0xe0, 0x10, 0xe8,
    0x0f, 0xe8, 0x10, 0xe0, 0x0f, 0xe0, 0x10, 0xe8, 0x10, 0xe8, 0x10, 0xe8,
    0x0f, 0xe8, 0x10, 0xe8, 0x10, 0xe8, 0x10, 0xe8, 0x0f, 0xe8, 0x10, 0xe8,
    0x0f, 0xe0, 0x10, 0xe0, 0x10, 0xe0, 0x10, 0xe8, 0x0f, 0xe8, 0x10, 0xe0,
    0x0f, 0xe8, 0x10, 0xe8, 0x10, 0xe8, 0x10, 0xe8, 0x10, 0xe8, 0x0f, 0xe0,
    0x10, 0xe0, 0x10, 0xe0, 0x10, 0xe8, 0x0f, 0xe8, 0x10, 0xe8, 0x10, 0xe8,
    0x10, 0xe8, 0x10, 0xe0, 0x10, 0xe8, 0x10, 0xe0, 0x10, 0xe8, 0x0f, 0xe8,
    0x10, 0xe0, 0x0f, 0xe0, 0x10, 0xe0, 0x10, 0xe0, 0x0f, 0xe0, 0x10, 0xe0,
    0x10, 0xe8, 0x10, 0xe8, 0x10, 0xe8, 0x0f, 0xe0, 0x10, 0xe8, 0x10, 0xe8,
    0x10, 0xe0, 0x0f, 0xe8, 0x10, 0xe8, 0x10, 0xe8, 0x10, 0xe8, 0x0f, 0xe0,
    0x0f, 0xd8, 0x0f, 0xe0, 0x0f, 0xd8, 0x0f, 0xe0, 0x0f, 0xe0, 0x10, 0xe0,
    0x0f, 0xe0, 0x10, 0xe0, 0x10, 0xe8, 0x10, 0xe8, 0x10, 0xe8, 0x0f, 0xe8,
    0x10, 0xe0, 0x10, 0xe0, 0x10, 0xe8, 0x10, 0xe8, 0x0f, 0xe0, 0x10, 0xe8,
    0x0f, 0xe8, 0x0f, 0xd8, 0x0e, 0xd0, 0x0e, 0xd0, 0x0f, 0xd8, 0x0f, 0xd8,
    0x0f, 0xd8, 0x0f, 0xd8, 0x0f, 0xd8, 0x0f, 0xd8, 0x0f, 0xd8, 0x0f, 0xe0,
    0x0f, 0xe0, 0x0f, 0xe0, 0x0f, 0xe0, 0x10, 0xe0, 0x10, 0xe0, 0x0f, 0xe0,
    0x10, 0xe0, 0x10, 0xe0, 0x10, 0xe0, 0x10, 0xe0, 0x10, 0xe8, 0x10, 0xe8,
    0x0f, 0xe8, 0x10, 0xe8, 0x10, 0xe0, 0x10, 0xe8, 0x0f, 0xe0, 0x0e, 0xd0,
    0x0e, 0xc8, 0x0e, 0xc8, 0x0e, 0xc8, 0x0e, 0xc8, 0x0e, 0xc8, 0x0e, 0xd0,
    0x0e, 0xd0, 0x0e, 0xd0, 0x0e, 0xd0, 0x0e, 0xd0, 0x0e, 0xd0, 0x0e, 0xd0,
    0x0e, 0xd0, 0x0e, 0xd0, 0x0e, 0xd0, 0x0e, 0xd0, 0x0e, 0xd0, 0x0f, 0xd0,
    0x0f, 0xd8, 0x0e, 0xd8, 0x0f, 0xd8, 0x0f, 0xd8, 0x0f, 0xd8, 0x0f, 0xd8,
    0x0f, 0xd8, 0x0f, 0xd8, 0x0e, 0xd0, 0x0e, 0xd0, 0x0f, 0xd0, 0x0e, 0xd0,
    0x0e, 0xd0, 0x0e, 0xd0, 0x0f, 0xd0, 0x0e, 0xd8, 0x0f, 0xd8, 0x0f, 0xd8,
    0x0f, 0xd0, 0x0e, 0xc8, 0x0d, 0xc0, 0x0d, 0xc0, 0x0d, 0xc8, 0x0e, 0xc8,
    0x0d, 0xc8, 0x0e, 0xc8, 0x0e, 0xc8, 0x0e, 0xd0, 0x0e, 0xc8, 0x0e, 0xc8,
    0x0e, 0xd0, 0x0e, 0xd0, 0x0e, 0xd0, 0x0e, 0xd0, 0x0e, 0xd0, 0x0e, 0xd0,
    0x0e, 0xd0, 0x0f, 0xd8, 0x0f, 0xd0, 0x0e, 0xd8, 0x0f, 0xd8, 0x0f, 0xd8,
    0x0f, 0xd8, 0x0f, 0xd8, 0x0f, 0xe0, 0x0f, 0xd8, 0x0f, 0xe0, 0x0f, 0xe0,
    0x0f, 0xd8, 0x0f, 0xe0, 0x10, 0xe0, 0x0f, 0xd8, 0x0e, 0xd0, 0x0e, 0xd0,
    0x0e, 0xd0, 0x0f, 0xd0, 0x0e, 0xd0, 0x0f, 0xd8, 0x0e, 0xd8, 0x0f, 0xd8,
    0x0f, 0xd8, 0x0f, 0xd8, 0x0f, 0xd8, 0x0f, 0xd8, 0x0f, 0xe0, 0x10, 0xd8,
    0x0f, 0xe0, 0x0f, 0xd8, 0x0f, 0xe0, 0x10, 0xe0, 0x0f, 0xe0, 0x0f, 0xe0,
    0x10, 0xe0, 0x10, 0xe8, 0x0f, 0xe0, 0x0f, 0xd8, 0x0f, 0xd8, 0x0f, 0xd8,
    0x0f, 0xd8, 0x0f, 0xe0, 0x0f, 0xe0, 0x0f, 0xe0, 0x10, 0xe0, 0x0f, 0xe0,
    0x10, 0xe0, 0x0f, 0xe0, 0x10, 0xe0, 0x10, 0xe0, 0x10, 0xe8, 0x10, 0xe0,
    0x10, 0xe8, 0x10, 0xe8, 0x0f, 0xe0, 0x0f, 0xd8, 0x0f, 0xe0, 0x0f, 0xe0,
    0x10, 0xe0, 0x0f, 0xe0, 0x0f, 0xe0, 0x10, 0xe8, 0x10, 0xe0, 0x10, 0xe8,
    0x0f, 0xe8, 0x10, 0xe0, 0x10, 0xe8, 0x10, 0xe8, 0x0f, 0xe0, 0x10, 0xe0,
    0x0f, 0xe0, 0x0f, 0xe8, 0x10, 0xe0, 0x10, 0xe8, 0x10, 0xe8, 0x0f, 0xe0,
    0x10, 0xe8, 0x10, 0xe8, 0x0f, 0xe0, 0x10, 0xe8, 0x10, 0xe8, 0x0f, 0xe0,
    0x10, 0xe8, 0x10, 0xe0, 0x10, 0xe0, 0x10, 0xe8, 0x10, 0xe8, 0x10, 0xe8,
    0x10, 0xe0, 0x0f, 0xe8, 0x10, 0xe8, 0x10, 0xe0, 0x0f, 0xe0, 0x10, 0xe8,
    0x10, 0xe8, 0x0f, 0xe8, 0x10, 0xe8, 0x10, 0xe8, 0x10, 0xe8, 0x10, 0xe8,
    0x0f, 0xe0, 0x10, 0xe8, 0x10, 0xe8, 0x10, 0xe0, 0x10, 0xe8, 0x10, 0xe8,
    0x0f, 0xe0, 0x10, 0xe8, 0x10, 0xe8, 0x10, 0xe8, 0x10, 0xe0, 0x0f, 0xe8,
    0x10, 0xe8, 0x0f, 0xe0, 0x0f, 0xe8, 0x10, 0xe8, 0x10, 0xe8, 0x10, 0xe8,
    0x10, 0xe0, 0x10, 0xe8, 0x10, 0xe8, 0x0f, 0xe0, 0x10, 0xe8, 0x10, 0xe0,
    0x10, 0xe8, 0x0f, 0xe8, 0x10, 0xe8, 0x10, 0xe0, 0x10, 0xe0, 0x0f, 0xe8,
    0x10, 0xe0, 0x10, 0xe8, 0x10, 0xe8, 0x0f, 0xe0, 0x10, 0xe0, 0x10, 0xe8,
    0x10, 0xe8, 0x10, 0xe8, 0x10, 0xe8, 0x10, 0xe8, 0x0f, 0xe8, 0x10, 0xe0,
    0x0f, 0xe8, 0x10, 0xe8, 0x10, 0xe0, 0x0f, 0xe0, 0x0f, 0xe0, 0x10, 0xe0,
    0x10, 0xe8, 0x10, 0xe0, 0x10, 0xe8, 0x0f, 0xe8, 0x10, 0xe8, 0x10, 0xe8,
    0x0f, 0xe8, 0x10, 0xe0, 0x10, 0xe8, 0x10, 0xe8, 0x0f, 0xe0, 0x0f, 0xe0,
    0x10, 0xe0, 0x10, 0xe0, 0x10, 0xe8, 0x10, 0xe8, 0x0f, 0xe8, 0x10, 0xe8,
    0x10, 0xe0, 0x10, 0xe8, 0x0f, 0xe8, 0x10, 0xe0, 0x10, 0xe8, 0x10, 0xe8,
    0x0f, 0xe0, 0x10, 0xe0, 0x0f, 0xe0, 0x0f, 0xd8, 0x0f, 0xd8, 0x0f, 0xe0,
    0x0f, 0xe0, 0x10, 0xe0, 0x10, 0xe0, 0x0f, 0xe0, 0x10, 0xe0, 0x10, 0xe0,
    0x0f, 0xe0, 0x10, 0xe8, 0x10, 0xe8, 0x10, 0xe8, 0x0f, 0xe8, 0x10, 0xe8,
    0x10, 0xe8, 0x0f, 0xe0, 0x10, 0xe8, 0x10, 0xe0, 0x0f, 0xd8, 0x0e, 0xd8,
    0x0f, 0xd8, 0x0f, 0xd8, 0x0f, 0xd8, 0x0e, 0xd8, 0x0f, 0xd8, 0x0f, 0xd8,
    0x0f, 0xe0, 0x0f, 0xd8, 0x0f, 0xe0, 0x0f, 0xe0, 0x0f, 0xe0, 0x0f, 0xd8,
    0x10, 0xe0, 0x10, 0xe0, 0x0f, 0xe0, 0x0f, 0xe0, 0x10, 0xe0, 0x10, 0xe0,
    0x0f, 0xe8, 0x10, 0xe8, 0x10, 0xe8, 0x0f, 0xe8, 0x10, 0xe0, 0x10, 0xe8,
    0x0f, 0xe8, 0x0f, 0xd8, 0x0e, 0xc8, 0x0e, 0xc8, 0x0e, 0xc8, 0x0e, 0xc8,
    0x0e, 0xc8, 0x0e, 0xd0, 0x0e, 0xd0, 0x0e, 0xd0, 0x0e, 0xd0, 0x0e, 0xd0,
    0x0e, 0xd0, 0x0e, 0xd0, 0x0e, 0xd0, 0x0e, 0xd0, 0x0e, 0xd0, 0x0f, 0xd0,
    0x0f, 0xd0, 0x0f, 0xd0, 0x0e, 0xd8, 0x0f, 0xd8, 0x0f, 0xd0, 0x0e, 0xd8,
    0x0f, 0xd8, 0x0f, 0xd8, 0x0e, 0xd8, 0x0f, 0xd8, 0x0f, 0xd8, 0x0f, 0xd8,
    0x0e, 0xd0, 0x0e, 0xd0, 0x0e, 0xd0, 0x0e, 0xd0, 0x0e, 0xd0, 0x0f, 0xd0,
    0x0e, 0xd0, 0x0e, 0xd0, 0x0f, 0xd0, 0x0f, 0xd8, 0x0f, 0xd8, 0x0f, 0xd8,
    0x0e, 0xd0, 0x0e, 0xc8, 0x0d, 0xc0, 0x0d, 0xc0, 0x0e, 0xc8, 0x0e, 0xc8,
    0x0e, 0xc8, 0x0e, 0xc8, 0x0e, 0xc8, 0x0e, 0xc8, 0x0e, 0xc8, 0x0e, 0xc8,
    0x0e, 0xd0, 0x0f, 0xd0, 0x0e, 0xd0, 0x0e, 0xd0, 0x0f, 0xd0, 0x0e, 0xd8,
    0x0e, 0xd0, 0x0f, 0xd0, 0x0f, 0xd8, 0x0e, 0xd8, 0x0f, 0xd8, 0x0f, 0xd8,
    0x0f, 0xd8, 0x0f, 0xd8, 0x0f, 0xd8, 0x0f, 0xe0, 0x0f, 0xd8, 0x0f, 0xe0,
    0x0f, 0xe0, 0x0f, 0xe0, 0x0f, 0xe0, 0x0f, 0xd8, 0x0e, 0xd0, 0x0e, 0xd0,
    0x0f, 0xd0, 0x0f, 0xd0, 0x0f, 0xd0, 0x0f, 0xd8, 0x0f, 0xd8, 0x0f, 0xd8,
    0x0f, 0xd8, 0x0f, 0xe0, 0x0f, 0xd8, 0x0f, 0xe0, 0x10, 0xd8, 0x0f, 0xe0,
    0x0f, 0xe0, 0x10, 0xe0, 0x10, 0xe0, 0x0f, 0xe0, 0x0f, 0xe0, 0x10, 0xe0,
    0x10, 0xe8, 0x0f, 0xe0, 0x0f, 0xd8, 0x0f, 0xd8, 0x0f, 0xd8, 0x0f, 0xe0,
    0x0f, 0xd8, 0x0f, 0xe0, 0x0f, 0xe0, 0x0f, 0xe0, 0x10, 0xe0, 0x0f, 0xe0,
    0x0f, 0xe0, 0x10, 0xe0, 0x10, 0xe8, 0x0f, 0xe0, 0x10, 0xe8, 0x10, 0xe8,
    0x10, 0xe0, 0x10, 0xe0, 0x0f, 0xe0, 0x0f, 0xe0, 0x10, 0xe0, 0x10, 0xe0,
    0x0f, 0xe0, 0x10, 0xe0, 0x10, 0xe8, 0x10, 0xe0, 0x0f, 0xe0, 0x10, 0xe8,
    0x10, 0xe8, 0x0f, 0xe8, 0x10, 0xe0, 0x10, 0xe0, 0x10, 0xe0, 0x0f, 0xe0,
    0x10, 0xe0, 0x10, 0xe8, 0x10, 0xe0, 0x10, 0xe8, 0x10, 0xe8, 0x10, 0xe8,
    0x0f, 0xe8, 0x10, 0xe8, 0x10, 0xe8, 0x0f, 0xe0, 0x0f, 0xe0, 0x10, 0xe8,
    0x10, 0xe8, 0x10, 0xe8, 0x0f, 0xe0, 0x10, 0xe8, 0x10, 0xe8, 0x10, 0xe0,
    0x10, 0xe8, 0x10, 0xe8, 0x10, 0xe8, 0x0f, 0xe0, 0x10, 0xe0, 0x10, 0xe8,
    0x0f, 0xe0, 0x10, 0xe8, 0x0f, 0xe8, 0x10, 0xe8, 0x10, 0xe8, 0x10, 0xe8,
    0x0f, 0xe0, 0x10, 0xe0, 0x10, 0xe8, 0x0f, 0xe8, 0x10, 0xe8, 0x10, 0xe8,
    0x0f, 0xe8, 0x10, 0xe0, 0x10, 0xe8, 0x10, 0xe8, 0x10, 0xe0, 0x10, 0xe0,
    0x10, 0xe8, 0x0f, 0xe8, 0x10, 0xe0, 0x10, 0xe8, 0x10, 0xe8, 0x10, 0xe8,
    0x10, 0xe8, 0x10, 0xe8, 0x10, 0xe0, 0x10, 0xe8, 0x10, 0xe8, 0x0f, 0xe8,
    0x10, 0xe0, 0x10, 0xe8, 0x10, 0xe8, 0x10, 0xe8, 0x0f, 0xe8, 0x10, 0xe0,
    0x10, 0xe8, 0x10, 0xe0, 0x10, 0xe8, 0x0f, 0xe8, 0x0f, 0xe8, 0x10, 0xe0,
    0x10, 0xe8, 0x10, 0xe8, 0x10, 0xe0, 0x10, 0xe8, 0x10, 0xe8, 0x0f, 0xe0,
    0x10, 0xe0, 0x0f, 0xe0, 0x10, 0xe0, 0x10, 0xe8, 0x0f, 0xe8, 0x10, 0xe8,
    0x10, 0xe0, 0x0f, 0xe0, 0x10, 0xe8, 0x10, 0xe8, 0x0f, 0xe8, 0x10, 0xe8,
    0x10, 0xe8, 0x0f, 0xe0, 0x0f, 0xe0, 0x10, 0xe0, 0x0f, 0xe0, 0x10, 0xe0,
    0x10, 0xe0, 0x0f, 0xe8, 0x10, 0xe8, 0x10, 0xe0, 0x0f, 0xe8, 0x10, 0xe8,
    0x10, 0xe8, 0x0f, 0xe8, 0x10, 0xe8, 0x10, 0xe8, 0x10, 0xe8, 0x0f, 0xe0,
    0x0f, 0xd8, 0x0f, 0xe0, 0x10, 0xe0, 0x10, 0xe0, 0x10, 0xe0, 0x0f, 0xe0,
    0x10, 0xe0, 0x10, 0xe0, 0x10, 0xe8, 0x10, 0xe8, 0x0f, 0xe8, 0x10, 0xe8,
    0x10, 0xe0, 0x10, 0xe8, 0x10, 0xe8, 0x0f, 0xe8, 0x10, 0xe8, 0x10, 0xe8,
    0x0f, 0xe0, 0x0f, 0xd8, 0x0e, 0xd8, 0x0f, 0xd8, 0x0f, 0xd8, 0x0f, 0xd8,
    0x0f, 0xd8, 0x0f, 0xd8, 0x0f, 0xd8, 0x0f, 0xe0, 0x0f, 0xe0, 0x0f, 0xe0,
    0x0f, 0xe0, 0x0f, 0xe0, 0x10, 0xe0, 0x10, 0xe0, 0x0f, 0xe0, 0x10, 0xe0,
    0x10, 0xe0, 0x10, 0xe8, 0x10, 0xe8, 0x0f, 0xe8, 0x10, 0xe8, 0x10, 0xe8,
    0x0f, 0xe0, 0x10, 0xe8, 0x10, 0xe8, 0x0f, 0xe0, 0x0e, 0xd0, 0x0e, 0xc8,
    0x0e, 0xc8, 0x0e, 0xc8, 0x0e, 0xd0, 0x0e, 0xd0, 0x0e, 0xd0, 0x0e, 0xd0,
    0x0e, 0xd0, 0x0e, 0xd0, 0x0e, 0xd0, 0x0e, 0xd0, 0x0e, 0xd0, 0x0e, 0xd0,
    0x0f, 0xd0, 0x0f, 0xd0, 0x0e, 0xd0, 0x0f, 0xd8, 0x0f, 0xd8, 0x0f, 0xd8,
    0x0f, 0xd8, 0x0e, 0xd8, 0x0f, 0xd8, 0x0f, 0xd8, 0x0f, 0xd8, 0x0f, 0xd8,
    0x0f, 0xd8, 0x0f, 0xd8, 0x0f, 0xe0, 0x0f, 0xe0, 0x0e, 0xc8, 0x0e, 0xd0,
    0x0e, 0xd0, 0x0f, 0xd0, 0x0e, 0xd0, 0x0e, 0xd0, 0x0f, 0xd8, 0x0f, 0xd0,
    0x0e, 0xd0, 0x0e, 0xd8, 0x0e, 0xd0, 0x0f, 0xd8, 0x0f, 0xd8, 0x0f, 0xd8,
    0x0e, 0xd0, 0x0e, 0xc8, 0x0d, 0xc0, 0x0d, 0xc8, 0x0e, 0xc8, 0x0d, 0xc8,
    0x0e, 0xc8, 0x0e, 0xd0, 0x0e, 0xc8, 0x0e, 0xc8, 0x0e, 0xd0, 0x0e, 0xd0,
    0x0e, 0xd0, 0x0f, 0xd0, 0x0e, 0xd0, 0x0e, 0xd0, 0x0f, 0xd0, 0x0e, 0xd0,
    0x0e, 0xd0, 0x0f, 0xd8, 0x0e, 0xd8, 0x0f, 0xd8, 0x0f, 0xd8, 0x0f, 0xd8,
    0x0f, 0xd8, 0x0f, 0xd8, 0x0f, 0xe0, 0x10, 0xd8, 0x0f, 0xe0, 0x0f, 0xe0,
    0x10, 0xe0, 0x10, 0xe0, 0x0f, 0xd8, 0x0e, 0xd0, 0x0e, 0xd0, 0x0e, 0xd8,
    0x0f, 0xd0, 0x0e, 0xd8, 0x0e, 0xd8, 0x0f, 0xd8, 0x0f, 0xd8, 0x0f, 0xd8,
    0x0f, 0xd8, 0x0f, 0xe0, 0x0f, 0xe0, 0x0f, 0xe0, 0x0f, 0xe0, 0x0f, 0xe0,
    0x10, 0xe0, 0x10, 0xe0, 0x0f, 0xe0, 0x0f, 0xe0, 0x10, 0xe8, 0x10, 0xe8,
    0x0f, 0xe0, 0x0f, 0xe0, 0x0f, 0xd8, 0x0f, 0xe0, 0x10, 0xd8, 0x0f, 0xe0,
    0x0f, 0xe0, 0x0f, 0xd8, 0x10, 0xe0, 0x10, 0xe0, 0x0f, 0xe0, 0x10, 0xe8,
    0x10, 0xe8, 0x0f, 0xe0, 0x10, 0xe0, 0x10, 0xe8, 0x10, 0xe8, 0x10, 0xe0,
    0x0f, 0xe0, 0x0f, 0xe0, 0x10, 0xe0, 0x0f, 0xe0, 0x0f, 0xe0, 0x10, 0xe0,
    0x10, 0xe8, 0x0f, 0xe8, 0x10, 0xe0, 0x10, 0xe8, 0x10, 0xe8, 0x10, 0xe8,
    0x10, 0xe8, 0x0f, 0xe8, 0x0f, 0xe0, 0x10, 0xe0, 0x0f, 0xe8, 0x10, 0xe0,
    0x0f, 0xe0, 0x10, 0xe8, 0x10, 0xe8, 0x0f, 0xe0, 0x10, 0xe8, 0x10, 0xe8,
    0x10, 0xe8, 0x10, 0xe8, 0x10, 0xe0, 0x10, 0xe0, 0x0f, 0xe8, 0x10, 0xe8,
    0x10, 0xe8, 0x0f, 0xe8, 0x10, 0xe8, 0x10, 0xe8, 0x0f, 0xe8, 0x10, 0xe8,
    0x10, 0xe0, 0x10, 0xe0, 0x10, 0xe8, 0x10, 0xe8, 0x10, 0xe0, 0x10, 0xe8,
    0x10, 0xe0, 0x0f, 0xe0, 0x10, 0xe8, 0x10, 0xe8, 0x0f, 0xe8, 0x10, 0xe8,
    0x10, 0xe8, 0x10, 0xe8, 0x10, 0xe0, 0x10, 0xe8, 0x0f, 0xe8, 0x10, 0xe8,
    0x10, 0xe8, 0x0f, 0xe8, 0x10, 0xe8, 0x10, 0xe8, 0x10, 0xe8, 0x10, 0xe8,
    0x0f, 0xe0, 0x10, 0xe8, 0x0f, 0xe8, 0x0f, 0xe0, 0x10, 0xe8, 0x0f, 0xe8,
    0x10, 0xe0, 0x0f, 0xe8, 0x10, 0xe8, 0x10, 0xe0, 0x0f, 0xe8, 0x10, 0xe8,
    0x10, 0xe8, 0x0f, 0xe8, 0x10, 0xe8, 0x10, 0xe8, 0x0f, 0xe0, 0x10, 0xe0,
    0x10, 0xe8, 0x10, 0xe8, 0x10, 0xe0, 0x0f, 0xe8, 0x10, 0xe8, 0x0f, 0xe0,
    0x10, 0xe8, 0x10, 0xe8, 0x10, 0xe8, 0x10, 0xe8, 0x0f, 0xe0, 0x10, 0xe8,
    0x10, 0xe8, 0x10, 0xe8, 0x0f, 0xe8, 0x10, 0xe8, 0x10, 0xe8, 0x10, 0xe8,
    0x10, 0xe0, 0x10, 0xe8, 0x0f, 0xe0, 0x10, 0xe8, 0x10, 0xe0, 0x0f, 0xe0,
    0x10, 0xe0, 0x0f, 0xe0, 0x10, 0xe8, 0x10, 0xe8, 0x10, 0xe8, 0x10, 0xe8,
    0x10, 0xe8, 0x10, 0xe8, 0x10, 0xe8, 0x10, 0xe0, 0x10, 0xe8, 0x10, 0xe8,
    0x0f, 0xe0, 0x10, 0xe0, 0x0f, 0xe0, 0x0f, 0xd8, 0x0f, 0xe0, 0x0f, 0xe0,
    0x0f, 0xe0, 0x10, 0xe0, 0x0f, 0xe0, 0x10, 0xe0, 0x10, 0xe8, 0x0f, 0xe8,
    0x10, 0xe8, 0x10, 0xe8, 0x10, 0xe8, 0x0f, 0xe0, 0x10, 0xe8, 0x10, 0xe0,
    0x0f, 0xe8, 0x10, 0xe8, 0x10, 0xe8, 0x0f, 0xe0, 0x0f, 0xd8, 0x0e, 0xd8,
    0x0f, 0xd8, 0x0f, 0xd8, 0x0f, 0xd8, 0x0f, 0xd8, 0x0f, 0xd8, 0x0f, 0xe0,
    0x0f, 0xe0, 0x0f, 0xe0, 0x0f, 0xe0, 0x10, 0xd8, 0x10, 0xe0, 0x0f, 0xe0,
    0x10, 0xe0, 0x0f, 0xe0, 0x10, 0xe0, 0x10, 0xe8, 0x10, 0xe8, 0x10, 0xe0,
    0x10, 0xe8, 0x10, 0xe8, 0x10, 0xe0, 0x10, 0xe8, 0x10, 0xe8, 0x0f, 0xe0,
    0x0f, 0xd8, 0x0e, 0xc8, 0x0e, 0xc8, 0x0e, 0xc8, 0x0e, 0xd0, 0x0e, 0xd0,
    0x0e, 0xd0, 0x0e, 0xd0, 0x0e, 0xd0, 0x0e, 0xd0, 0x0e, 0xd0, 0x0e, 0xd0,
    0x0f, 0xd0, 0x0f, 0xd0, 0x0f, 0xd0, 0x0e, 0xd8, 0x0f, 0xd8, 0x0f, 0xd8,
    0x0f, 0xd8, 0x0e, 0xd8, 0x0f, 0xd8, 0x0f, 0xd8, 0x0f, 0xd8, 0x0f, 0xd8,
    0x0f, 0xd8, 0x0f, 0xd8, 0x0f, 0xd8, 0x0f, 0xe0, 0x0f, 0xd8, 0x0f, 0xe0,
    0x0f, 0xe0, 0x0f, 0xd8, 0x0e, 0xc8, 0x0e, 0xc8, 0x0e, 0xd0, 0x0e, 0xd0,
    0x0e, 0xd0, 0x0e, 0xd0, 0x0e, 0xd0, 0x0e, 0xd0, 0x0f, 0xd8, 0x0e, 0xd0,
    0x0f, 0xd0, 0x0f, 0xd8, 0x0f, 0xd8, 0x0f, 0xd8, 0x0f, 0xd8, 0x0f, 0xd8,
    0x0e, 0xd0, 0x0e, 0xc8, 0x0d, 0xc8, 0x0e, 0xc8, 0x0e, 0xc8, 0x0e, 0xc8,
    0x0e, 0xc8, 0x0e, 0xd0, 0x0e, 0xc8, 0x0e, 0xd0, 0x0e, 0xd0, 0x0e, 0xd0,
    0x0e, 0xd0, 0x0f, 0xd0, 0x0e, 0xd8, 0x0f, 0xd0, 0x0f, 0xd0, 0x0e, 0xd0,
    0x0f, 0xd8, 0x0f, 0xd8, 0x0f, 0xd8, 0x0f, 0xd8, 0x0f, 0xd8, 0x0f, 0xd8,
    0x0f, 0xd8, 0x0f, 0xe0, 0x0f, 0xd8, 0x0f, 0xe0, 0x0f, 0xd8, 0x0f, 0xe0,
    0x10, 0xe0, 0x0f, 0xd8, 0x0f, 0xd8, 0x0e, 0xd0, 0x0e, 0xd0, 0x0f, 0xd8,
    0x0f, 0xd8, 0x0f, 0xd8, 0x0e, 0xd8, 0x0f, 0xd8, 0x0f, 0xd8, 0x0f, 0xd8,
    0x0f, 0xe0, 0x10, 0xd8, 0x0f, 0xd8, 0x0f, 0xe0, 0x0f, 0xe0, 0x10, 0xe0,
    0x10, 0xe0, 0x0f, 0xe0, 0x0f, 0xe0, 0x10, 0xe0, 0x10, 0xe8, 0x10, 0xe0,
    0x0f, 0xd8, 0x0f, 0xd8, 0x0f, 0xe0, 0x10, 0xd8, 0x0f, 0xe0, 0x0f, 0xe0,
    0x10, 0xe0, 0x0f, 0xe0, 0x0f, 0xe0, 0x10, 0xe0, 0x10, 0xe8, 0x10, 0xe0,
    0x0f, 0xe8, 0x10, 0xe8, 0x10, 0xe8, 0x10, 0xe8, 0x0f, 0xe0, 0x0f, 0xe0,
    0x10, 0xe0, 0x10, 0xe0, 0x0f, 0xe0, 0x0f, 0xe0, 0x10, 0xe8, 0x10, 0xe0,
    0x10, 0xe8, 0x0f, 0xe0, 0x10, 0xe8, 0x10, 0xe8, 0x10, 0xe8, 0x10, 0xe8,
    0x10, 0xe0, 0x0f, 0xe0, 0x10, 0xe8, 0x10, 0xe8, 0x0f, 0xe0, 0x10, 0xe8,
    0x10, 0xe8, 0x10, 0xe0, 0x10, 0xe8, 0x0f, 0xe0, 0x10, 0xe8, 0x10, 0xe8,
    0x0f, 0xe0, 0x10, 0xe0, 0x10, 0xe8, 0x10, 0xe8, 0x10, 0xe0, 0x0f, 0xe8,
    0x10, 0xe0, 0x10, 0xe8, 0x0f, 0xe8, 0x10, 0xe8, 0x10, 0xe8, 0x0f, 0xe8,
    0x10, 0xe8, 0x0f, 0xe8, 0x10, 0xe8, 0x10, 0xe8, 0x10, 0xe8, 0x10, 0xe8,
    0x10, 0xe8, 0x10, 0xe0, 0x10, 0xe0, 0x0f, 0xe8, 0x10, 0xe8, 0x10, 0xe0,
    0x0f, 0xe8, 0x10, 0xe8, 0x10, 0xe0, 0x10, 0xe8, 0x0f, 0xe0, 0x10, 0xe8,
    0x0f, 0xe0, 0x10, 0xe0, 0x10, 0xe8, 0x0f, 0xe8, 0x10, 0xe8, 0x10, 0xe8,
    0x10, 0xe0, 0x10, 0xe8, 0x10, 0xe8, 0x10, 0xe8, 0x0f, 0xe0, 0x10, 0xe8,
    0x10, 0xe8, 0x10, 0xe8, 0x10, 0xe8, 0x0f, 0xe0, 0x10, 0xe8, 0x10, 0xe0,
    0x10, 0xe8, 0x10, 0xe8, 0x0f, 0xe0, 0x10, 0xe8, 0x10, 0xe8, 0x10, 0xe8,
    0x10, 0xe8, 0x10, 0xe8, 0x10, 0xe8, 0x0f, 0xe8, 0x10, 0xe8, 0x0f, 0xe0,
    0x10, 0xe8, 0x10, 0xe0, 0x0f, 0xe0, 0x10, 0xe8, 0x10, 0xe8, 0x10, 0xe0,
    0x10, 0xe8, 0x10, 0xe8, 0x0f, 0xe8, 0x10, 0xe8, 0x10, 0xe8, 0x0f, 0xe8,
    0x10, 0xe8, 0x10, 0xe0, 0x0f, 0xe0, 0x0f, 0xe0, 0x10, 0xe0, 0x10, 0xe8,
    0x10, 0xe8, 0x0f, 0xe8, 0x10, 0xe0, 0x0f, 0xe8, 0x10, 0xe0, 0x0f, 0xe8,
    0x10, 0xe8, 0x0f, 0xe0, 0x10, 0xe8, 0x10, 0xe8, 0x10, 0xe0, 0x0f, 0xe0,
    0x0f, 0xe0, 0x0f, 0xe0, 0x10, 0xe0, 0x10, 0xe0, 0x0f, 0xe0, 0x10, 0xe0,
    0x10, 0xe0, 0x10, 0xe8, 0x10, 0xe8, 0x0f, 0xe8, 0x10, 0xe0, 0x10, 0xe8,
    0x10, 0xe8, 0x0f, 0xe8, 0x10, 0xe8, 0x10, 0xe8, 0x10, 0xe0, 0x10, 0xe8,
    0x0f, 0xe0, 0x0f, 0xd8, 0x0f, 0xd8, 0x0f, 0xd8, 0x0f, 0xd8, 0x0f, 0xd8,
    0x0f, 0xe0, 0x0f, 0xe0, 0x0f, 0xe0, 0x0f, 0xe0, 0x0f, 0xe0, 0x0f, 0xe0,
    0x10, 0xe0, 0x0f, 0xe0, 0x10, 0xe0, 0x0f, 0xe0, 0x10, 0xe0, 0x10, 0xe8,
    0x10, 0xe0, 0x0f, 0xe8, 0x0f, 0xe8, 0x10, 0xe8, 0x0f, 0xe0, 0x10, 0xe8,
    0x0f, 0xe8, 0x10, 0xe8, 0x0f, 0xd8, 0x0e, 0xd0, 0x0e, 0xc8, 0x0e, 0xc8,
    0x0e, 0xd0, 0x0e, 0xd0, 0x0e, 0xd0, 0x0e, 0xd0, 0x0e, 0xd0, 0x0e, 0xd0,
    0x0e, 0xd0, 0x0f, 0xd0, 0x0f, 0xd0, 0x0e, 0xd0, 0x0e, 0xd8, 0x0f, 0xd8,
    0x0f, 0xd8, 0x0f, 0xd8, 0x0f, 0xd8, 0x0f, 0xd8, 0x0f, 0xd8, 0x0f, 0xd8,
    0x0f, 0xd8, 0x0f, 0xd8, 0x0f, 0xd8, 0x0f, 0xd8, 0x0f, 0xd8, 0x0f, 0xe0,
    0x0f, 0xe0, 0x0f, 0xe0, 0x0f, 0xe0, 0x0f, 0xe0, 0x0f, 0xe0, 0x0f, 0xe0,
    0x0e, 0xc8, 0x0e, 0xc8, 0x0e, 0xc8, 0x0e, 0xd0, 0x0e, 0xd0, 0x0e, 0xd0,
    0x0e, 0xd0, 0x0f, 0xd0, 0x0e, 0xd0, 0x0f, 0xd8, 0x0e, 0xd0, 0x0e, 0xd0,
    0x0e, 0xd8, 0x0f, 0xd0, 0x0f, 0xd8, 0x0f, 0xd8, 0x0f, 0xd8, 0x0f, 0xd8,
    0x0e, 0xd0, 0x0e, 0xc8, 0x0d, 0xc8, 0x0e, 0xc8, 0x0e, 0xc8, 0x0e, 0xc8,
    0x0e, 0xc8, 0x0e, 0xc8, 0x0e, 0xd0, 0x0e, 0xd0, 0x0e, 0xd0, 0x0e, 0xd0,
    0x0f, 0xd0, 0x0e, 0xd8, 0x0e, 0xd8, 0x0f, 0xd0, 0x0e, 0xd0, 0x0e, 0xd8,
    0x0f, 0xd8, 0x0f, 0xd8, 0x0f, 0xd8, 0x0f, 0xd8, 0x0f, 0xd8, 0x0f, 0xe0,
    0x10, 0xe0, 0x0f, 0xd8, 0x0f, 0xe0, 0x0f, 0xe0, 0x0f, 0xe0, 0x10, 0xe0,
    0x0f, 0xe0, 0x0f, 0xd8, 0x0f, 0xd0, 0x0f, 0xd0, 0x0e, 0xd8, 0x0f, 0xd8,
    0x0f, 0xd8, 0x0f, 0xd8, 0x0f, 0xd8, 0x0f, 0xd8, 0x0f, 0xe0, 0x0f, 0xe0,
    0x0f, 0xd8, 0x0f, 0xe0, 0x0f, 0xe0, 0x10, 0xe0, 0x0f, 0xe0, 0x10, 0xe0,
    0x10, 0xe0, 0x0f, 0xe8, 0x10, 0xe8, 0x10, 0xe0, 0x0f, 0xe0, 0x0f, 0xe0,
    0x0f, 0xd8, 0x0f, 0xe0, 0x0f, 0xd8, 0x0f, 0xe0, 0x10, 0xe0, 0x10, 0xe0,
    0x0f, 0xe0, 0x0f, 0xe0, 0x10, 0xe0, 0x10, 0xe8, 0x10, 0xe0, 0x0f, 0xe0,
    0x10, 0xe8, 0x10, 0xe8, 0x10, 0xe0, 0x0f, 0xe0, 0x0f, 0xe0, 0x10, 0xe0,
    0x10, 0xe0, 0x0f, 0xe0, 0x10, 0xe0, 0x10, 0xe8, 0x10, 0xe0, 0x0f, 0xe8,
    0x10, 0xe8, 0x0f, 0xe0, 0x0f, 0xe0, 0x10, 0xe8, 0x10, 0xe8, 0x0f, 0xe0,
    0x0f, 0xe0, 0x10, 0xe0, 0x10, 0xe8, 0x10, 0xe8, 0x0f, 0xe8, 0x10, 0xe8,
    0x10, 0xe8, 0x0f, 0xe8, 0x10, 0xe0, 0x10, 0xe8, 0x0f, 0xe8, 0x10, 0xe0,
    0x10, 0xe8, 0x0f, 0xe8, 0x10, 0xe0, 0x10, 0xe8, 0x10, 0xe8, 0x10, 0xe0,
    0x10, 0xe0, 0x0f, 0xe8, 0x10, 0xe8, 0x10, 0xe0, 0x0f, 0xe0, 0x10, 0xe8,
    0x0f, 0xe8, 0x10, 0xe0, 0x0f, 0xe8, 0x10, 0xe8, 0x0f, 0xe8, 0x10, 0xe8,
    0x10, 0xe0, 0x0f, 0xe8, 0x10, 0xe8, 0x10, 0xe0, 0x0f, 0xe8, 0x10, 0xe8,
    0x10, 0xe8, 0x0f, 0xe0, 0x10, 0xe8, 0x10, 0xe8, 0x10, 0xe0, 0x0f, 0xe8,
    0x10, 0xe8, 0x10, 0xe0, 0x10, 0xe8, 0x10, 0xe8, 0x0f, 0xe8, 0x10, 0xe0,
    0x10, 0xe8, 0x10, 0xe8, 0x10, 0xe0, 0x10, 0xe8, 0x0f, 0xe8, 0x10, 0xe0,
    0x10, 0xe8, 0x10, 0xe8, 0x0f, 0xe8, 0x10, 0xe0, 0x10, 0xe8, 0x0f, 0xe8,
    0x10, 0xe0, 0x10, 0xe8, 0x0f, 0xe8, 0x0f, 0xe0, 0x10, 0xe8, 0x10, 0xe0,
    0x10, 0xe0, 0x10, 0xe8, 0x10, 0xe8, 0x10, 0xe8, 0x0f, 0xe0, 0x10, 0xe8,
    0x10, 0xe0, 0x10, 0xe8, 0x0f, 0xe8, 0x10, 0xe8, 0x10, 0xe0, 0x0f, 0xe0,
    0x10, 0xe8, 0x10, 0xe0, 0x0f, 0xe8, 0x10, 0xe8, 0x10, 0xe8, 0x0f, 0xe0,
    0x10, 0xe0, 0x0f, 0xe0, 0x10, 0xe8, 0x10, 0xe0, 0x10, 0xe8, 0x10, 0xe8,
    0x0f, 0xe8, 0x10, 0xe8, 0x10, 0xe0, 0x10, 0xe8, 0x0f, 0xe8, 0x10, 0xe8,
    0x10, 0xe8, 0x0f, 0xe8, 0x0f, 0xe0, 0x0f, 0xe0, 0x0f, 0xe0, 0x10, 0xe0,
    0x10, 0xe0, 0x0f, 0xe0, 0x10, 0xe0, 0x10, 0xe0, 0x10, 0xe8, 0x0f, 0xe8,
    0x10, 0xe0, 0x10, 0xe8, 0x0f, 0xe8, 0x10, 0xe0, 0x10, 0xe8, 0x10, 0xe8,
    0x0f, 0xe0, 0x10, 0xe8, 0x10, 0xe0, 0x0f, 0xd8, 0x0f, 0xd8, 0x0f, 0xd8,
    0x0f, 0xd8, 0x0f, 0xd8, 0x0f, 0xd8, 0x0f, 0xe0, 0x0f, 0xe0, 0x0f, 0xe0,
    0x0f, 0xd8, 0x0f, 0xe0, 0x10, 0xe0, 0x10, 0xe0, 0x0f, 0xe0, 0x10, 0xe0,
    0x10, 0xe0, 0x10, 0xe8, 0x10, 0xe8, 0x10, 0xe8, 0x10, 0xe8, 0x10, 0xe0,
    0x10, 0xe8, 0x10, 0xe8, 0x10, 0xe8, 0x10, 0xe8, 0x0f, 0xe0, 0x0e, 0xd0,
    0x0e, 0xd0, 0x0e, 0xc8, 0x0e, 0xd0, 0x0e, 0xd0, 0x0e, 0xd0, 0x0e, 0xd0,
    0x0e, 0xd0, 0x0f, 0xd0, 0x0e, 0xd0, 0x0f, 0xd0, 0x0f, 0xd0, 0x0e, 0xd8,
    0x0f, 0xd8, 0x0f, 0xd0, 0x0e, 0xd8, 0x0f, 0xd8, 0x0f, 0xd8, 0x0e, 0xd8,
    0x0e, 0xd8, 0x0f, 0xd8, 0x0f, 0xd8, 0x0f, 0xd8, 0x0f, 0xd8, 0x0f, 0xd8,
    0x0f, 0xe0, 0x0f, 0xe0, 0x0f, 0xe0, 0x0f, 0xe0, 0x0f, 0xe0, 0x0f, 0xd8,
    0x0f, 0xe0, 0x10, 0xe0, 0x10, 0xe0, 0x0f, 0xe0, 0x0e, 0xc8, 0x0e, 0xd0,
    0x0e, 0xd0, 0x0e, 0xc8, 0x0f, 0xd0, 0x0e, 0xd0, 0x0e, 0xd0, 0x0e, 0xd0,
    0x0f, 0xd0, 0x0e, 0xd0, 0x0f, 0xd0, 0x0e, 0xd0, 0x0e, 0xd8, 0x0f, 0xd8,
    0x0e, 0xd8, 0x0f, 0xd8, 0x0f, 0xd8, 0x0f, 0xd8, 0x0f, 0xd8, 0x0e, 0xd8,
    0x0e, 0xd0, 0x0e, 0xc8, 0x0e, 0xc8, 0x0e, 0xc8, 0x0e, 0xc8, 0x0e, 0xd0,
    0x0e, 0xc8, 0x0e, 0xd0, 0x0f, 0xd0, 0x0e, 0xd0, 0x0e, 0xd0, 0x0e, 0xd0,
    0x0f, 0xd0, 0x0f, 0xd8, 0x0e, 0xd0, 0x0f, 0xd8, 0x0f, 0xd8, 0x0e, 0xd8,
    0x0f, 0xd8, 0x0f, 0xd8, 0x0f, 0xd8, 0x0f, 0xd8, 0x0f, 0xe0, 0x10, 0xe0,
    0x0f, 0xe0, 0x0f, 0xe0, 0x10, 0xe0, 0x0f, 0xe0, 0x10, 0xe0, 0x0f, 0xe0,
    0x0f, 0xe0, 0x0e, 0xd0, 0x0e, 0xd0, 0x0f, 0xd8, 0x0f, 0xd8, 0x0f, 0xd8,
    0x0f, 0xd8, 0x0f, 0xe0, 0x0f, 0xd8, 0x0f, 0xe0, 0x10, 0xe0, 0x0f, 0xe0,
    0x0f, 0xe0, 0x0f, 0xe0, 0x10, 0xe0, 0x0f, 0xe0, 0x10, 0xe0, 0x10, 0xe0,
    0x10, 0xe8, 0x10, 0xe8, 0x10, 0xe8, 0x10, 0xe0, 0x0f, 0xe0, 0x0f, 0xd8,
    0x0f, 0xe0, 0x0f, 0xe0, 0x0f, 0xe0, 0x10, 0xe0, 0x10, 0xe0, 0x0f, 0xe0,
    0x0f, 0xe0, 0x10, 0xe8, 0x10, 0xe0, 0x0f, 0xe0, 0x10, 0xe8, 0x10, 0xe8,
    0x10, 0xe8, 0x10, 0xe0, 0x0f, 0xe0, 0x0f, 0xe0, 0x10, 0xe0, 0x0f, 0xe0,
    0x10, 0xe8, 0x10, 0xe0, 0x0f, 0xe0, 0x10, 0xe8, 0x10, 0xe8, 0x10, 0xe8,
    0x10, 0xe8, 0x10, 0xe8, 0x10, 0xe8, 0x10, 0xe0, 0x0f, 0xe0, 0x10, 0xe0,
    0x10, 0xe0, 0x0f, 0xe8, 0x10, 0xe8, 0x10, 0xe0, 0x10, 0xe8, 0x10, 0xe8,
    0x10, 0xe8, 0x10, 0xe8, 0x10, 0xe8, 0x10, 0xe0, 0x0f, 0xe0, 0x10, 0xe8,
    0x10, 0xe8, 0x0f, 0xe8, 0x10, 0xe8, 0x10, 0xe8, 0x0f, 0xe8, 0x10, 0xe8,
    0x10, 0xe8, 0x10, 0xe0, 0x10, 0xe8, 0x10, 0xe8, 0x10, 0xe0, 0x10, 0xe8,
    0x10, 0xe8, 0x0f, 0xe0, 0x10, 0xe8, 0x10, 0xe8, 0x10, 0xe8, 0x10, 0xe8,
    0x10, 0xe8, 0x10, 0xe8, 0x10, 0xe8, 0x10, 0xe8, 0x10, 0xe8, 0x10, 0xe8,
    0x10, 0xe8, 0x10, 0xe8, 0x10, 0xe8, 0x10, 0xe8, 0x0f, 0xe8, 0x10, 0xe0,
    0x10, 0xe8, 0x0f, 0xe8, 0x10, 0xe8, 0x10, 0xe0, 0x0f, 0xe8, 0x0f, 0xe8,
    0x10, 0xe0, 0x10, 0xe8, 0x10, 0xe8, 0x0f, 0xe0, 0x10, 0xe8, 0x10, 0xe8,
    0x10, 0xe8, 0x0f, 0xe8, 0x10, 0xe8, 0x10, 0xe0, 0x10, 0xe8, 0x10, 0xe8,
    0x10, 0xe0, 0x10, 0xe8, 0x0f, 0xe8, 0x10, 0xe8, 0x0f, 0xe8, 0x10, 0xe0,
    0x10, 0xe8, 0x10, 0xe8, 0x10, 0xe8, 0x10, 0xe0, 0x10, 0xe8, 0x0f, 0xe8,
    0x10, 0xe8, 0x10, 0xe8, 0x0f, 0xe8, 0x10, 0xe8, 0x10, 0xe8, 0x10, 0xe0,
    0x10, 0xe8, 0x10, 0xe8, 0x0f, 0xe0, 0x0f, 0xe0, 0x10, 0xe0, 0x10, 0xe8,
    0x10, 0xe0, 0x0f, 0xe8, 0x10, 0xe8, 0x10, 0xe0, 0x10, 0xe8, 0x10, 0xe8,
    0x10, 0xe8, 0x10, 0xe8, 0x10, 0xe0, 0x10, 0xe8, 0x10, 0xe8, 0x0f, 0xe0,
    0x0f, 0xe0, 0x0f, 0xe0, 0x10, 0xe0, 0x10, 0xe0, 0x0f, 0xe0, 0x10, 0xe0,
    0x10, 0xe8, 0x10, 0xe8, 0x0f, 0xe8, 0x10, 0xe8, 0x10, 0xe0, 0x10, 0xe8,
    0x10, 0xe8, 0x0f, 0xe8, 0x10, 0xe0, 0x10, 0xe8, 0x10, 0xe8, 0x0f, 0xe0,
    0x0f, 0xe0, 0x0f, 0xd8, 0x0e, 0xd8, 0x0f, 0xd8, 0x0f, 0xd8, 0x0f, 0xd8,
    0x0f, 0xe0, 0x0f, 0xe0, 0x0f, 0xd8, 0x0f, 0xe0, 0x10, 0xe0, 0x10, 0xe0,
    0x0f, 0xe0, 0x10, 0xe0, 0x10, 0xe0, 0x10, 0xe8, 0x10, 0xe8, 0x0f, 0xe0,
    0x10, 0xe8, 0x0f, 0xe8, 0x0f, 0xe8, 0x10, 0xe8, 0x10, 0xe0, 0x0f, 0xe8,
    0x10, 0xe8, 0x0f, 0xd8, 0x0e, 0xd0, 0x0e, 0xd0, 0x0e, 0xd0, 0x0e, 0xd0,
    0x0e, 0xd0, 0x0f, 0xd0, 0x0e, 0xd0, 0x0f, 0xd0, 0x0f, 0xd0, 0x0e, 0xd8,
    0x0f, 0xd8, 0x0f, 0xd8, 0x0e, 0xd0, 0x0f, 0xd8, 0x0f, 0xd8, 0x0f, 0xd8,
    0x0f, 0xd8, 0x0f, 0xd8, 0x0f, 0xd8, 0x0f, 0xd8, 0x0f, 0xd8, 0x0f, 0xd8,
    0x0f, 0xd8, 0x0f, 0xe0, 0x0f, 0xe0, 0x0f, 0xe0, 0x0f, 0xd8, 0x0f, 0xe0,
    0x0f, 0xe0, 0x0f, 0xd8, 0x10, 0xe0, 0x10, 0xe0, 0x0f, 0xe0, 0x10, 0xe0,
    0x0f, 0xe0, 0x10, 0xe0, 0x0e, 0xc8, 0x0e, 0xc8, 0x0e, 0xc8, 0x0e, 0xc8,
    0x0e, 0xd0, 0x0e, 0xd0, 0x0e, 0xd0, 0x0e, 0xd0, 0x0e, 0xd0, 0x0f, 0xd0,
    0x0e, 0xd8, 0x0f, 0xd0, 0x0f, 0xd0, 0x0e, 0xd0, 0x0f, 0xd0, 0x0e, 0xd8,
    0x0f, 0xd8, 0x0f, 0xd8, 0x0f, 0xd8, 0x0f, 0xd8, 0x0f, 0xd8, 0x0f, 0xd8,
    0x0e, 0xd0, 0x0e, 0xc8, 0x0e, 0xc8, 0x0e, 0xc8, 0x0e, 0xc8, 0x0e, 0xd0,
    0x0e, 0xd0, 0x0e, 0xd0, 0x0e, 0xd0, 0x0f, 0xd0, 0x0e, 0xd0, 0x0e, 0xd0,
    0x0f, 0xd0, 0x0e, 0xd8, 0x0f, 0xd8, 0x0f, 0xd8, 0x0e, 0xd8, 0x0f, 0xd8,
    0x0f, 0xd8, 0x0f, 0xd8, 0x0f, 0xd8, 0x0f, 0xe0, 0x0f, 0xd8, 0x10, 0xe0,
    0x0f, 0xe0, 0x0f, 0xe0, 0x0f, 0xe0, 0x10, 0xe0, 0x10, 0xe0, 0x0f, 0xe0,
    0x0f, 0xd8, 0x0f, 0xd8, 0x0e, 0xd8, 0x0f, 0xd8, 0x0f, 0xd8, 0x0f, 0xd8,
    0x0f, 0xd8, 0x0f, 0xd8, 0x0f, 0xe0, 0x10, 0xd8, 0x0f, 0xe0, 0x0f, 0xe0,
    0x10, 0xe0, 0x0f, 0xe0, 0x0f, 0xe0, 0x0f, 0xe0, 0x0f, 0xe0, 0x10, 0xe0,
    0x10, 0xe8, 0x10, 0xe8, 0x10, 0xe0, 0x0f, 0xe0, 0x10, 0xe0, 0x0f, 0xe0,
    0x0f, 0xe0, 0x0f, 0xe0, 0x10, 0xe0, 0x0f, 0xe0, 0x0f, 0xe0, 0x10, 0xe8,
    0x10, 0xe8, 0x10, 0xe0, 0x0f, 0xe8, 0x10, 0xe8, 0x10, 0xe8, 0x10, 0xe8,
    0x10, 0xe0, 0x0f, 0xe0, 0x0f, 0xe0, 0x10, 0xe0, 0x0f, 0xe8, 0x10, 0xe8,
    0x10, 0xe0, 0x10, 0xe8, 0x10, 0xe8, 0x10, 0xe0, 0x0f, 0xe8, 0x10, 0xe8,
    0x10, 0xe8, 0x10, 0xe8, 0x0f, 0xe0, 0x10, 0xe8, 0x10, 0xe0, 0x10, 0xe8,
    0x10, 0xe8, 0x0f, 0xe0, 0x10, 0xe8, 0x0f, 0xe8, 0x10, 0xe0, 0x0f, 0xe8,
    0x10, 0xe8, 0x10, 0xe0, 0x10, 0xe8, 0x10, 0xe8, 0x10, 0xe8, 0x0f, 0xe0,
    0x10, 0xe8, 0x10, 0xe8, 0x10, 0xe0, 0x10, 0xe8, 0x0f, 0xe8, 0x10, 0xe8,
    0x10, 0xe8, 0x0f, 0xe8, 0x10, 0xe8, 0x10, 0xe8, 0x10, 0xe8, 0x10, 0xe0,
    0x10, 0xe8, 0x0f, 0xe8, 0x10, 0xe0, 0x0f, 0xe8, 0x10, 0xe0, 0x0f, 0xe8,
    0x10, 0xe0, 0x0f, 0xe0, 0x10, 0xe8, 0x0f, 0xe8, 0x10, 0xe0, 0x0f, 0xe8,
    0x10, 0xe8, 0x10, 0xe0, 0x10, 0xe8, 0x0f, 0xe8, 0x10, 0xe0, 0x10, 0xe8,
    0x10, 0xe8, 0x10, 0xe8, 0x10, 0xe8, 0x10, 0xe8, 0x10, 0xe8, 0x0f, 0xe8,
    0x10, 0xe8, 0x10, 0xe8, 0x0f, 0xe0, 0x10, 0xe8, 0x10, 0xe0, 0x10, 0xe8,
    0x10, 0xe8, 0x0f, 0xe0, 0x10, 0xe8, 0x10, 0xe8, 0x10, 0xe8, 0x10, 0xe8,
    0x10, 0xe8, 0x10, 0xe8, 0x0f, 0xe8, 0x10, 0xe8, 0x0f, 0xe0, 0x0f, 0xe8,
    0x10, 0xe0, 0x10, 0xe0, 0x0f, 0xe8, 0x10, 0xe8, 0x10, 0xe0, 0x10, 0xe8,
    0x10, 0xe8, 0x10, 0xe8, 0x0f, 0xe8, 0x10, 0xe8, 0x10, 0xe0, 0x10, 0xe8,
    0x10, 0xe0, 0x0f, 0xe0, 0x10, 0xe8, 0x10, 0xe8, 0x10, 0xe8, 0x10, 0xe8,
    0x0f, 0xe8, 0x10, 0xe0, 0x10, 0xe8, 0x0f, 0xe8, 0x0f, 0xe0, 0x10, 0xe8,
    0x10, 0xe8, 0x0f, 0xe0, 0x10, 0xe0, 0x0f, 0xe0, 0x10, 0xe0, 0x10, 0xe0,
    0x0f, 0xe0, 0x10, 0xe0, 0x10, 0xe0, 0x10, 0xe8, 0x0f, 0xe8, 0x10, 0xe8,
    0x10, 0xe0, 0x10, 0xe8, 0x0f, 0xe8, 0x10, 0xe8, 0x10, 0xe8, 0x10, 0xe0,
    0x0f, 0xe8, 0x10, 0xe8, 0x0f, 0xe0, 0x0f, 0xd8, 0x0f, 0xd8, 0x0f, 0xd8,
    0x0f, 0xe0, 0x0f, 0xe0, 0x0f, 0xe0, 0x0f, 0xe0, 0x0f, 0xe0, 0x10, 0xe0,
    0x10, 0xe0, 0x0f, 0xe0, 0x10, 0xe0, 0x10, 0xe0, 0x0f, 0xe0, 0x10, 0xe8,
    0x10, 0xe0, 0x0f, 0xe8, 0x10, 0xe8, 0x10, 0xe8, 0x10, 0xe0, 0x10, 0xe8,
    0x10, 0xe8, 0x10, 0xe8, 0x0f, 0xe8, 0x0f, 0xe0, 0x0f, 0xd0, 0x0e, 0xd0,
    0x0e, 0xd0, 0x0e, 0xd0, 0x0f, 0xd0, 0x0e, 0xd0, 0x0f, 0xd0, 0x0f, 0xd8,
    0x0e, 0xd0, 0x0e, 0xd8, 0x0f, 0xd8, 0x0f, 0xd8, 0x0e, 0xd8, 0x0f, 0xd8,
    0x0f, 0xd8, 0x0e, 0xd8, 0x0f, 0xd8, 0x0f, 0xd8, 0x0f, 0xd8, 0x0f, 0xd8,
    0x0f, 0xd8, 0x0f, 0xe0, 0x0f, 0xe0, 0x0f, 0xd8, 0x0f, 0xe0, 0x0f, 0xe0,
    0x0f, 0xe0, 0x0f, 0xe0, 0x0f, 0xe0, 0x10, 0xe0, 0x10, 0xe0, 0x0f, 0xe0,
    0x10, 0xe0, 0x0f, 0xe0, 0x10, 0xe0, 0x10, 0xe0, 0x0f, 0xe0, 0x0f, 0xd8,
    0x0e, 0xc8, 0x0e, 0xc8, 0x0e, 0xc8, 0x0e, 0xc8, 0x0e, 0xc8, 0x0e, 0xc8,
    0x0e, 0xd0, 0x0e, 0xd0, 0x0e, 0xd0, 0x0e, 0xd0, 0x0e, 0xd0, 0x0e, 0xd0,
    0x0f, 0xd8, 0x0e, 0xd0, 0x0e, 0xd0, 0x0f, 0xd8, 0x0e, 0xd8, 0x0f, 0xd8,
    0x0f, 0xd8, 0x0f, 0xd8, 0x0f, 0xd8, 0x0f, 0xd8, 0x0f, 0xe0, 0x0e, 0xd8,
    0x0e, 0xd0, 0x0e, 0xc8, 0x0e, 0xc8, 0x0e, 0xc8, 0x0e, 0xd0, 0x0e, 0xd0,
    0x0f, 0xd0, 0x0e, 0xd0, 0x0e, 0xd0, 0x0e, 0xd0, 0x0f, 0xd8, 0x0e, 0xd0,
    0x0f, 0xd0, 0x0f, 0xd8, 0x0e, 0xd8, 0x0f, 0xd8, 0x0f, 0xd8, 0x0f, 0xd8,
    0x0f, 0xd8, 0x0f, 0xd8, 0x0f, 0xe0, 0x0f, 0xe0, 0x0f, 0xd8, 0x0f, 0xe0,
    0x0f, 0xe0, 0x10, 0xe0, 0x10, 0xe0, 0x10, 0xe0, 0x0f, 0xe0, 0x0f, 0xd8,
    0x0e, 0xd0, 0x0f, 0xd8, 0x0f, 0xd8, 0x0f, 0xd8, 0x0f, 0xd8, 0x0f, 0xd8,
    0x0f, 0xd8, 0x0f, 0xe0, 0x0f, 0xe0, 0x0f, 0xe0, 0x0f, 0xe0, 0x10, 0xe0,
    0x10, 0xe0, 0x0f, 0xe0, 0x0f, 0xe0, 0x10, 0xe8, 0x0f, 0xe0, 0x10, 0xe0,
    0x10, 0xe8, 0x10, 0xe0, 0x0f, 0xe0, 0x0f, 0xd8, 0x0f, 0xe0, 0x10, 0xe0,
    0x10, 0xe0, 0x0f, 0xe0, 0x10, 0xe0, 0x10, 0xe0, 0x10, 0xe0, 0x10, 0xe8,
    0x10, 0xe8, 0x0f, 0xe0, 0x10, 0xe8, 0x10, 0xe8, 0x10, 0xe8, 0x10, 0xe8,
    0x0f, 0xe0, 0x10, 0xe0, 0x10, 0xe0, 0x10, 0xe8, 0x0f, 0xe0, 0x10, 0xe8,
    0x10, 0xe8, 0x0f, 0xe0, 0x10, 0xe8, 0x0f, 0xe0, 0x10, 0xe8, 0x10, 0xe8,
    0x10, 0xe8, 0x0f, 0xe0, 0x10, 0xe8, 0x10, 0xe8, 0x0f, 0xe8, 0x10, 0xe8,
    0x10, 0xe8, 0x10, 0xe0, 0x0f, 0xe8, 0x10, 0xe8, 0x10, 0xe8, 0x0f, 0xe0,
    0x10, 0xe8, 0x10, 0xe8, 0x0f, 0xe0, 0x10, 0xe8, 0x10, 0xe8, 0x0f, 0xe0,
    0x10, 0xe8, 0x10, 0xe8, 0x0f, 0xe0, 0x10, 0xe8, 0x10, 0xe0, 0x0f, 0xe8,
    0x10, 0xe0, 0x0f, 0xe8, 0x0f, 0xe8, 0x10, 0xe8, 0x10, 0xe8, 0x10, 0xe0,
    0x0f, 0xe8, 0x10, 0xe8, 0x10, 0xe8, 0x10, 0xe8, 0x0f, 0xe8, 0x10, 0xe8,
    0x10, 0xe8, 0x10, 0xe0, 0x0f, 0xe8, 0x10, 0xe8, 0x10, 0xe0, 0x0f, 0xe8,
    0x10, 0xe8, 0x10, 0xe8, 0x10, 0xe8, 0x0f, 0xe0, 0x10, 0xe8, 0x0f, 0xe8,
    0x10, 0xe0, 0x10, 0xe8, 0x10, 0xe0, 0x0f, 0xe8, 0x10, 0xe8, 0x10, 0xe8,
    0x10, 0xe8, 0x0f, 0xe8, 0x10, 0xe8, 0x10, 0xe0, 0x0f, 0xe8, 0x10, 0xe8,
    0x10, 0xe0, 0x0f, 0xe8, 0x0f, 0xe8, 0x10, 0xe0, 0x10, 0xe0, 0x10, 0xe8,
    0x10, 0xe8, 0x10, 0xe8, 0x10, 0xe8, 0x10, 0xe0, 0x10, 0xe8, 0x0f, 0xe8,
    0x10, 0xe8, 0x10, 0xe8, 0x0f, 0xe0, 0x10, 0xe8, 0x10, 0xe0, 0x0f, 0xe0,
    0x10, 0xe8, 0x10, 0xe8, 0x0f, 0xe8, 0x0f, 0xe0, 0x0f, 0xe0, 0x10, 0xe0,
    0x10, 0xe8, 0x0f, 0xe8, 0x10, 0xe0, 0x10, 0xe8, 0x10, 0xe8, 0x0f, 0xe8,
    0x10, 0xe8, 0x10, 0xe0, 0x10, 0xe8, 0x10, 0xe8, 0x0f, 0xe8, 0x10, 0xe0,
    0x0f, 0xe0, 0x0f, 0xe0, 0x10, 0xe0, 0x0f, 0xe0, 0x10, 0xe0, 0x10, 0xe8,
    0x10, 0xe8, 0x0f, 0xe8, 0x10, 0xe8, 0x10, 0xe0, 0x10, 0xe8, 0x0f, 0xe8,
    0x10, 0xe8, 0x10, 0xe0, 0x10, 0xe8, 0x10, 0xe8, 0x10, 0xe8, 0x0f, 0xe0,
    0x0f, 0xd8, 0x0f, 0xd8, 0x0f, 0xe0, 0x0f, 0xe0, 0x0f, 0xd8, 0x0f, 0xe0,
    0x0f, 0xe0, 0x0f, 0xe0, 0x10, 0xe0, 0x0f, 0xe0, 0x10, 0xe0, 0x0f, 0xe0,
    0x10, 0xe0, 0x10, 0xe8, 0x10, 0xe0, 0x10, 0xe8, 0x0f, 0xe8, 0x10, 0xe8,
    0x10, 0xe8, 0x0f, 0xe8, 0x10, 0xe0, 0x10, 0xe8, 0x10, 0xe8, 0x0f, 0xe0,
    0x0f, 0xd8, 0x0e, 0xd0, 0x0e, 0xd0, 0x0e, 0xd0, 0x0f, 0xd0, 0x0f, 0xd0,
    0x0f, 0xd0, 0x0e, 0xd8, 0x0e, 0xd0, 0x0f, 0xd0, 0x0f, 0xd8, 0x0e, 0xd8,
    0x0f, 0xd8, 0x0f, 0xd8, 0x0f, 0xd8, 0x0f, 0xd8, 0x0f, 0xd8, 0x0f, 0xd8,
    0x0f, 0xd8, 0x0f, 0xd8, 0x0f, 0xe0, 0x0f, 0xe0, 0x0f, 0xd8, 0x0f, 0xe0,
    0x0f, 0xe0, 0x0f, 0xe0, 0x0f, 0xe0, 0x0f, 0xd8, 0x10, 0xe0, 0x10, 0xe0,
    0x0f, 0xe0, 0x10, 0xe0, 0x0f, 0xe0, 0x10, 0xe0, 0x10, 0xe0, 0x10, 0xe8,
    0x0f, 0xe0, 0x0f, 0xd8, 0x0e, 0xc8, 0x0d, 0xc0, 0x0e, 0xc8, 0x0e, 0xc8,
    0x0e, 0xd0, 0x0e, 0xc8, 0x0e, 0xc8, 0x0e, 0xc8, 0x0e, 0xd0, 0x0e, 0xd0,
    0x0e, 0xd0, 0x0f, 0xd0, 0x0e, 0xd0, 0x0e, 0xd0, 0x0f, 0xd0, 0x0f, 0xd8,
    0x0e, 0xd0, 0x0f, 0xd0, 0x0f, 0xd8, 0x0e, 0xd8, 0x0f, 0xd8, 0x0f, 0xd8,
    0x0f, 0xd8, 0x0f, 0xd8, 0x0f, 0xd8, 0x0f, 0xe0, 0x0f, 0xd8, 0x0f, 0xd8,
    0x0e, 0xd0, 0x0e, 0xc8, 0x0e, 0xc8, 0x0e, 0xd0, 0x0e, 0xd0, 0x0e, 0xd0,
    0x0e, 0xd0, 0x0f, 0xd0, 0x0e, 0xd0, 0x0e, 0xd0, 0x0e, 0xd0, 0x0f, 0xd0,
    0x0f, 0xd8, 0x0e, 0xd8, 0x0f, 0xd8, 0x0f, 0xd8, 0x0f, 0xd8, 0x0f, 0xe0,
    0x0f, 0xd8, 0x0f, 0xd8, 0x10, 0xe0, 0x0f, 0xe0, 0x0f, 0xd8, 0x0f, 0xe0,
    0x0f, 0xe0, 0x0f, 0xe0, 0x10, 0xe0, 0x0f, 0xe0, 0x0f, 0xe0, 0x0f, 0xd8,
    0x0f, 0xd8, 0x0f, 0xd8, 0x0f, 0xd8, 0x0f, 0xd8, 0x0f, 0xe0, 0x0f, 0xe0,
    0x10, 0xd8, 0x0f, 0xe0, 0x0f, 0xe0, 0x10, 0xe0, 0x10, 0xe0, 0x0f, 0xe0,
    0x10, 0xe0, 0x0f, 0xe0, 0x10, 0xe8, 0x10, 0xe8, 0x10, 0xe0, 0x10, 0xe8,
    0x10, 0xe0, 0x0f, 0xe0, 0x0f, 0xe0, 0x0f, 0xe0, 0x10, 0xe0, 0x0f, 0xe0,
    0x0f, 0xe0, 0x0f, 0xe0, 0x0f, 0xe8, 0x10, 0xe0, 0x10, 0xe0, 0x0f, 0xe8,
    0x10, 0xe8, 0x0f, 0xe8, 0x10, 0xe8, 0x10, 0xe8, 0x10, 0xe0, 0x0f, 0xe0,
    0x0f, 0xe0, 0x10, 0xe8, 0x10, 0xe0, 0x0f, 0xe0, 0x10, 0xe8, 0x10, 0xe8,
    0x10, 0xe8, 0x10, 0xe8, 0x0f, 0xe0, 0x10, 0xe8, 0x10, 0xe8, 0x10, 0xe0,
    0x0f, 0xe0, 0x10, 0xe8, 0x10, 0xe0, 0x10, 0xe8, 0x10, 0xe8, 0x10, 0xe8,
    0x10, 0xe0, 0x10, 0xe8, 0x10, 0xe8, 0x0f, 0xe0, 0x10, 0xe8, 0x10, 0xe8,
    0x0f, 0xe8, 0x10, 0xe8, 0x10, 0xe8, 0x10, 0xe8, 0x0f, 0xe8, 0x10, 0xe8,
    0x10, 0xe0, 0x10, 0xe8, 0x10, 0xe8, 0x10, 0xe8, 0x10, 0xe8, 0x10, 0xe0,
    0x10, 0xe8, 0x10, 0xe8, 0x0f, 0xe0, 0x10, 0xe8, 0x10, 0xe8, 0x10, 0xe0,
    0x10, 0xe8, 0x10, 0xe8, 0x10, 0xe0, 0x10, 0xe8, 0x10, 0xe8, 0x10, 0xe8,
    0x10, 0xe8, 0x10, 0xe8, 0x10, 0xe8, 0x10, 0xe8, 0x0f, 0xe0, 0x10, 0xe8,
    0x10, 0xe8, 0x10, 0xe8, 0x10, 0xe0, 0x10, 0xe8, 0x0f, 0xe8, 0x10, 0xe0,
    0x10, 0xe8, 0x10, 0xe0, 0x10, 0xe8, 0x10, 0xe0, 0x10, 0xe8, 0x10, 0xe8,
    0x0f, 0xe8, 0x10, 0xe8, 0x10, 0xe8, 0x10, 0xe8, 0x10, 0xe8, 0x10, 0xe0,
    0x10, 0xe8, 0x0f, 0xe8, 0x0f, 0xe8, 0x10, 0xe0, 0x10, 0xe0, 0x0f, 0xe8,
    0x10, 0xe0, 0x10, 0xe8, 0x10, 0xe8, 0x10, 0xe8, 0x10, 0xe0, 0x10, 0xe8,
    0x0f, 0xe8, 0x10, 0xe8, 0x10, 0xe8, 0x10, 0xe8, 0x10, 0xe0, 0x10, 0xe8,
    0x10, 0xe8, 0x10, 0xe0, 0x10, 0xe0, 0x10, 0xe8, 0x10, 0xe8, 0x10, 0xe8,
    0x0f, 0xe0, 0x10, 0xe8, 0x10, 0xe8, 0x10, 0xe0, 0x10, 0xe8, 0x10, 0xe8,
    0x10, 0xe8, 0x0f, 0xe8, 0x10, 0xe0, 0x0f, 0xe0, 0x10, 0xe0, 0x10, 0xe0,
    0x0f, 0xe0, 0x10, 0xe0, 0x10, 0xe8, 0x10, 0xe8, 0x0f, 0xe0, 0x10, 0xe8,
    0x10, 0xe8, 0x10, 0xe8, 0x0f, 0xe8, 0x10, 0xe0, 0x10, 0xe8, 0x0f, 0xe8,
    0x0f, 0xe0, 0x10, 0xe8, 0x0f, 0xe0, 0x0f, 0xd8, 0x0f, 0xd8, 0x0f, 0xe0,
    0x0f, 0xe0, 0x0f, 0xe0, 0x0f, 0xe0, 0x10, 0xd8, 0x0f, 0xe0, 0x10, 0xe0,
    0x10, 0xe0, 0x10, 0xe0, 0x0f, 0xe0, 0x10, 0xe0, 0x10, 0xe8, 0x0f, 0xe8,
    0x10, 0xe8, 0x10, 0xe8, 0x10, 0xe8, 0x10, 0xe0, 0x10, 0xe8, 0x0f, 0xe8,
    0x10, 0xe8, 0x10, 0xe8, 0x0f, 0xe0, 0x0f, 0xd0, 0x0e, 0xd0, 0x0f, 0xd0,
    0x0e, 0xd0, 0x0f, 0xd8, 0x0e, 0xd0, 0x0e, 0xd8, 0x0f, 0xd8, 0x0f, 0xd8,
    0x0f, 0xd8, 0x0f, 0xd8, 0x0f, 0xd8, 0x0f, 0xd8, 0x0f, 0xd8, 0x0f, 0xd8,
    0x0f, 0xd8, 0x0f, 0xd8, 0x0f, 0xd8, 0x0f, 0xe0, 0x0f, 0xd8, 0x0f, 0xe0,
    0x0f, 0xe0, 0x0f, 0xe0, 0x0f, 0xe0, 0x0f, 0xd8, 0x10, 0xe0, 0x0f, 0xe0,
    0x10, 0xe0, 0x10, 0xe0, 0x0f, 0xe0, 0x0f, 0xe0, 0x10, 0xe0, 0x10, 0xe0,
    0x0f, 0xe0, 0x10, 0xe0, 0x0f, 0xe0, 0x0e, 0xd8, 0x0e, 0xc8, 0x0d, 0xc0,
    0x0d, 0xc0, 0x0d, 0xc0, 0x0e, 0xc8, 0x0e, 0xc8, 0x0e, 0xc8, 0x0e, 0xd0,
    0x0e, 0xc8, 0x0e, 0xc8, 0x0e, 0xc8, 0x0e, 0xd0, 0x0e, 0xd0, 0x0e, 0xd0,
    0x0e, 0xd0, 0x0e, 0xd0, 0x0e, 0xd0, 0x0e, 0xd0, 0x0f, 0xd8, 0x0e, 0xd0,
    0x0e, 0xd0, 0x0e, 0xd8, 0x0f, 0xd8, 0x0e, 0xd8, 0x0e, 0xd8, 0x0f, 0xd8,
    0x0f, 0xd8, 0x0f, 0xd8, 0x0f, 0xd8, 0x0f, 0xe0, 0x0f, 0xd8, 0x0f, 0xd0,
    0x0e, 0xd0, 0x0e, 0xc8, 0x0e, 0xd0, 0x0e, 0xd0, 0x0f, 0xd0, 0x0e, 0xd0,
    0x0e, 0xd8, 0x0f, 0xd8, 0x0f, 0xd0, 0x0e, 0xd0, 0x0e, 0xd8, 0x0f, 0xd8,
    0x0f, 0xd8, 0x0f, 0xd8, 0x0f, 0xd8, 0x0f, 0xd8, 0x0f, 0xd8, 0x0f, 0xe0,
    0x0f, 0xe0, 0x10, 0xd8, 0x0f, 0xe0, 0x0f, 0xe0, 0x10, 0xe0, 0x10, 0xe0,
    0x0f, 0xe0, 0x10, 0xe0, 0x0f, 0xe0, 0x0f, 0xe0, 0x0f, 0xd8, 0x0f, 0xd8,
    0x0f, 0xd8, 0x0f, 0xd8, 0x0f, 0xe0, 0x0f, 0xd8, 0x0f, 0xd8, 0x10, 0xe0,
    0x0f, 0xe0, 0x0f, 0xe0, 0x0f, 0xe0, 0x10, 0xe0, 0x10, 0xe0, 0x0f, 0xe0,
    0x10, 0xe8, 0x10, 0xe8, 0x0f, 0xe0, 0x10, 0xe8, 0x10, 0xe8, 0x10, 0xe0,
    0x0f, 0xe0, 0x0f, 0xe0, 0x10, 0xe0, 0x10, 0xe0, 0x0f, 0xe0, 0x10, 0xe0,
    0x0f, 0xe0, 0x10, 0xe8, 0x10, 0xe0, 0x10, 0xe8, 0x10, 0xe8, 0x10, 0xe0,
    0x0f, 0xe8, 0x10, 0xe8, 0x10, 0xe8, 0x0f, 0xe0, 0x0f, 0xe0, 0x10, 0xe0,
    0x10, 0xe8, 0x10, 0xe0, 0x0f, 0xe8, 0x10, 0xe8, 0x10, 0xe8, 0x10, 0xe8,
    0x10, 0xe8, 0x0f, 0xe8, 0x10, 0xe8, 0x10, 0xe8, 0x10, 0xe0, 0x0f, 0xe8,
    0x10, 0xe8, 0x0f, 0xe0, 0x0f, 0xe8, 0x10, 0xe8, 0x10, 0xe8, 0x0f, 0xe8,
    0x10, 0xe8, 0x10, 0xe8, 0x10, 0xe0, 0x10, 0xe0, 0x10, 0xe8, 0x10, 0xe0,
    0x10, 0xe8, 0x10, 0xe0, 0x10, 0xe8, 0x0f, 0xe8, 0x10, 0xe8, 0x10, 0xe8,
    0x0f, 0xe0, 0x10, 0xe8, 0x10, 0xe8, 0x10, 0xe0, 0x10, 0xe8, 0x0f, 0xe8,
    0x10, 0xe8, 0x10, 0xe8, 0x10, 0xe8, 0x0f, 0xe0, 0x0f, 0xe8, 0x10, 0xe8,
    0x10, 0xe0, 0x0f, 0xe8, 0x0f, 0xe8, 0x10, 0xe0, 0x10, 0xe0, 0x0f, 0xe8,
    0x10, 0xe8, 0x10, 0xe0, 0x10, 0xe8, 0x0f, 0xe8, 0x10, 0xe0, 0x10, 0xe8,
    0x0f, 0xe8, 0x10, 0xe8, 0x10, 0xe8, 0x0f, 0xe8, 0x10, 0xe8, 0x10, 0xe8,
    0x0f, 0xe8, 0x0f, 0xe0, 0x10, 0xe8, 0x10, 0xe0, 0x10, 0xe0, 0x0f, 0xe8,
    0x10, 0xe0, 0x0f, 0xe8, 0x10, 0xe8, 0x10, 0xe8, 0x10, 0xe8, 0x10, 0xe8,
    0x10, 0xe8, 0x10, 0xe8, 0x0f, 0xe8, 0x10, 0xe8, 0x10, 0xe0, 0x0f, 0xe8,
    0x0f, 0xe8, 0x10, 0xe0, 0x10, 0xe8, 0x10, 0xe8, 0x10, 0xe8, 0x0f, 0xe0,
    0x10, 0xe8, 0x10, 0xe8, 0x0f, 0xe8, 0x0f, 0xe8, 0x10, 0xe0, 0x10, 0xe8,
    0x10, 0xe8, 0x0f, 0xe8, 0x10, 0xe8, 0x10, 0xe8, 0x10, 0xe8, 0x0f, 0xe0,
    0x10, 0xe8, 0x10, 0xe8, 0x0f, 0xe0, 0x0f, 0xe8, 0x10, 0xe8, 0x10, 0xe0,
    0x0f, 0xe0, 0x0f, 0xe0, 0x10, 0xe0, 0x10, 0xe0, 0x10, 0xe0, 0x10, 0xe8,
    0x0f, 0xe8, 0x10, 0xe0, 0x10, 0xe8, 0x10, 0xe8, 0x0f, 0xe0, 0x10, 0xe8,
    0x10, 0xe8, 0x10, 0xe0, 0x10, 0xe8, 0x10, 0xe8, 0x10, 0xe0, 0x0f, 0xe0,
    0x0f, 0xd8, 0x0f, 0xe0, 0x0f, 0xe0, 0x0f, 0xe0, 0x0f, 0xe0, 0x10, 0xe0,
    0x10, 0xe0, 0x0f, 0xe0, 0x10, 0xe0, 0x0f, 0xe0, 0x10, 0xe0, 0x10, 0xe8,
    0x10, 0xe8, 0x10, 0xe0, 0x10, 0xe8, 0x0f, 0xe8, 0x10, 0xe0, 0x10, 0xe8,
    0x0f, 0xe8, 0x10, 0xe0, 0x10, 0xe8, 0x10, 0xe8, 0x0f, 0xe0, 0x0f, 0xd8,
    0x0e, 0xd0, 0x0e, 0xd0, 0x0f, 0xd8, 0x0e, 0xd8, 0x0f, 0xd8, 0x0f, 0xd0,
    0x0f, 0xd8, 0x0e, 0xd8, 0x0f, 0xd8, 0x0f, 0xd8, 0x0f, 0xd8, 0x0e, 0xd8,
    0x0f, 0xd8, 0x0f, 0xd8, 0x0f, 0xd8, 0x0f, 0xd8, 0x0f, 0xd8, 0x0f, 0xe0,
    0x0f, 0xe0, 0x0f, 0xe0, 0x0f, 0xe0, 0x0f, 0xe0, 0x0f, 0xd8, 0x0f, 0xe0,
    0x10, 0xe0, 0x10, 0xe0, 0x0f, 0xe0, 0x10, 0xe0, 0x0f, 0xe0, 0x10, 0xe0,
    0x0f, 0xe0, 0x10, 0xe0, 0x10, 0xe8, 0x10, 0xe8, 0x0f, 0xe0, 0x0e, 0xd0,
    0x0e, 0xc8, 0x0d, 0xc0, 0x0d, 0xc0, 0x0d, 0xc0, 0x0d, 0xc0, 0x0d, 0xc0,
    0x0d, 0xc8, 0x0e, 0xc8, 0x0e, 0xc8, 0x0e, 0xc8, 0x0e, 0xc8, 0x0e, 0xd0,
    0x0e, 0xc8, 0x0e, 0xc8, 0x0e, 0xd0, 0x0e, 0xd0, 0x0f, 0xd0, 0x0e, 0xd0,
    0x0e, 0xd0, 0x0f, 0xd0, 0x0e, 0xd0, 0x0f, 0xd8, 0x0f, 0xd0, 0x0f, 0xd0,
    0x0f, 0xd0, 0x0e, 0xd8, 0x0f, 0xd8, 0x0f, 0xd8, 0x0f, 0xd8, 0x0f, 0xd8,
    0x0f, 0xe0, 0x0f, 0xd8, 0x0f, 0xe0, 0x0f, 0xe0, 0x0f, 0xd8, 0x0f, 0xd0,
    0x0e, 0xd0, 0x0e, 0xd0, 0x0e, 0xd0, 0x0e, 0xd0, 0x0e, 0xd0, 0x0f, 0xd0,
    0x0f, 0xd8, 0x0e, 0xd0, 0x0e, 0xd8, 0x0f, 0xd8, 0x0f, 0xd8, 0x0e, 0xd8,
    0x0f, 0xd8, 0x0f, 0xd8, 0x0f, 0xd8, 0x0f, 0xe0, 0x0f, 0xd8, 0x0f, 0xe0,
    0x10, 0xe0, 0x0f, 0xe0, 0x0f, 0xe0, 0x10, 0xe0, 0x10, 0xe0, 0x0f, 0xe0,
    0x10, 0xe0, 0x0f, 0xe8, 0x10, 0xe0, 0x0f, 0xe0, 0x0e, 0xd8, 0x0f, 0xd8,
    0x0f, 0xd8, 0x0f, 0xe0, 0x0f, 0xe0, 0x0f, 0xd8, 0x0f, 0xe0, 0x10, 0xe0,
    0x0f, 0xe0, 0x10, 0xe0, 0x0f, 0xe0, 0x0f, 0xe0, 0x10, 0xe0, 0x10, 0xe8,
    0x0f, 0xe0, 0x10, 0xe8, 0x10, 0xe8, 0x10, 0xe8, 0x10, 0xe0, 0x0f, 0xe0,
    0x0f, 0xe0, 0x0f, 0xe0, 0x10, 0xe0, 0x10, 0xe0, 0x0f, 0xe0, 0x10, 0xe8,
    0x10, 0xe8, 0x0f, 0xe0, 0x10, 0xe8, 0x10, 0xe8, 0x10, 0xe0, 0x10, 0xe8,
    0x10, 0xe8, 0x10, 0xe8, 0x0f, 0xe0, 0x0f, 0xe0, 0x10, 0xe8, 0x10, 0xe8,
    0x10, 0xe0, 0x0f, 0xe8, 0x10, 0xe0, 0x10, 0xe0, 0x0f, 0xe8, 0x10, 0xe0,
    0x10, 0xe8, 0x0f, 0xe8, 0x10, 0xe0, 0x10, 0xe0, 0x10, 0xe8, 0x10, 0xe8,
    0x10, 0xe0, 0x10, 0xe8, 0x0f, 0xe0, 0x10, 0xe8, 0x10, 0xe8, 0x0f, 0xe8,
    0x10, 0xe8, 0x0f, 0xe8, 0x10, 0xe8, 0x0f, 0xe8, 0x0f, 0xe0, 0x10, 0xe8,
    0x10, 0xe8, 0x10, 0xe0, 0x0f, 0xe8, 0x10, 0xe8, 0x10, 0xe0, 0x0f, 0xe8,
    0x0f, 0xe8, 0x10, 0xe8, 0x10, 0xe0, 0x10, 0xe8, 0x10, 0xe8, 0x0f, 0xe0,
    0x10, 0xe8, 0x10, 0xe8, 0x10, 0xe8, 0x10, 0xe8, 0x0f, 0xe8, 0x10, 0xe8,
    0x10, 0xe8, 0x10, 0xe8, 0x0f, 0xe8, 0x10, 0xe0, 0x10, 0xe8, 0x0f, 0xe8,
    0x10, 0xe8, 0x10, 0xe8, 0x0f, 0xe8, 0x10, 0xe0, 0x10, 0xe8, 0x10, 0xe8,
    0x10, 0xe0, 0x0f, 0xe8, 0x10, 0xe8, 0x10, 0xe8, 0x10, 0xe8, 0x10, 0xe8,
    0x0f, 0xe8, 0x10, 0xe8, 0x10, 0xe8, 0x10, 0xe8, 0x10, 0xe8, 0x10, 0xe0,
    0x0f, 0xe8, 0x10, 0xe0, 0x0f, 0xe8, 0x10, 0xe0, 0x10, 0xe8, 0x10, 0xe8,
    0x10, 0xe8, 0x10, 0xe8, 0x10, 0xe0, 0x10, 0xe8, 0x10, 0xe8, 0x0f, 0xe0,
    0x10, 0xe8, 0x10, 0xe8, 0x0f, 0xe0, 0x10, 0xe8, 0x10, 0xe8, 0x10, 0xe0,
    0x10, 0xe8, 0x10, 0xe0, 0x0f, 0xe0, 0x10, 0xe8, 0x10, 0xe8, 0x0f, 0xe0,
    0x10, 0xe8, 0x10, 0xe8, 0x10, 0xe0, 0x10, 0xe8, 0x0f, 0xe8, 0x10, 0xe8,
    0x10, 0xe8, 0x10, 0xe0, 0x10, 0xe0, 0x10, 0xe0, 0x0f, 0xe0, 0x10, 0xe0,
    0x0f, 0xe8, 0x10, 0xe8, 0x10, 0xe8, 0x0f, 0xe8, 0x10, 0xe8, 0x10, 0xe8,
    0x10, 0xe8, 0x0f, 0xe8, 0x10, 0xe0, 0x10, 0xe8, 0x0f, 0xe8, 0x10, 0xe8,
    0x10, 0xe8, 0x0f, 0xe0, 0x0f, 0xe0, 0x0f, 0xe0, 0x0f, 0xd8, 0x0f, 0xe0,
    0x0f, 0xe0, 0x10, 0xe0, 0x10, 0xe0, 0x0f, 0xe0, 0x10, 0xe0, 0x0f, 0xe0,
    0x0f, 0xe0, 0x10, 0xe8, 0x10, 0xe0, 0x0f, 0xe8, 0x10, 0xe8, 0x10, 0xe8,
    0x0f, 0xe8, 0x10, 0xe8, 0x10, 0xe0, 0x0f, 0xe8, 0x10, 0xe8, 0x0f, 0xe8,
    0x10, 0xe8, 0x0f, 0xd8, 0x0e, 0xd8, 0x0e, 0xd0, 0x0f, 0xd0, 0x0e, 0xd8,
    0x0f, 0xd8, 0x0f, 0xd0, 0x0e, 0xd8, 0x0f, 0xd8, 0x0f, 0xd8, 0x0f, 0xd8,
    0x0f, 0xd8, 0x0f, 0xd8, 0x0f, 0xd8, 0x0f, 0xd8, 0x0f, 0xd8, 0x0f, 0xd8,
    0x0f, 0xe0, 0x0f, 0xe0, 0x0f, 0xe0, 0x0f, 0xe0, 0x0f, 0xe0, 0x0f, 0xd8,
    0x0f, 0xe0, 0x10, 0xe0, 0x10, 0xe0, 0x0f, 0xe0, 0x10, 0xe0, 0x0f, 0xe0,
    0x10, 0xe0, 0x0f, 0xe0, 0x10, 0xe0, 0x10, 0xe8, 0x10, 0xe8, 0x10, 0xe8,
    0x0f, 0xe0, 0x0e, 0xd0, 0x0e, 0xc0, 0x0d, 0xc0, 0x0d, 0xc0, 0x0e, 0xc0,
    0x0d, 0xc0, 0x0d, 0xc0, 0x0e, 0xc8, 0x0d, 0xc0, 0x0d, 0xc8, 0x0d, 0xc8,
    0x0e, 0xc8, 0x0d, 0xc8, 0x0e, 0xc8, 0x0e, 0xc8, 0x0e, 0xc8, 0x0e, 0xc8,
    0x0e, 0xc8, 0x0e, 0xc8, 0x0e, 0xd0, 0x0e, 0xd0, 0x0e, 0xd0, 0x0e, 0xd0,
    0x0e, 0xd0, 0x0e, 0xd0, 0x0f, 0xd8, 0x0e, 0xd0, 0x0e, 0xd0, 0x0f, 0xd8,
    0x0f, 0xd8, 0x0f, 0xd8, 0x0e, 0xd8, 0x0f, 0xd8, 0x0f, 0xd8, 0x0f, 0xd8,
    0x0f, 0xd8, 0x0f, 0xe0, 0x0f, 0xe0, 0x0f, 0xe0, 0x0f, 0xd8, 0x0f, 0xd0,
    0x0e, 0xd0, 0x0e, 0xd0, 0x0e, 0xd0, 0x0e, 0xd0, 0x0e, 0xd0, 0x0f, 0xd0,
    0x0f, 0xd0, 0x0e, 0xd0, 0x0e, 0xd8, 0x0f, 0xd8, 0x0f, 0xd8, 0x0f, 0xd8,
    0x0f, 0xd8, 0x0f, 0xd8, 0x0f, 0xe0, 0x0f, 0xd8, 0x0f, 0xd8, 0x0f, 0xe0,
    0x0f, 0xe0, 0x0f, 0xe0, 0x10, 0xe0, 0x0f, 0xe0, 0x10, 0xe0, 0x10, 0xe0,
    0x0f, 0xe8, 0x10, 0xe8, 0x0f, 0xe0, 0x0f, 0xd8, 0x0f, 0xd8, 0x0f, 0xd8,
    0x0f, 0xe0, 0x0f, 0xd8, 0x0f, 0xd8, 0x0f, 0xe0, 0x0f, 0xe0, 0x0f, 0xe0,
    0x10, 0xe0, 0x0f, 0xe0, 0x10, 0xe0, 0x10, 0xe8, 0x10, 0xe0, 0x10, 0xe0,
    0x0f, 0xe8, 0x10, 0xe8, 0x10, 0xe8, 0x10, 0xe0, 0x0f, 0xe0, 0x0f, 0xe0,
    0x10, 0xe0, 0x0f, 0xe0, 0x0f, 0xe0, 0x10, 0xe0, 0x10, 0xe8, 0x0f, 0xe0,
    0x10, 0xe8, 0x10, 0xe8, 0x0f, 0xe8, 0x10, 0xe0, 0x10, 0xe8, 0x10, 0xe8,
    0x10, 0xe8, 0x0f, 0xe0, 0x10, 0xe0, 0x10, 0xe8, 0x10, 0xe0, 0x0f, 0xe8,
    0x10, 0xe8, 0x10, 0xe8, 0x10, 0xe8, 0x10, 0xe8, 0x10, 0xe8, 0x10, 0xe8,
    0x0f, 0xe8, 0x10, 0xe8, 0x10, 0xe8, 0x10, 0xe8, 0x10, 0xe8, 0x0f, 0xe8,
    0x10, 0xe0, 0x10, 0xe8, 0x10, 0xe0, 0x10, 0xe0, 0x0f, 0xe8, 0x10, 0xe8,
    0x10, 0xe8, 0x10, 0xe8, 0x10, 0xe8, 0x0f, 0xe8, 0x10, 0xe8, 0x10, 0xe0,
    0x10, 0xe8, 0x10, 0xe8, 0x10, 0xe8, 0x10, 0xe8, 0x10, 0xe8, 0x0f, 0xe8,
    0x10, 0xe8, 0x10, 0xe0, 0x0f, 0xe8, 0x10, 0xe8, 0x10, 0xe0, 0x10, 0xe8,
    0x10, 0xe8, 0x0f, 0xe0, 0x10, 0xe8, 0x10, 0xe0, 0x10, 0xe0, 0x10, 0xe8,
    0x10, 0xe8, 0x10, 0xe8, 0x0f, 0xe8, 0x10, 0xe0, 0x10, 0xe8, 0x10, 0xe8,
    0x10, 0xe0, 0x0f, 0xe8, 0x10, 0xe8, 0x10, 0xe0, 0x0f, 0xe8, 0x10, 0xe0,
    0x10, 0xe8, 0x0f, 0xe0, 0x10, 0xe0, 0x10, 0xe8, 0x10, 0xe8, 0x0f, 0xe8,
    0x10, 0xe0, 0x10, 0xe8, 0x0f, 0xe8, 0x10, 0xe8, 0x10, 0xe8, 0x10, 0xe8,
    0x10, 0xe0, 0x0f, 0xe8, 0x10, 0xe8, 0x0f, 0xe0, 0x10, 0xe8, 0x0f, 0xe8,
    0x10, 0xe8, 0x10, 0xe8, 0x10, 0xe8, 0x10, 0xe8, 0x0f, 0xe8, 0x10, 0xe8,
    0x10, 0xe8, 0x10, 0xe8, 0x0f, 0xe8, 0x10, 0xe8, 0x10, 0xe8, 0x10, 0xe0,
    0x10, 0xe8, 0x10, 0xe8, 0x10, 0xe8, 0x10, 0xe0, 0x0f, 0xe8, 0x10, 0xe8,
    0x10, 0xe8, 0x0f, 0xe8, 0x10, 0xe0, 0x10, 0xe8, 0x10, 0xe8, 0x0f, 0xe8,
    0x0f, 0xe0, 0x0f, 0xe0, 0x10, 0xe0, 0x10, 0xe0, 0x10, 0xe8, 0x10, 0xe8,
    0x0f, 0xe0, 0x10, 0xe8, 0x10, 0xe0, 0x0f, 0xe8, 0x10, 0xe8, 0x10, 0xe0,
    0x10, 0xe8, 0x10, 0xe8, 0x0f, 0xe0, 0x10, 0xe8, 0x0f, 0xe0, 0x0f, 0xe0,
    0x0f, 0xe0, 0x0f, 0xe0, 0x10, 0xe0, 0x10, 0xe0, 0x10, 0xe0, 0x0f, 0xe0,
    0x10, 0xe0, 0x10, 0xe0, 0x10, 0xe0, 0x10, 0xe0, 0x10, 0xe8, 0x10, 0xe8,
    0x10, 0xe0, 0x0f, 0xe8, 0x10, 0xe8, 0x10, 0xe0, 0x10, 0xe8, 0x10, 0xe8,
    0x10, 0xe8, 0x10, 0xe0, 0x10, 0xe8, 0x0f, 0xe0, 0x0f, 0xd8, 0x0f, 0xd0,
    0x0e, 0xd8, 0x0f, 0xd8, 0x0f, 0xd8, 0x0f, 0xd8, 0x0f, 0xd8, 0x0f, 0xd8,
    0x0f, 0xd8, 0x0f, 0xd8, 0x0f, 0xd8, 0x0f, 0xd8, 0x0f, 0xd8, 0x0f, 0xd8,
    0x0f, 0xd8, 0x0f, 0xe0, 0x0f, 0xe0, 0x0f, 0xe0, 0x0f, 0xe0, 0x0f, 0xe0,
    0x0f, 0xd8, 0x0f, 0xe0, 0x10, 0xe0, 0x10, 0xe0, 0x0f, 0xe0, 0x10, 0xe0,
    0x10, 0xe0, 0x0f, 0xe0, 0x10, 0xe0, 0x10, 0xe0, 0x10, 0xe0, 0x10, 0xe8,
    0x10, 0xe8, 0x0f, 0xe0, 0x0f, 0xd8, 0x0e, 0xd0, 0x0d, 0xc0, 0x0d, 0xc0,
    0x0e, 0xc0, 0x0d, 0xc8, 0x0e, 0xc8, 0x0e, 0xc8, 0x0e, 0xc8, 0x0e, 0xc8,
    0x0e, 0xc8, 0x0e, 0xc8, 0x0d, 0xc0, 0x0e, 0xc0, 0x0d, 0xc8, 0x0e, 0xc8,
    0x0e, 0xc8, 0x0e, 0xc8, 0x0e, 0xd0, 0x0e, 0xc8, 0x0e, 0xc8, 0x0e, 0xc8,
    0x0e, 0xd0, 0x0e, 0xd0, 0x0e, 0xd0, 0x0f, 0xd0, 0x0e, 0xd0, 0x0e, 0xd0,
    0x0e, 0xd0, 0x0f, 0xd8, 0x0e, 0xd0, 0x0e, 0xd0, 0x0f, 0xd8, 0x0e, 0xd8,
    0x0f, 0xd8, 0x0f, 0xd8, 0x0f, 0xd8, 0x0f, 0xd8, 0x0f, 0xd8, 0x0f, 0xd8,
    0x0f, 0xe0, 0x0f, 0xe0, 0x10, 0xe0, 0x0f, 0xe0, 0x0f, 0xd8, 0x0f, 0xd0,
    0x0e, 0xd0, 0x0e, 0xd0, 0x0e, 0xd0, 0x0e, 0xd8, 0x0f, 0xd0, 0x0e, 0xd0,
    0x0f, 0xd0, 0x0f, 0xd8, 0x0f, 0xd8, 0x0f, 0xd8, 0x0f, 0xd8, 0x0f, 0xd8,
    0x0f, 0xd8, 0x0f, 0xd8, 0x0f, 0xe0, 0x10, 0xe0, 0x0f, 0xd8, 0x0f, 0xe0,
    0x0f, 0xe0, 0x10, 0xe0, 0x0f, 0xe0, 0x0f, 0xe0, 0x10, 0xe0, 0x10, 0xe0,
    0x10, 0xe8, 0x0f, 0xe0, 0x0f, 0xe0, 0x0f, 0xd8, 0x0f, 0xd8, 0x10, 0xe0,
    0x0f, 0xe0, 0x0f, 0xe0, 0x10, 0xe0, 0x0f, 0xe0, 0x10, 0xe0, 0x10, 0xe0,
    0x0f, 0xe0, 0x0f, 0xe0, 0x10, 0xe8, 0x10, 0xe0, 0x10, 0xe0, 0x0f, 0xe8,
    0x10, 0xe8, 0x10, 0xe8, 0x10, 0xe0, 0x10, 0xe0, 0x0f, 0xe0, 0x10, 0xe0,
    0x0f, 0xe0, 0x10, 0xe0, 0x10, 0xe8, 0x10, 0xe0, 0x10, 0xe0, 0x0f, 0xe8,
    0x10, 0xe8, 0x10, 0xe8, 0x0f, 0xe8, 0x10, 0xe8, 0x10, 0xe8, 0x10, 0xe0,
    0x0f, 0xe0, 0x0f, 0xe0, 0x10, 0xe8, 0x10, 0xe8, 0x10, 0xe8, 0x0f, 0xe8,
    0x10, 0xe0, 0x0f, 0xe8, 0x10, 0xe0, 0x10, 0xe8, 0x10, 0xe8, 0x0f, 0xe0,
    0x10, 0xe0, 0x0f, 0xe8, 0x10, 0xe8, 0x10, 0xe8, 0x10, 0xe8, 0x0f, 0xe8,
    0x10, 0xe8, 0x10, 0xe8, 0x10, 0xe0, 0x10, 0xe8, 0x10, 0xe0, 0x10, 0xe0,
    0x10, 0xe8, 0x10, 0xe8, 0x0f, 0xe0, 0x10, 0xe8, 0x10, 0xe8, 0x0f, 0xe0,
    0x10, 0xe8, 0x10, 0xe0, 0x10, 0xe0, 0x10, 0xe8, 0x0f, 0xe8, 0x10, 0xe8,
    0x10, 0xe8, 0x10, 0xe8, 0x0f, 0xe8, 0x10, 0xe0, 0x10, 0xe8, 0x10, 0xe8,
    0x10, 0xe8, 0x0f, 0xe8, 0x10, 0xe8, 0x0f, 0xe8, 0x10, 0xe0, 0x10, 0xe8,
    0x10, 0xe8, 0x10, 0xe0, 0x0f, 0xe8, 0x10, 0xe8, 0x10, 0xe8, 0x10, 0xe8,
    0x0f, 0xe8, 0x10, 0xe8, 0x10, 0xe8, 0x10, 0xe8, 0x10, 0xe8, 0x0f, 0xe8,
    0x10, 0xe8, 0x10, 0xe0, 0x10, 0xe8, 0x10, 0xe8, 0x0f, 0xe0, 0x10, 0xe8,
    0x10, 0xe8, 0x0f, 0xe0, 0x10, 0xe8, 0x10, 0xe8, 0x10, 0xe8, 0x10, 0xe8,
    0x0f, 0xe8, 0x10, 0xe0, 0x10, 0xe8, 0x0f, 0xe0, 0x10, 0xe8, 0x0f, 0xe0,
    0x10, 0xe0, 0x10, 0xe8, 0x10, 0xe0, 0x0f, 0xe8, 0x10, 0xe0, 0x10, 0xe8,
    0x0f, 0xe0, 0x10, 0xe0, 0x0f, 0xe8, 0x0f, 0xe0, 0x10, 0xe8, 0x0f, 0xe8,
    0x10, 0xe8, 0x10, 0xe8, 0x0f, 0xe0, 0x10, 0xe8, 0x10, 0xe8, 0x10, 0xe0,
    0x10, 0xe8, 0x0f, 0xe8, 0x10, 0xe0, 0x0f, 0xe0, 0x10, 0xe0, 0x10, 0xe8,
    0x10, 0xe8, 0x10, 0xe8, 0x10, 0xe8, 0x0f, 0xe0, 0x10, 0xe8, 0x10, 0xe8,
    0x10, 0xe0, 0x10, 0xe8, 0x0f, 0xe8, 0x10, 0xe0, 0x10, 0xe8, 0x0f, 0xe8,
    0x10, 0xe8, 0x10, 0xe0, 0x0f, 0xe0, 0x0f, 0xe0, 0x10, 0xe0, 0x0f, 0xe0,
    0x0f, 0xe0, 0x10, 0xe0, 0x0f, 0xe0, 0x10, 0xe0, 0x10, 0xe0, 0x0f, 0xe8,
    0x10, 0xe0, 0x10, 0xe8, 0x10, 0xe8, 0x10, 0xe8, 0x10, 0xe8, 0x10, 0xe8,
    0x0f, 0xe8, 0x10, 0xe0, 0x10, 0xe8, 0x0f, 0xe8, 0x10, 0xe8, 0x10, 0xe0,
    0x0f, 0xe0, 0x0e, 0xd8, 0x0f, 0xd0, 0x0e, 0xd8, 0x0f, 0xd8, 0x0f, 0xd8,
    0x0f, 0xd8, 0x0f, 0xd8, 0x0f, 0xd8, 0x0f, 0xd8, 0x0f, 0xd8, 0x0f, 0xd8,
    0x0f, 0xd8, 0x0f, 0xd8, 0x0f, 0xe0, 0x0f, 0xe0, 0x0f, 0xe0, 0x0f, 0xe0,
    0x0f, 0xe0, 0x0f, 0xe0, 0x0f, 0xe0, 0x10, 0xe0, 0x10, 0xe0, 0x0f, 0xe0,
    0x10, 0xe0, 0x0f, 0xe0, 0x0f, 0xe0, 0x10, 0xe0, 0x10, 0xe0, 0x10, 0xe0,
    0x10, 0xe8, 0x10, 0xe8, 0x10, 0xe8, 0x10, 0xe0, 0x0f, 0xd8, 0x0e, 0xd0,
    0x0e, 0xc0, 0x0d, 0xc0, 0x0e, 0xc8, 0x0e, 0xc8, 0x0e, 0xc8, 0x0e, 0xc8,
    0x0e, 0xc8, 0x0d, 0xc8, 0x0e, 0xc8, 0x0e, 0xc8, 0x0e, 0xc8, 0x0e, 0xc8,
    0x0d, 0xc0, 0x0d, 0xc0, 0x0e, 0xc8, 0x0d, 0xc8, 0x0d, 0xc8, 0x0e, 0xc8,
    0x0e, 0xc8, 0x0e, 0xd0, 0x0e, 0xc8, 0x0e, 0xc8, 0x0e, 0xc8, 0x0e, 0xd0,
    0x0e, 0xd0, 0x0e, 0xd0, 0x0f, 0xd0, 0x0e, 0xd0, 0x0f, 0xd0, 0x0f, 0xd8,
    0x0e, 0xd0, 0x0f, 0xd0, 0x0e, 0xd8, 0x0f, 0xd0, 0x0f, 0xd8, 0x0e, 0xd8,
    0x0f, 0xd8, 0x0f, 0xd8, 0x0f, 0xd8, 0x0f, 0xd8, 0x0f, 0xd8, 0x0f, 0xe0,
    0x0f, 0xd8, 0x0f, 0xe0, 0x0f, 0xe0, 0x0f, 0xe0, 0x0f, 0xd8, 0x0f, 0xd0,
    0x0e, 0xd0, 0x0f, 0xd0, 0x0e, 0xd8, 0x0f, 0xd8, 0x0e, 0xd0, 0x0e, 0xd8,
    0x0e, 0xd8, 0x0f, 0xd8, 0x0f, 0xd8, 0x0f, 0xd8, 0x0f, 0xd8, 0x0f, 0xe0,
    0x0f, 0xe0, 0x0f, 0xd8, 0x10, 0xe0, 0x0f, 0xe0, 0x0f, 0xe0, 0x10, 0xe0,
    0x0f, 0xe0, 0x0f, 0xe0, 0x10, 0xe0, 0x0f, 0xe0, 0x10, 0xe8, 0x10, 0xe8,
    0x10, 0xe0, 0x0f, 0xe0, 0x0f, 0xd8, 0x0f, 0xe0, 0x0f, 0xe0, 0x10, 0xd8,
    0x0f, 0xe0, 0x0f, 0xe0, 0x0f, 0xe0, 0x10, 0xe0, 0x0f, 0xe0, 0x0f, 0xe0,
    0x10, 0xe8, 0x10, 0xe8, 0x10, 0xe0, 0x10, 0xe0, 0x10, 0xe8, 0x10, 0xe8,
    0x10, 0xe8, 0x0f, 0xe8, 0x10, 0xe0, 0x10, 0xe0, 0x0f, 0xe0, 0x0f, 0xe0,
    0x10, 0xe8, 0x10, 0xe8, 0x10, 0xe0, 0x10, 0xe8, 0x10, 0xe8, 0x0f, 0xe0,
    0x10, 0xe8, 0x10, 0xe0, 0x10, 0xe8, 0x10, 0xe8, 0x10, 0xe8, 0x10, 0xe0,
    0x10, 0xe0, 0x10, 0xe8, 0x0f, 0xe8, 0x10, 0xe0, 0x10, 0xe8, 0x10, 0xe8,
    0x0f, 0xe8, 0x10, 0xe0, 0x10, 0xe8, 0x10, 0xe8, 0x10, 0xe8, 0x10, 0xe0,
    0x0f, 0xe8, 0x10, 0xe0, 0x10, 0xe8, 0x0f, 0xe8, 0x10, 0xe8, 0x10, 0xe8,
    0x0f, 0xe8, 0x10, 0xe8, 0x0f, 0xe8, 0x0f, 0xe8, 0x10, 0xe8, 0x10, 0xe0,
    0x10, 0xe8, 0x0f, 0xe8, 0x10, 0xe8, 0x10, 0xe8, 0x0f, 0xe8, 0x10, 0xe8,
    0x10, 0xe8, 0x0f, 0xe0, 0x10, 0xe8, 0x10, 0xe0, 0x10, 0xe8, 0x0f, 0xe8,
    0x10, 0xe0, 0x0f, 0xe8, 0x10, 0xe8, 0x10, 0xe0, 0x0f, 0xe8, 0x10, 0xe8,
    0x10, 0xe8, 0x10, 0xe0, 0x0f, 0xe8, 0x10, 0xe8, 0x10, 0xe8, 0x0f, 0xe8,
    0x10, 0xe0, 0x10, 0xe8, 0x0f, 0xe8, 0x10, 0xe0, 0x10, 0xe8, 0x10, 0xe8,
    0x0f, 0xe0, 0x10, 0xe8, 0x10, 0xe8, 0x10, 0xe8, 0x0f, 0xe8, 0x10, 0xe8,
    0x10, 0xe0, 0x0f, 0xe8, 0x10, 0xe8, 0x10, 0xe8, 0x10, 0xe0, 0x10, 0xe8,
    0x0f, 0xe8, 0x10, 0xe0, 0x0f, 0xe8, 0x10, 0xe8, 0x10, 0xe0, 0x10, 0xe8,
    0x10, 0xe8, 0x10, 0xe8, 0x10, 0xe8, 0x10, 0xe8, 0x0f, 0xe8, 0x10, 0xe8,
    0x10, 0xe8, 0x10, 0xe0, 0x10, 0xe8, 0x10, 0xe8, 0x10, 0xe8, 0x10, 0xe0,
    0x10, 0xe8, 0x10, 0xe8, 0x10, 0xe8, 0x10, 0xe0, 0x0f, 0xe8, 0x10, 0xe8,
    0x10, 0xe8, 0x10, 0xe0, 0x0f, 0xe8, 0x10, 0xe8, 0x10, 0xe8, 0x10, 0xe8,
    0x0f, 0xe0, 0x10, 0xe0, 0x10, 0xe0, 0x10, 0xe8, 0x0f, 0xe8, 0x10, 0xe8,
    0x10, 0xe8, 0x10, 0xe8, 0x10, 0xe8, 0x0f, 0xe8, 0x10, 0xe8, 0x10, 0xe8,
    0x10, 0xe8, 0x0f, 0xe8, 0x10, 0xe8, 0x10, 0xe8, 0x0f, 0xe0, 0x0f, 0xe0,
    0x0f, 0xd8, 0x10, 0xe0, 0x10, 0xe0, 0x0f, 0xe0, 0x10, 0xe0, 0x0f, 0xe0,
    0x10, 0xe0, 0x10, 0xe0, 0x10, 0xe8, 0x0f, 0xe8, 0x10, 0xe8, 0x0f, 0xe8,
    0x0f, 0xe0, 0x10, 0xe8, 0x10, 0xe8, 0x0f, 0xe0, 0x10, 0xe8, 0x10, 0xe8,
    0x0f, 0xe8, 0x10, 0xe8, 0x0f, 0xe0, 0x0f, 0xd8, 0x0e, 0xd8, 0x0f, 0xd0,
    0x0f, 0xd8, 0x0f, 0xd8, 0x0f, 0xd8, 0x0f, 0xd8, 0x0f, 0xd8, 0x0e, 0xd8,
    0x0f, 0xd8, 0x0f, 0xd8, 0x0f, 0xd8, 0x0f, 0xe0, 0x0f, 0xe0, 0x0f, 0xe0,
    0x0f, 0xe0, 0x0f, 0xe0, 0x0f, 0xd8, 0x0f, 0xe0, 0x10, 0xe0, 0x10, 0xe0,
    0x0f, 0xe0, 0x10, 0xe0, 0x10, 0xe0, 0x0f, 0xe0, 0x10, 0xe0, 0x10, 0xe0,
    0x10, 0xe0, 0x10, 0xe8, 0x0f, 0xe8, 0x10, 0xe8, 0x10, 0xe8, 0x0f, 0xe0,
    0x0f, 0xd8, 0x0e, 0xd0, 0x0d, 0xc8, 0x0e, 0xc8, 0x0e, 0xc8, 0x0e, 0xc8,
    0x0e, 0xc8, 0x0e, 0xc8, 0x0d, 0xc8, 0x0e, 0xc8, 0x0e, 0xc8, 0x0e, 0xc8,
    0x0e, 0xc8, 0x0e, 0xc8, 0x0e, 0xc8, 0x0e, 0xc8, 0x0d, 0xc0, 0x0e, 0xc0,
    0x0d, 0xc0, 0x0d, 0xc8, 0x0e, 0xc8, 0x0d, 0xc8, 0x0e, 0xc8, 0x0e, 0xc8,
    0x0e, 0xc8, 0x0e, 0xc8, 0x0e, 0xc8, 0x0e, 0xc8, 0x0e, 0xc8, 0x0e, 0xd0,
    0x0e, 0xd0, 0x0e, 0xd0, 0x0e, 0xd0, 0x0e, 0xd0, 0x0f, 0xd0, 0x0e, 0xd0,
    0x0f, 0xd0, 0x0e, 0xd8, 0x0f, 0xd8, 0x0e, 0xd8, 0x0e, 0xd8, 0x0f, 0xd8,
    0x0f, 0xd8, 0x0f, 0xd8, 0x0f, 0xd8, 0x0f, 0xd8, 0x0f, 0xd8, 0x10, 0xe0,
    0x0f, 0xe0, 0x0f, 0xe0, 0x10, 0xe0, 0x0f, 0xe0, 0x0f, 0xd8, 0x0f, 0xd0,
    0x0e, 0xd0, 0x0e, 0xd0, 0x0f, 0xd0, 0x0e, 0xd8, 0x0f, 0xd8, 0x0f, 0xd8,
    0x0e, 0xd8, 0x0f, 0xd8, 0x0f, 0xd8, 0x0f, 0xd8, 0x0f, 0xd8, 0x0f, 0xd8,
    0x0f, 0xe0, 0x0f, 0xe0, 0x0f, 0xd8, 0x0f, 0xe0, 0x10, 0xe0, 0x10, 0xe0,
    0x0f, 0xe0, 0x0f, 0xe0, 0x10, 0xe0, 0x10, 0xe8, 0x10, 0xe8, 0x10, 0xe8,
    0x10, 0xe0, 0x0f, 0xd8, 0x0f, 0xd8, 0x0f, 0xe0, 0x0f, 0xe0, 0x0f, 0xe0,
    0x0f, 0xe0, 0x10, 0xe0, 0x10, 0xe0, 0x0f, 0xe0, 0x0f, 0xe0, 0x0f, 0xe0,
    0x10, 0xe8, 0x10, 0xe0, 0x0f, 0xe8, 0x10, 0xe8, 0x10, 0xe8, 0x0f, 0xe8,
    0x10, 0xe8, 0x10, 0xe0, 0x0f, 0xe0, 0x0f, 0xe0, 0x10, 0xe0, 0x0f, 0xe8,
    0x10, 0xe0, 0x10, 0xe8, 0x0f, 0xe8, 0x10, 0xe8, 0x10, 0xe0, 0x0f, 0xe8,
    0x0f, 0xe8, 0x10, 0xe8, 0x10, 0xe8, 0x0f, 0xe0, 0x10, 0xe8, 0x10, 0xe8,
    0x10, 0xe0, 0x10, 0xe8, 0x10, 0xe8, 0x10, 0xe8, 0x0f, 0xe8, 0x10, 0xe8,
    0x10, 0xe8, 0x0f, 0xe8, 0x10, 0xe8, 0x10, 0xe8, 0x10, 0xe8, 0x10, 0xe8,
    0x10, 0xe0, 0x10, 0xe0, 0x10, 0xe8, 0x0f, 0xe0, 0x10, 0xe8, 0x10, 0xe8,
    0x10, 0xe0, 0x10, 0xe8, 0x10, 0xe8, 0x0f, 0xe8, 0x10, 0xe8, 0x10, 0xe0,
    0x10, 0xe8, 0x10, 0xe8, 0x0f, 0xe0, 0x10, 0xe8, 0x10, 0xe8, 0x10, 0xe8,
    0x10, 0xe8, 0x0f, 0xe0, 0x10, 0xe8, 0x10, 0xe8, 0x10, 0xe8, 0x10, 0xe8,
    0x0f, 0xe8, 0x10, 0xe0, 0x10, 0xe8, 0x10, 0xe8, 0x10, 0xe0, 0x10, 0xe8,
    0x0f, 0xe8, 0x10, 0xe0, 0x10, 0xe8, 0x0f, 0xe8, 0x10, 0xe8, 0x10, 0xe0,
    0x10, 0xe8, 0x0f, 0xe8, 0x10, 0xe0, 0x10, 0xe8, 0x10, 0xe8, 0x0f, 0xe0,
    0x10, 0xe0, 0x10, 0xe8, 0x10, 0xe8, 0x0f, 0xe0, 0x10, 0xe8, 0x10, 0xe8,
    0x10, 0xe8, 0x0f, 0xe0, 0x10, 0xe8, 0x10, 0xe8, 0x10, 0xe8, 0x10, 0xe0,
    0x10, 0xe8, 0x0f, 0xe8, 0x10, 0xe8, 0x10, 0xe8, 0x0f, 0xe0, 0x10, 0xe8,
    0x10, 0xe8, 0x10, 0xe0, 0x0f, 0xe8, 0x10, 0xe8, 0x10, 0xe8, 0x0f, 0xe8,
    0x0f, 0xe8, 0x10, 0xe8, 0x10, 0xe0, 0x0f, 0xe8, 0x10, 0xe8, 0x10, 0xe8,
    0x10, 0xe8, 0x10, 0xe0, 0x10, 0xe8, 0x0f, 0xe8, 0x10, 0xe8, 0x10, 0xe8,
    0x0f, 0xe0, 0x10, 0xe8, 0x10, 0xe8, 0x0f, 0xe0, 0x10, 0xe0, 0x10, 0xe8,
    0x10, 0xe8, 0x0f, 0xe0, 0x10, 0xe8, 0x10, 0xe0, 0x0f, 0xe0, 0x10, 0xe8,
    0x10, 0xe8, 0x0f, 0xe0, 0x10, 0xe8, 0x10, 0xe0, 0x10, 0xe8, 0x10, 0xe0,
    0x10, 0xe8, 0x0f, 0xe0, 0x0f, 0xe0, 0x10, 0xe0, 0x10, 0xe0, 0x0f, 0xe0,
    0x0f, 0xe0, 0x10, 0xe0, 0x10, 0xe0, 0x10, 0xe0, 0x10, 0xe0, 0x0f, 0xe8,
    0x10, 0xe8, 0x10, 0xe0, 0x10, 0xe8, 0x10, 0xe8, 0x10, 0xe0, 0x10, 0xe8,
    0x0f, 0xe8, 0x10, 0xe0, 0x10, 0xe8, 0x10, 0xe8, 0x0f, 0xe0, 0x0f, 0xd8,
    0x0f, 0xd8, 0x0f, 0xd8, 0x0f, 0xd8, 0x0f, 0xd8, 0x0f, 0xd8, 0x0f, 0xd8,
    0x0f, 0xd8, 0x0f, 0xd8, 0x0f, 0xd8, 0x0f, 0xe0, 0x0f, 0xe0, 0x0f, 0xe0,
    0x0f, 0xe0, 0x0f, 0xe0, 0x0f, 0xe0, 0x0f, 0xe0, 0x0f, 0xe0, 0x10, 0xe0,
    0x10, 0xe0, 0x10, 0xe0, 0x0f, 0xe0, 0x10, 0xe0, 0x0f, 0xe0, 0x10, 0xe0,
    0x10, 0xe0, 0x10, 0xe0, 0x10, 0xe8, 0x10, 0xe0, 0x10, 0xe8, 0x10, 0xe8,
    0x0f, 0xe8, 0x0f, 0xe0, 0x0f, 0xd8, 0x0e, 0xc8, 0x0d, 0xc8, 0x0e, 0xc8,
    0x0e, 0xc8, 0x0e, 0xc8, 0x0d, 0xc8, 0x0e, 0xc8, 0x0e, 0xc8, 0x0e, 0xc8,
    0x0e, 0xc8, 0x0e, 0xc8, 0x0e, 0xc8, 0x0e, 0xc8, 0x0e, 0xc8, 0x0e, 0xd0,
    0x0e, 0xc8, 0x0e, 0xc8, 0x0d, 0xc0, 0x0d, 0xc0, 0x0e, 0xc0, 0x0e, 0xc0,
    0x0d, 0xc0, 0x0d, 0xc8, 0x0e, 0xc8, 0x0e, 0xc8, 0x0e, 0xc8, 0x0e, 0xd0,
    0x0e, 0xc8, 0x0e, 0xc8, 0x0e, 0xc8, 0x0e, 0xd0, 0x0e, 0xd0, 0x0e, 0xd0,
    0x0e, 0xd0, 0x0f, 0xd0, 0x0e, 0xd0, 0x0e, 0xd8, 0x0f, 0xd0, 0x0e, 0xd0,
    0x0f, 0xd0, 0x0f, 0xd8, 0x0f, 0xd8, 0x0f, 0xd8, 0x0f, 0xd8, 0x0f, 0xd8,
    0x0f, 0xe0, 0x0f, 0xe0, 0x0f, 0xd8, 0x0f, 0xe0, 0x10, 0xd8, 0x0f, 0xd8,
    0x0f, 0xe0, 0x0f, 0xe0, 0x0f, 0xe0, 0x0f, 0xe0, 0x0f, 0xd8, 0x0e, 0xd8,
    0x0f, 0xd0, 0x0f, 0xd0, 0x0e, 0xd0, 0x0f, 0xd8, 0x0f, 0xd8, 0x0f, 0xd8,
    0x0f, 0xd8, 0x0f, 0xd8, 0x0f, 0xd8, 0x0f, 0xe0, 0x0f, 0xe0, 0x10, 0xd8,
    0x0f, 0xe0, 0x0f, 0xe0, 0x0f, 0xe0, 0x10, 0xe0, 0x10, 0xe0, 0x0f, 0xe0,
    0x0f, 0xe0, 0x10, 0xe0, 0x10, 0xe0, 0x10, 0xe8, 0x10, 0xe8, 0x10, 0xe0,
    0x0f, 0xe0, 0x0f, 0xe0, 0x10, 0xd8, 0x0f, 0xe0, 0x0f, 0xe0, 0x10, 0xe0,
    0x10, 0xe0, 0x0f, 0xe0, 0x10, 0xe0, 0x10, 0xe8, 0x10, 0xe8, 0x0f, 0xe0,
    0x10, 0xe8, 0x10, 0xe8, 0x10, 0xe0, 0x10, 0xe8, 0x10, 0xe8, 0x10, 0xe8,
    0x10, 0xe0, 0x0f, 0xe0, 0x10, 0xe0, 0x10, 0xe8, 0x0f, 0xe0, 0x10, 0xe0,
    0x10, 0xe8, 0x10, 0xe8, 0x10, 0xe8, 0x10, 0xe8, 0x10, 0xe0, 0x10, 0xe8,
    0x0f, 0xe8, 0x10, 0xe8, 0x10, 0xe0, 0x0f, 0xe0, 0x10, 0xe8, 0x0f, 0xe8,
    0x10, 0xe0, 0x10, 0xe0, 0x10, 0xe8, 0x10, 0xe0, 0x0f, 0xe8, 0x10, 0xe0,
    0x10, 0xe8, 0x0f, 0xe8, 0x10, 0xe0, 0x0f, 0xe8, 0x0f, 0xe8, 0x10, 0xe8,
    0x10, 0xe8, 0x10, 0xe8, 0x10, 0xe0, 0x10, 0xe8, 0x0f, 0xe8, 0x10, 0xe0,
    0x10, 0xe8, 0x10, 0xe8, 0x0f, 0xe0, 0x10, 0xe8, 0x10, 0xe8, 0x0f, 0xe0,
    0x10, 0xe8, 0x10, 0xe8, 0x0f, 0xe0, 0x10, 0xe8, 0x10, 0xe8, 0x0f, 0xe8,
    0x10, 0xe0, 0x10, 0xe8, 0x10, 0xe8, 0x10, 0xe0, 0x10, 0xe8, 0x0f, 0xe8,
    0x10, 0xe8, 0x0f, 0xe0, 0x10, 0xe8, 0x10, 0xe8, 0x10, 0xe8, 0x10, 0xe0,
    0x10, 0xe8, 0x10, 0xe8, 0x10, 0xe0, 0x10, 0xe8, 0x10, 0xe8, 0x10, 0xe8,
    0x0f, 0xe0, 0x10, 0xe8, 0x10, 0xe8, 0x10, 0xe8, 0x0f, 0xe8, 0x10, 0xe8,
    0x10, 0xe0, 0x10, 0xe8, 0x0f, 0xe8, 0x10, 0xe8, 0x10, 0xe0, 0x10, 0xe8,
    0x0f, 0xe8, 0x10, 0xe8, 0x10, 0xe0, 0x0f, 0xe8, 0x10, 0xe8, 0x10, 0xe0,
    0x10, 0xe8, 0x0f, 0xe8, 0x10, 0xe0, 0x10, 0xe8, 0x0f, 0xe8, 0x10, 0xe0,
    0x10, 0xe8, 0x10, 0xe8, 0x10, 0xe0, 0x10, 0xe8, 0x10, 0xe8, 0x0f, 0xe0,
    0x10, 0xe8, 0x10, 0xe0, 0x0f, 0xe8, 0x10, 0xe8, 0x0f, 0xe0, 0x10, 0xe8,
    0x10, 0xe8, 0x10, 0xe0, 0x10, 0xe8, 0x10, 0xe8, 0x10, 0xe8, 0x10, 0xe0,
    0x0f, 0xe0, 0x10, 0xe0, 0x10, 0xe8, 0x10, 0xe8, 0x0f, 0xe8, 0x10, 0xe8,
    0x10, 0xe8, 0x10, 0xe8, 0x0f, 0xe8, 0x10, 0xe8, 0x10, 0xe0, 0x10, 0xe8,
    0x0f, 0xe8, 0x10, 0xe8, 0x0f, 0xe0, 0x10, 0xe8, 0x0f, 0xe0, 0x0f, 0xe0,
    0x0f, 0xe0, 0x10, 0xe0, 0x10, 0xe0, 0x0f, 0xe0, 0x10, 0xe0, 0x10, 0xe0,
    0x10, 0xe8, 0x0f, 0xe8, 0x10, 0xe8, 0x10, 0xe8, 0x0f, 0xe8, 0x10, 0xe8,
    0x10, 0xe8, 0x10, 0xe8, 0x10, 0xe8, 0x0f, 0xe8, 0x10, 0xe8, 0x10, 0xe8,
    0x10, 0xe8, 0x0f, 0xe0, 0x0f, 0xd8, 0x0f, 0xd8, 0x0f, 0xd8, 0x0f, 0xd8,
    0x0f, 0xd8, 0x0f, 0xd8, 0x0f, 0xd8, 0x0f, 0xd8, 0x0f, 0xe0, 0x0f, 0xd8,
    0x0f, 0xe0, 0x0f, 0xe0, 0x0f, 0xe0, 0x0f, 0xe0, 0x0f, 0xd8, 0x0f, 0xe0,
    0x10, 0xe0, 0x10, 0xe0, 0x0f, 0xe0, 0x10, 0xe0, 0x0f, 0xe0, 0x0f, 0xe0,
    0x10, 0xe0, 0x10, 0xe0, 0x10, 0xe0, 0x0f, 0xe8, 0x10, 0xe0, 0x0f, 0xe8,
    0x0f, 0xe8, 0x10, 0xe8, 0x10, 0xe8, 0x0f, 0xe0, 0x0f, 0xd8, 0x0e, 0xc8,
    0x0e, 0xc8, 0x0e, 0xc8, 0x0e, 0xc8, 0x0e, 0xc8, 0x0e, 0xc8, 0x0e, 0xc8,
    0x0e, 0xc8, 0x0e, 0xd0, 0x0e, 0xd0, 0x0e, 0xc8, 0x0e, 0xd0, 0x0e, 0xd0,
    0x0e, 0xd0, 0x0e, 0xd0, 0x0e, 0xd0, 0x0e, 0xd0, 0x0e, 0xd0, 0x0e, 0xd0,
    0x0d, 0xc8, 0x0d, 0xc0, 0x0d, 0xc0, 0x0d, 0xc0, 0x0e, 0xc8, 0x0e, 0xc0,
    0x0d, 0xc8, 0x0e, 0xc8, 0x0e, 0xc8, 0x0e, 0xc8, 0x0e, 0xd0, 0x0e, 0xc8,
    0x0e, 0xc8, 0x0e, 0xc8, 0x0e, 0xd0, 0x0e, 0xd0, 0x0e, 0xd0, 0x0e, 0xd0,
    0x0e, 0xd0, 0x0e, 0xd0, 0x0e, 0xd8, 0x0f, 0xd0, 0x0e, 0xd0, 0x0e, 0xd8,
    0x0e, 0xd8, 0x0f, 0xd8, 0x0f, 0xd8, 0x0e, 0xd8, 0x0f, 0xd8, 0x0f, 0xd8,
    0x0f, 0xd8, 0x0f, 0xd8, 0x0f, 0xe0, 0x0f, 0xe0, 0x0f, 0xd8, 0x10, 0xe0,
    0x0f, 0xe0, 0x10, 0xe0, 0x10, 0xe0, 0x0f, 0xe0, 0x0f, 0xd8, 0x0f, 0xd0,
    0x0e, 0xd0, 0x0e, 0xd8, 0x0f, 0xd8, 0x0f, 0xd8, 0x0f, 0xd8, 0x0f, 0xd8,
    0x0f, 0xd8, 0x0f, 0xd8, 0x0f, 0xd8, 0x0f, 0xe0, 0x10, 0xe0, 0x0f, 0xe0,
    0x0f, 0xe0, 0x0f, 0xe0, 0x10, 0xe0, 0x10, 0xe0, 0x0f, 0xe0, 0x0f, 0xe0,
    0x0f, 0xe0, 0x10, 0xe8, 0x10, 0xe0, 0x10, 0xe8, 0x10, 0xe8, 0x10, 0xe0,
    0x0f, 0xe0, 0x0f, 0xd8, 0x0f, 0xe0, 0x0f, 0xe0, 0x10, 0xe0, 0x0f, 0xe0,
    0x0f, 0xe0, 0x10, 0xe0, 0x0f, 0xe0, 0x10, 0xe8, 0x10, 0xe0, 0x0f, 0xe0,
    0x10, 0xe8, 0x0f, 0xe8, 0x10, 0xe0, 0x10, 0xe8, 0x10, 0xe8, 0x0f, 0xe0,
    0x0f, 0xe0, 0x10, 0xe8, 0x10, 0xe8, 0x10, 0xe0, 0x0f, 0xe0, 0x10, 0xe8,
    0x10, 0xe8, 0x0f, 0xe0, 0x10, 0xe8, 0x10, 0xe8, 0x10, 0xe8, 0x10, 0xe8,
    0x10, 0xe8, 0x0f, 0xe0, 0x10, 0xe8, 0x10, 0xe8, 0x0f, 0xe8, 0x10, 0xe8,
    0x10, 0xe8, 0x0f, 0xe8, 0x10, 0xe0, 0x10, 0xe8, 0x10, 0xe8, 0x0f, 0xe0,
    0x10, 0xe8, 0x10, 0xe8, 0x10, 0xe8, 0x10, 0xe8, 0x0f, 0xe8, 0x10, 0xe8,
    0x10, 0xe8, 0x0f, 0xe8, 0x10, 0xe8, 0x10, 0xe8, 0x0f, 0xe0, 0x10, 0xe8,
    0x10, 0xe8, 0x10, 0xe8, 0x0f, 0xe8, 0x10, 0xe8, 0x10, 0xe8, 0x10, 0xe8,
    0x0f, 0xe0, 0x10, 0xe8, 0x10, 0xe8, 0x10, 0xe8, 0x0f, 0xe8, 0x10, 0xe0,
    0x0f, 0xe8, 0x10, 0xe8, 0x10, 0xe0, 0x10, 0xe8, 0x10, 0xe8, 0x0f, 0xe8,
    0x10, 0xe8, 0x10, 0xe8, 0x0f, 0xe0, 0x0f, 0xe8, 0x10, 0xe8, 0x10, 0xe8,
    0x0f, 0xe8, 0x0f, 0xe8, 0x10, 0xe8, 0x10, 0xe0, 0x10, 0xe8, 0x0f, 0xe8,
    0x10, 0xe8, 0x10, 0xe0, 0x10, 0xe8, 0x0f, 0xe8, 0x10, 0xe8, 0x10, 0xe8,
    0x10, 0xe8, 0x0f, 0xe0, 0x10, 0xe8, 0x10, 0xe8, 0x10, 0xe8, 0x0f, 0xe0,
    0x10, 0xe8, 0x10, 0xe8, 0x0f, 0xe8, 0x10, 0xe0, 0x10, 0xe8, 0x10, 0xe8,
    0x10, 0xe8, 0x10, 0xe8, 0x0f, 0xe8, 0x10, 0xe8, 0x10, 0xe8, 0x0f, 0xe0,
    0x10, 0xe8, 0x10, 0xe8, 0x10, 0xe0, 0x10, 0xe8, 0x10, 0xe8, 0x10, 0xe8,
    0x10, 0xe8, 0x0f, 0xe0, 0x10, 0xe8, 0x10, 0xe8, 0x0f, 0xe8, 0x10, 0xe0,
    0x0f, 0xe8, 0x10, 0xe8, 0x10, 0xe8, 0x0f, 0xe8, 0x10, 0xe0, 0x10, 0xe8,
    0x0f, 0xe8, 0x10, 0xe8, 0x10, 0xe0, 0x10, 0xe8, 0x10, 0xe8, 0x0f, 0xe0,
    0x10, 0xe8, 0x10, 0xe8, 0x10, 0xe8, 0x10, 0xe8, 0x10, 0xe8, 0x10, 0xe8,
    0x0f, 0xe0, 0x0f, 0xe0, 0x10, 0xe0, 0x0f, 0xe0, 0x10, 0xe0, 0x0f, 0xe0,
    0x10, 0xe0, 0x10, 0xe8, 0x10, 0xe0, 0x10, 0xe8, 0x0f, 0xe8, 0x10, 0xe8,
    0x10, 0xe0, 0x10, 0xe8, 0x10, 0xe8, 0x0f, 0xe0, 0x10, 0xe8, 0x0f, 0xe0,
    0x10, 0xe8, 0x10, 0xe0, 0x10, 0xe8, 0x0f, 0xe0, 0x0f, 0xd8, 0x0f, 0xd8,
    0x0f, 0xd8, 0x0f, 0xd8, 0x0f, 0xd8, 0x0f, 0xd8, 0x0f, 0xe0, 0x0f, 0xd8,
    0x0f, 0xe0, 0x0f, 0xe0, 0x0f, 0xe0, 0x0f, 0xe0, 0x0f, 0xe0, 0x0f, 0xd8,
    0x10, 0xe0, 0x10, 0xe0, 0x0f, 0xe0, 0x10, 0xe0, 0x0f, 0xe0, 0x0f, 0xe0,
    0x10, 0xe0, 0x10, 0xe0, 0x10, 0xe0, 0x0f, 0xe0, 0x10, 0xe8, 0x10, 0xe0,
    0x10, 0xe8, 0x10, 0xe8, 0x10, 0xe8, 0x10, 0xe8, 0x10, 0xe8, 0x0f, 0xe0,
    0x0f, 0xd0, 0x0e, 0xc8, 0x0e, 0xc8, 0x0e, 0xc8, 0x0e, 0xc8, 0x0e, 0xd0,
    0x0e, 0xc8, 0x0e, 0xd0, 0x0e, 0xd0, 0x0e, 0xd0, 0x0e, 0xd0, 0x0e, 0xc8,
    0x0e, 0xd0, 0x0e, 0xd0, 0x0e, 0xd0, 0x0e, 0xd0, 0x0e, 0xd0, 0x0e, 0xd0,
    0x0e, 0xd0, 0x0e, 0xd0, 0x0e, 0xd0, 0x0e, 0xd0, 0x0f, 0xd8, 0x0e, 0xd0,
    0x0e, 0xc8, 0x0d, 0xc8, 0x0d, 0xc0, 0x0d, 0xc0, 0x0d, 0xc8, 0x0d, 0xc8,
    0x0e, 0xc8, 0x0e, 0xc8, 0x0e, 0xc8, 0x0e, 0xd0, 0x0e, 0xc8, 0x0e, 0xc8,
    0x0e, 0xd0, 0x0e, 0xc8, 0x0e, 0xd0, 0x0f, 0xd0, 0x0e, 0xd0, 0x0e, 0xd0,
    0x0f, 0xd0, 0x0e, 0xd0, 0x0f, 0xd8, 0x0f, 0xd0, 0x0e, 0xd0, 0x0f, 0xd8,
    0x0e, 0xd8, 0x0f, 0xd8, 0x0f, 0xd8, 0x0f, 0xd8, 0x0f, 0xd8, 0x0f, 0xe0,
    0x0f, 0xd8, 0x0f, 0xd8, 0x10, 0xe0, 0x0f, 0xe0, 0x0f, 0xe0, 0x0f, 0xe0,
    0x0f, 0xe0, 0x10, 0xe0, 0x0f, 0xe0, 0x0f, 0xe0, 0x0f, 0xd8, 0x0e, 0xd0,
    0x0e, 0xd0, 0x0f, 0xd8, 0x0f, 0xd8, 0x0e, 0xd8, 0x0f, 0xd8, 0x0f, 0xd8,
    0x0f, 0xd8, 0x0f, 0xe0, 0x0f, 0xd8, 0x10, 0xd8, 0x0f, 0xe0, 0x0f, 0xe0,
    0x0f, 0xe0, 0x10, 0xe0, 0x10, 0xe0, 0x0f, 0xe8, 0x0f, 0xe0, 0x10, 0xe0,
    0x10, 0xe8, 0x0f, 0xe0, 0x10, 0xe8, 0x10, 0xe8, 0x10, 0xe0, 0x0f, 0xe0,
    0x0f, 0xd8, 0x0f, 0xe0, 0x10, 0xe0, 0x10, 0xe0, 0x0f, 0xe0, 0x0f, 0xe0,
    0x10, 0xe8, 0x10, 0xe0, 0x10, 0xe8, 0x10, 0xe8, 0x0f, 0xe8, 0x10, 0xe8,
    0x10, 0xe8, 0x0f, 0xe8, 0x10, 0xe8, 0x10, 0xe8, 0x10, 0xe0, 0x0f, 0xe0,
    0x10, 0xe0, 0x10, 0xe8, 0x0f, 0xe0, 0x10, 0xe8, 0x10, 0xe8, 0x0f, 0xe8,
    0x10, 0xe8, 0x10, 0xe0, 0x0f, 0xe0, 0x10, 0xe8, 0x10, 0xe8, 0x10, 0xe8,
    0x10, 0xe0, 0x10, 0xe8, 0x0f, 0xe8, 0x10, 0xe8, 0x10, 0xe8, 0x0f, 0xe8,
    0x10, 0xe8, 0x10, 0xe8, 0x10, 0xe8, 0x10, 0xe8, 0x10, 0xe8, 0x10, 0xe0,
    0x10, 0xe0, 0x0f, 0xe8, 0x10, 0xe0, 0x10, 0xe0, 0x0f, 0xe8, 0x10, 0xe0,
    0x10, 0xe8, 0x10, 0xe8, 0x10, 0xe8, 0x0f, 0xe8, 0x10, 0xe0, 0x10, 0xe8,
    0x10, 0xe0, 0x10, 0xe8, 0x10, 0xe8, 0x10, 0xe0, 0x10, 0xe8, 0x0f, 0xe8,
    0x10, 0xe0, 0x10, 0xe8, 0x10, 0xe8, 0x10, 0xe8, 0x0f, 0xe8, 0x10, 0xe8,
    0x10, 0xe8, 0x0f, 0xe0, 0x10, 0xe8, 0x10, 0xe8, 0x10, 0xe0, 0x10, 0xe8,
    0x10, 0xe8, 0x10, 0xe8, 0x0f, 0xe0, 0x10, 0xe8, 0x10, 0xe0, 0x10, 0xe8,
    0x0f, 0xe8, 0x10, 0xe8, 0x10, 0xe8, 0x10, 0xe8, 0x0f, 0xe0, 0x10, 0xe8,
    0x10, 0xe8, 0x10, 0xe0, 0x0f, 0xe8, 0x10, 0xe8, 0x10, 0xe0, 0x10, 0xe8,
    0x0f, 0xe8, 0x10, 0xe8, 0x10, 0xe0, 0x10, 0xe8, 0x10, 0xe8, 0x10, 0xe8,
    0x10, 0xe8, 0x0f, 0xe8, 0x10, 0xe0, 0x10, 0xe8, 0x0f, 0xe8, 0x10, 0xe0,
    0x10, 0xe8, 0x10, 0xe8, 0x0f, 0xe0, 0x10, 0xe8, 0x0f, 0xe8, 0x0f, 0xe8,
    0x10, 0xe8, 0x0f, 0xe8, 0x10, 0xe0, 0x10, 0xe8, 0x10, 0xe8, 0x10, 0xe8,
    0x10, 0xe8, 0x0f, 0xe8, 0x10, 0xe0, 0x10, 0xe8, 0x0f, 0xe8, 0x10, 0xe0,
    0x10, 0xe8, 0x10, 0xe0, 0x10, 0xe8, 0x10, 0xe8, 0x10, 0xe8, 0x0f, 0xe0,
    0x10, 0xe8, 0x10, 0xe8, 0x0f, 0xe0, 0x10, 0xe8, 0x10, 0xe8, 0x0f, 0xe0,
    0x0f, 0xe8, 0x10, 0xe0, 0x10, 0xe8, 0x10, 0xe0, 0x0f, 0xe0, 0x10, 0xe0,
    0x10, 0xe0, 0x10, 0xe0, 0x10, 0xe0, 0x10, 0xe0, 0x0f, 0xe8, 0x10, 0xe0,
    0x10, 0xe8, 0x0f, 0xe8, 0x10, 0xe8, 0x10, 0xe0, 0x0f, 0xe8, 0x10, 0xe8,
    0x10, 0xe0, 0x10, 0xe8, 0x10, 0xe8, 0x10, 0xe8, 0x0f, 0xe0, 0x10, 0xe8,
    0x0f, 0xe0, 0x0f, 0xd8, 0x0f, 0xd8, 0x0f, 0xd8, 0x0f, 0xe0, 0x0f, 0xe0,
    0x0f, 0xd8, 0x0f, 0xe0, 0x0f, 0xe0, 0x0f, 0xe0, 0x0f, 0xe0, 0x0f, 0xe0,
    0x0f, 0xd8, 0x0f, 0xe0, 0x10, 0xe0, 0x10, 0xe0, 0x0f, 0xe0, 0x10, 0xe0,
    0x0f, 0xe0, 0x10, 0xe0, 0x10, 0xe0, 0x10, 0xe0, 0x10, 0xe0, 0x10, 0xe8,
    0x10, 0xe8, 0x10, 0xe0, 0x10, 0xe8, 0x0f, 0xe8, 0x10, 0xe8, 0x10, 0xe8,
    0x0f, 0xe0, 0x0f, 0xe0, 0x0e, 0xd0, 0x0e, 0xc8, 0x0e, 0xc8, 0x0e, 0xc8,
    0x0e, 0xd0, 0x0e, 0xd0, 0x0e, 0xc8, 0x0e, 0xd0, 0x0e, 0xd0, 0x0e, 0xd0,
    0x0e, 0xc8, 0x0e, 0xd0, 0x0e, 0xd0, 0x0e, 0xd0, 0x0e, 0xd0, 0x0e, 0xd0,
    0x0e, 0xd0, 0x0e, 0xd0, 0x0e, 0xd0, 0x0e, 0xd0, 0x0e, 0xd0, 0x0e, 0xd0,
    0x0e, 0xd0, 0x0e, 0xd0, 0x0f, 0xd8, 0x0f, 0xd8, 0x0f, 0xd8, 0x0f, 0xd8,
    0x0e, 0xd0, 0x0e, 0xc8, 0x0d, 0xc0, 0x0d, 0xc0, 0x0d, 0xc8, 0x0d, 0xc8,
    0x0e, 0xc8, 0x0e, 0xc8, 0x0e, 0xc8, 0x0e, 0xc8, 0x0e, 0xc8, 0x0e, 0xd0,
    0x0e, 0xd0, 0x0e, 0xd0, 0x0e, 0xd0, 0x0f, 0xd0, 0x0e, 0xd0, 0x0e, 0xd0,
    0x0e, 0xd0, 0x0f, 0xd0, 0x0f, 0xd8, 0x0e, 0xd0, 0x0f, 0xd0, 0x0f, 0xd8,
    0x0f, 0xd8, 0x0f, 0xd8, 0x0f, 0xd8, 0x0f, 0xd8, 0x0f, 0xd8, 0x0f, 0xd8,
    0x0f, 0xe0, 0x0f, 0xd8, 0x0f, 0xe0, 0x0f, 0xe0, 0x0f, 0xe0, 0x0f, 0xe0,
    0x10, 0xe0, 0x0f, 0xe0, 0x10, 0xe0, 0x0f, 0xe0, 0x0f, 0xd8, 0x0f, 0xd8,
    0x0e, 0xd8, 0x0f, 0xd8, 0x0f, 0xd8, 0x0f, 0xd8, 0x0f, 0xd8, 0x0f, 0xe0,
    0x0f, 0xe0, 0x0f, 0xd8, 0x0f, 0xe0, 0x0f, 0xe0, 0x0f, 0xe0, 0x10, 0xe0,
    0x0f, 0xe0, 0x10, 0xe0, 0x10, 0xe0, 0x0f, 0xe0, 0x10, 0xe8, 0x10, 0xe0,
    0x0f, 0xe0, 0x10, 0xe8, 0x10, 0xe8, 0x10, 0xe0, 0x10, 0xe0, 0x0f, 0xe0,
    0x0f, 0xe0, 0x10, 0xe0, 0x10, 0xe0, 0x0f, 0xe0, 0x0f, 0xe0, 0x10, 0xe0,
    0x10, 0xe8, 0x10, 0xe0, 0x10, 0xe8, 0x10, 0xe0, 0x10, 0xe8, 0x0f, 0xe8,
    0x10, 0xe8, 0x10, 0xe8, 0x10, 0xe8, 0x0f, 0xe0, 0x10, 0xe8, 0x10, 0xe0,
    0x10, 0xe8, 0x10, 0xe0, 0x10, 0xe8, 0x10, 0xe8, 0x10, 0xe8, 0x0f, 0xe8,
    0x10, 0xe8, 0x0f, 0xe8, 0x10, 0xe0, 0x0f, 0xe8, 0x10, 0xe8, 0x10, 0xe0,
    0x10, 0xe8, 0x10, 0xe0, 0x10, 0xe0, 0x10, 0xe8, 0x0f, 0xe8, 0x10, 0xe0,
    0x0f, 0xe0, 0x10, 0xe8, 0x0f, 0xe8, 0x10, 0xe8, 0x10, 0xe8, 0x0f, 0xe8,
    0x10, 0xe8, 0x10, 0xe8, 0x10, 0xe8, 0x10, 0xe8, 0x0f, 0xe0, 0x10, 0xe8,
    0x10, 0xe8, 0x10, 0xe0, 0x0f, 0xe8, 0x10, 0xe8, 0x10, 0xe8, 0x0f, 0xe0,
    0x0f, 0xe8, 0x10, 0xe8, 0x10, 0xe8, 0x10, 0xe8, 0x0f, 0xe0, 0x10, 0xe8,
    0x10, 0xe8, 0x10, 0xe0, 0x10, 0xe0, 0x10, 0xe8, 0x0f, 0xe8, 0x10, 0xe8,
    0x10, 0xe0, 0x0f, 0xe8, 0x10, 0xe8, 0x0f, 0xe0, 0x10, 0xe8, 0x10, 0xe8,
    0x10, 0xe8, 0x10, 0xe8, 0x10, 0xe0, 0x10, 0xe8, 0x10, 0xe8, 0x0f, 0xe0,
    0x10, 0xe8, 0x10, 0xe8, 0x10, 0xe0, 0x0f, 0xe8, 0x10, 0xe8, 0x10, 0xe0,
    0x10, 0xe8, 0x0f, 0xe8, 0x10, 0xe0, 0x10, 0xe8, 0x10, 0xe8, 0x0f, 0xe0,
    0x10, 0xe8, 0x0f, 0xe8, 0x10, 0xe0, 0x10, 0xe8, 0x0f, 0xe8, 0x10, 0xe8,
    0x10, 0xe8, 0x0f, 0xe0, 0x10, 0xe8, 0x10, 0xe8, 0x10, 0xe0, 0x0f, 0xe8,
    0x10, 0xe8, 0x10, 0xe8, 0x10, 0xe0, 0x10, 0xe8, 0x10, 0xe8, 0x10, 0xe0,
    0x0f, 0xe8, 0x0f, 0xe8, 0x10, 0xe0, 0x10, 0xe8, 0x0f, 0xe8, 0x10, 0xe0,
    0x10, 0xe8, 0x10, 0xe8, 0x10, 0xe8, 0x0f, 0xe8, 0x10, 0xe0, 0x0f, 0xe8,
    0x10, 0xe8, 0x10, 0xe8, 0x0f, 0xe0, 0x10, 0xe8, 0x10, 0xe8, 0x0f, 0xe8,
    0x10, 0xe8, 0x10, 0xe8, 0x10, 0xe8, 0x10, 0xe8, 0x10, 0xe0, 0x0f, 0xe8,
    0x0f, 0xe0, 0x0f, 0xe0, 0x10, 0xe0, 0x0f, 0xe0, 0x0f, 0xe0, 0x10, 0xe0,
    0x10, 0xe8, 0x10, 0xe8, 0x10, 0xe8, 0x0f, 0xe8, 0x10, 0xe8, 0x10, 0xe0,
    0x10, 0xe8, 0x10, 0xe8, 0x0f, 0xe8, 0x10, 0xe8, 0x10, 0xe8, 0x0f, 0xe8,
    0x10, 0xe8, 0x10, 0xe8, 0x0f, 0xe0, 0x0f, 0xe0, 0x0f, 0xd8, 0x0f, 0xd8,
    0x0f, 0xe0, 0x0f, 0xe0, 0x0f, 0xd8, 0x0f, 0xe0, 0x0f, 0xe0, 0x0f, 0xe0,
    0x0f, 0xe0, 0x0f, 0xe0, 0x0f, 0xd8, 0x10, 0xe0, 0x10, 0xe0, 0x0f, 0xe0,
    0x10, 0xe0, 0x0f, 0xe0, 0x0f, 0xe0, 0x10, 0xe0, 0x10, 0xe0, 0x10, 0xe0,
    0x10, 0xe8, 0x0f, 0xe8, 0x10, 0xe8, 0x0f, 0xe8, 0x10, 0xe8, 0x10, 0xe0,
    0x0f, 0xe8, 0x10, 0xe8, 0x0f, 0xe0, 0x0f, 0xd8, 0x0e, 0xd0, 0x0e, 0xc8,
    0x0e, 0xc8, 0x0e, 0xd0, 0x0e, 0xd0, 0x0e, 0xd0, 0x0e, 0xd0, 0x0e, 0xd0,
    0x0e, 0xd0, 0x0e, 0xd0, 0x0e, 0xd0, 0x0e, 0xd0, 0x0e, 0xd0, 0x0e, 0xd0,
    0x0e, 0xd0, 0x0e, 0xd0, 0x0e, 0xd0, 0x0f, 0xd0, 0x0e, 0xd0, 0x0e, 0xd0,
    0x0f, 0xd0, 0x0f, 0xd0, 0x0f, 0xd0, 0x0f, 0xd0, 0x0f, 0xd0, 0x0f, 0xd0,
    0x0e, 0xd0, 0x0f, 0xd0, 0x0e, 0xd8, 0x0f, 0xd8, 0x0f, 0xd8, 0x0f, 0xd8,
    0x0f, 0xd0, 0x0e, 0xc8, 0x0e, 0xc8, 0x0d, 0xc8, 0x0d, 0xc8, 0x0e, 0xc8,
    0x0e, 0xc8, 0x0e, 0xc8, 0x0e, 0xc8, 0x0e, 0xc8, 0x0e, 0xc8, 0x0e, 0xd0,
    0x0e, 0xd0, 0x0e, 0xd0, 0x0e, 0xd0, 0x0e, 0xd0, 0x0e, 0xd0, 0x0f, 0xd0,
    0x0e, 0xd0, 0x0e, 0xd8, 0x0e, 0xd0, 0x0f, 0xd8, 0x0e, 0xd8, 0x0f, 0xd8,
    0x0f, 0xd8, 0x0f, 0xd8, 0x0f, 0xd8, 0x0f, 0xe0, 0x0f, 0xd8, 0x0f, 0xe0,
    0x10, 0xd8, 0x10, 0xd8, 0x0f, 0xe0, 0x0f, 0xe0, 0x10, 0xe0, 0x10, 0xe0,
    0x0f, 0xe0, 0x10, 0xe0, 0x10, 0xe0, 0x0f, 0xe0, 0x0f, 0xd8, 0x0f, 0xd8,
    0x0f, 0xd8, 0x0f, 0xd8, 0x0f, 0xd8, 0x0f, 0xd8, 0x0f, 0xe0, 0x0f, 0xd8,
    0x10, 0xd8, 0x0f, 0xe0, 0x0f, 0xe0, 0x0f, 0xe0, 0x10, 0xe0, 0x0f, 0xe0,
    0x0f, 0xe0, 0x10, 0xe0, 0x0f, 0xe0, 0x10, 0xe8, 0x10, 0xe0, 0x10, 0xe8,
    0x10, 0xe8, 0x10, 0xe8, 0x10, 0xe8, 0x10, 0xe0, 0x0f, 0xe0, 0x0f, 0xe0,
    0x10, 0xe0, 0x10, 0xe0, 0x0f, 0xe0, 0x0f, 0xe0, 0x10, 0xe8, 0x0f, 0xe0,
    0x10, 0xe0, 0x10, 0xe8, 0x0f, 0xe8, 0x10, 0xe0, 0x10, 0xe0, 0x10, 0xe8,
    0x0f, 0xe8, 0x10, 0xe8, 0x10, 0xe0, 0x0f, 0xe8, 0x10, 0xe0, 0x0f, 0xe0,
    0x10, 0xe8, 0x10, 0xe0, 0x0f, 0xe8, 0x10, 0xe8, 0x10, 0xe8, 0x10, 0xe0,
    0x10, 0xe8, 0x10, 0xe8, 0x0f, 0xe8, 0x10, 0xe8, 0x0f, 0xe8, 0x10, 0xe8,
    0x10, 0xe8, 0x0f, 0xe8, 0x10, 0xe0, 0x10, 0xe8, 0x10, 0xe8, 0x10, 0xe8,
    0x0f, 0xe0, 0x10, 0xe8, 0x10, 0xe8, 0x10, 0xe0, 0x10, 0xe8, 0x0f, 0xe8,
    0x10, 0xe8, 0x10, 0xe8, 0x0f, 0xe0, 0x10, 0xe8, 0x10, 0xe8, 0x10, 0xe8,
    0x10, 0xe8, 0x0f, 0xe8, 0x10, 0xe8, 0x10, 0xe8, 0x10, 0xe0, 0x0f, 0xe8,
    0x10, 0xe8, 0x10, 0xe8, 0x10, 0xe8, 0x0f, 0xe0, 0x10, 0xe8, 0x0f, 0xe8,
    0x10, 0xe8, 0x10, 0xe0, 0x10, 0xe8, 0x10, 0xe8, 0x10, 0xe8, 0x10, 0xe8,
    0x0f, 0xe8, 0x10, 0xe8, 0x10, 0xe0, 0x0f, 0xe8, 0x10, 0xe8, 0x0f, 0xe8,
    0x0f, 0xe8, 0x10, 0xe0, 0x10, 0xe8, 0x10, 0xe8, 0x0f, 0xe0, 0x10, 0xe8,
    0x10, 0xe8, 0x10, 0xe8, 0x0f, 0xe8, 0x10, 0xe8, 0x10, 0xe8, 0x10, 0xe8,
    0x0f, 0xe8, 0x10, 0xe8, 0x10, 0xe8, 0x10, 0xe8, 0x10, 0xe8, 0x0f, 0xe8,
    0x10, 0xe0, 0x10, 0xe8, 0x10, 0xe0, 0x10, 0xe8, 0x10, 0xe8, 0x10, 0xe8,
    0x0f, 0xe8, 0x10, 0xe8, 0x10, 0xe0, 0x10, 0xe8, 0x10, 0xe8, 0x10, 0xe0,
    0x10, 0xe8, 0x10, 0xe8, 0x10, 0xe0, 0x10, 0xe8, 0x10, 0xe8, 0x10, 0xe8,
    0x10, 0xe0, 0x0f, 0xe8, 0x10, 0xe8, 0x10, 0xe8, 0x10, 0xe8, 0x0f, 0xe0,
    0x10, 0xe0, 0x10, 0xe0, 0x10, 0xe8, 0x10, 0xe8, 0x0f, 0xe0, 0x10, 0xe8,
    0x10, 0xe8, 0x10, 0xe8, 0x10, 0xe0, 0x10, 0xe8, 0x10, 0xe0, 0x0f, 0xe8,
    0x10, 0xe8, 0x10, 0xe0, 0x10, 0xe8, 0x10, 0xe0, 0x0f, 0xe0, 0x10, 0xe0,
    0x10, 0xe8, 0x10, 0xe8, 0x10, 0xe0, 0x0f, 0xe8, 0x0f, 0xe8, 0x10, 0xe8,
    0x10, 0xe0, 0x10, 0xe8, 0x0f, 0xe8, 0x10, 0xe0, 0x10, 0xe8, 0x10, 0xe8,
    0x10, 0xe0, 0x10, 0xe0, 0x0f, 0xe8, 0x10, 0xe0, 0x0f, 0xe0, 0x0f, 0xe0,
    0x0f, 0xd8, 0x0f, 0xd8, 0x0f, 0xe0, 0x0f, 0xe0, 0x0f, 0xe0, 0x0f, 0xe0,
    0x0f, 0xe0, 0x0f, 0xd8, 0x0f, 0xe0, 0x10, 0xe0, 0x10, 0xe0, 0x10, 0xe0,
    0x0f, 0xe0, 0x10, 0xe0, 0x0f, 0xe0, 0x10, 0xe0, 0x10, 0xe0, 0x10, 0xe0,
    0x10, 0xe8, 0x10, 0xe8, 0x0f, 0xe8, 0x10, 0xe0, 0x10, 0xe8, 0x10, 0xe8,
    0x0f, 0xe0, 0x10, 0xe8, 0x10, 0xe8, 0x0f, 0xe8, 0x10, 0xe0, 0x0f, 0xe0,
    0x0e, 0xd0, 0x0e, 0xd0, 0x0e, 0xd0, 0x0e, 0xd0, 0x0e, 0xd0, 0x0e, 0xd0,
    0x0e, 0xd0, 0x0e, 0xd0, 0x0e, 0xd0, 0x0e, 0xd0, 0x0e, 0xd0, 0x0e, 0xd0,
    0x0e, 0xd0, 0x0f, 0xd0, 0x0e, 0xd0, 0x0f, 0xd0, 0x0f, 0xd0, 0x0f, 0xd0,
    0x0f, 0xd0, 0x0e, 0xd0, 0x0f, 0xd0, 0x0f, 0xd0, 0x0e, 0xd0, 0x0e, 0xd8,
    0x0f, 0xd8, 0x0e, 0xd8, 0x0f, 0xd8, 0x0f, 0xd8, 0x0e, 0xd0, 0x0e, 0xd8,
    0x0f, 0xd0, 0x0f, 0xd8, 0x0e, 0xd8, 0x0f, 0xd8, 0x0f, 0xd8, 0x0f, 0xd8,
    0x0f, 0xd8, 0x0e, 0xd0, 0x0e, 0xc8, 0x0e, 0xc8, 0x0d, 0xc8, 0x0e, 0xc8,
    0x0e, 0xd0, 0x0e, 0xc8, 0x0e, 0xc8, 0x0e, 0xc8, 0x0e, 0xd0, 0x0e, 0xd0,
    0x0e, 0xd0, 0x0f, 0xd0, 0x0e, 0xd0, 0x0e, 0xd8, 0x0f, 0xd0, 0x0f, 0xd0,
    0x0e, 0xd8, 0x0f, 0xd0, 0x0e, 0xd8, 0x0f, 0xd8, 0x0f, 0xd8, 0x0f, 0xd8,
    0x0f, 0xd8, 0x0f, 0xd8, 0x0f, 0xd8, 0x0f, 0xe0, 0x0f, 0xe0, 0x0f, 0xd8,
    0x0f, 0xd8, 0x0f, 0xe0, 0x0f, 0xe0, 0x0f, 0xe0, 0x10, 0xe0, 0x0f, 0xe0,
    0x0f, 0xe0, 0x0f, 0xe0, 0x0f, 0xe0, 0x0f, 0xe0, 0x0f, 0xd8, 0x0f, 0xd8,
    0x0f, 0xd8, 0x0f, 0xd8, 0x0f, 0xd8, 0x0f, 0xe0, 0x10, 0xe0, 0x0f, 0xd8,
    0x0f, 0xe0, 0x0f, 0xe0, 0x10, 0xe0, 0x10, 0xe0, 0x0f, 0xe0, 0x10, 0xe0,
    0x0f, 0xe0, 0x10, 0xe8, 0x10, 0xe8, 0x0f, 0xe0, 0x10, 0xe0, 0x10, 0xe8,
    0x0f, 0xe8, 0x10, 0xe8, 0x10, 0xe0, 0x0f, 0xe0, 0x0f, 0xe0, 0x10, 0xe0,
    0x10, 0xe0, 0x0f, 0xe0, 0x10, 0xe8, 0x10, 0xe8, 0x0f, 0xe0, 0x10, 0xe8,
    0x10, 0xe8, 0x10, 0xe8, 0x10, 0xe8, 0x0f, 0xe8, 0x10, 0xe8, 0x10, 0xe8,
    0x10, 0xe8, 0x10, 0xe8, 0x0f, 0xe0, 0x10, 0xe8, 0x10, 0xe8, 0x0f, 0xe8,
    0x10, 0xe0, 0x10, 0xe8, 0x10, 0xe0, 0x0f, 0xe8, 0x10, 0xe8, 0x10, 0xe8,
    0x10, 0xe0, 0x10, 0xe8, 0x0f, 0xe8, 0x10, 0xe0, 0x10, 0xe8, 0x10, 0xe8,
    0x10, 0xe8, 0x10, 0xe8, 0x10, 0xe8, 0x10, 0xe8, 0x10, 0xe0, 0x0f, 0xe8,
    0x10, 0xe8, 0x10, 0xe0, 0x0f, 0xe8, 0x10, 0xe0, 0x10, 0xe8, 0x10, 0xe8,
    0x10, 0xe8, 0x0f, 0xe0, 0x10, 0xe8, 0x0f, 0xe0, 0x10, 0xe0, 0x10, 0xe8,
    0x10, 0xe8, 0x10, 0xe0, 0x10, 0xe8, 0x10, 0xe8, 0x0f, 0xe0, 0x10, 0xe8,
    0x10, 0xe8, 0x10, 0xe8, 0x10, 0xe8, 0x0f, 0xe8, 0x10, 0xe8, 0x10, 0xe8,
    0x0f, 0xe0, 0x0f, 0xe8, 0x10, 0xe8, 0x10, 0xe0, 0x10, 0xe8, 0x10, 0xe8,
    0x10, 0xe8, 0x10, 0xe0, 0x10, 0xe0, 0x10, 0xe8, 0x10, 0xe8, 0x10, 0xe8,
    0x0f, 0xe8, 0x10, 0xe8, 0x10, 0xe8, 0x0f, 0xe0, 0x10, 0xe8, 0x10, 0xe8,
    0x10, 0xe0, 0x0f, 0xe8, 0x10, 0xe0, 0x10, 0xe8, 0x10, 0xe0, 0x0f, 0xe8,
    0x10, 0xe0, 0x10, 0xe8, 0x10, 0xe8, 0x10, 0xe0, 0x0f, 0xe8, 0x10, 0xe8,
    0x10, 0xe8, 0x0f, 0xe0, 0x10, 0xe8, 0x10, 0xe0, 0x10, 0xe8, 0x0f, 0xe8,
    0x10, 0xe8, 0x10, 0xe8, 0x0f, 0xe8, 0x0f, 0xe8, 0x10, 0xe8, 0x0f, 0xe8,
    0x0f, 0xe8, 0x10, 0xe8, 0x10, 0xe8, 0x10, 0xe0, 0x0f, 0xe8, 0x10, 0xe8,
    0x10, 0xe0, 0x10, 0xe8, 0x0f, 0xe8, 0x10, 0xe8, 0x10, 0xe8, 0x10, 0xe8,
    0x0f, 0xe8, 0x10, 0xe8, 0x10, 0xe0, 0x10, 0xe8, 0x0f, 0xe8, 0x10, 0xe0,
    0x0f, 0xe8, 0x10, 0xe8, 0x10, 0xe8, 0x10, 0xe0, 0x0f, 0xe8, 0x10, 0xe8,
    0x0f, 0xe0, 0x0f, 0xe0, 0x10, 0xe8, 0x10, 0xe0, 0x10, 0xe8, 0x10, 0xe8,
    0x10, 0xe8, 0x10, 0xe8, 0x10, 0xe8, 0x0f, 0xe0, 0x10, 0xe8, 0x10, 0xe8,
    0x10, 0xe8, 0x0f, 0xe8, 0x10, 0xe8, 0x0f, 0xe8, 0x10, 0xe8, 0x10, 0xe8,
    0x10, 0xe8, 0x10, 0xe0, 0x0f, 0xe0, 0x0f, 0xd8, 0x0f, 0xe0, 0x0f, 0xe0,
    0x0f, 0xe0, 0x0f, 0xd8, 0x0f, 0xe0, 0x0f, 0xe0, 0x10, 0xe0, 0x0f, 0xe0,
    0x0f, 0xe0, 0x10, 0xe0, 0x0f, 0xe0, 0x10, 0xe0, 0x0f, 0xe0, 0x0f, 0xe0,
    0x10, 0xe0, 0x10, 0xe8, 0x10, 0xe8, 0x10, 0xe0, 0x10, 0xe8, 0x0f, 0xe8,
    0x10, 0xe8, 0x10, 0xe8, 0x0f, 0xe8, 0x10, 0xe8, 0x10, 0xe8, 0x10, 0xe8,
    0x0f, 0xe0, 0x0f, 0xd8, 0x0e, 0xd0, 0x0e, 0xd0, 0x0e, 0xd0, 0x0e, 0xd0,
    0x0f, 0xd0, 0x0e, 0xd0, 0x0e, 0xd0, 0x0e, 0xd0, 0x0e, 0xd0, 0x0f, 0xd0,
    0x0e, 0xd0, 0x0f, 0xd0, 0x0e, 0xd0, 0x0f, 0xd0, 0x0e, 0xd0, 0x0f, 0xd0,
    0x0f, 0xd8, 0x0e, 0xd8, 0x0e, 0xd0, 0x0f, 0xd8, 0x0e, 0xd0, 0x0e, 0xd8,
    0x0f, 0xd8, 0x0f, 0xd8, 0x0e, 0xd8, 0x0f, 0xd8, 0x0f, 0xd8, 0x0e, 0xd8,
    0x0e, 0xd8, 0x0f, 0xd8, 0x0e, 0xd0, 0x0f, 0xd0, 0x0f, 0xd8, 0x0e, 0xd0,
    0x0f, 0xd8, 0x0f, 0xd8, 0x0f, 0xd8, 0x0f, 0xd8, 0x0f, 0xd8, 0x0f, 0xd8,
    0x0f, 0xd8, 0x0f, 0xd8, 0x0e, 0xd0, 0x0e, 0xc8, 0x0e, 0xc8, 0x0e, 0xc8,
    0x0e, 0xc8, 0x0e, 0xc8, 0x0e, 0xc8, 0x0e, 0xc8, 0x0e, 0xd0, 0x0f, 0xd0,
    0x0e, 0xd0, 0x0e, 0xd0, 0x0f, 0xd0, 0x0e, 0xd0, 0x0f, 0xd8, 0x0e, 0xd0,
    0x0f, 0xd0, 0x0e, 0xd8, 0x0f, 0xd8, 0x0f, 0xd8, 0x0e, 0xd8, 0x0f, 0xd8,
    0x0f, 0xd8, 0x0f, 0xd8, 0x0f, 0xe0, 0x0f, 0xe0, 0x10, 0xe0, 0x0f, 0xd8,
    0x0f, 0xe0, 0x0f, 0xe0, 0x10, 0xe0, 0x10, 0xe0, 0x0f, 0xe0, 0x10, 0xe0,
    0x10, 0xe0, 0x0f, 0xe0, 0x0f, 0xe0, 0x0f, 0xe0, 0x0f, 0xd8, 0x0f, 0xd8,
    0x0f, 0xd8, 0x0f, 0xd8, 0x0f, 0xe0, 0x0f, 0xe0, 0x10, 0xd8, 0x0f, 0xe0,
    0x0f, 0xe0, 0x10, 0xe0, 0x0f, 0xe0, 0x10, 0xe0, 0x0f, 0xe0, 0x0f, 0xe0,
    0x10, 0xe0, 0x10, 0xe8, 0x0f, 0xe0, 0x10, 0xe8, 0x10, 0xe8, 0x10, 0xe8,
    0x10, 0xe8, 0x10, 0xe8, 0x10, 0xe0, 0x0f, 0xe0, 0x0f, 0xe0, 0x10, 0xe0,
    0x0f, 0xe0, 0x10, 0xe8, 0x10, 0xe0, 0x10, 0xe8, 0x0f, 0xe8, 0x10, 0xe0,
    0x10, 0xe8, 0x10, 0xe8, 0x10, 0xe0, 0x0f, 0xe8, 0x10, 0xe8, 0x10, 0xe8,
    0x10, 0xe0, 0x10, 0xe0, 0x10, 0xe8, 0x10, 0xe8, 0x10, 0xe8, 0x10, 0xe8,
    0x0f, 0xe8, 0x10, 0xe8, 0x10, 0xe8, 0x0f, 0xe0, 0x10, 0xe8, 0x10, 0xe8,
    0x10, 0xe0, 0x0f, 0xe8, 0x10, 0xe8, 0x10, 0xe0, 0x0f, 0xe8, 0x0f, 0xe0,
    0x10, 0xe8, 0x0f, 0xe8, 0x10, 0xe8, 0x10, 0xe8, 0x10, 0xe8, 0x0f, 0xe8,
    0x10, 0xe8, 0x10, 0xe8, 0x0f, 0xe0, 0x10, 0xe8, 0x10, 0xe8, 0x10, 0xe8,
    0x10, 0xe8, 0x10, 0xe8, 0x0f, 0xe8, 0x10, 0xe8, 0x0f, 0xe0, 0x0f, 0xe8,
    0x10, 0xe8, 0x10, 0xe8, 0x10, 0xe0, 0x0f, 0xe8, 0x10, 0xe8, 0x10, 0xe0,
    0x10, 0xe0, 0x10, 0xe8, 0x0f, 0xe8, 0x10, 0xe8, 0x10, 0xe0, 0x10, 0xe8,
    0x10, 0xe8, 0x0f, 0xe0, 0x10, 0xe8, 0x0f, 0xe8, 0x10, 0xe8, 0x10, 0xe8,
    0x0f, 0xe8, 0x10, 0xe0, 0x10, 0xe8, 0x10, 0xe8, 0x0f, 0xe0, 0x10, 0xe8,
    0x10, 0xe8, 0x10, 0xe8, 0x0f, 0xe0, 0x10, 0xe8, 0x10, 0xe8, 0x10, 0xe0,
    0x0f, 0xe8, 0x10, 0xe8, 0x10, 0xe8, 0x10, 0xe0, 0x0f, 0xe8, 0x10, 0xe8,
    0x10, 0xe8, 0x0f, 0xe8, 0x10, 0xe8, 0x10, 0xe8, 0x0f, 0xe8, 0x10, 0xe8,
    0x0f, 0xe0, 0x10, 0xe8, 0x10, 0xe8, 0x10, 0xe0, 0x0f, 0xe8, 0x10, 0xe0,
    0x10, 0xe8, 0x10, 0xe0, 0x10, 0xe8, 0x10, 0xe0, 0x10, 0xe8, 0x0f, 0xe8,
    0x10, 0xe0, 0x10, 0xe8, 0x0f, 0xe8, 0x10, 0xe8, 0x10, 0xe0, 0x0f, 0xe8,
    0x10, 0xe8, 0x10, 0xe0, 0x10, 0xe8, 0x0f, 0xe8, 0x10, 0xe0, 0x10, 0xe8,
    0x10, 0xe8, 0x0f, 0xe8, 0x10, 0xe8, 0x10, 0xe8, 0x10, 0xe8, 0x0f, 0xe8,
    0x10, 0xe8, 0x10, 0xe8, 0x0f, 0xe0, 0x10, 0xe0, 0x10, 0xe0, 0x10, 0xe8,
    0x10, 0xe8, 0x0f, 0xe8, 0x0f, 0xe0, 0x10, 0xe8, 0x0f, 0xe8, 0x10, 0xe0,
    0x10, 0xe8, 0x10, 0xe8, 0x0f, 0xe0, 0x10, 0xe8, 0x10, 0xe0, 0x10, 0xe8,
    0x10, 0xe0, 0x0f, 0xe8, 0x10, 0xe8, 0x0f, 0xe0, 0x0f, 0xe0, 0x0f, 0xd8,
    0x0f, 0xe0, 0x0f, 0xe0, 0x0f, 0xe0, 0x10, 0xe0, 0x0f, 0xd8, 0x10, 0xe0,
    0x10, 0xe0, 0x10, 0xe0, 0x10, 0xe0, 0x10, 0xe0, 0x10, 0xe0, 0x0f, 0xe0,
    0x10, 0xe0, 0x10, 0xe0, 0x10, 0xe8, 0x10, 0xe0, 0x10, 0xe8, 0x0f, 0xe8,
    0x0f, 0xe8, 0x10, 0xe8, 0x10, 0xe8, 0x10, 0xe0, 0x10, 0xe8, 0x10, 0xe0,
    0x0f, 0xe8, 0x10, 0xe8, 0x0f, 0xe0, 0x0f, 0xd8, 0x0e, 0xd0, 0x0e, 0xd0,
    0x0e, 0xd0, 0x0f, 0xd0, 0x0f, 0xd0, 0x0e, 0xd0, 0x0e, 0xd0, 0x0f, 0xd0,
    0x0f, 0xd0, 0x0f, 0xd0, 0x0f, 0xd0, 0x0e, 0xd0, 0x0f, 0xd8, 0x0f, 0xd0,
    0x0e, 0xd8, 0x0f, 0xd8, 0x0f, 0xd8, 0x0e, 0xd8, 0x0f, 0xd0, 0x0f, 0xd8,
    0x0e, 0xd8, 0x0f, 0xd8, 0x0f, 0xd8, 0x0f, 0xd8, 0x0f, 0xd8, 0x0f, 0xd8,
    0x0f, 0xd8, 0x0f, 0xd8, 0x0f, 0xd8, 0x0f, 0xd8, 0x0f, 0xd8, 0x0f, 0xd8,
    0x0e, 0xd0, 0x0e, 0xd0, 0x0f, 0xd0, 0x0e, 0xd0, 0x0e, 0xd0, 0x0f, 0xd0,
    0x0e, 0xd8, 0x0f, 0xd8, 0x0f, 0xd8, 0x0f, 0xd8, 0x0f, 0xd8, 0x0f, 0xd8,
    0x0f, 0xe0, 0x0f, 0xd8, 0x0e, 0xd8, 0x0e, 0xd0, 0x0e, 0xc8, 0x0e, 0xc8,
    0x0e, 0xc8, 0x0e, 0xc8, 0x0e, 0xd0, 0x0e, 0xd0, 0x0e, 0xd0, 0x0e, 0xd0,
    0x0e, 0xd0, 0x0e, 0xd0, 0x0e, 0xd0, 0x0f, 0xd8, 0x0e, 0xd0, 0x0e, 0xd0,
    0x0f, 0xd8, 0x0f, 0xd8, 0x0f, 0xd8, 0x0f, 0xd8, 0x0f, 0xd8, 0x0f, 0xd8,
    0x0f, 0xd8, 0x0f, 0xe0, 0x0f, 0xe0, 0x10, 0xd8, 0x0f, 0xd8, 0x0f, 0xe0,
    0x0f, 0xe0, 0x0f, 0xe0, 0x10, 0xe0, 0x10, 0xe0, 0x10, 0xe0, 0x0f, 0xe0,
    0x10, 0xe0, 0x10, 0xe8, 0x0f, 0xe0, 0x0f, 0xe0, 0x0f, 0xd8, 0x0f, 0xd8,
    0x0f, 0xd8, 0x0f, 0xd8, 0x0f, 0xe0, 0x0f, 0xe0, 0x0f, 0xe0, 0x0f, 0xe0,
    0x0f, 0xe0, 0x10, 0xe0, 0x10, 0xe0, 0x0f, 0xe0, 0x0f, 0xe0, 0x10, 0xe0,
    0x10, 0xe8, 0x10, 0xe0, 0x0f, 0xe0, 0x10, 0xe8, 0x10, 0xe8, 0x10, 0xe8,
    0x10, 0xe8, 0x10, 0xe8, 0x10, 0xe0, 0x0f, 0xe0, 0x0f, 0xe0, 0x10, 0xe0,
    0x10, 0xe8, 0x0f, 0xe0, 0x10, 0xe0, 0x10, 0xe8, 0x0f, 0xe8, 0x10, 0xe0,
    0x10, 0xe8, 0x0f, 0xe0, 0x10, 0xe8, 0x10, 0xe8, 0x0f, 0xe8, 0x10, 0xe8,
    0x0f, 0xe0, 0x10, 0xe8, 0x10, 0xe8, 0x0f, 0xe0, 0x10, 0xe8, 0x10, 0xe8,
    0x10, 0xe0, 0x0f, 0xe8, 0x10, 0xe8, 0x10, 0xe8, 0x10, 0xe8, 0x10, 0xe8,
    0x0f, 0xe8, 0x10, 0xe8, 0x10, 0xe0, 0x10, 0xe8, 0x10, 0xe8, 0x10, 0xe0,
    0x0f, 0xe8, 0x10, 0xe0, 0x10, 0xe8, 0x10, 0xe8, 0x10, 0xe0, 0x10, 0xe8,
    0x0f, 0xe8, 0x10, 0xe0, 0x10, 0xe8, 0x0f, 0xe8, 0x10, 0xe0, 0x10, 0xe8,
    0x10, 0xe8, 0x10, 0xe8, 0x10, 0xe8, 0x10, 0xe8, 0x10, 0xe8, 0x0f, 0xe0,
    0x10, 0xe8, 0x10, 0xe8, 0x0f, 0xe8, 0x10, 0xe8, 0x10, 0xe8, 0x0f, 0xe0,
    0x10, 0xe8, 0x10, 0xe8, 0x10, 0xe8, 0x10, 0xe8, 0x0f, 0xe8, 0x10, 0xe8,
    0x10, 0xe0, 0x10, 0xe8, 0x0f, 0xe0, 0x10, 0xe8, 0x10, 0xe8, 0x0f, 0xe8,
    0x10, 0xe0, 0x10, 0xe8, 0x10, 0xe8, 0x10, 0xe0, 0x10, 0xe8, 0x10, 0xe8,
    0x10, 0xe8, 0x0f, 0xe8, 0x10, 0xe8, 0x10, 0xe8, 0x10, 0xe8, 0x0f, 0xe8,
    0x10, 0xe8, 0x10, 0xe8, 0x10, 0xe8, 0x0f, 0xe0, 0x10, 0xe8, 0x10, 0xe0,
    0x10, 0xe8, 0x10, 0xe0, 0x10, 0xe8, 0x10, 0xe8, 0x10, 0xe8, 0x0f, 0xe8,
    0x10, 0xe8, 0x10, 0xe8, 0x10, 0xe0, 0x0f, 0xe8, 0x10, 0xe8, 0x10, 0xe8,
    0x0f, 0xe0, 0x10, 0xe8, 0x10, 0xe8, 0x10, 0xe0, 0x0f, 0xe8, 0x10, 0xe8,
    0x10, 0xe8, 0x10, 0xe8, 0x10, 0xe8, 0x10, 0xe8, 0x10, 0xe0, 0x0f, 0xe8,
    0x10, 0xe8, 0x10, 0xe0, 0x10, 0xe8, 0x0f, 0xe8, 0x10, 0xe0, 0x10, 0xe8,
    0x10, 0xe0, 0x10, 0xe8, 0x10, 0xe0, 0x10, 0xe0, 0x0f, 0xe8, 0x10, 0xe0,
    0x10, 0xe0, 0x10, 0xe8, 0x10, 0xe8, 0x10, 0xe0, 0x10, 0xe8, 0x10, 0xe8,
    0x10, 0xe0, 0x10, 0xe8, 0x10, 0xe8, 0x0f, 0xe0, 0x10, 0xe8, 0x10, 0xe8,
    0x10, 0xe8, 0x0f, 0xe8, 0x10, 0xe8, 0x10, 0xe0, 0x10, 0xe8, 0x10, 0xe8,
    0x0f, 0xe0, 0x0f, 0xe0, 0x0f, 0xd8, 0x0f, 0xe0, 0x0f, 0xe0, 0x0f, 0xe0,
    0x10, 0xe0, 0x10, 0xe0, 0x10, 0xe0, 0x0f, 0xe0, 0x10, 0xe0, 0x0f, 0xe0,
    0x0f, 0xe0, 0x10, 0xe0, 0x10, 0xe0, 0x10, 0xe8, 0x10, 0xe0, 0x10, 0xe8,
    0x10, 0xe0, 0x10, 0xe8, 0x10, 0xe8, 0x10, 0xe0, 0x10, 0xe8, 0x0f, 0xe8,
    0x10, 0xe0, 0x0f, 0xe8, 0x10, 0xe8, 0x10, 0xe8, 0x0f, 0xe0, 0x0f, 0xd8,
    0x0f, 0xd0, 0x0e, 0xd0, 0x0e, 0xd0, 0x0f, 0xd0, 0x0f, 0xd0, 0x0e, 0xd8,
    0x0f, 0xd0, 0x0f, 0xd0, 0x0e, 0xd8, 0x0f, 0xd8, 0x0e, 0xd8, 0x0f, 0xd8,
    0x0f, 0xd8, 0x0e, 0xd8, 0x0f, 0xd8, 0x0f, 0xd8, 0x0f, 0xd8, 0x0f, 0xd8,
    0x0f, 0xd8, 0x0f, 0xd8, 0x0f, 0xd8, 0x0f, 0xd8, 0x0f, 0xd8, 0x0f, 0xd8,
    0x0f, 0xd8, 0x0f, 0xd8, 0x0f, 0xd8, 0x0f, 0xd8, 0x0f, 0xd8, 0x0f, 0xd8,
    0x0f, 0xd8, 0x0f, 0xd8, 0x0f, 0xd8, 0x0f, 0xd8, 0x0e, 0xd0, 0x0e, 0xd0,
    0x0e, 0xd8, 0x0f, 0xd8, 0x0e, 0xd0, 0x0e, 0xd0, 0x0f, 0xd8, 0x0e, 0xd8,
    0x0f, 0xd8, 0x0f, 0xd8, 0x0f, 0xd8, 0x0f, 0xd8, 0x0f, 0xd8, 0x0f, 0xd8,
    0x0f, 0xe0, 0x0f, 0xd8, 0x0f, 0xd8, 0x0e, 0xd8, 0x0e, 0xd0, 0x0e, 0xc8,
    0x0e, 0xc8, 0x0e, 0xd0, 0x0e, 0xd0, 0x0f, 0xd0, 0x0e, 0xd0, 0x0e, 0xd0,
    0x0f, 0xd0, 0x0e, 0xd0, 0x0f, 0xd8, 0x0f, 0xd0, 0x0e, 0xd0, 0x0e, 0xd8,
    0x0f, 0xd8, 0x0f, 0xd8, 0x0f, 0xd8, 0x0f, 0xd8, 0x0f, 0xd8, 0x0f, 0xd8,
    0x0f, 0xd8, 0x0f, 0xe0, 0x0f, 0xe0, 0x10, 0xd8, 0x0f, 0xe0, 0x0f, 0xe0,
    0x0f, 0xe0, 0x0f, 0xe0, 0x0f, 0xe0, 0x10, 0xe0, 0x10, 0xe0, 0x0f, 0xe0,
    0x10, 0xe8, 0x10, 0xe8, 0x10, 0xe0, 0x0f, 0xe0, 0x0f, 0xd8, 0x0f, 0xd8,
    0x0f, 0xe0, 0x10, 0xd8, 0x0f, 0xe0, 0x0f, 0xe0, 0x10, 0xe0, 0x0f, 0xe0,
    0x10, 0xe0, 0x10, 0xe0, 0x0f, 0xe8, 0x10, 0xe0, 0x10, 0xe8, 0x0f, 0xe0,
    0x10, 0xe0, 0x10, 0xe8, 0x0f, 0xe0, 0x0f, 0xe8, 0x10, 0xe8, 0x10, 0xe8,
    0x10, 0xe8, 0x10, 0xe0, 0x0f, 0xe0, 0x0f, 0xe0, 0x10, 0xe8, 0x10, 0xe0,
    0x10, 0xe0, 0x10, 0xe8, 0x0f, 0xe8, 0x10, 0xe8, 0x10, 0xe8, 0x10, 0xe8,
    0x10, 0xe0, 0x0f, 0xe8, 0x10, 0xe8, 0x10, 0xe8, 0x10, 0xe0, 0x0f, 0xe8,
    0x10, 0xe8, 0x10, 0xe0, 0x10, 0xe8, 0x10, 0xe8, 0x0f, 0xe0, 0x10, 0xe8,
    0x10, 0xe8, 0x0f, 0xe0, 0x10, 0xe8, 0x10, 0xe0, 0x10, 0xe8, 0x0f, 0xe8,
    0x10, 0xe8, 0x10, 0xe8, 0x10, 0xe8, 0x10, 0xe8, 0x10, 0xe0, 0x0f, 0xe8,
    0x10, 0xe8, 0x10, 0xe0, 0x0f, 0xe8, 0x10, 0xe8, 0x10, 0xe8, 0x10, 0xe8,
    0x0f, 0xe0, 0x10, 0xe8, 0x10, 0xe8, 0x0f, 0xe0, 0x10, 0xe8, 0x10, 0xe0,
    0x0f, 0xe8, 0x10, 0xe0, 0x10, 0xe8, 0x10, 0xe8, 0x10, 0xe8, 0x10, 0xe0,
    0x0f, 0xe8, 0x10, 0xe8, 0x10, 0xe8, 0x10, 0xe8, 0x10, 0xe0, 0x0f, 0xe8,
    0x10, 0xe0, 0x10, 0xe8, 0x0f, 0xe8, 0x10, 0xe0, 0x10, 0xe8, 0x10, 0xe8,
    0x10, 0xe8, 0x10, 0xe0, 0x10, 0xe8, 0x0f, 0xe8, 0x10, 0xe8, 0x10, 0xe8,
    0x0f, 0xe8, 0x0f, 0xe0, 0x10, 0xe8, 0x10, 0xe8, 0x10, 0xe0, 0x10, 0xe8,
    0x0f, 0xe0, 0x10, 0xe8, 0x10, 0xe0, 0x10, 0xe0, 0x0f, 0xe8, 0x10, 0xe8,
    0x10, 0xe0, 0x10, 0xe8, 0x0f, 0xe8, 0x10, 0xe8, 0x10, 0xe0, 0x0f, 0xe8,
    0x10, 0xe8, 0x10, 0xe0, 0x10, 0xe8, 0x10, 0xe0, 0x0f, 0xe8, 0x10, 0xe8,
    0x10, 0xe8, 0x10, 0xe8, 0x10, 0xe8, 0x0f, 0xe8, 0x10, 0xe8, 0x10, 0xe8,
    0x10, 0xe8, 0x10, 0xe8, 0x10, 0xe8, 0x0f, 0xe0, 0x10, 0xe0, 0x10, 0xe8,
    0x0f, 0xe8, 0x10, 0xe0, 0x10, 0xe8, 0x10, 0xe8, 0x0f, 0xe8, 0x10, 0xe8,
    0x10, 0xe8, 0x10, 0xe8, 0x0f, 0xe8, 0x10, 0xe8, 0x0f, 0xe8, 0x0f, 0xe8,
    0x10, 0xe8, 0x10, 0xe8, 0x10, 0xe8, 0x0f, 0xe0, 0x10, 0xe8, 0x0f, 0xe8,
    0x0f, 0xe0, 0x10, 0xe8, 0x0f, 0xe8, 0x10, 0xe8, 0x10, 0xe8, 0x10, 0xe8,
    0x10, 0xe8, 0x10, 0xe8, 0x0f, 0xe0, 0x10, 0xe8, 0x10, 0xe8, 0x10, 0xe0,
    0x0f, 0xe8, 0x10, 0xe8, 0x10, 0xe0, 0x0f, 0xe0, 0x0f, 0xe0, 0x0f, 0xe0,
    0x10, 0xe0, 0x10, 0xe0, 0x10, 0xe0, 0x10, 0xe0, 0x0f, 0xe0, 0x0f, 0xe0,
    0x0f, 0xe0, 0x10, 0xe0, 0x10, 0xe0, 0x0f, 0xe0, 0x10, 0xe0, 0x10, 0xe8,
    0x0f, 0xe8, 0x10, 0xe8, 0x0f, 0xe8, 0x0f, 0xe8, 0x10, 0xe8, 0x0f, 0xe8,
    0x10, 0xe8, 0x10, 0xe0, 0x10, 0xe8, 0x10, 0xe8, 0x10, 0xe8, 0x0f, 0xe8,
    0x0f, 0xe0, 0x0f, 0xd8, 0x0e, 0xd0, 0x0e, 0xd0, 0x0f, 0xd0, 0x0e, 0xd0,
    0x0f, 0xd8, 0x0f, 0xd0, 0x0e, 0xd8, 0x0e, 0xd8, 0x0f, 0xd8, 0x0f, 0xd8,
    0x0f, 0xd8, 0x0e, 0xd8, 0x0f, 0xd0, 0x0e, 0xd8, 0x0f, 0xd8, 0x0f, 0xd8,
    0x0f, 0xd8, 0x0e, 0xd8, 0x0f, 0xd8, 0x0e, 0xd8, 0x0f, 0xd8, 0x0f, 0xd8,
    0x0f, 0xd8, 0x0f, 0xd8, 0x0f, 0xd8, 0x0f, 0xd8, 0x0f, 0xd8, 0x0e, 0xd8,
    0x0f, 0xd8, 0x0f, 0xd8, 0x0f, 0xd8, 0x0f, 0xd8, 0x0f, 0xe0, 0x0f, 0xd8,
    0x0f, 0xe0, 0x0f, 0xe0, 0x0e, 0xd0, 0x0e, 0xd0, 0x0f, 0xd0, 0x0e, 0xd0,
    0x0e, 0xd0, 0x0f, 0xd8, 0x0f, 0xd0, 0x0e, 0xd0, 0x0e, 0xd8, 0x0f, 0xd8,
    0x0e, 0xd8, 0x0e, 0xd8, 0x0f, 0xd8, 0x0f, 0xd8, 0x0f, 0xd8, 0x0f, 0xe0,
    0x0f, 0xe0, 0x0f, 0xe0, 0x0f, 0xe0, 0x0f, 0xd8, 0x0f, 0xd0, 0x0e, 0xc8,
    0x0e, 0xd0, 0x0e, 0xd0, 0x0e, 0xd0, 0x0e, 0xd0, 0x0e, 0xd0, 0x0e, 0xd0,
    0x0e, 0xd0, 0x0f, 0xd8, 0x0e, 0xd8, 0x0f, 0xd8, 0x0e, 0xd0, 0x0e, 0xd8,
    0x0f, 0xd8, 0x0f, 0xd8, 0x0f, 0xd8, 0x0f, 0xd8, 0x0f, 0xd8, 0x0f, 0xe0,
    0x0f, 0xe0, 0x0f, 0xd8, 0x10, 0xd8, 0x0f, 0xe0, 0x0f, 0xe0, 0x10, 0xe0,
    0x0f, 0xe0, 0x0f, 0xe0, 0x10, 0xe0, 0x0f, 0xe0, 0x0f, 0xe0, 0x10, 0xe0,
    0x10, 0xe8, 0x10, 0xe0, 0x0f, 0xe0, 0x0f, 0xe0, 0x0f, 0xd8, 0x10, 0xe0,
    0x0f, 0xd8, 0x0f, 0xe0, 0x0f, 0xe0, 0x0f, 0xe0, 0x10, 0xe0, 0x0f, 0xe0,
    0x0f, 0xe0, 0x10, 0xe0, 0x0f, 0xe8, 0x10, 0xe8, 0x10, 0xe0, 0x10, 0xe0,
    0x10, 0xe8, 0x10, 0xe8, 0x0f, 0xe0, 0x10, 0xe8, 0x10, 0xe8, 0x10, 0xe8,
    0x10, 0xe8, 0x0f, 0xe0, 0x10, 0xe0, 0x10, 0xe8, 0x0f, 0xe8, 0x10, 0xe0,
    0x10, 0xe0, 0x10, 0xe8, 0x0f, 0xe8, 0x10, 0xe8, 0x10, 0xe8, 0x10, 0xe0,
    0x10, 0xe8, 0x10, 0xe8, 0x10, 0xe8, 0x0f, 0xe8, 0x10, 0xe8, 0x10, 0xe8,
    0x0f, 0xe8, 0x10, 0xe8, 0x10, 0xe8, 0x10, 0xe8, 0x10, 0xe0, 0x0f, 0xe8,
    0x10, 0xe8, 0x10, 0xe0, 0x0f, 0xe8, 0x10, 0xe8, 0x10, 0xe0, 0x0f, 0xe8,
    0x0f, 0xe8, 0x10, 0xe0, 0x10, 0xe8, 0x10, 0xe8, 0x0f, 0xe8, 0x10, 0xe8,
    0x10, 0xe8, 0x0f, 0xe0, 0x10, 0xe8, 0x10, 0xe8, 0x10, 0xe8, 0x10, 0xe8,
    0x10, 0xe8, 0x0f, 0xe8, 0x10, 0xe0, 0x10, 0xe8, 0x0f, 0xe8, 0x10, 0xe8,
    0x10, 0xe0, 0x0f, 0xe8, 0x10, 0xe8, 0x10, 0xe0, 0x10, 0xe8, 0x0f, 0xe0,
    0x10, 0xe8, 0x10, 0xe8, 0x0f, 0xe8, 0x10, 0xe0, 0x10, 0xe8, 0x10, 0xe8,
    0x10, 0xe0, 0x0f, 0xe8, 0x10, 0xe8, 0x0f, 0xe8, 0x10, 0xe8, 0x10, 0xe8,
    0x0f, 0xe0, 0x10, 0xe8, 0x10, 0xe8, 0x10, 0xe0, 0x10, 0xe8, 0x10, 0xe8,
    0x0f, 0xe8, 0x0f, 0xe0, 0x10, 0xe8, 0x10, 0xe8, 0x10, 0xe8, 0x0f, 0xe8,
    0x10, 0xe8, 0x10, 0xe8, 0x10, 0xe8, 0x0f, 0xe0, 0x10, 0xe8, 0x10, 0xe8,
    0x10, 0xe8, 0x0f, 0xe8, 0x10, 0xe8, 0x10, 0xe8, 0x0f, 0xe8, 0x0f, 0xe8,
    0x10, 0xe0, 0x10, 0xe8, 0x10, 0xe8, 0x0f, 0xe0, 0x10, 0xe8, 0x10, 0xe0,
    0x0f, 0xe0, 0x10, 0xe8, 0x10, 0xe8, 0x0f, 0xe0, 0x0f, 0xe0, 0x10, 0xe8,
    0x10, 0xe8, 0x10, 0xe8, 0x10, 0xe8, 0x0f, 0xe8, 0x10, 0xe0, 0x10, 0xe8,
    0x0f, 0xe8, 0x10, 0xe0, 0x10, 0xe8, 0x0f, 0xe8, 0x10, 0xe0, 0x10, 0xe8,
    0x10, 0xe0, 0x10, 0xe8, 0x10, 0xe8, 0x10, 0xe0, 0x0f, 0xe8, 0x10, 0xe8,
    0x10, 0xe0, 0x10, 0xe0, 0x10, 0xe8, 0x10, 0xe8, 0x10, 0xe8, 0x10, 0xe8,
    0x10, 0xe0, 0x0f, 0xe8, 0x10, 0xe0, 0x0f, 0xe8, 0x10, 0xe8, 0x10, 0xe0,
    0x10, 0xe8, 0x0f, 0xe8, 0x10, 0xe0, 0x10, 0xe8, 0x10, 0xe8, 0x0f, 0xe0,
    0x0f, 0xe0, 0x0f, 0xe0, 0x10, 0xe0, 0x10, 0xe0, 0x0f, 0xe0, 0x10, 0xe0,
    0x0f, 0xe0, 0x10, 0xe0, 0x10, 0xe0, 0x10, 0xe0, 0x10, 0xe8, 0x10, 0xe8,
    0x10, 0xe8, 0x10, 0xe8, 0x10, 0xe8, 0x10, 0xe0, 0x10, 0xe8, 0x10, 0xe8,
    0x10, 0xe0, 0x10, 0xe8, 0x10, 0xe8, 0x0f, 0xe0, 0x10, 0xe8, 0x0f, 0xe8,
    0x10, 0xe8, 0x0f, 0xe0, 0x0f, 0xe0, 0x0f, 0xd8, 0x0f, 0xd0, 0x0e, 0xd0,
    0x0f, 0xd0, 0x0f, 0xd8, 0x0f, 0xd8, 0x0e, 0xd8, 0x0f, 0xd8, 0x0f, 0xd8,
    0x0f, 0xd8, 0x0f, 0xd8, 0x0e, 0xd0, 0x0f, 0xd8, 0x0f, 0xd8, 0x0f, 0xd8,
    0x0f, 0xd8, 0x0f, 0xd8, 0x0f, 0xd8, 0x0f, 0xd8, 0x0f, 0xd8, 0x0f, 0xd8,
    0x0f, 0xd8, 0x0f, 0xd8, 0x0f, 0xd8, 0x0f, 0xd8, 0x0e, 0xd8, 0x0f, 0xd8,
    0x0f, 0xd8, 0x0f, 0xd8, 0x0f, 0xd8, 0x0f, 0xe0, 0x0f, 0xe0, 0x0f, 0xe0,
    0x0f, 0xe0, 0x0f, 0xe0, 0x0f, 0xe0, 0x0f, 0xe0, 0x0f, 0xd8, 0x0f, 0xe0,
    0x0e, 0xd0, 0x0e, 0xd0, 0x0f, 0xd0, 0x0e, 0xd0, 0x0e, 0xd0, 0x0f, 0xd0,
    0x0e, 0xd0, 0x0f, 0xd0, 0x0f, 0xd8, 0x0e, 0xd0, 0x0f, 0xd8, 0x0f, 0xd8,
    0x0f, 0xd8, 0x0f, 0xd8, 0x0f, 0xd8, 0x0f, 0xd8, 0x0f, 0xd8, 0x0f, 0xd8,
    0x0f, 0xe0, 0x0f, 0xe0, 0x0f, 0xe0, 0x0f, 0xd8, 0x0f, 0xd0, 0x0e, 0xd0,
    0x0e, 0xd0, 0x0e, 0xd0, 0x0e, 0xd0, 0x0f, 0xd0, 0x0e, 0xd0, 0x0e, 0xd0,
    0x0f, 0xd0, 0x0f, 0xd0, 0x0e, 0xd8, 0x0f, 0xd8, 0x0e, 0xd8, 0x0f, 0xd8,
    0x0f, 0xd8, 0x0f, 0xd8, 0x0f, 0xd8, 0x0f, 0xd8, 0x0f, 0xd8, 0x0f, 0xe0,
    0x0f, 0xe0, 0x0f, 0xe0, 0x10, 0xe0, 0x0f, 0xe0, 0x10, 0xe0, 0x10, 0xe0,
    0x0f, 0xe0, 0x10, 0xe0, 0x0f, 0xe0, 0x10, 0xe8, 0x10, 0xe0, 0x10, 0xe8,
    0x10, 0xe8, 0x10, 0xe0, 0x10, 0xe0, 0x0f, 0xe0, 0x0f, 0xd8, 0x10, 0xe0,
    0x0f, 0xd8, 0x0f, 0xe0, 0x0f, 0xe0, 0x10, 0xe0, 0x10, 0xe0, 0x0f, 0xe0,
    0x0f, 0xe0, 0x10, 0xe0, 0x10, 0xe8, 0x0f, 0xe8, 0x10, 0xe8, 0x10, 0xe8,
    0x10, 0xe0, 0x0f, 0xe8, 0x10, 0xe8, 0x10, 0xe8, 0x10, 0xe8, 0x10, 0xe0,
    0x0f, 0xe0, 0x10, 0xe8, 0x10, 0xe8, 0x0f, 0xe0, 0x10, 0xe8, 0x10, 0xe8,
    0x0f, 0xe0, 0x10, 0xe8, 0x10, 0xe8, 0x0f, 0xe8, 0x0f, 0xe0, 0x10, 0xe8,
    0x10, 0xe0, 0x10, 0xe8, 0x10, 0xe0, 0x0f, 0xe0, 0x10, 0xe8, 0x10, 0xe0,
    0x0f, 0xe8, 0x10, 0xe8, 0x10, 0xe8, 0x10, 0xe8, 0x10, 0xe8, 0x0f, 0xe8,
    0x10, 0xe8, 0x10, 0xe0, 0x10, 0xe8, 0x10, 0xe8, 0x10, 0xe0, 0x0f, 0xe8,
    0x10, 0xe8, 0x10, 0xe0, 0x10, 0xe8, 0x10, 0xe8, 0x10, 0xe0, 0x10, 0xe8,
    0x0f, 0xe8, 0x10, 0xe0, 0x10, 0xe8, 0x0f, 0xe0, 0x10, 0xe8, 0x10, 0xe8,
    0x10, 0xe8, 0x10, 0xe8, 0x10, 0xe8, 0x10, 0xe8, 0x0f, 0xe8, 0x10, 0xe8,
    0x10, 0xe8, 0x0f, 0xe8, 0x10, 0xe8, 0x10, 0xe8, 0x0f, 0xe0, 0x10, 0xe8,
    0x10, 0xe8, 0x10, 0xe8, 0x0f, 0xe8, 0x10, 0xe8, 0x10, 0xe8, 0x10, 0xe8,
    0x10, 0xe0, 0x0f, 0xe0, 0x10, 0xe8, 0x10, 0xe8, 0x0f, 0xe8, 0x10, 0xe0,
    0x10, 0xe8, 0x0f, 0xe8, 0x10, 0xe0, 0x10, 0xe8, 0x10, 0xe8, 0x10, 0xe8,
    0x0f, 0xe8, 0x10, 0xe0, 0x10, 0xe8, 0x10, 0xe8, 0x0f, 0xe0, 0x10, 0xe8,
    0x10, 0xe8, 0x10, 0xe8, 0x0f, 0xe8, 0x10, 0xe0, 0x10, 0xe0, 0x10, 0xe8,
    0x10, 0xe8, 0x10, 0xe0, 0x10, 0xe8, 0x10, 0xe8, 0x0f, 0xe8, 0x10, 0xe8,
    0x10, 0xe8, 0x10, 0xe8, 0x0f, 0xe8, 0x10, 0xe8, 0x10, 0xe8, 0x10, 0xe8,
    0x10, 0xe0, 0x10, 0xe8, 0x10, 0xe8, 0x0f, 0xe8, 0x10, 0xe0, 0x10, 0xe8,
    0x0f, 0xe8, 0x10, 0xe8, 0x10, 0xe8, 0x10, 0xe8, 0x0f, 0xe8, 0x10, 0xe8,
    0x10, 0xe0, 0x10, 0xe8, 0x0f, 0xe8, 0x10, 0xe0, 0x10, 0xe8, 0x0f, 0xe8,
    0x10, 0xe0, 0x10, 0xe8, 0x10, 0xe0, 0x0f, 0xe0, 0x10, 0xe8, 0x10, 0xe8,
    0x0f, 0xe8, 0x10, 0xe0, 0x10, 0xe8, 0x10, 0xe8, 0x10, 0xe8, 0x10, 0xe0,
    0x0f, 0xe8, 0x10, 0xe8, 0x10, 0xe0, 0x0f, 0xe8, 0x10, 0xe8, 0x10, 0xe8,
    0x0f, 0xe8, 0x10, 0xe0, 0x0f, 0xe0, 0x0f, 0xe0, 0x10, 0xe0, 0x0f, 0xe0,
    0x10, 0xe0, 0x0f, 0xe0, 0x0f, 0xe0, 0x10, 0xe0, 0x10, 0xe0, 0x10, 0xe0,
    0x10, 0xe8, 0x10, 0xe0, 0x10, 0xe0, 0x0f, 0xe8, 0x10, 0xe0, 0x10, 0xe8,
    0x0f, 0xe8, 0x10, 0xe8, 0x10, 0xe8, 0x0f, 0xe0, 0x10, 0xe8, 0x10, 0xe8,
    0x10, 0xe0, 0x10, 0xe8, 0x10, 0xe8, 0x0f, 0xe0, 0x0f, 0xe0, 0x0f, 0xd8,
    0x0e, 0xd0, 0x0f, 0xd0, 0x0f, 0xd8, 0x0e, 0xd8, 0x0f, 0xd8, 0x0f, 0xd8,
    0x0f, 0xd8, 0x0f, 0xd8, 0x0f, 0xd8, 0x0e, 0xd8, 0x0f, 0xd8, 0x0f, 0xd8,
    0x0f, 0xd8, 0x0f, 0xd8, 0x0f, 0xd8, 0x0f, 0xd8, 0x0f, 0xd8, 0x0f, 0xd8,
    0x0f, 0xd8, 0x0f, 0xd8, 0x0f, 0xd8, 0x0f, 0xd8, 0x0f, 0xd8, 0x0f, 0xd8,
    0x0f, 0xe0, 0x0f, 0xe0, 0x0f, 0xe0, 0x0f, 0xe0, 0x0f, 0xe0, 0x0f, 0xe0,
    0x0f, 0xe0, 0x0f, 0xe0, 0x0f, 0xe0, 0x0f, 0xe0, 0x0f, 0xe0, 0x0f, 0xe0,
    0x0f, 0xd8, 0x0f, 0xe0, 0x0f, 0xe0, 0x10, 0xe0, 0x0e, 0xd0, 0x0e, 0xd0,
    0x0e, 0xd0, 0x0e, 0xd0, 0x0e, 0xd0, 0x0f, 0xd8, 0x0e, 0xd0, 0x0e, 0xd8,
    0x0f, 0xd0, 0x0e, 0xd0, 0x0f, 0xd8, 0x0f, 0xd8, 0x0e, 0xd8, 0x0f, 0xd8,
    0x0f, 0xd8, 0x0f, 0xd8, 0x0f, 0xd8, 0x0f, 0xd8, 0x0f, 0xd8, 0x0f, 0xd8,
    0x0f, 0xe0, 0x0f, 0xe0, 0x10, 0xe0, 0x0f, 0xe0, 0x0f, 0xd8, 0x0f, 0xd0,
    0x0e, 0xd0, 0x0e, 0xd0, 0x0f, 0xd0, 0x0e, 0xd0, 0x0f, 0xd8, 0x0e, 0xd0,
    0x0f, 0xd0, 0x0e, 0xd0, 0x0f, 0xd8, 0x0e, 0xd8, 0x0f, 0xd8, 0x0f, 0xd8,
    0x0f, 0xd8, 0x0f, 0xd8, 0x0f, 0xd8, 0x0f, 0xd8, 0x0f, 0xe0, 0x0f, 0xd8,
    0x0f, 0xe0, 0x0f, 0xe0, 0x0f, 0xe0, 0x0f, 0xe0, 0x10, 0xe0, 0x10, 0xe0,
    0x0f, 0xe0, 0x0f, 0xe0, 0x0f, 0xe0, 0x10, 0xe0, 0x10, 0xe8, 0x10, 0xe0,
    0x10, 0xe8, 0x10, 0xe8, 0x0f, 0xe0, 0x0f, 0xe0, 0x10, 0xd8, 0x0f, 0xe0,
    0x0f, 0xe0, 0x10, 0xe0, 0x10, 0xe0, 0x0f, 0xe0, 0x10, 0xe0, 0x0f, 0xe0,
    0x10, 0xe0, 0x10, 0xe0, 0x0f, 0xe0, 0x10, 0xe8, 0x10, 0xe8, 0x0f, 0xe0,
    0x10, 0xe8, 0x0f, 0xe8, 0x10, 0xe8, 0x10, 0xe8, 0x10, 0xe8, 0x10, 0xe0,
    0x10, 0xe0, 0x10, 0xe8, 0x10, 0xe0, 0x10, 0xe8, 0x10, 0xe8, 0x10, 0xe0,
    0x10, 0xe8, 0x10, 0xe8, 0x10, 0xe8, 0x0f, 0xe8, 0x10, 0xe8, 0x10, 0xe8,
    0x0f, 0xe8, 0x10, 0xe8, 0x10, 0xe8, 0x10, 0xe0, 0x0f, 0xe8, 0x10, 0xe8,
    0x10, 0xe0, 0x0f, 0xe8, 0x10, 0xe0, 0x10, 0xe8, 0x10, 0xe8, 0x0f, 0xe8,
    0x10, 0xe8, 0x10, 0xe8, 0x10, 0xe8, 0x10, 0xe8, 0x0f, 0xe8, 0x10, 0xe0,
    0x0f, 0xe8, 0x10, 0xe8, 0x10, 0xe0, 0x0f, 0xe8, 0x10, 0xe8, 0x10, 0xe8,
    0x0f, 0xe0, 0x10, 0xe8, 0x10, 0xe8, 0x0f, 0xe0, 0x10, 0xe8, 0x0f, 0xe0,
    0x10, 0xe0, 0x10, 0xe8, 0x10, 0xe0, 0x10, 0xe8, 0x10, 0xe0, 0x0f, 0xe8,
    0x10, 0xe8, 0x10, 0xe0, 0x10, 0xe8, 0x10, 0xe8, 0x10, 0xe0, 0x0f, 0xe8,
    0x10, 0xe0, 0x10, 0xe8, 0x0f, 0xe8, 0x10, 0xe8, 0x10, 0xe8, 0x10, 0xe8,
    0x10, 0xe0, 0x10, 0xe8, 0x10, 0xe8, 0x10, 0xe8, 0x0f, 0xe8, 0x10, 0xe8,
    0x10, 0xe8, 0x0f, 0xe0, 0x10, 0xe8, 0x10, 0xe8, 0x10, 0xe0, 0x0f, 0xe8,
    0x10, 0xe8, 0x10, 0xe0, 0x10, 0xe8, 0x0f, 0xe8, 0x10, 0xe0, 0x10, 0xe8,
    0x10, 0xe8, 0x0f, 0xe8, 0x10, 0xe8, 0x10, 0xe8, 0x0f, 0xe0, 0x10, 0xe8,
    0x10, 0xe0, 0x10, 0xe8, 0x10, 0xe8, 0x0f, 0xe0, 0x10, 0xe0, 0x10, 0xe8,
    0x10, 0xe8, 0x10, 0xe0, 0x0f, 0xe8, 0x10, 0xe8, 0x10, 0xe8, 0x10, 0xe8,
    0x10, 0xe8, 0x10, 0xe8, 0x0f, 0xe0, 0x10, 0xe8, 0x10, 0xe0, 0x10, 0xe0,
    0x10, 0xe8, 0x0f, 0xe8, 0x10, 0xe0, 0x10, 0xe8, 0x10, 0xe8, 0x10, 0xe8,
    0x10, 0xe8, 0x0f, 0xe8, 0x10, 0xe8, 0x10, 0xe8, 0x0f, 0xe8, 0x10, 0xe8,
    0x10, 0xe8, 0x10, 0xe0, 0x10, 0xe8, 0x0f, 0xe8, 0x10, 0xe8, 0x10, 0xe8,
    0x0f, 0xe0, 0x0f, 0xe8, 0x10, 0xe8, 0x10, 0xe8, 0x10, 0xe8, 0x10, 0xe8,
    0x10, 0xe8, 0x0f, 0xe8, 0x10, 0xe0, 0x10, 0xe8, 0x0f, 0xe0, 0x0f, 0xe0,
    0x10, 0xe0, 0x10, 0xe0, 0x0f, 0xe0, 0x10, 0xe0, 0x0f, 0xe0, 0x10, 0xe0,
    0x10, 0xe0, 0x10, 0xe8, 0x10, 0xe8, 0x0f, 0xe0, 0x0f, 0xe8, 0x10, 0xe8,
    0x0f, 0xe8, 0x10, 0xe8, 0x10, 0xe8, 0x0f, 0xe0, 0x10, 0xe8, 0x10, 0xe8,
    0x0f, 0xe0, 0x10, 0xe8, 0x10, 0xe8, 0x0f, 0xe8, 0x0f, 0xe8, 0x10, 0xe0,
    0x0f, 0xe0, 0x0f, 0xd8, 0x0f, 0xd0, 0x0f, 0xd8, 0x0f, 0xd8, 0x0f, 0xd8,
    0x0f, 0xd8, 0x0f, 0xd8, 0x0f, 0xd8, 0x0f, 0xd8, 0x0f, 0xd8, 0x0f, 0xd8,
    0x0f, 0xd8, 0x0f, 0xd8, 0x0f, 0xd8, 0x0f, 0xd8, 0x0f, 0xd8, 0x0f, 0xd8,
    0x0f, 0xd8, 0x0f, 0xd8, 0x0f, 0xd8, 0x0f, 0xd8, 0x0f, 0xe0, 0x0f, 0xe0,
    0x0f, 0xd8, 0x0f, 0xe0, 0x0f, 0xe0, 0x0f, 0xe0, 0x0f, 0xd8, 0x0f, 0xe0,
    0x0f, 0xe0, 0x0f, 0xe0, 0x0f, 0xe0, 0x0f, 0xe0, 0x0f, 0xe0, 0x0f, 0xd8,
    0x0f, 0xe0, 0x0f, 0xd8, 0x10, 0xe0, 0x10, 0xe0, 0x0f, 0xe0, 0x10, 0xe0,
    0x10, 0xe0, 0x10, 0xe0, 0x0e, 0xc8, 0x0e, 0xd0, 0x0e, 0xd0, 0x0f, 0xd0,
    0x0e, 0xd0, 0x0e, 0xd0, 0x0f, 0xd0, 0x0e, 0xd0, 0x0e, 0xd8, 0x0f, 0xd0,
    0x0e, 0xd0, 0x0e, 0xd0, 0x0f, 0xd8, 0x0e, 0xd8, 0x0f, 0xd8, 0x0f, 0xd8,
    0x0f, 0xd8, 0x0f, 0xd8, 0x0f, 0xd8, 0x0f, 0xd8, 0x0f, 0xd8, 0x0f, 0xe0,
    0x0f, 0xe0, 0x0f, 0xe0, 0x10, 0xe0, 0x10, 0xe0, 0x0f, 0xe0, 0x0f, 0xd8,
    0x0f, 0xd0, 0x0e, 0xd0, 0x0e, 0xd0, 0x0e, 0xd8, 0x0e, 0xd0, 0x0f, 0xd0,
    0x0e, 0xd8, 0x0f, 0xd8, 0x0e, 0xd8, 0x0f, 0xd8, 0x0f, 0xd8, 0x0f, 0xd8,
    0x0f, 0xd8, 0x0f, 0xd8, 0x0f, 0xe0, 0x10, 0xd8, 0x0f, 0xd8, 0x0f, 0xe0,
    0x0f, 0xe0, 0x0f, 0xe0, 0x0f, 0xe0, 0x10, 0xe0, 0x10, 0xe0, 0x0f, 0xe0,
    0x0f, 0xe0, 0x10, 0xe0, 0x10, 0xe0, 0x0f, 0xe8, 0x10, 0xe0, 0x10, 0xe8,
    0x10, 0xe8, 0x10, 0xe8, 0x10, 0xe0, 0x0f, 0xe0, 0x0f, 0xe0, 0x0f, 0xe0,
    0x0f, 0xe0, 0x10, 0xe0, 0x0f, 0xe0, 0x0f, 0xe8, 0x10, 0xe0, 0x10, 0xe8,
    0x10, 0xe0, 0x10, 0xe0, 0x10, 0xe8, 0x10, 0xe8, 0x10, 0xe0, 0x10, 0xe8,
    0x0f, 0xe0, 0x10, 0xe8, 0x0f, 0xe8, 0x10, 0xe8, 0x0f, 0xe8, 0x10, 0xe8,
    0x0f, 0xe0, 0x10, 0xe0, 0x0f, 0xe8, 0x0f, 0xe8, 0x10, 0xe0, 0x10, 0xe8,
    0x10, 0xe8, 0x10, 0xe0, 0x0f, 0xe8, 0x10, 0xe8, 0x10, 0xe0, 0x10, 0xe8,
    0x10, 0xe8, 0x0f, 0xe8, 0x10, 0xe8, 0x10, 0xe0, 0x10, 0xe8, 0x0f, 0xe8,
    0x10, 0xe8, 0x10, 0xe0, 0x10, 0xe8, 0x0f, 0xe0, 0x10, 0xe0, 0x0f, 0xe8,
    0x10, 0xe0, 0x10, 0xe8, 0x10, 0xe8, 0x10, 0xe8, 0x0f, 0xe8, 0x10, 0xe8,
    0x10, 0xe8, 0x10, 0xe8, 0x10, 0xe8, 0x10, 0xe8, 0x10, 0xe8, 0x10, 0xe8,
    0x10, 0xe8, 0x10, 0xe8, 0x0f, 0xe8, 0x10, 0xe8, 0x10, 0xe8, 0x0f, 0xe8,
    0x10, 0xe8, 0x10, 0xe0, 0x0f, 0xe8, 0x10, 0xe8, 0x10, 0xe0, 0x10, 0xe8,
    0x0f, 0xe8, 0x10, 0xe8, 0x10, 0xe8, 0x0f, 0xe0, 0x10, 0xe8, 0x10, 0xe0,
    0x0f, 0xe8, 0x10, 0xe0, 0x10, 0xe8, 0x0f, 0xe8, 0x10, 0xe8, 0x0f, 0xe0,
    0x10, 0xe8, 0x10, 0xe0, 0x10, 0xe8, 0x10, 0xe8, 0x10, 0xe0, 0x10, 0xe8,
    0x0f, 0xe8, 0x10, 0xe0, 0x10, 0xe8, 0x10, 0xe8, 0x0f, 0xe8, 0x10, 0xe8,
    0x10, 0xe8, 0x10, 0xe8, 0x0f, 0xe0, 0x10, 0xe8, 0x10, 0xe8, 0x10, 0xe0,
    0x0f, 0xe8, 0x10, 0xe8, 0x10, 0xe8, 0x0f, 0xe8, 0x10, 0xe8, 0x10, 0xe0,
    0x0f, 0xe8, 0x10, 0xe8, 0x10, 0xe8, 0x0f, 0xe8, 0x10, 0xe0, 0x10, 0xe8,
    0x0f, 0xe8, 0x10, 0xe0, 0x0f, 0xe8, 0x0f, 0xe0, 0x10, 0xe8, 0x10, 0xe8,
    0x10, 0xe8, 0x10, 0xe8, 0x0f, 0xe8, 0x10, 0xe8, 0x10, 0xe8, 0x10, 0xe0,
    0x10, 0xe8, 0x0f, 0xe8, 0x10, 0xe0, 0x10, 0xe8, 0x0f, 0xe0, 0x10, 0xe8,
    0x10, 0xe0, 0x10, 0xe8, 0x10, 0xe0, 0x0f, 0xe0, 0x10, 0xe8, 0x10, 0xe8,
    0x0f, 0xe8, 0x10, 0xe0, 0x10, 0xe8, 0x10, 0xe8, 0x10, 0xe8, 0x10, 0xe0,
    0x0f, 0xe8, 0x10, 0xe8, 0x10, 0xe0, 0x0f, 0xe8, 0x10, 0xe8, 0x10, 0xe0,
    0x0f, 0xe0, 0x10, 0xe0, 0x10, 0xe0, 0x0f, 0xe0, 0x10, 0xe0, 0x0f, 0xe0,
    0x10, 0xe0, 0x10, 0xe8, 0x10, 0xe0, 0x10, 0xe8, 0x10, 0xe8, 0x0f, 0xe8,
    0x10, 0xe8, 0x10, 0xe8, 0x10, 0xe8, 0x10, 0xe8, 0x10, 0xe8, 0x10, 0xe8,
    0x10, 0xe8, 0x10, 0xe0, 0x10, 0xe8, 0x10, 0xe8, 0x0f, 0xe8, 0x10, 0xe8,
    0x10, 0xe0, 0x0f, 0xe0, 0x0f, 0xe0, 0x0f, 0xd8, 0x0f, 0xd8, 0x0f, 0xd8,
    0x0f, 0xd8, 0x0f, 0xd8, 0x0f, 0xd8, 0x0f, 0xd8, 0x0f, 0xd8, 0x0f, 0xd8,
    0x0f, 0xd8, 0x0e, 0xd8, 0x0f, 0xd8, 0x0f, 0xd8, 0x0f, 0xd8, 0x0f, 0xd8,
    0x0f, 0xd8, 0x0f, 0xe0, 0x0f, 0xd8, 0x0f, 0xe0, 0x0f, 0xe0, 0x0f, 0xe0,
    0x0f, 0xe0, 0x0f, 0xe0, 0x0f, 0xe0, 0x0f, 0xe0, 0x0f, 0xe0, 0x0f, 0xe0,
    0x0f, 0xe0, 0x0f, 0xe0, 0x0f, 0xe0, 0x0f, 0xd8, 0x0f, 0xe0, 0x10, 0xe0,
    0x10, 0xd8, 0x0f, 0xe0, 0x10, 0xe0, 0x10, 0xe0, 0x10, 0xe0, 0x10, 0xe0,
    0x10, 0xe0, 0x10, 0xe0, 0x10, 0xe0, 0x10, 0xe0, 0x0f, 0xd8, 0x0e, 0xd0,
    0x0e, 0xc8, 0x0e, 0xd0, 0x0e, 0xd0, 0x0e, 0xd0, 0x0e, 0xd0, 0x0e, 0xd0,
    0x0e, 0xd0, 0x0f, 0xd0, 0x0e, 0xd0, 0x0f, 0xd8, 0x0f, 0xd0, 0x0e, 0xd0,
    0x0e, 0xd8, 0x0f, 0xd0, 0x0e, 0xd8, 0x0f, 0xd8, 0x0f, 0xd8, 0x0f, 0xd8,
    0x0f, 0xd8, 0x0f, 0xd8, 0x0f, 0xd8, 0x0f, 0xd8, 0x0f, 0xd8, 0x0f, 0xd8,
    0x0f, 0xe0, 0x0f, 0xe0, 0x0f, 0xe0, 0x0f, 0xe0, 0x0f, 0xe0, 0x0f, 0xe0,
    0x0f, 0xd8, 0x0f, 0xd8, 0x0e, 0xd0, 0x0e, 0xd0, 0x0f, 0xd0, 0x0f, 0xd8,
    0x0e, 0xd8, 0x0f, 0xd8, 0x0f, 0xd8, 0x0f, 0xd8, 0x0f, 0xd8, 0x0f, 0xe0,
    0x0f, 0xd8, 0x0f, 0xe0, 0x10, 0xe0, 0x0f, 0xd8, 0x10, 0xd8, 0x0f, 0xe0,
    0x0f, 0xe0, 0x0f, 0xe0, 0x10, 0xe0, 0x10, 0xe0, 0x0f, 0xe8, 0x0f, 0xe0,
    0x0f, 0xe0, 0x10, 0xe8, 0x10, 0xe0, 0x10, 0xe0, 0x10, 0xe8, 0x10, 0xe8,
    0x10, 0xe8, 0x10, 0xe0, 0x10, 0xe0, 0x0f, 0xe0, 0x0f, 0xe0, 0x10, 0xe0,
    0x10, 0xe0, 0x0f, 0xe0, 0x0f, 0xe0, 0x10, 0xe8, 0x0f, 0xe8, 0x10, 0xe0,
    0x0f, 0xe8, 0x10, 0xe8, 0x10, 0xe8, 0x10, 0xe8, 0x10, 0xe8, 0x0f, 0xe0,
    0x10, 0xe8, 0x10, 0xe8, 0x10, 0xe8, 0x0f, 0xe0, 0x10, 0xe8, 0x10, 0xe0,
    0x10, 0xe8, 0x10, 0xe8, 0x0f, 0xe8, 0x10, 0xe0, 0x10, 0xe8, 0x0f, 0xe8,
    0x10, 0xe0, 0x10, 0xe8, 0x0f, 0xe8, 0x10, 0xe0, 0x10, 0xe8, 0x10, 0xe8,
    0x10, 0xe0, 0x10, 0xe8, 0x0f, 0xe8, 0x10, 0xe8, 0x10, 0xe8, 0x0f, 0xe8,
    0x10, 0xe8, 0x10, 0xe8, 0x10, 0xe8, 0x10, 0xe8, 0x0f, 0xe8, 0x10, 0xe0,
    0x10, 0xe8, 0x10, 0xe8, 0x10, 0xe0, 0x0f, 0xe8, 0x10, 0xe0, 0x10, 0xe8,
    0x0f, 0xe0, 0x0f, 0xe0, 0x10, 0xe8, 0x0f, 0xe0, 0x10, 0xe8, 0x10, 0xe0,
    0x10, 0xe8, 0x10, 0xe8, 0x10, 0xe0, 0x0f, 0xe8, 0x10, 0xe8, 0x10, 0xe8,
    0x10, 0xe8, 0x10, 0xe8, 0x10, 0xe8, 0x0f, 0xe8, 0x10, 0xe0, 0x10, 0xe8,
    0x10, 0xe8, 0x10, 0xe8, 0x10, 0xe8, 0x10, 0xe8, 0x10, 0xe8, 0x10, 0xe0,
    0x0f, 0xe8, 0x10, 0xe8, 0x10, 0xe8, 0x10, 0xe8, 0x0f, 0xe8, 0x10, 0xe0,
    0x0f, 0xe8, 0x10, 0xe8, 0x10, 0xe0, 0x0f, 0xe8, 0x10, 0xe8, 0x10, 0xe8,
    0x10, 0xe8, 0x10, 0xe0, 0x10, 0xe8, 0x0f, 0xe0, 0x10, 0xe8, 0x10, 0xe8,
    0x10, 0xe8, 0x0f, 0xe8, 0x10, 0xe0, 0x10, 0xe8, 0x10, 0xe8, 0x10, 0xe0,
    0x10, 0xe8, 0x0f, 0xe8, 0x10, 0xe8, 0x10, 0xe8, 0x10, 0xe0, 0x10, 0xe8,
    0x10, 0xe8, 0x0f, 0xe8, 0x10, 0xe8, 0x10, 0xe8, 0x10, 0xe8, 0x10, 0xe8,
    0x10, 0xe0, 0x10, 0xe8, 0x10, 0xe8, 0x0f, 0xe0, 0x10, 0xe8, 0x10, 0xe8,
    0x0f, 0xe8, 0x10, 0xe8, 0x10, 0xe0, 0x0f, 0xe8, 0x10, 0xe8, 0x10, 0xe8,
    0x0f, 0xe8, 0x10, 0xe0, 0x10, 0xe8, 0x10, 0xe8, 0x0f, 0xe8, 0x10, 0xe8,
    0x10, 0xe8, 0x10, 0xe8, 0x10, 0xe8, 0x0f, 0xe8, 0x10, 0xe8, 0x10, 0xe8,
    0x0f, 0xe0, 0x10, 0xe8, 0x10, 0xe8, 0x10, 0xe8, 0x10, 0xe0, 0x0f, 0xe8,
    0x10, 0xe8, 0x10, 0xe0, 0x10, 0xe8, 0x0f, 0xe0, 0x0f, 0xe0, 0x10, 0xe0,
    0x10, 0xe0, 0x0f, 0xe8, 0x10, 0xe8, 0x10, 0xe0, 0x10, 0xe8, 0x10, 0xe0,
    0x0f, 0xe8, 0x10, 0xe8, 0x10, 0xe8, 0x0f, 0xe0, 0x10, 0xe8, 0x10, 0xe8,
    0x10, 0xe0, 0x0f, 0xe0, 0x10, 0xe8, 0x0f, 0xe0, 0x10, 0xe8, 0x0f, 0xe8,
    0x10, 0xe8, 0x10, 0xe0, 0x10, 0xe8, 0x0f, 0xe0, 0x0f, 0xd8, 0x0f, 0xd8,
    0x0f, 0xd8, 0x0f, 0xd8, 0x0f, 0xd8, 0x0f, 0xd8, 0x0f, 0xd8, 0x0f, 0xd8,
    0x0e, 0xd8, 0x0f, 0xd8, 0x0f, 0xd8, 0x0f, 0xd8, 0x0f, 0xe0, 0x0f, 0xd8,
    0x0f, 0xd8, 0x0f, 0xe0, 0x0f, 0xe0, 0x0f, 0xe0, 0x0f, 0xe0, 0x0f, 0xe0,
    0x0f, 0xe0, 0x0f, 0xe0, 0x0f, 0xe0, 0x0f, 0xe0, 0x0f, 0xe0, 0x0f, 0xe0,
    0x0f, 0xd8, 0x0f, 0xe0, 0x10, 0xe0, 0x0f, 0xe0, 0x10, 0xe0, 0x10, 0xe0,
    0x10, 0xe0, 0x10, 0xe0, 0x10, 0xe0, 0x0f, 0xe0, 0x10, 0xe0, 0x10, 0xe0,
    0x0f, 0xe0, 0x10, 0xe0, 0x10, 0xe0, 0x0f, 0xe0, 0x0f, 0xe0, 0x0f, 0xd8,
    0x0e, 0xd0, 0x0e, 0xd0, 0x0d, 0xc8, 0x0d, 0xc0, 0x0e, 0xc8, 0x0e, 0xc8,
    0x0e, 0xd0, 0x0e, 0xd0, 0x0e, 0xd0, 0x0e, 0xd0, 0x0e, 0xd0, 0x0e, 0xd0,
    0x0e, 0xd0, 0x0e, 0xd0, 0x0f, 0xd8, 0x0f, 0xd0, 0x0e, 0xd0, 0x0f, 0xd8,
    0x0f, 0xd8, 0x0e, 0xd8, 0x0f, 0xd8, 0x0f, 0xd8, 0x0f, 0xd8, 0x0f, 0xd8,
    0x0f, 0xd8, 0x0f, 0xe0, 0x0f, 0xd8, 0x0f, 0xd8, 0x10, 0xe0, 0x0f, 0xd8,
    0x0f, 0xe0, 0x10, 0xe0, 0x0f, 0xe0, 0x10, 0xe0, 0x10, 0xe0, 0x0f, 0xe0,
    0x0f, 0xd8, 0x0f, 0xd8, 0x0f, 0xd8, 0x0e, 0xd0, 0x0e, 0xd0, 0x0f, 0xd8,
    0x0f, 0xd8, 0x0e, 0xd8, 0x0f, 0xd8, 0x0f, 0xd8, 0x0f, 0xd8, 0x0f, 0xd8,
    0x0f, 0xe0, 0x0f, 0xd8, 0x0f, 0xe0, 0x10, 0xe0, 0x0f, 0xe0, 0x0f, 0xe0,
    0x10, 0xe0, 0x0f, 0xe0, 0x10, 0xe0, 0x10, 0xe0, 0x0f, 0xe0, 0x0f, 0xe0,
    0x10, 0xe8, 0x0f, 0xe0, 0x0f, 0xe0, 0x10, 0xe8, 0x0f, 0xe8, 0x10, 0xe8,
    0x10, 0xe0, 0x10, 0xe0, 0x0f, 0xe0, 0x10, 0xe0, 0x10, 0xe0, 0x0f, 0xe0,
    0x10, 0xe0, 0x0f, 0xe0, 0x10, 0xe8, 0x10, 0xe0, 0x10, 0xe0, 0x0f, 0xe8,
    0x0f, 0xe8, 0x10, 0xe0, 0x10, 0xe8, 0x10, 0xe8, 0x10, 0xe0, 0x10, 0xe8,
    0x10, 0xe8, 0x10, 0xe8, 0x10, 0xe8, 0x10, 0xe8, 0x10, 0xe0, 0x10, 0xe8,
    0x10, 0xe8, 0x0f, 0xe8, 0x10, 0xe8, 0x10, 0xe8, 0x10, 0xe0, 0x10, 0xe8,
    0x0f, 0xe8, 0x10, 0xe8, 0x10, 0xe8, 0x0f, 0xe0, 0x10, 0xe8, 0x10, 0xe8,
    0x10, 0xe0, 0x10, 0xe0, 0x10, 0xe8, 0x10, 0xe8, 0x0f, 0xe0, 0x10, 0xe8,
    0x10, 0xe8, 0x10, 0xe8, 0x10, 0xe8, 0x0f, 0xe0, 0x0f, 0xe8, 0x10, 0xe8,
    0x10, 0xe0, 0x10, 0xe8, 0x0f, 0xe8, 0x10, 0xe8, 0x10, 0xe8, 0x10, 0xe8,
    0x10, 0xe8, 0x10, 0xe8, 0x0f, 0xe0, 0x10, 0xe8, 0x0f, 0xe8, 0x10, 0xe0,
    0x10, 0xe8, 0x10, 0xe8, 0x0f, 0xe0, 0x10, 0xe8, 0x0f, 0xe0, 0x10, 0xe8,
    0x10, 0xe8, 0x0f, 0xe0, 0x10, 0xe8, 0x10, 0xe8, 0x0f, 0xe0, 0x10, 0xe8,
    0x0f, 0xe8, 0x10, 0xe8, 0x10, 0xe8, 0x0f, 0xe8, 0x10, 0xe0, 0x10, 0xe8,
    0x10, 0xe0, 0x10, 0xe8, 0x10, 0xe8, 0x10, 0xe8, 0x0f, 0xe8, 0x10, 0xe8,
    0x10, 0xe8, 0x10, 0xe8, 0x10, 0xe0, 0x0f, 0xe8, 0x0f, 0xe8, 0x10, 0xe8,
    0x10, 0xe8, 0x10, 0xe0, 0x0f, 0xe8, 0x10, 0xe8, 0x10, 0xe0, 0x10, 0xe8,
    0x0f, 0xe8, 0x10, 0xe8, 0x0f, 0xe8, 0x10, 0xe0, 0x10, 0xe8, 0x10, 0xe0,
    0x0f, 0xe8, 0x10, 0xe8, 0x0f, 0xe8, 0x10, 0xe0, 0x10, 0xe8, 0x10, 0xe0,
    0x0f, 0xe8, 0x10, 0xe0, 0x10, 0xe8, 0x0f, 0xe8, 0x10, 0xe8, 0x10, 0xe8,
    0x10, 0xe8, 0x0f, 0xe0, 0x10, 0xe8, 0x10, 0xe0, 0x10, 0xe0, 0x10, 0xe8,
    0x0f, 0xe8, 0x10, 0xe8, 0x10, 0xe0, 0x10, 0xe8, 0x10, 0xe8, 0x0f, 0xe8,
    0x10, 0xe8, 0x10, 0xe8, 0x10, 0xe0, 0x0f, 0xe8, 0x10, 0xe8, 0x10, 0xe0,
    0x0f, 0xe8, 0x10, 0xe0, 0x10, 0xe8, 0x10, 0xe8, 0x10, 0xe8, 0x0f, 0xe0,
    0x10, 0xe8, 0x10, 0xe8, 0x0f, 0xe8, 0x10, 0xe8, 0x10, 0xe8, 0x0f, 0xe0,
    0x0f, 0xe0, 0x10, 0xe0, 0x10, 0xe8, 0x10, 0xe8, 0x10, 0xe0, 0x10, 0xe8,
    0x10, 0xe8, 0x0f, 0xe8, 0x10, 0xe8, 0x10, 0xe8, 0x0f, 0xe8, 0x10, 0xe0,
    0x10, 0xe8, 0x10, 0xe8, 0x10, 0xe0, 0x0f, 0xe8, 0x10, 0xe8, 0x10, 0xe8,
    0x0f, 0xe8, 0x10, 0xe8, 0x10, 0xe0, 0x10, 0xe8, 0x0f, 0xe0, 0x0f, 0xe0,
    0x0f, 0xe0, 0x0f, 0xd8, 0x0f, 0xd8, 0x0f, 0xd8, 0x0f, 0xd8, 0x0f, 0xd8,
    0x0f, 0xd8, 0x0f, 0xd8, 0x0f, 0xe0, 0x0f, 0xe0, 0x0f, 0xe0, 0x0f, 0xe0,
    0x0f, 0xe0, 0x0f, 0xe0, 0x0f, 0xe0, 0x0f, 0xe0, 0x0f, 0xe0, 0x0f, 0xe0,
    0x0f, 0xe0, 0x0f, 0xe0, 0x0f, 0xd8, 0x0f, 0xe0, 0x0f, 0xe0, 0x0f, 0xd8,
    0x0f, 0xe0, 0x0f, 0xe0, 0x10, 0xe0, 0x0f, 0xe0, 0x10, 0xe0, 0x10, 0xe0,
    0x0f, 0xe0, 0x10, 0xe0, 0x0f, 0xe0, 0x0f, 0xe0, 0x10, 0xe0, 0x0f, 0xe0,
    0x0f, 0xe0, 0x10, 0xe0, 0x10, 0xe0, 0x0f, 0xe0, 0x10, 0xe8, 0x0f, 0xe0,
    0x0f, 0xd8, 0x0e, 0xd0, 0x0e, 0xc8, 0x0d, 0xc8, 0x0d, 0xc0, 0x0d, 0xc0,
    0x0e, 0xc8, 0x0e, 0xc8, 0x0e, 0xc8, 0x0e, 0xc8, 0x0e, 0xc8, 0x0e, 0xc8,
    0x0e, 0xd0, 0x0e, 0xd0, 0x0e, 0xd0, 0x0f, 0xd0, 0x0e, 0xd0, 0x0e, 0xd0,
    0x0e, 0xd0, 0x0e, 0xd0, 0x0f, 0xd8, 0x0e, 0xd0, 0x0e, 0xd0, 0x0f, 0xd8,
    0x0e, 0xd8, 0x0f, 0xd8, 0x0e, 0xd8, 0x0f, 0xd8, 0x0f, 0xd8, 0x0f, 0xd8,
    0x0f, 0xe0, 0x0f, 0xd8, 0x0f, 0xe0, 0x0f, 0xd8, 0x0f, 0xd8, 0x0f, 0xe0,
    0x0f, 0xe0, 0x0f, 0xd8, 0x0f, 0xe0, 0x10, 0xe0, 0x10, 0xe0, 0x0f, 0xe0,
    0x0f, 0xe0, 0x0f, 0xd8, 0x0f, 0xd8, 0x0f, 0xd8, 0x0e, 0xd0, 0x0e, 0xd8,
    0x0f, 0xd8, 0x0f, 0xd8, 0x0f, 0xd8, 0x0f, 0xd8, 0x0f, 0xd8, 0x0f, 0xe0,
    0x0f, 0xd8, 0x0f, 0xd8, 0x0f, 0xe0, 0x0f, 0xe0, 0x0f, 0xe0, 0x0f, 0xe0,
    0x10, 0xe0, 0x10, 0xe0, 0x0f, 0xe0, 0x10, 0xe8, 0x0f, 0xe0, 0x10, 0xe8,
    0x10, 0xe0, 0x10, 0xe0, 0x10, 0xe0, 0x0f, 0xe8, 0x10, 0xe8, 0x10, 0xe8,
    0x10, 0xe8, 0x0f, 0xe0, 0x0f, 0xe0, 0x10, 0xe0, 0x0f, 0xe0, 0x10, 0xe0,
    0x0f, 0xe0, 0x10, 0xe8, 0x10, 0xe0, 0x10, 0xe0, 0x10, 0xe8, 0x0f, 0xe8,
    0x10, 0xe8, 0x10, 0xe8, 0x0f, 0xe8, 0x0f, 0xe0, 0x10, 0xe8, 0x10, 0xe8,
    0x0f, 0xe0, 0x0f, 0xe8, 0x10, 0xe8, 0x10, 0xe0, 0x0f, 0xe8, 0x10, 0xe8,
    0x10, 0xe0, 0x0f, 0xe8, 0x10, 0xe8, 0x10, 0xe8, 0x10, 0xe0, 0x10, 0xe8,
    0x0f, 0xe8, 0x10, 0xe8, 0x0f, 0xe8, 0x10, 0xe8, 0x0f, 0xe8, 0x10, 0xe8,
    0x10, 0xe8, 0x10, 0xe0, 0x10, 0xe8, 0x0f, 0xe8, 0x10, 0xe0, 0x10, 0xe0,
    0x10, 0xe8, 0x10, 0xe8, 0x10, 0xe8, 0x0f, 0xe8, 0x10, 0xe8, 0x10, 0xe8,
    0x10, 0xe8, 0x10, 0xe0, 0x10, 0xe8, 0x0f, 0xe8, 0x10, 0xe8, 0x10, 0xe8,
    0x10, 0xe8, 0x10, 0xe8, 0x0f, 0xe8, 0x10, 0xe8, 0x10, 0xe8, 0x0f, 0xe8,
    0x10, 0xe8, 0x10, 0xe8, 0x10, 0xe0, 0x0f, 0xe8, 0x10, 0xe8, 0x10, 0xe0,
    0x10, 0xe8, 0x0f, 0xe8, 0x10, 0xe8, 0x10, 0xe0, 0x0f, 0xe0, 0x10, 0xe8,
    0x10, 0xe8, 0x10, 0xe0, 0x10, 0xe8, 0x0f, 0xe8, 0x0f, 0xe8, 0x10, 0xe0,
    0x10, 0xe8, 0x10, 0xe8, 0x10, 0xe0, 0x0f, 0xe8, 0x10, 0xe8, 0x10, 0xe0,
    0x10, 0xe8, 0x10, 0xe8, 0x10, 0xe0, 0x0f, 0xe8, 0x10, 0xe8, 0x10, 0xe8,
    0x10, 0xe8, 0x0f, 0xe0, 0x10, 0xe8, 0x10, 0xe8, 0x10, 0xe0, 0x10, 0xe8,
    0x0f, 0xe8, 0x10, 0xe8, 0x10, 0xe8, 0x0f, 0xe8, 0x10, 0xe0, 0x10, 0xe8,
    0x10, 0xe8, 0x0f, 0xe8, 0x10, 0xe8, 0x10, 0xe8, 0x10, 0xe0, 0x10, 0xe8,
    0x0f, 0xe8, 0x10, 0xe0, 0x10, 0xe8, 0x0f, 0xe8, 0x10, 0xe0, 0x10, 0xe8,
    0x10, 0xe8, 0x0f, 0xe8, 0x10, 0xe8, 0x10, 0xe8, 0x10, 0xe8, 0x0f, 0xe0,
    0x10, 0xe8, 0x10, 0xe8, 0x10, 0xe0, 0x10, 0xe8, 0x0f, 0xe8, 0x10, 0xe0,
    0x10, 0xe8, 0x10, 0xe8, 0x0f, 0xe0, 0x10, 0xe8, 0x10, 0xe8, 0x10, 0xe8,
    0x0f, 0xe0, 0x10, 0xe8, 0x10, 0xe8, 0x10, 0xe8, 0x0f, 0xe0, 0x10, 0xe8,
    0x10, 0xe0, 0x10, 0xe0, 0x10, 0xe0, 0x0f, 0xe0, 0x10, 0xe8, 0x10, 0xe0,
    0x10, 0xe8, 0x0f, 0xe0, 0x10, 0xe8, 0x10, 0xe0, 0x0f, 0xe8, 0x10, 0xe8,
    0x10, 0xe0, 0x10, 0xe8, 0x10, 0xe8, 0x10, 0xe0, 0x0f, 0xe8, 0x10, 0xe8,
    0x10, 0xe8, 0x0f, 0xe8, 0x10, 0xe8, 0x10, 0xe0, 0x10, 0xe8, 0x10, 0xe8,
    0x10, 0xe0, 0x0f, 0xe0, 0x0f, 0xe0, 0x0f, 0xd8, 0x0f, 0xd8, 0x0f, 0xe0,
    0x0f, 0xe0, 0x0f, 0xe0, 0x0f, 0xe0, 0x0f, 0xe0, 0x0f, 0xe0, 0x0f, 0xe0,
    0x0f, 0xe0, 0x0f, 0xe0, 0x0f, 0xd8, 0x0f, 0xe0, 0x0f, 0xe0, 0x0f, 0xe0,
    0x0f, 0xd8, 0x0f, 0xe0, 0x0f, 0xe0, 0x10, 0xe0, 0x0f, 0xe0, 0x0f, 0xd8,
    0x10, 0xe0, 0x10, 0xe0, 0x10, 0xe0, 0x10, 0xe0, 0x10, 0xe0, 0x10, 0xe0,
    0x0f, 0xe0, 0x10, 0xe0, 0x0f, 0xe0, 0x0f, 0xe0, 0x10, 0xe0, 0x10, 0xe0,
    0x10, 0xe0, 0x0f, 0xe0, 0x10, 0xe0, 0x10, 0xe0, 0x10, 0xe8, 0x10, 0xe0,
    0x0f, 0xe0, 0x0f, 0xd8, 0x0e, 0xd0, 0x0e, 0xc8, 0x0e, 0xc8, 0x0e, 0xc8,
    0x0e, 0xc8, 0x0e, 0xc8, 0x0e, 0xc8, 0x0e, 0xc8, 0x0e, 0xc8, 0x0e, 0xc8,
    0x0e, 0xc8, 0x0e, 0xc8, 0x0e, 0xc8, 0x0e, 0xc8, 0x0e, 0xc8, 0x0e, 0xd0,
    0x0e, 0xd0, 0x0e, 0xd0, 0x0e, 0xd0, 0x0f, 0xd0, 0x0e, 0xd0, 0x0e, 0xd0,
    0x0f, 0xd0, 0x0e, 0xd0, 0x0f, 0xd0, 0x0e, 0xd0, 0x0e, 0xd8, 0x0f, 0xd8,
    0x0e, 0xd8, 0x0f, 0xd8, 0x0f, 0xd8, 0x0f, 0xd8, 0x0f, 0xd8, 0x0f, 0xd8,
    0x0f, 0xd8, 0x0f, 0xe0, 0x0f, 0xd8, 0x10, 0xe0, 0x0f, 0xd8, 0x0f, 0xe0,
    0x0f, 0xe0, 0x0f, 0xe0, 0x0f, 0xe0, 0x10, 0xe0, 0x0f, 0xe0, 0x10, 0xe0,
    0x0f, 0xe0, 0x0f, 0xe0, 0x0f, 0xd8, 0x0f, 0xd8, 0x0e, 0xd8, 0x0f, 0xd8,
    0x0f, 0xd8, 0x0f, 0xd8, 0x0f, 0xd8, 0x0f, 0xe0, 0x0f, 0xd8, 0x0f, 0xd8,
    0x10, 0xe0, 0x0f, 0xe0, 0x0f, 0xd8, 0x10, 0xe0, 0x0f, 0xe0, 0x0f, 0xe0,
    0x10, 0xe0, 0x10, 0xe0, 0x0f, 0xe0, 0x10, 0xe8, 0x10, 0xe8, 0x10, 0xe0,
    0x10, 0xe8, 0x10, 0xe0, 0x0f, 0xe8, 0x10, 0xe8, 0x10, 0xe8, 0x10, 0xe8,
    0x10, 0xe8, 0x10, 0xe8, 0x10, 0xe0, 0x0f, 0xe0, 0x0f, 0xe0, 0x10, 0xe8,
    0x10, 0xe8, 0x10, 0xe0, 0x10, 0xe0, 0x10, 0xe8, 0x0f, 0xe0, 0x10, 0xe8,
    0x10, 0xe8, 0x10, 0xe8, 0x10, 0xe0, 0x10, 0xe8, 0x10, 0xe8, 0x10, 0xe8,
    0x10, 0xe8, 0x0f, 0xe8, 0x10, 0xe0, 0x10, 0xe8, 0x10, 0xe8, 0x10, 0xe0,
    0x0f, 0xe8, 0x10, 0xe8, 0x10, 0xe8, 0x0f, 0xe0, 0x10, 0xe8, 0x10, 0xe8,
    0x10, 0xe0, 0x10, 0xe8, 0x0f, 0xe8, 0x10, 0xe8, 0x0f, 0xe0, 0x10, 0xe8,
    0x10, 0xe8, 0x0f, 0xe8, 0x10, 0xe8, 0x0f, 0xe8, 0x10, 0xe8, 0x10, 0xe0,
    0x10, 0xe8, 0x10, 0xe0, 0x0f, 0xe8, 0x10, 0xe8, 0x10, 0xe0, 0x0f, 0xe8,
    0x10, 0xe0, 0x10, 0xe8, 0x0f, 0xe0, 0x10, 0xe0, 0x10, 0xe8, 0x10, 0xe0,
    0x10, 0xe8, 0x10, 0xe0, 0x10, 0xe8, 0x10, 0xe0, 0x10, 0xe8, 0x10, 0xe8,
    0x10, 0xe8, 0x10, 0xe8, 0x0f, 0xe8, 0x10, 0xe8, 0x10, 0xe8, 0x10, 0xe8,
    0x10, 0xe8, 0x10, 0xe8, 0x10, 0xe8, 0x0f, 0xe8, 0x10, 0xe0, 0x10, 0xe8,
    0x10, 0xe8, 0x10, 0xe8, 0x10, 0xe8, 0x0f, 0xe8, 0x0f, 0xe0, 0x10, 0xe8,
    0x10, 0xe8, 0x10, 0xe0, 0x0f, 0xe8, 0x0f, 0xe8, 0x10, 0xe8, 0x10, 0xe8,
    0x10, 0xe0, 0x10, 0xe8, 0x0f, 0xe8, 0x10, 0xe0, 0x10, 0xe8, 0x10, 0xe8,
    0x0f, 0xe8, 0x10, 0xe8, 0x10, 0xe0, 0x10, 0xe8, 0x10, 0xe8, 0x10, 0xe0,
    0x0f, 0xe8, 0x10, 0xe8, 0x10, 0xe8, 0x10, 0xe0, 0x10, 0xe8, 0x10, 0xe8,
    0x0f, 0xe0, 0x10, 0xe8, 0x10, 0xe8, 0x0f, 0xe8, 0x10, 0xe8, 0x10, 0xe0,
    0x10, 0xe8, 0x10, 0xe8, 0x0f, 0xe8, 0x10, 0xe8, 0x10, 0xe8, 0x0f, 0xe8,
    0x10, 0xe0, 0x10, 0xe8, 0x0f, 0xe8, 0x10, 0xe8, 0x10, 0xe8, 0x0f, 0xe8,
    0x10, 0xe0, 0x10, 0xe8, 0x10, 0xe8, 0x0f, 0xe0, 0x10, 0xe8, 0x10, 0xe8,
    0x10, 0xe8, 0x0f, 0xe8, 0x10, 0xe8, 0x10, 0xe8, 0x10, 0xe0, 0x0f, 0xe8,
    0x10, 0xe8, 0x10, 0xe0, 0x10, 0xe8, 0x0f, 0xe8, 0x10, 0xe0, 0x10, 0xe8,
    0x10, 0xe8, 0x10, 0xe0, 0x10, 0xe8, 0x10, 0xe8, 0x0f, 0xe0, 0x10, 0xe8,
    0x10, 0xe8, 0x0f, 0xe8, 0x10, 0xe0, 0x10, 0xe8, 0x0f, 0xe8, 0x10, 0xe0,
    0x10, 0xe8, 0x0f, 0xe8, 0x10, 0xe8, 0x10, 0xe0, 0x10, 0xe8, 0x10, 0xe8,
    0x10, 0xe0, 0x0f, 0xe8, 0x10, 0xe0, 0x0f, 0xe0, 0x0f, 0xe0, 0x0f, 0xe0,
    0x0f, 0xe0, 0x0f, 0xd8, 0x0f, 0xe0, 0x0f, 0xe0, 0x0f, 0xe0, 0x0f, 0xe0,
    0x0f, 0xe0, 0x0f, 0xe0, 0x0f, 0xe0, 0x0f, 0xe0, 0x0f, 0xe0, 0x0f, 0xd8,
    0x10, 0xe0, 0x0f, 0xe0, 0x10, 0xe0, 0x10, 0xe0, 0x0f, 0xe0, 0x10, 0xe0,
    0x10, 0xe0, 0x10, 0xe0, 0x0f, 0xe0, 0x10, 0xe0, 0x10, 0xe0, 0x0f, 0xe0,
    0x0f, 0xe0, 0x0f, 0xe0, 0x10, 0xe0, 0x0f, 0xe0, 0x0f, 0xe0, 0x10, 0xe0,
    0x10, 0xe0, 0x10, 0xe0, 0x10, 0xe0, 0x10, 0xe0, 0x10, 0xe8, 0x10, 0xe8,
    0x10, 0xe0, 0x0f, 0xe0, 0x0f, 0xd8, 0x0e, 0xd8, 0x0e, 0xd0, 0x0e, 0xc8,
    0x0e, 0xc8, 0x0e, 0xc8, 0x0e, 0xc8, 0x0e, 0xc8, 0x0e, 0xc8, 0x0e, 0xc8,
    0x0e, 0xc8, 0x0e, 0xc8, 0x0e, 0xc8, 0x0d, 0xc8, 0x0e, 0xc8, 0x0e, 0xd0,
    0x0e, 0xc8, 0x0e, 0xc8, 0x0e, 0xc8, 0x0e, 0xc8, 0x0e, 0xc8, 0x0e, 0xd0,
    0x0e, 0xd0, 0x0e, 0xd0, 0x0e, 0xd0, 0x0e, 0xd0, 0x0e, 0xd0, 0x0f, 0xd8,
    0x0e, 0xd0, 0x0f, 0xd0, 0x0f, 0xd0, 0x0f, 0xd0, 0x0f, 0xd0, 0x0e, 0xd8,
    0x0f, 0xd8, 0x0f, 0xd8, 0x0f, 0xd8, 0x0f, 0xd8, 0x0f, 0xd8, 0x0f, 0xd8,
    0x0f, 0xe0, 0x0f, 0xd8, 0x10, 0xe0, 0x0f, 0xe0, 0x0f, 0xe0, 0x0f, 0xe0,
    0x0f, 0xe0, 0x0f, 0xe0, 0x10, 0xe0, 0x10, 0xe0, 0x0f, 0xe0, 0x10, 0xe0,
    0x10, 0xe0, 0x0f, 0xe0, 0x0f, 0xe0, 0x0f, 0xd8, 0x0f, 0xd8, 0x0f, 0xd8,
    0x0f, 0xd8, 0x0f, 0xd8, 0x0f, 0xd8, 0x0f, 0xd8, 0x0f, 0xe0, 0x0f, 0xd8,
    0x0f, 0xe0, 0x0f, 0xe0, 0x0f, 0xe0, 0x0f, 0xe0, 0x10, 0xe0, 0x0f, 0xe0,
    0x0f, 0xe0, 0x0f, 0xe0, 0x10, 0xe0, 0x0f, 0xe8, 0x10, 0xe8, 0x10, 0xe0,
    0x10, 0xe0, 0x0f, 0xe8, 0x10, 0xe0, 0x10, 0xe8, 0x10, 0xe8, 0x10, 0xe8,
    0x10, 0xe8, 0x10, 0xe0, 0x0f, 0xe0, 0x0f, 0xe0, 0x0f, 0xe8, 0x10, 0xe0,
    0x10, 0xe8, 0x10, 0xe0, 0x10, 0xe8, 0x10, 0xe8, 0x10, 0xe0, 0x0f, 0xe8,
    0x10, 0xe8, 0x0f, 0xe0, 0x10, 0xe8, 0x10, 0xe0, 0x0f, 0xe8, 0x10, 0xe8,
    0x10, 0xe8, 0x10, 0xe8, 0x0f, 0xe8, 0x10, 0xe8, 0x10, 0xe0, 0x0f, 0xe8,
    0x10, 0xe8, 0x10, 0xe8, 0x10, 0xe0, 0x10, 0xe8, 0x10, 0xe8, 0x10, 0xe0,
    0x10, 0xe8, 0x10, 0xe8, 0x10, 0xe0, 0x0f, 0xe8, 0x10, 0xe8, 0x10, 0xe0,
    0x10, 0xe8, 0x10, 0xe8, 0x0f, 0xe8, 0x10, 0xe8, 0x10, 0xe0, 0x0f, 0xe8,
    0x10, 0xe8, 0x10, 0xe0, 0x0f, 0xe8, 0x10, 0xe8, 0x10, 0xe8, 0x10, 0xe8,
    0x10, 0xe8, 0x0f, 0xe8, 0x10, 0xe8, 0x0f, 0xe8, 0x10, 0xe8, 0x0f, 0xe8,
    0x0f, 0xe0, 0x10, 0xe8, 0x0f, 0xe8, 0x0f, 0xe0, 0x10, 0xe8, 0x10, 0xe0,
    0x10, 0xe8, 0x0f, 0xe8, 0x10, 0xe0, 0x10, 0xe0, 0x0f, 0xe8, 0x10, 0xe8,
    0x10, 0xe8, 0x10, 0xe0, 0x0f, 0xe8, 0x0f, 0xe8, 0x10, 0xe0, 0x10, 0xe8,
    0x10, 0xe8, 0x10, 0xe0, 0x10, 0xe8, 0x0f, 0xe8, 0x10, 0xe8, 0x10, 0xe8,
    0x10, 0xe0, 0x10, 0xe8, 0x0f, 0xe8, 0x10, 0xe0, 0x10, 0xe8, 0x10, 0xe8,
    0x10, 0xe0, 0x0f, 0xe8, 0x10, 0xe8, 0x10, 0xe0, 0x10, 0xe8, 0x0f, 0xe8,
    0x10, 0xe8, 0x0f, 0xe8, 0x10, 0xe0, 0x10, 0xe8, 0x10, 0xe8, 0x10, 0xe0,
    0x0f, 0xe8, 0x0f, 0xe8, 0x10, 0xe0, 0x10, 0xe8, 0x10, 0xe8, 0x0f, 0xe0,
    0x10, 0xe8, 0x10, 0xe8, 0x10, 0xe0, 0x0f, 0xe8, 0x10, 0xe8, 0x10, 0xe0,
    0x10, 0xe8, 0x10, 0xe0, 0x10, 0xe8, 0x10, 0xe8, 0x10, 0xe0, 0x0f, 0xe8,
    0x10, 0xe8, 0x10, 0xe0, 0x10, 0xe8, 0x0f, 0xe8, 0x10, 0xe8, 0x10, 0xe8,
    0x0f, 0xe8, 0x10, 0xe8, 0x10, 0xe8, 0x10, 0xe0, 0x10, 0xe8, 0x10, 0xe0,
    0x0f, 0xe8, 0x10, 0xe8, 0x10, 0xe8, 0x10, 0xe8, 0x0f, 0xe8, 0x10, 0xe8,
    0x10, 0xe8, 0x10, 0xe0, 0x0f, 0xe8, 0x10, 0xe8, 0x0f, 0xe8, 0x10, 0xe8,
    0x10, 0xe8, 0x0f, 0xe8, 0x10, 0xe8, 0x10, 0xe8, 0x10, 0xe8, 0x10, 0xe8,
    0x10, 0xe8, 0x10, 0xe8, 0x0f, 0xe8, 0x10, 0xe8, 0x10, 0xe8, 0x0f, 0xe8,
    0x10, 0xe0, 0x10, 0xe8, 0x0f, 0xe8, 0x10, 0xe0, 0x10, 0xe8, 0x0f, 0xe0,
    0x0f, 0xe0, 0x0f, 0xe0, 0x0f, 0xd8, 0x0f, 0xe0, 0x0f, 0xe0, 0x10, 0xe0,
    0x0f, 0xe0, 0x0f, 0xd8, 0x10, 0xd8, 0x0f, 0xe0, 0x0f, 0xd8, 0x10, 0xd8,
    0x0f, 0xe0, 0x10, 0xe0, 0x0f, 0xe0, 0x10, 0xe0, 0x10, 0xe0, 0x0f, 0xe0,
    0x10, 0xe0, 0x0f, 0xe0, 0x10, 0xe0, 0x0f, 0xe0, 0x0f, 0xe0, 0x10, 0xe0,
    0x0f, 0xe0, 0x0f, 0xe0, 0x10, 0xe0, 0x0f, 0xe0, 0x0f, 0xe0, 0x10, 0xe0,
    0x10, 0xe0, 0x10, 0xe0, 0x10, 0xe8, 0x10, 0xe0, 0x10, 0xe8, 0x10, 0xe8,
    0x0f, 0xe8, 0x0f, 0xe0, 0x0f, 0xe0, 0x0f, 0xd8, 0x0e, 0xd0, 0x0e, 0xd0,
    0x0e, 0xc8, 0x0e, 0xc8, 0x0e, 0xc8, 0x0e, 0xc8, 0x0e, 0xc8, 0x0e, 0xd0,
    0x0e, 0xc8, 0x0d, 0xc8, 0x0e, 0xc8, 0x0e, 0xc8, 0x0e, 0xc8, 0x0e, 0xc8,
    0x0e, 0xc8, 0x0e, 0xc8, 0x0e, 0xc8, 0x0e, 0xc8, 0x0e, 0xc8, 0x0e, 0xd0,
    0x0e, 0xc8, 0x0e, 0xc8, 0x0e, 0xc8, 0x0e, 0xc8, 0x0e, 0xd0, 0x0e, 0xd0,
    0x0f, 0xd0, 0x0e, 0xd0, 0x0e, 0xd0, 0x0e, 0xd0, 0x0e, 0xd8, 0x0e, 0xd0,
    0x0e, 0xd8, 0x0e, 0xd0, 0x0e, 0xd8, 0x0f, 0xd8, 0x0e, 0xd8, 0x0e, 0xd8,
    0x0f, 0xd8, 0x0f, 0xd8, 0x0f, 0xd8, 0x0f, 0xd8, 0x0f, 0xd8, 0x0f, 0xd8,
    0x0f, 0xd8, 0x0f, 0xe0, 0x10, 0xd8, 0x10, 0xd8, 0x0f, 0xe0, 0x0f, 0xe0,
    0x0f, 0xe0, 0x10, 0xe0, 0x0f, 0xe0, 0x0f, 0xe0, 0x10, 0xe0, 0x0f, 0xe0,
    0x10, 0xe0, 0x10, 0xe0, 0x0f, 0xe0, 0x0f, 0xe0, 0x0f, 0xd8, 0x0f, 0xd8,
    0x0f, 0xd8, 0x0f, 0xe0, 0x0f, 0xd8, 0x10, 0xe0, 0x0f, 0xe0, 0x10, 0xe0,
    0x0f, 0xe0, 0x0f, 0xe0, 0x10, 0xe0, 0x10, 0xe0, 0x0f, 0xe0, 0x10, 0xe0,
    0x0f, 0xe0, 0x0f, 0xe0, 0x10, 0xe0, 0x10, 0xe8, 0x10, 0xe0, 0x10, 0xe8,
    0x0f, 0xe8, 0x10, 0xe0, 0x0f, 0xe8, 0x0f, 0xe8, 0x10, 0xe8, 0x10, 0xe8,
    0x10, 0xe8, 0x10, 0xe8, 0x0f, 0xe0, 0x0f, 0xe0, 0x10, 0xe8, 0x0f, 0xe0,
    0x10, 0xe0, 0x10, 0xe8, 0x0f, 0xe8, 0x10, 0xe8, 0x10, 0xe8, 0x0f, 0xe8,
    0x10, 0xe8, 0x10, 0xe8, 0x10, 0xe0, 0x10, 0xe8, 0x10, 0xe0, 0x0f, 0xe8,
    0x10, 0xe8, 0x10, 0xe0, 0x10, 0xe8, 0x10, 0xe8, 0x10, 0xe0, 0x0f, 0xe8,
    0x10, 0xe8, 0x0f, 0xe8, 0x0f, 0xe8, 0x10, 0xe0, 0x10, 0xe8, 0x0f, 0xe8,
    0x10, 0xe8, 0x10, 0xe8, 0x10, 0xe8, 0x10, 0xe0, 0x0f, 0xe8, 0x10, 0xe0,
    0x10, 0xe8, 0x0f, 0xe8, 0x10, 0xe8, 0x10, 0xe8, 0x10, 0xe8, 0x10, 0xe8,
    0x10, 0xe8, 0x0f, 0xe8, 0x10, 0xe0, 0x10, 0xe8, 0x0f, 0xe8, 0x10, 0xe8,
    0x10, 0xe0, 0x10, 0xe8, 0x10, 0xe8, 0x10, 0xe8, 0x10, 0xe8, 0x10, 0xe8,
    0x10, 0xe8, 0x10, 0xe8, 0x0f, 0xe0, 0x10, 0xe8, 0x10, 0xe8, 0x10, 0xe0,
    0x0f, 0xe8, 0x10, 0xe8, 0x10, 0xe0, 0x0f, 0xe8, 0x10, 0xe8, 0x10, 0xe8,
    0x10, 0xe8, 0x10, 0xe8, 0x0f, 0xe0, 0x10, 0xe8, 0x0f, 0xe8, 0x10, 0xe8,
    0x10, 0xe8, 0x10, 0xe0, 0x0f, 0xe8, 0x10, 0xe8, 0x10, 0xe0, 0x10, 0xe8,
    0x10, 0xe8, 0x0f, 0xe8, 0x0f, 0xe8, 0x10, 0xe8, 0x10, 0xe8, 0x10, 0xe8,
    0x0f, 0xe8, 0x10, 0xe0, 0x10, 0xe8, 0x10, 0xe8, 0x10, 0xe0, 0x0f, 0xe8,
    0x10, 0xe8, 0x10, 0xe8, 0x0f, 0xe8, 0x10, 0xe0, 0x10, 0xe8, 0x10, 0xe8,
    0x10, 0xe8, 0x0f, 0xe8, 0x10, 0xe8, 0x10, 0xe8, 0x10, 0xe8, 0x10, 0xe0,
    0x0f, 0xe8, 0x10, 0xe8, 0x10, 0xe8, 0x0f, 0xe8, 0x10, 0xe0, 0x0f, 0xe8,
    0x10, 0xe8, 0x10, 0xe8, 0x0f, 0xe8, 0x10, 0xe0, 0x10, 0xe8, 0x10, 0xe8,
    0x0f, 0xe0, 0x10, 0xe8, 0x10, 0xe0, 0x10, 0xe8, 0x10, 0xe0, 0x0f, 0xe8,
    0x10, 0xe8, 0x0f, 0xe8, 0x10, 0xe0, 0x10, 0xe8, 0x10, 0xe8, 0x0f, 0xe0,
    0x10, 0xe8, 0x10, 0xe0, 0x10, 0xe0, 0x0f, 0xe0, 0x10, 0xe0, 0x10, 0xe8,
    0x10, 0xe8, 0x10, 0xe0, 0x0f, 0xe8, 0x10, 0xe8, 0x10, 0xe0, 0x0f, 0xe8,
    0x10, 0xe8, 0x10, 0xe0, 0x0f, 0xe8, 0x10, 0xe0, 0x10, 0xe8, 0x0f, 0xe0,
    0x10, 0xe8, 0x10, 0xe0, 0x10, 0xe8, 0x10, 0xe8, 0x10, 0xe8, 0x0f, 0xe8,
    0x0f, 0xe0, 0x0f, 0xe0, 0x0f, 0xe0, 0x0f, 0xe0, 0x0f, 0xe0, 0x0f, 0xe0,
    0x10, 0xe0, 0x0f, 0xd8, 0x0f, 0xe0, 0x0f, 0xe0, 0x10, 0xe0, 0x10, 0xe0,
    0x10, 0xe0, 0x10, 0xe0, 0x10, 0xe0, 0x10, 0xe0, 0x10, 0xe0, 0x0f, 0xe0,
    0x10, 0xe0, 0x0f, 0xe0, 0x0f, 0xe0, 0x10, 0xe0, 0x0f, 0xe0, 0x0f, 0xe0,
    0x10, 0xe0, 0x10, 0xe0, 0x0f, 0xe0, 0x10, 0xe0, 0x10, 0xe0, 0x10, 0xe8,
    0x10, 0xe0, 0x10, 0xe8, 0x10, 0xe8, 0x10, 0xe0, 0x10, 0xe8, 0x10, 0xe8,
    0x10, 0xe8, 0x10, 0xe8, 0x0f, 0xe0, 0x0f, 0xe0, 0x0f, 0xd8, 0x0e, 0xd0,
    0x0e, 0xd0, 0x0e, 0xc8, 0x0e, 0xc8, 0x0e, 0xd0, 0x0e, 0xc8, 0x0e, 0xd0,
    0x0e, 0xd0, 0x0e, 0xd0, 0x0e, 0xd0, 0x0e, 0xc8, 0x0e, 0xd0, 0x0e, 0xd0,
    0x0e, 0xd0, 0x0e, 0xd0, 0x0e, 0xd0, 0x0e, 0xd0, 0x0e, 0xd0, 0x0e, 0xc8,
    0x0d, 0xc8, 0x0e, 0xc8, 0x0e, 0xc8, 0x0e, 0xc8, 0x0e, 0xd0, 0x0e, 0xc8,
    0x0e, 0xc8, 0x0e, 0xd0, 0x0e, 0xc8, 0x0e, 0xd0, 0x0e, 0xd0, 0x0e, 0xd0,
    0x0e, 0xd0, 0x0f, 0xd0, 0x0e, 0xd0, 0x0f, 0xd0, 0x0e, 0xd0, 0x0f, 0xd8,
    0x0f, 0xd0, 0x0e, 0xd0, 0x0f, 0xd8, 0x0f, 0xd0, 0x0e, 0xd8, 0x0f, 0xd8,
    0x0f, 0xd8, 0x0f, 0xd8, 0x0f, 0xd8, 0x0f, 0xd8, 0x0f, 0xe0, 0x0f, 0xd8,
    0x0f, 0xe0, 0x0f, 0xd8, 0x10, 0xd8, 0x0f, 0xe0, 0x0f, 0xe0, 0x0f, 0xe0,
    0x10, 0xe0, 0x0f, 0xe0, 0x10, 0xe0, 0x0f, 0xe0, 0x0f, 0xe0, 0x10, 0xe0,
    0x0f, 0xe8, 0x10, 0xe8, 0x10, 0xe0, 0x0f, 0xe0, 0x0f, 0xe0, 0x0f, 0xd8,
    0x0f, 0xd8, 0x0f, 0xd8, 0x0f, 0xe0, 0x0f, 0xd8, 0x10, 0xd8, 0x0f, 0xe0,
    0x0f, 0xe0, 0x10, 0xe0, 0x10, 0xe0, 0x0f, 0xe0, 0x10, 0xe0, 0x0f, 0xe0,
    0x10, 0xe8, 0x0f, 0xe8, 0x10, 0xe0, 0x10, 0xe0, 0x10, 0xe8, 0x10, 0xe8,
    0x10, 0xe0, 0x10, 0xe8, 0x10, 0xe8, 0x0f, 0xe8, 0x10, 0xe8, 0x10, 0xe8,
    0x10, 0xe0, 0x10, 0xe0, 0x10, 0xe8, 0x0f, 0xe8, 0x10, 0xe0, 0x10, 0xe8,
    0x0f, 0xe8, 0x10, 0xe0, 0x10, 0xe8, 0x10, 0xe8, 0x10, 0xe0, 0x0f, 0xe8,
    0x10, 0xe8, 0x10, 0xe8, 0x0f, 0xe0, 0x10, 0xe8, 0x10, 0xe8, 0x0f, 0xe8,
    0x10, 0xe8, 0x10, 0xe8, 0x0f, 0xe8, 0x10, 0xe0, 0x10, 0xe8, 0x10, 0xe8,
    0x10, 0xe0, 0x10, 0xe8, 0x0f, 0xe8, 0x10, 0xe0, 0x10, 0xe8, 0x0f, 0xe8,
    0x10, 0xe0, 0x10, 0xe8, 0x0f, 0xe8, 0x10, 0xe8, 0x10, 0xe0, 0x10, 0xe8,
    0x0f, 0xe8, 0x10, 0xe0, 0x10, 0xe0, 0x0f, 0xe8, 0x10, 0xe8, 0x10, 0xe0,
    0x0f, 0xe8, 0x10, 0xe8, 0x10, 0xe0, 0x10, 0xe8, 0x0f, 0xe8, 0x10, 0xe0,
    0x10, 0xe0, 0x0f, 0xe8, 0x10, 0xe8, 0x10, 0xe0, 0x10, 0xe8, 0x10, 0xe8,
    0x10, 0xe8, 0x0f, 0xe8, 0x10, 0xe8, 0x10, 0xe8, 0x10, 0xe8, 0x10, 0xe8,
    0x10, 0xe8, 0x0f, 0xe0, 0x10, 0xe8, 0x10, 0xe0, 0x10, 0xe8, 0x10, 0xe8,
    0x10, 0xe8, 0x10, 0xe0, 0x10, 0xe8, 0x0f, 0xe8, 0x10, 0xe0, 0x10, 0xe8,
    0x10, 0xe8, 0x0f, 0xe8, 0x10, 0xe8, 0x10, 0xe0, 0x10, 0xe8, 0x10, 0xe8,
    0x10, 0xe0, 0x0f, 0xe8, 0x10, 0xe0, 0x10, 0xe8, 0x10, 0xe8, 0x0f, 0xe8,
    0x10, 0xe8, 0x10, 0xe0, 0x10, 0xe8, 0x10, 0xe8, 0x0f, 0xe0, 0x10, 0xe8,
    0x10, 0xe8, 0x10, 0xe8, 0x10, 0xe8, 0x10, 0xe0, 0x0f, 0xe8, 0x10, 0xe0,
    0x10, 0xe8, 0x0f, 0xe8, 0x10, 0xe0, 0x10, 0xe8, 0x10, 0xe8, 0x10, 0xe8,
    0x10, 0xe0, 0x10, 0xe8, 0x0f, 0xe8, 0x10, 0xe8, 0x10, 0xe0, 0x0f, 0xe8,
    0x10, 0xe8, 0x10, 0xe8, 0x10, 0xe8, 0x0f, 0xe8, 0x10, 0xe8, 0x10, 0xe0,
    0x0f, 0xe8, 0x10, 0xe8, 0x10, 0xe8, 0x10, 0xe0, 0x10, 0xe8, 0x0f, 0xe8,
    0x10, 0xe8, 0x10, 0xe8, 0x0f, 0xe8, 0x10, 0xe0, 0x10, 0xe8, 0x10, 0xe8,
    0x10, 0xe8, 0x0f, 0xe8, 0x10, 0xe8, 0x10, 0xe8, 0x0f, 0xe8, 0x10, 0xe0,
    0x10, 0xe8, 0x10, 0xe8, 0x10, 0xe0, 0x10, 0xe8, 0x10, 0xe8, 0x0f, 0xe0,
    0x10, 0xe8, 0x10, 0xe8, 0x0f, 0xe8, 0x10, 0xe8, 0x10, 0xe0, 0x0f, 0xe8,
    0x10, 0xe8, 0x10, 0xe0, 0x0f, 0xe0, 0x0f, 0xe0, 0x0f, 0xe0, 0x0f, 0xe0,
    0x0f, 0xe0, 0x10, 0xe0, 0x10, 0xe0, 0x0f, 0xe0, 0x10, 0xe0, 0x10, 0xe0,
    0x10, 0xe0, 0x10, 0xe0, 0x0f, 0xe0, 0x0f, 0xe0, 0x0f, 0xe0, 0x0f, 0xe0,
    0x0f, 0xe0, 0x0f, 0xe0, 0x0f, 0xe0, 0x10, 0xe0, 0x10, 0xe0, 0x10, 0xe0,
    0x10, 0xe0, 0x10, 0xe0, 0x10, 0xe0, 0x10, 0xe8, 0x10, 0xe0, 0x10, 0xe8,
    0x10, 0xe8, 0x10, 0xe0, 0x10, 0xe8, 0x10, 0xe0, 0x10, 0xe8, 0x10, 0xe8,
    0x10, 0xe8, 0x0f, 0xe8, 0x10, 0xe8, 0x0f, 0xe0, 0x0f, 0xd8, 0x0f, 0xd8,
    0x0e, 0xd0, 0x0e, 0xd0, 0x0e, 0xc8, 0x0e, 0xd0, 0x0e, 0xd0, 0x0e, 0xd0,
    0x0e, 0xd0, 0x0e, 0xd0, 0x0e, 0xd0, 0x0e, 0xd0, 0x0e, 0xd0, 0x0e, 0xd0,
    0x0e, 0xd0, 0x0e, 0xd0, 0x0e, 0xd0, 0x0e, 0xd0, 0x0e, 0xd0, 0x0e, 0xd0,
    0x0e, 0xd0, 0x0e, 0xd0, 0x0e, 0xd0, 0x0e, 0xd0, 0x0d, 0xc0, 0x0d, 0xc8,
    0x0d, 0xc8, 0x0e, 0xc8, 0x0e, 0xc8, 0x0e, 0xc8, 0x0e, 0xc8, 0x0e, 0xc8,
    0x0e, 0xc8, 0x0e, 0xc8, 0x0e, 0xd0, 0x0e, 0xc8, 0x0e, 0xd0, 0x0f, 0xd0,
    0x0e, 0xd0, 0x0e, 0xd0, 0x0f, 0xd0, 0x0e, 0xd0, 0x0e, 0xd0, 0x0f, 0xd0,
    0x0e, 0xd0, 0x0f, 0xd8, 0x0f, 0xd8, 0x0f, 0xd8, 0x0f, 0xd8, 0x0f, 0xd8,
    0x0f, 0xd8, 0x0f, 0xd8, 0x0f, 0xd8, 0x0f, 0xd8, 0x0f, 0xe0, 0x0f, 0xe0,
    0x0f, 0xd8, 0x0f, 0xe0, 0x0f, 0xe0, 0x0f, 0xd8, 0x0f, 0xe0, 0x10, 0xe0,
    0x10, 0xe0, 0x0f, 0xe0, 0x10, 0xe0, 0x0f, 0xe0, 0x0f, 0xe0, 0x10, 0xe0,
    0x10, 0xe8, 0x10, 0xe8, 0x10, 0xe0, 0x0f, 0xe0, 0x0f, 0xe0, 0x0f, 0xd8,
    0x0f, 0xd8, 0x0f, 0xe0, 0x0f, 0xd8, 0x0f, 0xe0, 0x0f, 0xe0, 0x0f, 0xe0,
    0x0f, 0xe0, 0x10, 0xe0, 0x10, 0xe0, 0x0f, 0xe0, 0x0f, 0xe0, 0x0f, 0xe0,
    0x10, 0xe0, 0x10, 0xe8, 0x0f, 0xe0, 0x10, 0xe8, 0x10, 0xe8, 0x10, 0xe0,
    0x0f, 0xe8, 0x10, 0xe0, 0x10, 0xe8, 0x10, 0xe8, 0x10, 0xe8, 0x10, 0xe8,
    0x10, 0xe8, 0x10, 0xe8, 0x10, 0xe0, 0x10, 0xe0, 0x10, 0xe8, 0x10, 0xe8,
    0x0f, 0xe0, 0x10, 0xe8, 0x10, 0xe8, 0x0f, 0xe0, 0x10, 0xe8, 0x10, 0xe8,
    0x0f, 0xe8, 0x10, 0xe0, 0x10, 0xe8, 0x10, 0xe8, 0x0f, 0xe0, 0x10, 0xe8,
    0x10, 0xe8, 0x10, 0xe8, 0x10, 0xe0, 0x0f, 0xe8, 0x10, 0xe8, 0x10, 0xe8,
    0x10, 0xe8, 0x10, 0xe0, 0x10, 0xe8, 0x0f, 0xe8, 0x10, 0xe8, 0x10, 0xe8,
    0x10, 0xe8, 0x10, 0xe8, 0x10, 0xe0, 0x10, 0xe8, 0x10, 0xe8, 0x0f, 0xe8,
    0x10, 0xe8, 0x10, 0xe8, 0x10, 0xe0, 0x10, 0xe8, 0x10, 0xe8, 0x0f, 0xe8,
    0x10, 0xe0, 0x10, 0xe8, 0x0f, 0xe8, 0x10, 0xe8, 0x10, 0xe8, 0x0f, 0xe8,
    0x10, 0xe0, 0x0f, 0xe8, 0x0f, 0xe0, 0x10, 0xe8, 0x10, 0xe8, 0x10, 0xe0,
    0x0f, 0xe8, 0x10, 0xe0, 0x10, 0xe8, 0x0f, 0xe8, 0x10, 0xe8, 0x10, 0xe8,
    0x0f, 0xe0, 0x10, 0xe8, 0x0f, 0xe8, 0x0f, 0xe0, 0x10, 0xe8, 0x10, 0xe8,
    0x10, 0xe0, 0x10, 0xe8, 0x0f, 0xe8, 0x10, 0xe8, 0x10, 0xe0, 0x10, 0xe8,
    0x0f, 0xe8, 0x10, 0xe8, 0x0f, 0xe0, 0x10, 0xe8, 0x10, 0xe8, 0x10, 0xe0,
    0x0f, 0xe8, 0x10, 0xe8, 0x10, 0xe0, 0x10, 0xe8, 0x0f, 0xe8, 0x0f, 0xe8,
    0x10, 0xe8, 0x10, 0xe8, 0x10, 0xe0, 0x0f, 0xe8, 0x10, 0xe8, 0x0f, 0xe0,
    0x10, 0xe8, 0x10, 0xe8, 0x10, 0xe8, 0x10, 0xe8, 0x10, 0xe0, 0x0f, 0xe8,
    0x10, 0xe8, 0x10, 0xe8, 0x0f, 0xe8, 0x0f, 0xe0, 0x10, 0xe8, 0x10, 0xe8,
    0x10, 0xe8, 0x10, 0xe0, 0x10, 0xe8, 0x10, 0xe8, 0x10, 0xe0, 0x10, 0xe8,
    0x0f, 0xe0, 0x10, 0xe8, 0x10, 0xe8, 0x10, 0xe8, 0x10, 0xe8, 0x0f, 0xe8,
    0x10, 0xe8, 0x10, 0xe0, 0x10, 0xe8, 0x10, 0xe8, 0x10, 0xe0, 0x0f, 0xe8,
    0x10, 0xe8, 0x10, 0xe8, 0x0f, 0xe8, 0x10, 0xe8, 0x10, 0xe8, 0x10, 0xe8,
    0x10, 0xe8, 0x0f, 0xe0, 0x10, 0xe8, 0x10, 0xe8, 0x0f, 0xe8, 0x10, 0xe8,
    0x0f, 0xe8, 0x10, 0xe8, 0x10, 0xe8, 0x10, 0xe8, 0x10, 0xe8, 0x10, 0xe8,
    0x10, 0xe0, 0x10, 0xe8, 0x10, 0xe8, 0x0f, 0xe8, 0x0f, 0xe0, 0x10, 0xe0,
    0x0f, 0xe0, 0x10, 0xe0, 0x10, 0xe0, 0x10, 0xe0, 0x10, 0xe0, 0x10, 0xe0,
    0x0f, 0xe0, 0x10, 0xe0, 0x0f, 0xe0, 0x0f, 0xe0, 0x10, 0xe0, 0x0f, 0xe0,
    0x10, 0xe0, 0x10, 0xe0, 0x10, 0xe0, 0x10, 0xe8, 0x10, 0xe0, 0x10, 0xe0,
    0x10, 0xe8, 0x10, 0xe8, 0x0f, 0xe0, 0x10, 0xe8, 0x10, 0xe8, 0x0f, 0xe8,
    0x10, 0xe0, 0x10, 0xe8, 0x0f, 0xe8, 0x10, 0xe0, 0x10, 0xe8, 0x0f, 0xe8,
    0x10, 0xe8, 0x0f, 0xe8, 0x0f, 0xe8, 0x10, 0xe0, 0x0f, 0xe0, 0x0f, 0xe0,
    0x0f, 0xd8, 0x0e, 0xd0, 0x0e, 0xd0, 0x0e, 0xd0, 0x0e, 0xd0, 0x0e, 0xd0,
    0x0e, 0xd0, 0x0e, 0xd0, 0x0e, 0xd0, 0x0e, 0xd0, 0x0e, 0xd0, 0x0e, 0xd0,
    0x0e, 0xd0, 0x0e, 0xd0, 0x0e, 0xd0, 0x0e, 0xd0, 0x0e, 0xd0, 0x0e, 0xd0,
    0x0e, 0xd0, 0x0e, 0xd0, 0x0e, 0xd0, 0x0e, 0xd0, 0x0e, 0xd0, 0x0e, 0xd0,
    0x0e, 0xd0, 0x0e, 0xd0, 0x0e, 0xc8, 0x0e, 0xc8, 0x0d, 0xc0, 0x0d, 0xc8,
    0x0e, 0xc8, 0x0e, 0xc8, 0x0e, 0xd0, 0x0e, 0xc8, 0x0e, 0xc8, 0x0e, 0xc8,
    0x0e, 0xc8, 0x0e, 0xd0, 0x0e, 0xd0, 0x0e, 0xd0, 0x0e, 0xd0, 0x0e, 0xd0,
    0x0e, 0xd0, 0x0e, 0xd0, 0x0f, 0xd8, 0x0e, 0xd0, 0x0e, 0xd0, 0x0e, 0xd0,
    0x0e, 0xd0, 0x0f, 0xd8, 0x0e, 0xd8, 0x0e, 0xd8, 0x0f, 0xd8, 0x0f, 0xd8,
    0x0f, 0xd8, 0x0f, 0xd8, 0x0f, 0xd8, 0x0f, 0xd8, 0x0f, 0xe0, 0x10, 0xd8,
    0x0f, 0xd8, 0x0f, 0xe0, 0x0f, 0xe0, 0x0f, 0xe0, 0x0f, 0xe0, 0x0f, 0xe0,
    0x10, 0xe0, 0x10, 0xe0, 0x0f, 0xe0, 0x0f, 0xe0, 0x10, 0xe0, 0x10, 0xe0,
    0x10, 0xe8, 0x10, 0xe8, 0x10, 0xe8, 0x10, 0xe8, 0x10, 0xe0, 0x0f, 0xe0,
    0x0f, 0xe0, 0x10, 0xd8, 0x0f, 0xd8, 0x0f, 0xe0, 0x0f, 0xe0, 0x10, 0xe0,
    0x0f, 0xe0, 0x10, 0xe0, 0x10, 0xe0, 0x0f, 0xe0, 0x0f, 0xe0, 0x10, 0xe8,
    0x10, 0xe0, 0x0f, 0xe0, 0x10, 0xe8, 0x10, 0xe8, 0x10, 0xe0, 0x10, 0xe8,
    0x0f, 0xe8, 0x0f, 0xe0, 0x10, 0xe8, 0x0f, 0xe8, 0x0f, 0xe8, 0x10, 0xe8,
    0x0f, 0xe0, 0x10, 0xe0, 0x10, 0xe8, 0x0f, 0xe8, 0x10, 0xe8, 0x10, 0xe8,
    0x10, 0xe8, 0x10, 0xe8, 0x10, 0xe0, 0x10, 0xe8, 0x10, 0xe8, 0x10, 0xe8,
    0x10, 0xe0, 0x10, 0xe8, 0x10, 0xe8, 0x0f, 0xe0, 0x10, 0xe8, 0x10, 0xe8,
    0x0f, 0xe8, 0x10, 0xe0, 0x10, 0xe8, 0x0f, 0xe8, 0x10, 0xe8, 0x10, 0xe8,
    0x0f, 0xe0, 0x10, 0xe8, 0x10, 0xe8, 0x0f, 0xe0, 0x10, 0xe8, 0x0f, 0xe8,
    0x0f, 0xe8, 0x10, 0xe0, 0x10, 0xe8, 0x10, 0xe8, 0x0f, 0xe8, 0x10, 0xe0,
    0x0f, 0xe8, 0x10, 0xe8, 0x10, 0xe8, 0x10, 0xe0, 0x10, 0xe8, 0x10, 0xe8,
    0x10, 0xe8, 0x10, 0xe0, 0x10, 0xe8, 0x10, 0xe8, 0x10, 0xe8, 0x10, 0xe8,
    0x10, 0xe8, 0x10, 0xe0, 0x10, 0xe8, 0x10, 0xe8, 0x0f, 0xe0, 0x10, 0xe8,
    0x10, 0xe8, 0x0f, 0xe0, 0x10, 0xe8, 0x10, 0xe8, 0x10, 0xe8, 0x10, 0xe8,
    0x10, 0xe8, 0x10, 0xe8, 0x0f, 0xe8, 0x10, 0xe8, 0x10, 0xe8, 0x0f, 0xe0,
    0x10, 0xe8, 0x10, 0xe8, 0x10, 0xe0, 0x10, 0xe8, 0x10, 0xe8, 0x0f, 0xe8,
    0x10, 0xe8, 0x10, 0xe8, 0x10, 0xe8, 0x10, 0xe8, 0x10, 0xe8, 0x0f, 0xe8,
    0x10, 0xe0, 0x10, 0xe8, 0x10, 0xe8, 0x10, 0xe0, 0x0f, 0xe8, 0x10, 0xe8,
    0x10, 0xe8, 0x10, 0xe8, 0x10, 0xe0, 0x0f, 0xe8, 0x10, 0xe8, 0x10, 0xe0,
    0x0f, 0xe8, 0x10, 0xe8, 0x10, 0xe8, 0x10, 0xe0, 0x10, 0xe8, 0x10, 0xe8,
    0x10, 0xe0, 0x10, 0xe8, 0x0f, 0xe8, 0x10, 0xe8, 0x10, 0xe0, 0x0f, 0xe8,
    0x0f, 0xe8, 0x10, 0xe8, 0x10, 0xe8, 0x0f, 0xe0, 0x10, 0xe8, 0x10, 0xe8,
    0x10, 0xe0, 0x0f, 0xe8, 0x10, 0xe0, 0x10, 0xe8, 0x0f, 0xe8, 0x10, 0xe8,
    0x0f, 0xe8, 0x10, 0xe0, 0x10, 0xe8, 0x10, 0xe8, 0x10, 0xe0, 0x10, 0xe8,
    0x0f, 0xe0, 0x10, 0xe0, 0x0f, 0xe8, 0x10, 0xe0, 0x10, 0xe8, 0x10, 0xe8,
    0x10, 0xe0, 0x10, 0xe8, 0x10, 0xe0, 0x10, 0xe8, 0x0f, 0xe0, 0x10, 0xe0,
    0x10, 0xe8, 0x0f, 0xe0, 0x0f, 0xe8, 0x10, 0xe8, 0x10, 0xe0, 0x0f, 0xe0,
    0x10, 0xe0, 0x10, 0xe0, 0x0f, 0xe0, 0x10, 0xe0, 0x0f, 0xe0, 0x10, 0xe0,
    0x0f, 0xe0, 0x0f, 0xe0, 0x10, 0xe0, 0x0f, 0xe0, 0x0f, 0xe0, 0x10, 0xe0,
    0x10, 0xe0, 0x10, 0xe0, 0x0f, 0xe0, 0x10, 0xe8, 0x10, 0xe0, 0x10, 0xe0,
    0x10, 0xe8, 0x10, 0xe8, 0x10, 0xe8, 0x10, 0xe0, 0x10, 0xe8, 0x0f, 0xe0,
    0x10, 0xe8, 0x10, 0xe0, 0x0f, 0xe8, 0x10, 0xe8, 0x10, 0xe8, 0x10, 0xe0,
    0x0f, 0xe8, 0x10, 0xe8, 0x10, 0xe8, 0x10, 0xe8, 0x10, 0xe0, 0x0f, 0xe0,
    0x0f, 0xe0, 0x0f, 0xd8, 0x0e, 0xd0, 0x0e, 0xd0, 0x0e, 0xd0, 0x0e, 0xd0,
    0x0e, 0xd0, 0x0f, 0xd0, 0x0e, 0xd0, 0x0f, 0xd0, 0x0f, 0xd0, 0x0f, 0xd0,
    0x0f, 0xd0, 0x0f, 0xd0, 0x0e, 0xd0, 0x0f, 0xd0, 0x0f, 0xd0, 0x0e, 0xd0,
    0x0f, 0xd0, 0x0e, 0xd0, 0x0e, 0xd0, 0x0f, 0xd0, 0x0e, 0xd0, 0x0e, 0xd0,
    0x0f, 0xd0, 0x0e, 0xd0, 0x0e, 0xd0, 0x0e, 0xd0, 0x0f, 0xd0, 0x0e, 0xd0,
    0x0f, 0xd8, 0x0f, 0xd8, 0x0e, 0xd8, 0x0e, 0xd0, 0x0e, 0xc8, 0x0e, 0xc8,
    0x0d, 0xc8, 0x0e, 0xc8, 0x0e, 0xc8, 0x0e, 0xd0, 0x0e, 0xc8, 0x0e, 0xc8,
    0x0e, 0xc8, 0x0e, 0xc8, 0x0e, 0xd0, 0x0e, 0xd0, 0x0f, 0xd0, 0x0e, 0xd0,
    0x0e, 0xd0, 0x0f, 0xd0, 0x0f, 0xd8, 0x0f, 0xd0, 0x0e, 0xd0, 0x0e, 0xd8,
    0x0f, 0xd0, 0x0f, 0xd8, 0x0f, 0xd8, 0x0e, 0xd8, 0x0f, 0xd8, 0x0f, 0xd8,
    0x0f, 0xd8, 0x0f, 0xd8, 0x0f, 0xd8, 0x0f, 0xe0, 0x10, 0xe0, 0x0f, 0xd8,
    0x10, 0xe0, 0x0f, 0xe0, 0x0f, 0xe0, 0x0f, 0xe0, 0x0f, 0xe0, 0x10, 0xe0,
    0x10, 0xe0, 0x0f, 0xe0, 0x0f, 0xe0, 0x0f, 0xe0, 0x10, 0xe0, 0x10, 0xe0,
    0x10, 0xe0, 0x10, 0xe8, 0x10, 0xe8, 0x10, 0xe0, 0x10, 0xe8, 0x10, 0xe0,
    0x0f, 0xe0, 0x0f, 0xe0, 0x0f, 0xe0, 0x0f, 0xe0, 0x0f, 0xe0, 0x10, 0xe0,
    0x10, 0xe0, 0x0f, 0xe8, 0x10, 0xe0, 0x10, 0xe8, 0x10, 0xe8, 0x0f, 0xe0,
    0x10, 0xe0, 0x0f, 0xe8, 0x10, 0xe8, 0x10, 0xe8, 0x10, 0xe8, 0x10, 0xe0,
    0x10, 0xe8, 0x10, 0xe8, 0x10, 0xe0, 0x10, 0xe8, 0x10, 0xe8, 0x0f, 0xe8,
    0x10, 0xe8, 0x10, 0xe8, 0x10, 0xe0, 0x0f, 0xe8, 0x10, 0xe8, 0x0f, 0xe8,
    0x10, 0xe8, 0x0f, 0xe0, 0x10, 0xe8, 0x0f, 0xe8, 0x0f, 0xe8, 0x10, 0xe8,
    0x10, 0xe8, 0x10, 0xe0, 0x0f, 0xe8, 0x10, 0xe8, 0x10, 0xe8, 0x10, 0xe8,
    0x10, 0xe0, 0x0f, 0xe8, 0x10, 0xe8, 0x10, 0xe0, 0x10, 0xe8, 0x10, 0xe8,
    0x10, 0xe0, 0x10, 0xe8, 0x10, 0xe0, 0x10, 0xe8, 0x10, 0xe8, 0x0f, 0xe8,
    0x10, 0xe0, 0x10, 0xe8, 0x10, 0xe8, 0x10, 0xe0, 0x10, 0xe8, 0x0f, 0xe8,
    0x10, 0xe0, 0x10, 0xe8, 0x0f, 0xe8, 0x10, 0xe8, 0x0f, 0xe0, 0x10, 0xe8,
    0x0f, 0xe8, 0x10, 0xe0, 0x10, 0xe8, 0x10, 0xe8, 0x0f, 0xe8, 0x10, 0xe8,
    0x0f, 0xe8, 0x10, 0xe8, 0x10, 0xe8, 0x10, 0xe8, 0x10, 0xe8, 0x10, 0xe0,
    0x10, 0xe8, 0x0f, 0xe8, 0x10, 0xe0, 0x10, 0xe8, 0x10, 0xe0, 0x10, 0xe8,
    0x10, 0xe0, 0x0f, 0xe8, 0x10, 0xe8, 0x10, 0xe8, 0x10, 0xe8, 0x0f, 0xe8,
    0x0f, 0xe8, 0x10, 0xe0, 0x10, 0xe8, 0x10, 0xe0, 0x10, 0xe8, 0x0f, 0xe0,
    0x0f, 0xe8, 0x10, 0xe8, 0x10, 0xe0, 0x10, 0xe8, 0x0f, 0xe8, 0x10, 0xe8,
    0x10, 0xe0, 0x10, 0xe8, 0x10, 0xe0, 0x0f, 0xe8, 0x10, 0xe8, 0x10, 0xe0,
    0x10, 0xe8, 0x10, 0xe8, 0x0f, 0xe8, 0x10, 0xe0, 0x10, 0xe8, 0x0f, 0xe8,
    0x10, 0xe8, 0x0f, 0xe8, 0x0f, 0xe0, 0x10, 0xe8, 0x10, 0xe8, 0x10, 0xe8,
    0x10, 0xe0, 0x0f, 0xe8, 0x10, 0xe8, 0x10, 0xe8, 0x10, 0xe0, 0x10, 0xe8,
    0x0f, 0xe8, 0x10, 0xe8, 0x10, 0xe8, 0x10, 0xe8, 0x0f, 0xe8, 0x10, 0xe0,
    0x10, 0xe8, 0x10, 0xe8, 0x10, 0xe0, 0x10, 0xe8, 0x0f, 0xe8, 0x10, 0xe8,
    0x10, 0xe8, 0x0f, 0xe0, 0x10, 0xe8, 0x10, 0xe8, 0x10, 0xe8, 0x10, 0xe8,
    0x10, 0xe8, 0x0f, 0xe8, 0x10, 0xe8, 0x0f, 0xe8, 0x10, 0xe8, 0x0f, 0xe8,
    0x10, 0xe8, 0x10, 0xe8, 0x10, 0xe8, 0x10, 0xe8, 0x10, 0xe8, 0x10, 0xe0,
    0x10, 0xe8, 0x0f, 0xe8, 0x0f, 0xe0, 0x0f, 0xe0, 0x10, 0xe0, 0x0f, 0xe0,
    0x10, 0xe0, 0x0f, 0xe0, 0x10, 0xe0, 0x0f, 0xe0, 0x10, 0xe0, 0x0f, 0xe0,
    0x10, 0xe0, 0x10, 0xe0, 0x10, 0xe0, 0x10, 0xe8, 0x10, 0xe8, 0x10, 0xe0,
    0x10, 0xe8, 0x10, 0xe8, 0x0f, 0xe8, 0x0f, 0xe0, 0x10, 0xe8, 0x0f, 0xe8,
    0x0f, 0xe0, 0x10, 0xe8, 0x10, 0xe8, 0x10, 0xe8, 0x10, 0xe8, 0x10, 0xe8,
    0x10, 0xe0, 0x10, 0xe8, 0x10, 0xe8, 0x0f, 0xe8, 0x10, 0xe8, 0x0f, 0xe0,
    0x0f, 0xe0, 0x0f, 0xe0, 0x0f, 0xd8, 0x0e, 0xd0, 0x0e, 0xd0, 0x0f, 0xd0,
    0x0e, 0xd0, 0x0f, 0xd0, 0x0f, 0xd0, 0x0f, 0xd8, 0x0f, 0xd0, 0x0e, 0xd0,
    0x0f, 0xd8, 0x0e, 0xd0, 0x0e, 0xd0, 0x0e, 0xd8, 0x0f, 0xd0, 0x0e, 0xd0,
    0x0f, 0xd0, 0x0f, 0xd0, 0x0e, 0xd0, 0x0f, 0xd0, 0x0f, 0xd0, 0x0f, 0xd0,
    0x0f, 0xd0, 0x0f, 0xd0, 0x0e, 0xd0, 0x0f, 0xd0, 0x0f, 0xd0, 0x0f, 0xd0,
    0x0f, 0xd0, 0x0f, 0xd0, 0x0e, 0xd0, 0x0f, 0xd0, 0x0f, 0xd8, 0x0f, 0xd8,
    0x0f, 0xd8, 0x0f, 0xd8, 0x0f, 0xd8, 0x0f, 0xd8, 0x0e, 0xd8, 0x0e, 0xd0,
    0x0e, 0xd0, 0x0e, 0xd0, 0x0e, 0xc8, 0x0e, 0xc8, 0x0e, 0xc8, 0x0e, 0xc8,
    0x0e, 0xd0, 0x0e, 0xd0, 0x0e, 0xd0, 0x0e, 0xd0, 0x0e, 0xd0, 0x0e, 0xd0,
    0x0e, 0xd0, 0x0f, 0xd0, 0x0f, 0xd8, 0x0e, 0xd0, 0x0e, 0xd0, 0x0f, 0xd0,
    0x0e, 0xd8, 0x0f, 0xd8, 0x0f, 0xd8, 0x0f, 0xd8, 0x0f, 0xd8, 0x0f, 0xd8,
    0x0f, 0xd8, 0x0f, 0xe0, 0x0f, 0xd8, 0x0f, 0xd8, 0x0f, 0xe0, 0x10, 0xd8,
    0x0f, 0xd8, 0x0f, 0xe0, 0x0f, 0xe0, 0x0f, 0xe0, 0x10, 0xe0, 0x10, 0xe0,
    0x0f, 0xe0, 0x0f, 0xe8, 0x0f, 0xe0, 0x0f, 0xe0, 0x10, 0xe0, 0x10, 0xe0,
    0x10, 0xe0, 0x10, 0xe8, 0x10, 0xe8, 0x10, 0xe8, 0x10, 0xe0, 0x10, 0xe0,
    0x10, 0xe0, 0x0f, 0xe0, 0x0f, 0xe0, 0x10, 0xe0, 0x0f, 0xe0, 0x0f, 0xe0,
    0x10, 0xe0, 0x0f, 0xe0, 0x0f, 0xe0, 0x10, 0xe0, 0x10, 0xe8, 0x10, 0xe0,
    0x0f, 0xe0, 0x10, 0xe8, 0x10, 0xe8, 0x0f, 0xe8, 0x10, 0xe8, 0x10, 0xe0,
    0x10, 0xe8, 0x10, 0xe8, 0x10, 0xe8, 0x0f, 0xe8, 0x10, 0xe0, 0x10, 0xe8,
    0x0f, 0xe8, 0x10, 0xe0, 0x10, 0xe0, 0x10, 0xe8, 0x0f, 0xe8, 0x10, 0xe8,
    0x10, 0xe0, 0x10, 0xe8, 0x10, 0xe8, 0x0f, 0xe0, 0x10, 0xe8, 0x10, 0xe8,
    0x10, 0xe0, 0x0f, 0xe8, 0x10, 0xe8, 0x10, 0xe0, 0x0f, 0xe8, 0x10, 0xe8,
    0x10, 0xe0, 0x0f, 0xe8, 0x10, 0xe8, 0x0f, 0xe8, 0x10, 0xe8, 0x10, 0xe8,
    0x0f, 0xe8, 0x10, 0xe0, 0x10, 0xe8, 0x10, 0xe8, 0x0f, 0xe0, 0x10, 0xe8,
    0x10, 0xe8, 0x0f, 0xe8, 0x10, 0xe8, 0x10, 0xe8, 0x0f, 0xe8, 0x10, 0xe8,
    0x10, 0xe8, 0x0f, 0xe0, 0x10, 0xe8, 0x10, 0xe8, 0x10, 0xe8, 0x0f, 0xe0,
    0x10, 0xe8, 0x10, 0xe0, 0x0f, 0xe0, 0x10, 0xe8, 0x10, 0xe0, 0x0f, 0xe8,
    0x10, 0xe0, 0x10, 0xe8, 0x0f, 0xe8, 0x10, 0xe8, 0x10, 0xe0, 0x0f, 0xe8,
    0x10, 0xe8, 0x0f, 0xe0, 0x0f, 0xe8, 0x10, 0xe8, 0x10, 0xe8, 0x10, 0xe0,
    0x0f, 0xe8, 0x10, 0xe0, 0x10, 0xe8, 0x10, 0xe8, 0x10, 0xe0, 0x0f, 0xe8,
    0x10, 0xe8, 0x10, 0xe8, 0x10, 0xe0, 0x10, 0xe8, 0x10, 0xe8, 0x0f, 0xe0,
    0x10, 0xe8, 0x10, 0xe8, 0x10, 0xe8, 0x0f, 0xe0, 0x10, 0xe8, 0x10, 0xe8,
    0x10, 0xe8, 0x10, 0xe0, 0x0f, 0xe8, 0x10, 0xe8, 0x10, 0xe8, 0x0f, 0xe8,
    0x10, 0xe0, 0x10, 0xe8, 0x10, 0xe8, 0x10, 0xe0, 0x10, 0xe8, 0x10, 0xe8,
    0x10, 0xe8, 0x0f, 0xe0, 0x10, 0xe8, 0x10, 0xe8, 0x0f, 0xe8, 0x10, 0xe0,
    0x10, 0xe8, 0x10, 0xe8, 0x10, 0xe0, 0x0f, 0xe8, 0x10, 0xe8, 0x10, 0xe0,
    0x10, 0xe0, 0x0f, 0xe8, 0x10, 0xe8, 0x10, 0xe8, 0x0f, 0xe8, 0x10, 0xe8,
    0x10, 0xe0, 0x0f, 0xe8, 0x10, 0xe0, 0x10, 0xe8, 0x0f, 0xe8, 0x10, 0xe8,
    0x10, 0xe8, 0x0f, 0xe8, 0x10, 0xe8, 0x10, 0xe0, 0x10, 0xe8, 0x10, 0xe8,
    0x10, 0xe0, 0x10, 0xe0, 0x0f, 0xe8, 0x10, 0xe8, 0x10, 0xe0, 0x0f, 0xe8,
    0x10, 0xe8, 0x0f, 0xe8, 0x10, 0xe8, 0x10, 0xe0, 0x0f, 0xe0, 0x10, 0xe0,
    0x10, 0xe0, 0x10, 0xe8, 0x10, 0xe0, 0x0f, 0xe8, 0x10, 0xe8, 0x10, 0xe0,
    0x10, 0xe8, 0x10, 0xe8, 0x10, 0xe8, 0x10, 0xe0, 0x10, 0xe8, 0x10, 0xe8,
    0x10, 0xe0, 0x0f, 0xe8, 0x10, 0xe8, 0x0f, 0xe8, 0x10, 0xe0, 0x10, 0xe8,
    0x10, 0xe8, 0x10, 0xe8, 0x10, 0xe8, 0x10, 0xe8, 0x10, 0xe0, 0x0f, 0xe8,
    0x10, 0xe8, 0x10, 0xe0, 0x0f, 0xe8, 0x0f, 0xe8, 0x10, 0xe8, 0x10, 0xe0,
    0x0f, 0xe0, 0x0f, 0xe0, 0x0f, 0xe0, 0x0f, 0xd8, 0x0e, 0xd0, 0x0e, 0xd0,
    0x0e, 0xd8, 0x0f, 0xd0, 0x0f, 0xd8, 0x0f, 0xd8, 0x0f, 0xd8, 0x0f, 0xd8,
    0x0e, 0xd8, 0x0f, 0xd0, 0x0e, 0xd8, 0x0e, 0xd8, 0x0f, 0xd8, 0x0f, 0xd8,
    0x0e, 0xd8, 0x0f, 0xd8, 0x0e, 0xd8, 0x0e, 0xd8, 0x0f, 0xd8, 0x0e, 0xd8,
    0x0e, 0xd8, 0x0e, 0xd8, 0x0e, 0xd8, 0x0e, 0xd8, 0x0f, 0xd8, 0x0e, 0xd8,
    0x0e, 0xd8, 0x0f, 0xd8, 0x0e, 0xd8, 0x0e, 0xd8, 0x0f, 0xd8, 0x0e, 0xd8,
    0x0e, 0xd8, 0x0f, 0xd8, 0x0f, 0xd8, 0x0f, 0xd8, 0x0f, 0xd8, 0x0f, 0xd8,
    0x0f, 0xd8, 0x0f, 0xd8, 0x0f, 0xe0, 0x0f, 0xe0, 0x0f, 0xd8, 0x0f, 0xd8,
    0x0f, 0xd8, 0x0f, 0xd8, 0x0e, 0xd0, 0x0e, 0xd0, 0x0e, 0xc8, 0x0e, 0xc8,
    0x0e, 0xc8, 0x0e, 0xd0, 0x0e, 0xd0, 0x0e, 0xd0, 0x0e, 0xd0, 0x0e, 0xd0,
    0x0e, 0xd0, 0x0e, 0xd8, 0x0f, 0xd0, 0x0e, 0xd0, 0x0e, 0xd8, 0x0f, 0xd8,
    0x0e, 0xd8, 0x0f, 0xd8, 0x0f, 0xd8, 0x0f, 0xd8, 0x0f, 0xd8, 0x0f, 0xd8,
    0x0f, 0xd8, 0x0f, 0xd8, 0x0f, 0xe0, 0x0f, 0xe0, 0x10, 0xd8, 0x0f, 0xe0,
    0x0f, 0xe0, 0x0f, 0xe0, 0x0f, 0xe0, 0x10, 0xe0, 0x10, 0xe0, 0x10, 0xe0,
    0x10, 0xe8, 0x0f, 0xe0, 0x0f, 0xe8, 0x10, 0xe0, 0x0f, 0xe8, 0x10, 0xe0,
    0x10, 0xe0, 0x0f, 0xe8, 0x10, 0xe8, 0x10, 0xe8, 0x10, 0xe8, 0x10, 0xe0,
    0x10, 0xe0, 0x0f, 0xe0, 0x0f, 0xe0, 0x10, 0xe0, 0x0f, 0xe0, 0x10, 0xe0,
    0x0f, 0xe0, 0x10, 0xe8, 0x10, 0xe8, 0x10, 0xe0, 0x10, 0xe0, 0x0f, 0xe8,
    0x10, 0xe8, 0x10, 0xe0, 0x0f, 0xe8, 0x10, 0xe8, 0x0f, 0xe8, 0x0f, 0xe0,
    0x10, 0xe8, 0x10, 0xe8, 0x10, 0xe0, 0x10, 0xe8, 0x10, 0xe8, 0x10, 0xe8,
    0x10, 0xe8, 0x10, 0xe0, 0x10, 0xe8, 0x10, 0xe8, 0x10, 0xe8, 0x10, 0xe0,
    0x10, 0xe8, 0x10, 0xe8, 0x0f, 0xe8, 0x10, 0xe8, 0x10, 0xe8, 0x10, 0xe0,
    0x10, 0xe8, 0x0f, 0xe8, 0x10, 0xe8, 0x10, 0xe8, 0x10, 0xe8, 0x10, 0xe8,
    0x0f, 0xe0, 0x10, 0xe8, 0x10, 0xe8, 0x0f, 0xe0, 0x10, 0xe8, 0x10, 0xe8,
    0x10, 0xe8, 0x10, 0xe8, 0x10, 0xe8, 0x0f, 0xe0, 0x10, 0xe8, 0x10, 0xe8,
    0x10, 0xe0, 0x10, 0xe8, 0x10, 0xe0, 0x10, 0xe8, 0x10, 0xe8, 0x10, 0xe8,
    0x10, 0xe8, 0x10, 0xe8, 0x10, 0xe0, 0x0f, 0xe8, 0x10, 0xe8, 0x10, 0xe8,
    0x10, 0xe8, 0x10, 0xe8, 0x10, 0xe8, 0x10, 0xe8, 0x0f, 0xe0, 0x10, 0xe8,
    0x10, 0xe8, 0x0f, 0xe0, 0x10, 0xe8, 0x10, 0xe8, 0x10, 0xe8, 0x10, 0xe8,
    0x10, 0xe8, 0x10, 0xe8, 0x0f, 0xe8, 0x10, 0xe8, 0x10, 0xe8, 0x0f, 0xe0,
    0x10, 0xe8, 0x10, 0xe8, 0x10, 0xe8, 0x10, 0xe8, 0x0f, 0xe8, 0x10, 0xe8,
    0x0f, 0xe8, 0x10, 0xe8, 0x10, 0xe8, 0x10, 0xe8, 0x0f, 0xe0, 0x10, 0xe8,
    0x10, 0xe8, 0x10, 0xe8, 0x0f, 0xe8, 0x0f, 0xe8, 0x10, 0xe8, 0x10, 0xe8,
    0x0f, 0xe0, 0x10, 0xe8, 0x10, 0xe8, 0x10, 0xe0, 0x10, 0xe8, 0x0f, 0xe8,
    0x10, 0xe8, 0x0f, 0xe0, 0x10, 0xe8, 0x10, 0xe8, 0x10, 0xe8, 0x10, 0xe8,
    0x0f, 0xe0, 0x10, 0xe8, 0x10, 0xe8, 0x10, 0xe8, 0x0f, 0xe8, 0x10, 0xe8,
    0x10, 0xe8, 0x0f, 0xe8, 0x10, 0xe8, 0x10, 0xe8, 0x0f, 0xe8, 0x10, 0xe0,
    0x10, 0xe8, 0x10, 0xe8, 0x0f, 0xe0, 0x10, 0xe8, 0x10, 0xe8, 0x10, 0xe8,
    0x10, 0xe8, 0x10, 0xe0, 0x10, 0xe8, 0x10, 0xe0, 0x0f, 0xe8, 0x10, 0xe0,
    0x10, 0xe8, 0x0f, 0xe8, 0x0f, 0xe0, 0x10, 0xe8, 0x10, 0xe8, 0x10, 0xe8,
    0x10, 0xe8, 0x10, 0xe0, 0x10, 0xe8, 0x10, 0xe0, 0x0f, 0xe8, 0x10, 0xe0,
    0x10, 0xe8, 0x0f, 0xe0, 0x10, 0xe0, 0x10, 0xe8, 0x10, 0xe8, 0x10, 0xe8,
    0x10, 0xe0, 0x10, 0xe8, 0x10, 0xe8, 0x10, 0xe0, 0x0f, 0xe0, 0x10, 0xe8,
    0x10, 0xe8, 0x0f, 0xe8, 0x10, 0xe8, 0x10, 0xe8, 0x0f, 0xe8, 0x10, 0xe8,
    0x10, 0xe0, 0x10, 0xe8, 0x0f, 0xe8, 0x10, 0xe0, 0x10, 0xe8, 0x10, 0xe8,
    0x0f, 0xe0, 0x10, 0xe8, 0x10, 0xe8, 0x10, 0xe8, 0x0f, 0xe8, 0x10, 0xe8,
    0x10, 0xe0, 0x0f, 0xe0, 0x0f, 0xe0, 0x0f, 0xe0, 0x0f, 0xd8, 0x0f, 0xd8,
    0x0f, 0xd0, 0x0f, 0xd8, 0x0f, 0xd8, 0x0f, 0xd8, 0x0f, 0xd8, 0x0f, 0xd8,
    0x0e, 0xd8, 0x0e, 0xd8, 0x0f, 0xd8, 0x0e, 0xd8, 0x0f, 0xd8, 0x0f, 0xd8,
    0x0f, 0xd0, 0x0f, 0xd8, 0x0e, 0xd0, 0x0f, 0xd0, 0x0f, 0xd8, 0x0f, 0xd0,
    0x0f, 0xd0, 0x0f, 0xd8, 0x0f, 0xd8, 0x0f, 0xd0, 0x0f, 0xd8, 0x0f, 0xd8,
    0x0f, 0xd0, 0x0f, 0xd8, 0x0e, 0xd0, 0x0f, 0xd8, 0x0f, 0xd0, 0x0f, 0xd8,
    0x0e, 0xd0, 0x0f, 0xd8, 0x0f, 0xd0, 0x0e, 0xd8, 0x0f, 0xd0, 0x0f, 0xd8,
    0x0e, 0xd8, 0x0f, 0xd8, 0x0f, 0xd8, 0x0f, 0xd8, 0x0f, 0xd8, 0x0f, 0xd8,
    0x0f, 0xd8, 0x0f, 0xd8, 0x0f, 0xe0, 0x0f, 0xe0, 0x0f, 0xe0, 0x0f, 0xe0,
    0x0f, 0xe0, 0x0f, 0xd8, 0x0f, 0xd8, 0x0f, 0xd8, 0x0f, 0xd0, 0x0e, 0xd0,
    0x0e, 0xd0, 0x0e, 0xd0, 0x0e, 0xd0, 0x0e, 0xd0, 0x0e, 0xd0, 0x0f, 0xd0,
    0x0f, 0xd8, 0x0e, 0xd0, 0x0f, 0xd0, 0x0e, 0xd0, 0x0f, 0xd8, 0x0e, 0xd8,
    0x0f, 0xd8, 0x0f, 0xd8, 0x0e, 0xd8, 0x0f, 0xd8, 0x0f, 0xd8, 0x0f, 0xd8,
    0x0f, 0xd8, 0x0f, 0xe0, 0x0f, 0xe0, 0x10, 0xd8, 0x0f, 0xd8, 0x0f, 0xe0,
    0x0f, 0xe0, 0x0f, 0xe0, 0x10, 0xe0, 0x0f, 0xe0, 0x10, 0xe0, 0x10, 0xe0,
    0x0f, 0xe0, 0x0f, 0xe0, 0x10, 0xe8, 0x10, 0xe8, 0x0f, 0xe0, 0x10, 0xe0,
    0x10, 0xe8, 0x10, 0xe8, 0x10, 0xe8, 0x10, 0xe8, 0x10, 0xe8, 0x10, 0xe8,
    0x10, 0xe0, 0x10, 0xe0, 0x0f, 0xe0, 0x10, 0xe0, 0x10, 0xe0, 0x0f, 0xe0,
    0x0f, 0xe0, 0x10, 0xe8, 0x10, 0xe8, 0x10, 0xe0, 0x10, 0xe0, 0x10, 0xe8,
    0x10, 0xe8, 0x10, 0xe8, 0x10, 0xe0, 0x10, 0xe8, 0x10, 0xe8, 0x0f, 0xe8,
    0x10, 0xe8, 0x0f, 0xe0, 0x10, 0xe8, 0x0f, 0xe8, 0x0f, 0xe8, 0x10, 0xe8,
    0x10, 0xe0, 0x0f, 0xe8, 0x0f, 0xe8, 0x10, 0xe8, 0x10, 0xe0, 0x10, 0xe8,
    0x10, 0xe0, 0x0f, 0xe8, 0x10, 0xe8, 0x10, 0xe8, 0x0f, 0xe0, 0x10, 0xe8,
    0x10, 0xe0, 0x10, 0xe8, 0x0f, 0xe8, 0x10, 0xe0, 0x10, 0xe8, 0x10, 0xe8,
    0x10, 0xe0, 0x10, 0xe8, 0x0f, 0xe8, 0x10, 0xe0, 0x0f, 0xe8, 0x10, 0xe8,
    0x10, 0xe8, 0x10, 0xe8, 0x0f, 0xe0, 0x10, 0xe8, 0x0f, 0xe8, 0x10, 0xe0,
    0x0f, 0xe8, 0x10, 0xe8, 0x0f, 0xe0, 0x10, 0xe8, 0x0f, 0xe0, 0x10, 0xe8,
    0x10, 0xe8, 0x10, 0xe8, 0x0f, 0xe8, 0x10, 0xe8, 0x10, 0xe8, 0x0f, 0xe0,
    0x10, 0xe8, 0x10, 0xe8, 0x10, 0xe8, 0x10, 0xe8, 0x10, 0xe8, 0x10, 0xe8,
    0x10, 0xe8, 0x10, 0xe0, 0x0f, 0xe8, 0x10, 0xe8, 0x10, 0xe0, 0x10, 0xe0,
    0x10, 0xe8, 0x10, 0xe8, 0x10, 0xe8, 0x10, 0xe8, 0x0f, 0xe0, 0x10, 0xe8,
    0x10, 0xe0, 0x10, 0xe8, 0x10, 0xe0, 0x10, 0xe0, 0x0f, 0xe8, 0x10, 0xe0,
    0x10, 0xe8, 0x10, 0xe8, 0x10, 0xe8, 0x0f, 0xe0, 0x10, 0xe8, 0x10, 0xe0,
    0x10, 0xe8, 0x10, 0xe0, 0x10, 0xe8, 0x10, 0xe8, 0x10, 0xe8, 0x0f, 0xe0,
    0x10, 0xe8, 0x10, 0xe8, 0x0f, 0xe8, 0x10, 0xe8, 0x10, 0xe8, 0x10, 0xe8,
    0x0f, 0xe0, 0x10, 0xe8, 0x10, 0xe0, 0x0f, 0xe8, 0x10, 0xe8, 0x10, 0xe0,
    0x10, 0xe8, 0x0f, 0xe8, 0x10, 0xe0, 0x10, 0xe0, 0x10, 0xe8, 0x10, 0xe0,
    0x10, 0xe8, 0x10, 0xe8, 0x10, 0xe8, 0x10, 0xe8, 0x10, 0xe0, 0x10, 0xe8,
    0x10, 0xe8, 0x0f, 0xe0, 0x10, 0xe8, 0x10, 0xe8, 0x0f, 0xe8, 0x10, 0xe8,
    0x10, 0xe8, 0x0f, 0xe8, 0x10, 0xe0, 0x10, 0xe8, 0x10, 0xe8, 0x10, 0xe8,
    0x10, 0xe8, 0x0f, 0xe0, 0x10, 0xe8, 0x0f, 0xe8, 0x10, 0xe8, 0x0f, 0xe8,
    0x10, 0xe8, 0x10, 0xe0, 0x10, 0xe0, 0x10, 0xe8, 0x10, 0xe0, 0x10, 0xe8,
    0x10, 0xe8, 0x0f, 0xe0, 0x0f, 0xe8, 0x10, 0xe8, 0x0f, 0xe0, 0x10, 0xe8,
    0x10, 0xe8, 0x0f, 0xe8, 0x10, 0xe8, 0x10, 0xe8, 0x10, 0xe0, 0x0f, 0xe8,
    0x10, 0xe0, 0x10, 0xe8, 0x10, 0xe8, 0x10, 0xe0, 0x10, 0xe8, 0x10, 0xe8,
    0x10, 0xe8, 0x0f, 0xe8, 0x10, 0xe0, 0x10, 0xe8, 0x0f, 0xe8, 0x10, 0xe8,
    0x10, 0xe8, 0x10, 0xe0, 0x10, 0xe0, 0x0f, 0xe0, 0x0f, 0xe0, 0x0f, 0xd8,
    0x0f, 0xd8, 0x0f, 0xd8, 0x0f, 0xd8, 0x0f, 0xd8, 0x0f, 0xd8, 0x0f, 0xd8,
    0x0f, 0xd8, 0x0f, 0xd8, 0x0f, 0xd8, 0x0f, 0xd8, 0x0f, 0xd8, 0x0f, 0xd8,
    0x0f, 0xd8, 0x0f, 0xd8, 0x0f, 0xd8, 0x0f, 0xd8, 0x0f, 0xd8, 0x0f, 0xd8,
    0x0f, 0xd8, 0x0e, 0xd8, 0x0f, 0xd8, 0x0f, 0xd8, 0x0e, 0xd8, 0x0f, 0xd8,
    0x0f, 0xd8, 0x0e, 0xd8, 0x0f, 0xd8, 0x0f, 0xd8, 0x0f, 0xd8, 0x0f, 0xd8,
    0x0f, 0xd8, 0x0f, 0xd8, 0x0f, 0xd8, 0x0f, 0xd8, 0x0f, 0xd8, 0x0f, 0xd8,
    0x0f, 0xd8, 0x0f, 0xd8, 0x0f, 0xd8, 0x0f, 0xd8, 0x0e, 0xd0, 0x0f, 0xd8,
    0x0e, 0xd8, 0x0f, 0xd8, 0x0f, 0xd8, 0x0e, 0xd8, 0x0f, 0xd8, 0x0f, 0xd8,
    0x0f, 0xd8, 0x0f, 0xd8, 0x0f, 0xd8, 0x0f, 0xd8, 0x0f, 0xd8, 0x0f, 0xe0,
    0x10, 0xe0, 0x0f, 0xe0, 0x0f, 0xe0, 0x10, 0xd8, 0x0f, 0xd8, 0x0f, 0xd8,
    0x0f, 0xd0, 0x0f, 0xd0, 0x0e, 0xd0, 0x0e, 0xd0, 0x0e, 0xd0, 0x0e, 0xd0,
    0x0e, 0xd0, 0x0f, 0xd0, 0x0e, 0xd0, 0x0e, 0xd8, 0x0f, 0xd8, 0x0e, 0xd8,
    0x0f, 0xd8, 0x0f, 0xd8, 0x0f, 0xd8, 0x0f, 0xd8, 0x0f, 0xd8, 0x0f, 0xd8,
    0x0f, 0xe0, 0x0f, 0xd8, 0x10, 0xe0, 0x0f, 0xe0, 0x0f, 0xd8, 0x0f, 0xe0,
    0x0f, 0xe0, 0x0f, 0xe0, 0x0f, 0xe0, 0x10, 0xe0, 0x0f, 0xe0, 0x10, 0xe0,
    0x0f, 0xe0, 0x10, 0xe0, 0x10, 0xe8, 0x10, 0xe0, 0x0f, 0xe0, 0x10, 0xe0,
    0x0f, 0xe0, 0x10, 0xe8, 0x10, 0xe8, 0x0f, 0xe8, 0x10, 0xe8, 0x10, 0xe8,
    0x10, 0xe8, 0x10, 0xe8, 0x0f, 0xe0, 0x0f, 0xe0, 0x10, 0xe0, 0x0f, 0xe0,
    0x0f, 0xe0, 0x10, 0xe8, 0x0f, 0xe0, 0x10, 0xe8, 0x10, 0xe8, 0x0f, 0xe0,
    0x10, 0xe8, 0x10, 0xe8, 0x10, 0xe0, 0x10, 0xe8, 0x0f, 0xe8, 0x10, 0xe8,
    0x10, 0xe0, 0x10, 0xe8, 0x10, 0xe8, 0x10, 0xe8, 0x0f, 0xe8, 0x10, 0xe0,
    0x10, 0xe8, 0x0f, 0xe8, 0x10, 0xe8, 0x0f, 0xe8, 0x10, 0xe8, 0x10, 0xe0,
    0x0f, 0xe8, 0x10, 0xe8, 0x10, 0xe8, 0x10, 0xe8, 0x10, 0xe8, 0x0f, 0xe0,
    0x10, 0xe8, 0x10, 0xe8, 0x10, 0xe8, 0x0f, 0xe8, 0x10, 0xe8, 0x10, 0xe8,
    0x10, 0xe8, 0x10, 0xe0, 0x0f, 0xe8, 0x10, 0xe0, 0x10, 0xe8, 0x0f, 0xe8,
    0x10, 0xe8, 0x10, 0xe8, 0x10, 0xe8, 0x10, 0xe8, 0x10, 0xe8, 0x0f, 0xe8,
    0x10, 0xe0, 0x10, 0xe8, 0x10, 0xe8, 0x0f, 0xe0, 0x10, 0xe8, 0x10, 0xe8,
    0x10, 0xe0, 0x0f, 0xe8, 0x10, 0xe0, 0x10, 0xe8, 0x0f, 0xe8, 0x10, 0xe0,
    0x0f, 0xe8, 0x10, 0xe0, 0x0f, 0xe0, 0x10, 0xe8, 0x10, 0xe8, 0x0f, 0xe0,
    0x10, 0xe8, 0x10, 0xe8, 0x0f, 0xe8, 0x0f, 0xe8, 0x10, 0xe0, 0x0f, 0xe0,
    0x10, 0xe8, 0x10, 0xe8, 0x10, 0xe8, 0x0f, 0xe8, 0x10, 0xe8, 0x0f, 0xe8,
    0x10, 0xe8, 0x10, 0xe8, 0x10, 0xe8, 0x0f, 0xe8, 0x10, 0xe0, 0x10, 0xe8,
    0x0f, 0xe8, 0x10, 0xe8, 0x10, 0xe8, 0x0f, 0xe8, 0x10, 0xe0, 0x10, 0xe8,
    0x0f, 0xe8, 0x10, 0xe0, 0x10, 0xe8, 0x10, 0xe8, 0x0f, 0xe8, 0x10, 0xe0,
    0x10, 0xe8, 0x10, 0xe0, 0x10, 0xe8, 0x10, 0xe8, 0x0f, 0xe8, 0x10, 0xe8,
    0x10, 0xe8, 0x10, 0xe8, 0x10, 0xe8, 0x0f, 0xe8, 0x10, 0xe0, 0x10, 0xe8,
    0x10, 0xe8, 0x0f, 0xe8, 0x0f, 0xe8, 0x10, 0xe0, 0x0f, 0xe8, 0x10, 0xe0,
    0x0f, 0xe8, 0x10, 0xe8, 0x0f, 0xe8, 0x10, 0xe8, 0x10, 0xe8, 0x10, 0xe8,
    0x0f, 0xe0, 0x10, 0xe8, 0x10, 0xe0, 0x0f, 0xe8, 0x10, 0xe8, 0x10, 0xe8,
    0x10, 0xe8, 0x0f, 0xe8, 0x10, 0xe0, 0x10, 0xe8, 0x10, 0xe8, 0x10, 0xe8,
    0x10, 0xe0, 0x10, 0xe8, 0x0f, 0xe0, 0x10, 0xe0, 0x10, 0xe8, 0x0f, 0xe8,
    0x10, 0xe8, 0x0f, 0xe8, 0x10, 0xe0, 0x10, 0xe8, 0x10, 0xe8, 0x10, 0xe8,
    0x10, 0xe8, 0x10, 0xe8, 0x0f, 0xe8, 0x10, 0xe0, 0x10, 0xe8, 0x0f, 0xe8,
    0x10, 0xe8, 0x10, 0xe0, 0x0f, 0xe8, 0x10, 0xe8, 0x10, 0xe8, 0x0f, 0xe0,
    0x10, 0xe8, 0x0f, 0xe8, 0x0f, 0xe8, 0x10, 0xe0, 0x10, 0xe8, 0x0f, 0xe8,
    0x10, 0xe8, 0x10, 0xe0, 0x10, 0xe0, 0x0f, 0xe0, 0x0f, 0xe0, 0x0f, 0xe0,
    0x0f, 0xd8, 0x0f, 0xd8, 0x0f, 0xd8, 0x0f, 0xd8, 0x0f, 0xd8, 0x0f, 0xd8,
    0x0f, 0xd8, 0x0f, 0xd8, 0x0f, 0xd8, 0x0f, 0xd8, 0x0f, 0xd8, 0x0f, 0xd8,
    0x0f, 0xd8, 0x0f, 0xd8, 0x0f, 0xd8, 0x0f, 0xd8, 0x0f, 0xd8, 0x0f, 0xd8,
    0x0f, 0xd8, 0x0e, 0xd8, 0x0f, 0xd8, 0x0f, 0xd8, 0x0f, 0xd8, 0x0f, 0xd8,
    0x0f, 0xd8, 0x0f, 0xd8, 0x0f, 0xd8, 0x0f, 0xd8, 0x0f, 0xd8, 0x0f, 0xd8,
    0x0f, 0xd8, 0x0f, 0xd8, 0x0f, 0xd8, 0x0f, 0xd8, 0x0f, 0xd8, 0x0f, 0xd8,
    0x0f, 0xd8, 0x0f, 0xd8, 0x0f, 0xd8, 0x0f, 0xd8, 0x0f, 0xd8, 0x0f, 0xd8,
    0x0f, 0xd8, 0x0f, 0xd8, 0x0f, 0xd0, 0x0e, 0xd0, 0x0e, 0xd8, 0x0f, 0xd8,
    0x0e, 0xd8, 0x0f, 0xd8, 0x0f, 0xd8, 0x0f, 0xd8, 0x0f, 0xd8, 0x0f, 0xd8,
    0x0f, 0xd8, 0x0f, 0xd8, 0x0f, 0xd8, 0x0f, 0xe0, 0x0f, 0xe0, 0x0f, 0xd8,
    0x0f, 0xe0, 0x0f, 0xe0, 0x10, 0xe0, 0x0f, 0xe0, 0x0f, 0xe0, 0x0f, 0xe0,
    0x0f, 0xe0, 0x0f, 0xd8, 0x0f, 0xd8, 0x0e, 0xd8, 0x0f, 0xd0, 0x0e, 0xd0,
    0x0e, 0xd0, 0x0f, 0xd0, 0x0e, 0xd0, 0x0f, 0xd8, 0x0f, 0xd8, 0x0e, 0xd8,
    0x0f, 0xd8, 0x0f, 0xd8, 0x0f, 0xd8, 0x0f, 0xd8, 0x0f, 0xd8, 0x0f, 0xd8,
    0x0f, 0xe0, 0x10, 0xe0, 0x0f, 0xd8, 0x10, 0xe0, 0x0f, 0xe0, 0x0f, 0xe0,
    0x0f, 0xe0, 0x10, 0xe0, 0x10, 0xe0, 0x0f, 0xe0, 0x0f, 0xe0, 0x0f, 0xe0,
    0x10, 0xe0, 0x10, 0xe8, 0x10, 0xe8, 0x0f, 0xe0, 0x10, 0xe0, 0x10, 0xe8,
    0x0f, 0xe8, 0x10, 0xe8, 0x10, 0xe8, 0x10, 0xe8, 0x10, 0xe8, 0x10, 0xe8,
    0x10, 0xe8, 0x10, 0xe8, 0x10, 0xe8, 0x10, 0xe0, 0x10, 0xe0, 0x10, 0xe8,
    0x0f, 0xe0, 0x10, 0xe0, 0x10, 0xe8, 0x0f, 0xe8, 0x10, 0xe8, 0x0f, 0xe8,
    0x10, 0xe0, 0x10, 0xe8, 0x10, 0xe8, 0x10, 0xe8, 0x10, 0xe8, 0x10, 0xe0,
    0x10, 0xe8, 0x0f, 0xe0, 0x10, 0xe8, 0x10, 0xe8, 0x10, 0xe0, 0x10, 0xe8,
    0x10, 0xe8, 0x10, 0xe0, 0x10, 0xe8, 0x10, 0xe8, 0x10, 0xe0, 0x10, 0xe8,
    0x0f, 0xe8, 0x10, 0xe0, 0x10, 0xe8, 0x10, 0xe8, 0x0f, 0xe0, 0x10, 0xe8,
    0x10, 0xe0, 0x0f, 0xe8, 0x10, 0xe0, 0x10, 0xe8, 0x0f, 0xe8, 0x10, 0xe8,
    0x10, 0xe8, 0x10, 0xe8, 0x10, 0xe0, 0x10, 0xe8, 0x10, 0xe0, 0x10, 0xe8,
    0x0f, 0xe0, 0x10, 0xe8, 0x10, 0xe8, 0x10, 0xe0, 0x10, 0xe8, 0x10, 0xe8,
    0x10, 0xe8, 0x0f, 0xe8, 0x10, 0xe0, 0x10, 0xe8, 0x10, 0xe8, 0x10, 0xe8,
    0x10, 0xe8, 0x10, 0xe8, 0x10, 0xe8, 0x10, 0xe8, 0x10, 0xe8, 0x0f, 0xe8,
    0x10, 0xe8, 0x10, 0xe8, 0x0f, 0xe8, 0x10, 0xe8, 0x10, 0xe0, 0x10, 0xe8,
    0x10, 0xe8, 0x10, 0xe8, 0x10, 0xe8, 0x10, 0xe8, 0x0f, 0xe0, 0x10, 0xe8,
    0x10, 0xe8, 0x10, 0xe0, 0x0f, 0xe8, 0x10, 0xe8, 0x10, 0xe0, 0x0f, 0xe8,
    0x10, 0xe8, 0x10, 0xe8, 0x0f, 0xe8, 0x10, 0xe0, 0x10, 0xe8, 0x10, 0xe8,
    0x10, 0xe0, 0x0f, 0xe8, 0x10, 0xe8, 0x10, 0xe8, 0x0f, 0xe8, 0x10, 0xe8,
    0x10, 0xe0, 0x0f, 0xe8, 0x10, 0xe8, 0x10, 0xe8, 0x0f, 0xe0, 0x10, 0xe8,
    0x0f, 0xe8, 0x10, 0xe0, 0x10, 0xe8, 0x0f, 0xe0, 0x10, 0xe8, 0x10, 0xe0,
    0x0f, 0xe8, 0x10, 0xe8, 0x10, 0xe8, 0x10, 0xe8, 0x10, 0xe8, 0x10, 0xe8,
    0x10, 0xe8, 0x10, 0xe8, 0x10, 0xe8, 0x0f, 0xe8, 0x10, 0xe0, 0x10, 0xe8,
    0x10, 0xe0, 0x0f, 0xe8, 0x10, 0xe8, 0x10, 0xe0, 0x10, 0xe8, 0x10, 0xe8,
    0x10, 0xe8, 0x0f, 0xe0, 0x10, 0xe0, 0x10, 0xe8, 0x0f, 0xe8, 0x10, 0xe0,
    0x10, 0xe8, 0x0f, 0xe8, 0x0f, 0xe0, 0x10, 0xe8, 0x10, 0xe8, 0x10, 0xe8,
    0x10, 0xe0, 0x10, 0xe8, 0x10, 0xe8, 0x10, 0xe8, 0x0f, 0xe8, 0x10, 0xe8,
    0x0f, 0xe8, 0x10, 0xe8, 0x0f, 0xe0, 0x10, 0xe8, 0x10, 0xe0, 0x10, 0xe8,
    0x10, 0xe8, 0x10, 0xe8, 0x10, 0xe0, 0x10, 0xe8, 0x10, 0xe8, 0x10, 0xe8,
    0x10, 0xe8, 0x10, 0xe8, 0x10, 0xe8, 0x10, 0xe8, 0x10, 0xe0, 0x10, 0xe8,
    0x10, 0xe8, 0x10, 0xe0, 0x10, 0xe8, 0x10, 0xe0, 0x0f, 0xe0, 0x0f, 0xe0,
    0x0f, 0xe0, 0x0f, 0xd8, 0x0f, 0xd8, 0x0f, 0xd8, 0x0f, 0xd8, 0x0f, 0xd8,
    0x0f, 0xe0, 0x0f, 0xd8, 0x0f, 0xd8, 0x0f, 0xd8, 0x0f, 0xd8, 0x0f, 0xe0,
    0x0f, 0xd8, 0x0f, 0xd8, 0x0f, 0xd8, 0x0f, 0xd8, 0x0f, 0xd8, 0x0f, 0xd8,
    0x0f, 0xd8, 0x0f, 0xd8, 0x0f, 0xd8, 0x0f, 0xd8, 0x0f, 0xd8, 0x0f, 0xd8,
    0x0f, 0xd8, 0x0f, 0xd8, 0x0f, 0xd8, 0x0f, 0xd8, 0x0f, 0xd8, 0x0f, 0xd8,
    0x0f, 0xd8, 0x0f, 0xd8, 0x0f, 0xd8, 0x0f, 0xd8, 0x0f, 0xd8, 0x0f, 0xd8,
    0x0f, 0xd8, 0x0f, 0xd8, 0x0f, 0xd8, 0x0f, 0xd8, 0x0f, 0xd8, 0x0f, 0xd8,
    0x0f, 0xd8, 0x0f, 0xd8, 0x0f, 0xd8, 0x0f, 0xd8, 0x0f, 0xd8, 0x0f, 0xd8,
    0x0e, 0xd0, 0x0f, 0xd0, 0x0f, 0xd0, 0x0e, 0xd0, 0x0f, 0xd8, 0x0f, 0xd8,
    0x0f, 0xd8, 0x0e, 0xd8, 0x0f, 0xd8, 0x0f, 0xd8, 0x0f, 0xd8, 0x0f, 0xd8,
    0x0f, 0xd8, 0x0f, 0xd8, 0x0f, 0xd8, 0x0f, 0xd8, 0x0f, 0xe0, 0x0f, 0xe0,
    0x0f, 0xd8, 0x0f, 0xe0, 0x0f, 0xe0, 0x0f, 0xe0, 0x10, 0xe0, 0x10, 0xe0,
    0x10, 0xe0, 0x0f, 0xe0, 0x0f, 0xe0, 0x0f, 0xe0, 0x0f, 0xd8, 0x0f, 0xd8,
    0x0e, 0xd0, 0x0e, 0xd0, 0x0e, 0xd8, 0x0f, 0xd8, 0x0e, 0xd8, 0x0f, 0xd8,
    0x0f, 0xd8, 0x0f, 0xd8, 0x0f, 0xd8, 0x0f, 0xd8, 0x0f, 0xd8, 0x0f, 0xd8,
    0x0f, 0xe0, 0x0f, 0xd8, 0x10, 0xe0, 0x0f, 0xd8, 0x0f, 0xe0, 0x0f, 0xe0,
    0x0f, 0xe0, 0x10, 0xe0, 0x10, 0xe0, 0x0f, 0xe8, 0x0f, 0xe0, 0x0f, 0xe0,
    0x10, 0xe8, 0x10, 0xe8, 0x10, 0xe0, 0x10, 0xe0, 0x10, 0xe8, 0x10, 0xe0,
    0x0f, 0xe8, 0x0f, 0xe8, 0x10, 0xe0, 0x10, 0xe8, 0x0f, 0xe8, 0x10, 0xe8,
    0x10, 0xe8, 0x10, 0xe8, 0x10, 0xe8, 0x10, 0xe0, 0x10, 0xe8, 0x10, 0xe0,
    0x10, 0xe0, 0x10, 0xe8, 0x10, 0xe8, 0x10, 0xe0, 0x0f, 0xe8, 0x10, 0xe8,
    0x10, 0xe0, 0x0f, 0xe8, 0x0f, 0xe8, 0x10, 0xe8, 0x10, 0xe8, 0x10, 0xe8,
    0x10, 0xe8, 0x0f, 0xe8, 0x10, 0xe8, 0x10, 0xe0, 0x0f, 0xe8, 0x10, 0xe8,
    0x0f, 0xe8, 0x10, 0xe8, 0x10, 0xe8, 0x0f, 0xe0, 0x10, 0xe8, 0x10, 0xe8,
    0x0f, 0xe8, 0x10, 0xe8, 0x10, 0xe8, 0x10, 0xe8, 0x10, 0xe8, 0x10, 0xe8,
    0x0f, 0xe0, 0x10, 0xe8, 0x10, 0xe8, 0x0f, 0xe0, 0x10, 0xe8, 0x0f, 0xe8,
    0x10, 0xe8, 0x0f, 0xe0, 0x10, 0xe8, 0x10, 0xe8, 0x0f, 0xe8, 0x10, 0xe0,
    0x10, 0xe8, 0x0f, 0xe8, 0x10, 0xe8, 0x0f, 0xe0, 0x10, 0xe8, 0x10, 0xe8,
    0x0f, 0xe8, 0x10, 0xe0, 0x0f, 0xe8, 0x10, 0xe8, 0x0f, 0xe0, 0x0f, 0xe0,
    0x10, 0xe8, 0x10, 0xe8, 0x10, 0xe0, 0x10, 0xe8, 0x10, 0xe8, 0x10, 0xe0,
    0x10, 0xe8, 0x10, 0xe8, 0x0f, 0xe8, 0x10, 0xe0, 0x10, 0xe8, 0x0f, 0xe0,
    0x10, 0xe8, 0x10, 0xe8, 0x10, 0xe8, 0x0f, 0xe8, 0x10, 0xe0, 0x10, 0xe8,
    0x10, 0xe8, 0x10, 0xe0, 0x10, 0xe8, 0x0f, 0xe8, 0x10, 0xe0, 0x10, 0xe8,
    0x10, 0xe8, 0x10, 0xe0, 0x0f, 0xe8, 0x10, 0xe8, 0x10, 0xe0, 0x10, 0xe8,
    0x10, 0xe8, 0x10, 0xe0, 0x10, 0xe8, 0x10, 0xe8, 0x0f, 0xe8, 0x10, 0xe0,
    0x10, 0xe8, 0x10, 0xe8, 0x10, 0xe8, 0x0f, 0xe8, 0x10, 0xe8, 0x10, 0xe8,
    0x10, 0xe0, 0x10, 0xe8, 0x0f, 0xe8, 0x10, 0xe8, 0x10, 0xe0, 0x10, 0xe8,
    0x0f, 0xe0, 0x0f, 0xe0, 0x10, 0xe8, 0x10, 0xe0, 0x0f, 0xe0, 0x10, 0xe8,
    0x10, 0xe8, 0x10, 0xe8, 0x10, 0xe8, 0x10, 0xe0, 0x10, 0xe8, 0x0f, 0xe8,
    0x10, 0xe0, 0x10, 0xe8, 0x0f, 0xe8, 0x10, 0xe8, 0x10, 0xe8, 0x10, 0xe8,
    0x10, 0xe8, 0x10, 0xe8, 0x10, 0xe0, 0x10, 0xe8, 0x10, 0xe8, 0x10, 0xe8,
    0x10, 0xe8, 0x0f, 0xe0, 0x10, 0xe8, 0x0f, 0xe8, 0x10, 0xe8, 0x0f, 0xe8,
    0x10, 0xe0, 0x10, 0xe0, 0x10, 0xe8, 0x10, 0xe0, 0x10, 0xe8, 0x10, 0xe8,
    0x0f, 0xe8, 0x10, 0xe8, 0x0f, 0xe0, 0x10, 0xe8, 0x10, 0xe8, 0x0f, 0xe0,
    0x0f, 0xe8, 0x10, 0xe8, 0x0f, 0xe0, 0x10, 0xe8, 0x10, 0xe0, 0x0f, 0xe0,
    0x0f, 0xe8, 0x10, 0xe8, 0x10, 0xe8, 0x0f, 0xe8, 0x0f, 0xe8, 0x0f, 0xe0,
    0x0f, 0xe0, 0x0f, 0xe0, 0x0f, 0xe0, 0x0f, 0xe0, 0x0f, 0xe0, 0x0f, 0xe0,
    0x0f, 0xe0, 0x0f, 0xe0, 0x0f, 0xe0, 0x0f, 0xe0, 0x0f, 0xe0, 0x0f, 0xe0,
    0x0f, 0xe0, 0x0f, 0xe0, 0x0f, 0xe0, 0x0f, 0xe0, 0x0f, 0xe0, 0x0f, 0xe0,
    0x0f, 0xe0, 0x0f, 0xe0, 0x0f, 0xe0, 0x0f, 0xe0, 0x0f, 0xe0, 0x0f, 0xe0,
    0x0f, 0xe0, 0x0f, 0xe0, 0x0f, 0xe0, 0x0f, 0xe0, 0x0f, 0xe0, 0x0f, 0xe0,
    0x0f, 0xe0, 0x0f, 0xe0, 0x0f, 0xe0, 0x0f, 0xe0, 0x0f, 0xe0, 0x0f, 0xe0,
    0x0f, 0xe0, 0x0f, 0xe0, 0x0f, 0xe0, 0x0f, 0xe0, 0x0f, 0xe0, 0x0f, 0xe0,
    0x0f, 0xe0, 0x0f, 0xe0, 0x0f, 0xe0, 0x0f, 0xe0, 0x0f, 0xe0, 0x0f, 0xe0,
    0x0f, 0xe0, 0x0f, 0xe0, 0x0f, 0xe0, 0x0f, 0xe0, 0x0e, 0xd0, 0x0e, 0xd8,
    0x0f, 0xd0, 0x0e, 0xd0, 0x0e, 0xd0, 0x0e, 0xd0, 0x0f, 0xd8, 0x0e, 0xd8,
    0x0f, 0xd8, 0x0f, 0xd8, 0x0f, 0xd8, 0x0f, 0xd8, 0x0f, 0xd8, 0x0f, 0xd8,
    0x0f, 0xd8, 0x0f, 0xe0, 0x0f, 0xd8, 0x0f, 0xd8, 0x10, 0xe0, 0x0f, 0xd8,
    0x10, 0xd8, 0x0f, 0xe0, 0x0f, 0xe0, 0x0f, 0xe0, 0x0f, 0xe0, 0x0f, 0xe0,
    0x10, 0xe0, 0x10, 0xe0, 0x10, 0xe0, 0x0f, 0xe0, 0x10, 0xe0, 0x0f, 0xd8,
    0x0f, 0xd8, 0x0f, 0xd8, 0x0f, 0xd8, 0x0e, 0xd8, 0x0f, 0xd8, 0x0f, 0xd8,
    0x0f, 0xd8, 0x0f, 0xd8, 0x0f, 0xd8, 0x0f, 0xe0, 0x0f, 0xd8, 0x0f, 0xe0,
    0x0f, 0xe0, 0x10, 0xd8, 0x0f, 0xe0, 0x0f, 0xe0, 0x0f, 0xe0, 0x0f, 0xe0,
    0x10, 0xe0, 0x10, 0xe0, 0x0f, 0xe0, 0x10, 0xe0, 0x0f, 0xe0, 0x0f, 0xe0,
    0x10, 0xe8, 0x0f, 0xe8, 0x10, 0xe0, 0x10, 0xe0, 0x10, 0xe8, 0x10, 0xe8,
    0x10, 0xe0, 0x0f, 0xe8, 0x10, 0xe8, 0x10, 0xe0, 0x0f, 0xe8, 0x0f, 0xe8,
    0x10, 0xe8, 0x0f, 0xe8, 0x10, 0xe8, 0x0f, 0xe8, 0x10, 0xe0, 0x0f, 0xe0,
    0x10, 0xe8, 0x10, 0xe8, 0x0f, 0xe8, 0x10, 0xe8, 0x10, 0xe0, 0x10, 0xe8,
    0x10, 0xe0, 0x0f, 0xe8, 0x10, 0xe0, 0x10, 0xe8, 0x0f, 0xe0, 0x10, 0xe8,
    0x10, 0xe8, 0x0f, 0xe8, 0x10, 0xe0, 0x10, 0xe8, 0x0f, 0xe0, 0x10, 0xe8,
    0x10, 0xe8, 0x0f, 0xe8, 0x10, 0xe0, 0x10, 0xe8, 0x10, 0xe8, 0x0f, 0xe0,
    0x10, 0xe8, 0x0f, 0xe8, 0x10, 0xe0, 0x10, 0xe8, 0x10, 0xe8, 0x10, 0xe8,
    0x10, 0xe0, 0x10, 0xe8, 0x10, 0xe8, 0x10, 0xe0, 0x0f, 0xe8, 0x10, 0xe8,
    0x10, 0xe8, 0x10, 0xe8, 0x10, 0xe8, 0x10, 0xe8, 0x0f, 0xe0, 0x10, 0xe8,
    0x10, 0xe8, 0x10, 0xe8, 0x10, 0xe0, 0x10, 0xe8, 0x10, 0xe8, 0x10, 0xe8,
    0x10, 0xe0, 0x10, 0xe8, 0x10, 0xe8, 0x10, 0xe8, 0x0f, 0xe8, 0x10, 0xe0,
    0x0f, 0xe8, 0x10, 0xe8, 0x0f, 0xe0, 0x10, 0xe8, 0x10, 0xe8, 0x0f, 0xe0,
    0x10, 0xe8, 0x10, 0xe8, 0x0f, 0xe8, 0x10, 0xe8, 0x10, 0xe0, 0x0f, 0xe8,
    0x10, 0xe8, 0x10, 0xe0, 0x0f, 0xe8, 0x10, 0xe8, 0x10, 0xe8, 0x0f, 0xe8,
    0x10, 0xe8, 0x10, 0xe8, 0x10, 0xe0, 0x0f, 0xe8, 0x10, 0xe8, 0x10, 0xe8,
    0x0f, 0xe8, 0x10, 0xe8, 0x10, 0xe8, 0x0f, 0xe8, 0x10, 0xe8, 0x0f, 0xe0,
    0x10, 0xe8, 0x10, 0xe8, 0x10, 0xe8, 0x10, 0xe8, 0x0f, 0xe0, 0x10, 0xe8,
    0x10, 0xe8, 0x10, 0xe0, 0x10, 0xe8, 0x0f, 0xe8, 0x10, 0xe8, 0x10, 0xe8,
    0x10, 0xe8, 0x0f, 0xe8, 0x10, 0xe8, 0x10, 0xe8, 0x10, 0xe8, 0x10, 0xe8,
    0x10, 0xe8, 0x0f, 0xe8, 0x10, 0xe8, 0x10, 0xe0, 0x0f, 0xe8, 0x10, 0xe8,
    0x0f, 0xe0, 0x10, 0xe8, 0x10, 0xe8, 0x10, 0xe8, 0x0f, 0xe8, 0x10, 0xe8,
    0x10, 0xe0, 0x0f, 0xe0, 0x10, 0xe8, 0x0f, 0xe8, 0x10, 0xe8, 0x0f, 0xe0,
    0x10, 0xe8, 0x0f, 0xe8, 0x10, 0xe0, 0x10, 0xe8, 0x10, 0xe8, 0x10, 0xe8,
    0x10, 0xe0, 0x10, 0xe8, 0x0f, 0xe8, 0x10, 0xe8, 0x10, 0xe8, 0x0f, 0xe8,
    0x10, 0xe8, 0x10, 0xe0, 0x10, 0xe8, 0x10, 0xe8, 0x10, 0xe0, 0x10, 0xe8,
    0x10, 0xe8, 0x0f, 0xe8, 0x10, 0xe8, 0x10, 0xe0, 0x10, 0xe8, 0x10, 0xe8,
    0x10, 0xe8, 0x0f, 0xe8, 0x10, 0xe8, 0x10, 0xe8, 0x10, 0xe0, 0x10, 0xe0,
    0x0f, 0xe0, 0x0f, 0xe0, 0x0f, 0xe0, 0x0f, 0xe0, 0x0f, 0xe0, 0x0f, 0xe0,
    0x10, 0xe0, 0x0f, 0xe0, 0x0f, 0xd8, 0x0f, 0xe0, 0x0f, 0xe0, 0x0f, 0xe0,
    0x0f, 0xe0, 0x0f, 0xe0, 0x0f, 0xd8, 0x0f, 0xe0, 0x0f, 0xe0, 0x0f, 0xe0,
    0x0f, 0xe0, 0x0f, 0xe0, 0x0f, 0xe0, 0x0f, 0xe0, 0x0f, 0xe0, 0x0f, 0xe0,
    0x0f, 0xe0, 0x0f, 0xe0, 0x0f, 0xe0, 0x0f, 0xe0, 0x0f, 0xe0, 0x0f, 0xe0,
    0x0f, 0xe0, 0x0f, 0xe0, 0x0f, 0xe0, 0x0f, 0xe0, 0x0f, 0xe0, 0x0f, 0xe0,
    0x0f, 0xe0, 0x0f, 0xe0, 0x0f, 0xe0, 0x0f, 0xe0, 0x0f, 0xe0, 0x0f, 0xe0,
    0x0f, 0xe0, 0x0f, 0xe0, 0x0f, 0xe0, 0x0f, 0xe0, 0x0f, 0xe0, 0x0f, 0xe0,
    0x0f, 0xe0, 0x0f, 0xe0, 0x0f, 0xe0, 0x0f, 0xe0, 0x0f, 0xe0, 0x0f, 0xe0,
    0x0f, 0xe0, 0x0f, 0xe0, 0x0e, 0xd0, 0x0e, 0xd0, 0x0e, 0xd8, 0x0f, 0xd8,
    0x0f, 0xd0, 0x0e, 0xd0, 0x0e, 0xd0, 0x0f, 0xd0, 0x0e, 0xd8, 0x0e, 0xd8,
    0x0f, 0xd8, 0x0f, 0xd8, 0x0f, 0xd8, 0x0f, 0xd8, 0x0f, 0xd8, 0x0f, 0xd8,
    0x0f, 0xe0, 0x0f, 0xd8, 0x0f, 0xd8, 0x0f, 0xe0, 0x0f, 0xe0, 0x0f, 0xd8,
    0x0f, 0xe0, 0x0f, 0xe0, 0x0f, 0xe0, 0x0f, 0xe0, 0x10, 0xe0, 0x0f, 0xe0,
    0x0f, 0xe0, 0x10, 0xe0, 0x10, 0xe0, 0x0f, 0xe0, 0x10, 0xe0, 0x0f, 0xe0,
    0x0f, 0xe0, 0x0f, 0xe0, 0x0f, 0xd8, 0x0f, 0xd8, 0x0e, 0xd8, 0x0f, 0xd8,
    0x0f, 0xd8, 0x0f, 0xd8, 0x0f, 0xd8, 0x0f, 0xe0, 0x0f, 0xd8, 0x0f, 0xd8,
    0x0f, 0xe0, 0x10, 0xe0, 0x0f, 0xd8, 0x0f, 0xe0, 0x0f, 0xe0, 0x10, 0xe0,
    0x10, 0xe0, 0x0f, 0xe0, 0x10, 0xe0, 0x0f, 0xe0, 0x10, 0xe0, 0x10, 0xe8,
    0x0f, 0xe0, 0x10, 0xe0, 0x10, 0xe8, 0x10, 0xe0, 0x0f, 0xe8, 0x10, 0xe8,
    0x10, 0xe8, 0x10, 0xe0, 0x10, 0xe8, 0x10, 0xe8, 0x10, 0xe0, 0x10, 0xe8,
    0x0f, 0xe8, 0x10, 0xe8, 0x10, 0xe8, 0x10, 0xe8, 0x0f, 0xe0, 0x10, 0xe8,
    0x10, 0xe8, 0x10, 0xe0, 0x0f, 0xe8, 0x10, 0xe8, 0x10, 0xe8, 0x10, 0xe8,
    0x0f, 0xe8, 0x10, 0xe0, 0x10, 0xe8, 0x10, 0xe8, 0x10, 0xe0, 0x10, 0xe8,
    0x10, 0xe8, 0x10, 0xe8, 0x10, 0xe8, 0x10, 0xe0, 0x10, 0xe8, 0x10, 0xe8,
    0x10, 0xe8, 0x10, 0xe0, 0x0f, 0xe8, 0x10, 0xe8, 0x10, 0xe0, 0x10, 0xe8,
    0x0f, 0xe8, 0x10, 0xe0, 0x0f, 0xe8, 0x10, 0xe8, 0x0f, 0xe8, 0x10, 0xe8,
    0x10, 0xe8, 0x10, 0xe0, 0x10, 0xe8, 0x10, 0xe8, 0x0f, 0xe0, 0x0f, 0xe0,
    0x10, 0xe8, 0x10, 0xe8, 0x10, 0xe8, 0x10, 0xe0, 0x0f, 0xe8, 0x10, 0xe8,
    0x0f, 0xe8, 0x10, 0xe0, 0x10, 0xe8, 0x0f, 0xe8, 0x10, 0xe8, 0x10, 0xe8,
    0x10, 0xe8, 0x10, 0xe8, 0x10, 0xe0, 0x10, 0xe8, 0x10, 0xe8, 0x0f, 0xe8,
    0x10, 0xe8, 0x10, 0xe8, 0x0f, 0xe8, 0x10, 0xe0, 0x10, 0xe8, 0x10, 0xe8,
    0x10, 0xe0, 0x10, 0xe8, 0x10, 0xe8, 0x10, 0xe8, 0x10, 0xe8, 0x10, 0xe8,
    0x10, 0xe0, 0x0f, 0xe8, 0x10, 0xe0, 0x10, 0xe8, 0x0f, 0xe8, 0x10, 0xe0,
    0x10, 0xe8, 0x10, 0xe8, 0x10, 0xe0, 0x10, 0xe8, 0x10, 0xe0, 0x10, 0xe8,
    0x0f, 0xe0, 0x10, 0xe8, 0x10, 0xe8, 0x0f, 0xe8, 0x10, 0xe0, 0x10, 0xe8,
    0x0f, 0xe0, 0x10, 0xe8, 0x10, 0xe8, 0x0f, 0xe0, 0x10, 0xe8, 0x10, 0xe8,
    0x0f, 0xe0, 0x10, 0xe8, 0x10, 0xe0, 0x10, 0xe8, 0x10, 0xe0, 0x10, 0xe0,
    0x0f, 0xe8, 0x10, 0xe8, 0x10, 0xe0, 0x10, 0xe8, 0x0f, 0xe8, 0x10, 0xe8,
    0x10, 0xe8, 0x10, 0xe8, 0x10, 0xe0, 0x10, 0xe8, 0x0f, 0xe8, 0x10, 0xe8,
    0x10, 0xe0, 0x0f, 0xe8, 0x10, 0xe8, 0x10, 0xe8, 0x10, 0xe8, 0x10, 0xe8,
    0x0f, 0xe0, 0x10, 0xe8, 0x10, 0xe8, 0x10, 0xe8, 0x0f, 0xe8, 0x10, 0xe8,
    0x10, 0xe0, 0x0f, 0xe8, 0x0f, 0xe8, 0x10, 0xe8, 0x10, 0xe8, 0x10, 0xe0,
    0x10, 0xe8, 0x10, 0xe0, 0x10, 0xe8, 0x0f, 0xe8, 0x10, 0xe8, 0x0f, 0xe8,
    0x0f, 0xe8, 0x10, 0xe0, 0x10, 0xe8, 0x0f, 0xe8, 0x10, 0xe0, 0x10, 0xe8,
    0x10, 0xe8, 0x10, 0xe8, 0x0f, 0xe8, 0x10, 0xe0, 0x10, 0xe8, 0x10, 0xe8,
    0x0f, 0xe0, 0x10, 0xe0, 0x0f, 0xe0, 0x0f, 0xe0, 0x0f, 0xe0, 0x10, 0xe0,
    0x0f, 0xe0, 0x10, 0xd8, 0x0f, 0xe0, 0x0f, 0xe0, 0x10, 0xd8, 0x0f, 0xe0,
    0x0f, 0xe0, 0x10, 0xd8, 0x10, 0xe0, 0x0f, 0xd8, 0x10, 0xe0, 0x0f, 0xe0,
    0x0f, 0xd8, 0x10, 0xe0, 0x0f, 0xe0, 0x0f, 0xd8, 0x0f, 0xd8, 0x0f, 0xe0,
    0x0f, 0xd8, 0x0f, 0xd8, 0x0f, 0xe0, 0x0f, 0xd8, 0x0f, 0xe0, 0x0f, 0xd8,
    0x0f, 0xd8, 0x0f, 0xe0, 0x10, 0xd8, 0x0f, 0xd8, 0x0f, 0xe0, 0x10, 0xd8,
    0x0f, 0xe0, 0x0f, 0xd8, 0x10, 0xe0, 0x0f, 0xe0, 0x0f, 0xd8, 0x0f, 0xe0,
    0x0f, 0xe0, 0x0f, 0xd8, 0x0f, 0xe0, 0x0f, 0xd8, 0x0f, 0xd8, 0x0f, 0xe0,
    0x0f, 0xd8, 0x0f, 0xd8, 0x0f, 0xe0, 0x0f, 0xd8, 0x0f, 0xd8, 0x0f, 0xe0,
    0x0f, 0xd8, 0x0f, 0xd8, 0x0f, 0xe0, 0x0f, 0xe0, 0x10, 0xe0, 0x0f, 0xe0,
    0x0e, 0xd0, 0x0e, 0xd0, 0x0e, 0xd0, 0x0f, 0xd0, 0x0e, 0xd0, 0x0e, 0xd8,
    0x0f, 0xd0, 0x0f, 0xd0, 0x0e, 0xd0, 0x0f, 0xd8, 0x0e, 0xd8, 0x0e, 0xd8,
    0x0f, 0xd8, 0x0f, 0xd8, 0x0f, 0xd8, 0x0f, 0xd8, 0x0f, 0xd8, 0x0f, 0xd8,
    0x0f, 0xd8, 0x0f, 0xe0, 0x0f, 0xd8, 0x0f, 0xd8, 0x10, 0xe0, 0x10, 0xd8,
    0x0f, 0xd8, 0x0f, 0xe0, 0x0f, 0xe0, 0x0f, 0xe0, 0x0f, 0xe0, 0x10, 0xe0,
    0x0f, 0xe0, 0x0f, 0xe0, 0x10, 0xe0, 0x10, 0xe0, 0x0f, 0xe0, 0x10, 0xe0,
    0x10, 0xe8, 0x0f, 0xe8, 0x0f, 0xe0, 0x0f, 0xe0, 0x0f, 0xe0, 0x0f, 0xe0,
    0x0f, 0xd8, 0x0f, 0xd8, 0x0f, 0xd8, 0x0f, 0xe0, 0x0f, 0xd8, 0x0f, 0xe0,
    0x10, 0xd8, 0x0f, 0xe0, 0x0f, 0xe0, 0x0f, 0xe0, 0x10, 0xe0, 0x0f, 0xe0,
    0x10, 0xe0, 0x10, 0xe0, 0x0f, 0xe0, 0x0f, 0xe0, 0x10, 0xe8, 0x10, 0xe8,
    0x0f, 0xe0, 0x10, 0xe0, 0x10, 0xe0, 0x10, 0xe8, 0x0f, 0xe8, 0x10, 0xe8,
    0x10, 0xe8, 0x0f, 0xe8, 0x10, 0xe0, 0x10, 0xe8, 0x10, 0xe8, 0x10, 0xe0,
    0x10, 0xe8, 0x10, 0xe8, 0x10, 0xe8, 0x10, 0xe8, 0x10, 0xe0, 0x0f, 0xe8,
    0x10, 0xe8, 0x10, 0xe8, 0x0f, 0xe0, 0x10, 0xe8, 0x10, 0xe8, 0x10, 0xe8,
    0x0f, 0xe8, 0x10, 0xe8, 0x0f, 0xe8, 0x10, 0xe0, 0x0f, 0xe8, 0x10, 0xe8,
    0x10, 0xe8, 0x0f, 0xe8, 0x0f, 0xe0, 0x10, 0xe8, 0x10, 0xe8, 0x0f, 0xe8,
    0x10, 0xe8, 0x10, 0xe8, 0x10, 0xe0, 0x10, 0xe8, 0x10, 0xe8, 0x10, 0xe8,
    0x10, 0xe0, 0x0f, 0xe8, 0x10, 0xe8, 0x10, 0xe0, 0x0f, 0xe8, 0x0f, 0xe8,
    0x10, 0xe8, 0x10, 0xe8, 0x10, 0xe8, 0x10, 0xe8, 0x0f, 0xe0, 0x10, 0xe8,
    0x10, 0xe8, 0x0f, 0xe8, 0x10, 0xe0, 0x10, 0xe8, 0x10, 0xe8, 0x0f, 0xe8,
    0x10, 0xe0, 0x10, 0xe8, 0x0f, 0xe8, 0x0f, 0xe0, 0x10, 0xe0, 0x0f, 0xe8,
    0x10, 0xe8, 0x10, 0xe8, 0x10, 0xe0, 0x10, 0xe8, 0x10, 0xe0, 0x10, 0xe8,
    0x10, 0xe8, 0x10, 0xe8, 0x0f, 0xe8, 0x10, 0xe8, 0x0f, 0xe0, 0x10, 0xe8,
    0x0f, 0xe8, 0x10, 0xe0, 0x0f, 0xe8, 0x10, 0xe8, 0x10, 0xe8, 0x10, 0xe8,
    0x10, 0xe0, 0x10, 0xe8, 0x10, 0xe8, 0x0f, 0xe0, 0x10, 0xe8, 0x10, 0xe8,
    0x0f, 0xe8, 0x0f, 0xe0, 0x10, 0xe8, 0x10, 0xe8, 0x10, 0xe8, 0x10, 0xe0,
    0x10, 0xe8, 0x10, 0xe8, 0x10, 0xe8, 0x0f, 0xe8, 0x10, 0xe8, 0x10, 0xe8,
    0x10, 0xe8, 0x10, 0xe8, 0x10, 0xe8, 0x0f, 0xe8, 0x10, 0xe8, 0x10, 0xe0,
    0x0f, 0xe8, 0x0f, 0xe8, 0x10, 0xe8, 0x10, 0xe8, 0x10, 0xe8, 0x0f, 0xe0,
    0x10, 0xe8, 0x10, 0xe8, 0x0f, 0xe0, 0x10, 0xe0, 0x10, 0xe8, 0x0f, 0xe8,
    0x10, 0xe8, 0x10, 0xe0, 0x10, 0xe8, 0x10, 0xe8, 0x10, 0xe8, 0x10, 0xe0,
    0x10, 0xe8, 0x0f, 0xe0, 0x10, 0xe8, 0x10, 0xe8, 0x10, 0xe8, 0x10, 0xe0,
    0x10, 0xe8, 0x10, 0xe0, 0x10, 0xe8, 0x10, 0xe8, 0x10, 0xe8, 0x10, 0xe0,
    0x10, 0xe8, 0x0f, 0xe8, 0x10, 0xe0, 0x0f, 0xe8, 0x10, 0xe8, 0x10, 0xe8,
    0x0f, 0xe0, 0x10, 0xe8, 0x10, 0xe0, 0x10, 0xe8, 0x10, 0xe8, 0x10, 0xe8,
    0x0f, 0xe8, 0x10, 0xe8, 0x10, 0xe0, 0x0f, 0xe8, 0x10, 0xe8, 0x10, 0xe0,
    0x0f, 0xe8, 0x10, 0xe0, 0x0f, 0xe0, 0x0f, 0xe0, 0x10, 0xe0, 0x0f, 0xe0,
    0x0f, 0xe0, 0x10, 0xe0, 0x10, 0xe0, 0x0f, 0xe0, 0x10, 0xe0, 0x10, 0xe0,
    0x10, 0xe0, 0x10, 0xe0, 0x0f, 0xe0, 0x10, 0xe0, 0x10, 0xe0, 0x10, 0xe0,
    0x0f, 0xe0, 0x10, 0xe0, 0x10, 0xe0, 0x10, 0xe0, 0x10, 0xe0, 0x10, 0xe0,
    0x10, 0xe0, 0x10, 0xe0, 0x10, 0xe0, 0x10, 0xe0, 0x10, 0xe0, 0x10, 0xe0,
    0x10, 0xe0, 0x10, 0xe0, 0x10, 0xe0, 0x10, 0xe0, 0x10, 0xe0, 0x10, 0xe0,
    0x10, 0xe0, 0x10, 0xe0, 0x10, 0xe0, 0x10, 0xe0, 0x10, 0xe0, 0x10, 0xe0,
    0x10, 0xe0, 0x10, 0xe0, 0x10, 0xe0, 0x10, 0xe0, 0x10, 0xe0, 0x10, 0xe0,
    0x10, 0xe0, 0x10, 0xe0, 0x10, 0xe0, 0x10, 0xe0, 0x10, 0xe0, 0x10, 0xe0,
    0x10, 0xe0, 0x10, 0xe0, 0x10, 0xe0, 0x10, 0xe0, 0x10, 0xe0, 0x0f, 0xe0,
    0x10, 0xe0, 0x0f, 0xd8, 0x0f, 0xd8, 0x0f, 0xd8, 0x0e, 0xd0, 0x0e, 0xd0,
    0x0f, 0xd0, 0x0e, 0xd0, 0x0e, 0xd0, 0x0e, 0xd0, 0x0f, 0xd8, 0x0e, 0xd8,
    0x0f, 0xd0, 0x0f, 0xd0, 0x0e, 0xd0, 0x0e, 0xd8, 0x0f, 0xd8, 0x0e, 0xd8,
    0x0f, 0xd8, 0x0f, 0xd8, 0x0f, 0xd8, 0x0f, 0xd8, 0x0f, 0xd8, 0x0f, 0xd8,
    0x0f, 0xd8, 0x0f, 0xd8, 0x0f, 0xe0, 0x0f, 0xe0, 0x0f, 0xd8, 0x10, 0xd8,
    0x0f, 0xe0, 0x0f, 0xe0, 0x0f, 0xe0, 0x10, 0xe0, 0x0f, 0xe0, 0x10, 0xe0,
    0x0f, 0xe0, 0x10, 0xe0, 0x0f, 0xe0, 0x10, 0xe0, 0x10, 0xe0, 0x10, 0xe8,
    0x10, 0xe8, 0x10, 0xe0, 0x10, 0xe8, 0x10, 0xe0, 0x10, 0xe0, 0x0f, 0xe0,
    0x0f, 0xe0, 0x0f, 0xe0, 0x0f, 0xd8, 0x0f, 0xd8, 0x0f, 0xe0, 0x10, 0xe0,
    0x0f, 0xe0, 0x0f, 0xe0, 0x0f, 0xe0, 0x0f, 0xe0, 0x10, 0xe0, 0x0f, 0xe0,
    0x0f, 0xe0, 0x10, 0xe0, 0x0f, 0xe0, 0x10, 0xe0, 0x10, 0xe8, 0x0f, 0xe8,
    0x10, 0xe0, 0x10, 0xe0, 0x0f, 0xe8, 0x10, 0xe8, 0x10, 0xe0, 0x0f, 0xe8,
    0x10, 0xe8, 0x10, 0xe8, 0x0f, 0xe8, 0x10, 0xe0, 0x0f, 0xe8, 0x0f, 0xe8,
    0x10, 0xe8, 0x10, 0xe0, 0x0f, 0xe8, 0x10, 0xe8, 0x10, 0xe8, 0x10, 0xe0,
    0x10, 0xe8, 0x0f, 0xe8, 0x10, 0xe0, 0x10, 0xe8, 0x10, 0xe0, 0x0f, 0xe8,
    0x10, 0xe8, 0x10, 0xe8, 0x10, 0xe0, 0x0f, 0xe8, 0x10, 0xe8, 0x10, 0xe0,
    0x10, 0xe8, 0x10, 0xe8, 0x0f, 0xe0, 0x10, 0xe8, 0x10, 0xe8, 0x0f, 0xe0,
    0x10, 0xe8, 0x0f, 0xe8, 0x10, 0xe8, 0x10, 0xe8, 0x10, 0xe8, 0x10, 0xe0,
    0x10, 0xe8, 0x10, 0xe8, 0x10, 0xe0, 0x10, 0xe8, 0x10, 0xe8, 0x0f, 0xe0,
    0x10, 0xe8, 0x10, 0xe8, 0x10, 0xe8, 0x10, 0xe0, 0x0f, 0xe8, 0x10, 0xe8,
    0x10, 0xe8, 0x10, 0xe0, 0x10, 0xe8, 0x0f, 0xe8, 0x10, 0xe8, 0x10, 0xe0,
    0x10, 0xe8, 0x10, 0xe8, 0x10, 0xe8, 0x0f, 0xe8, 0x10, 0xe8, 0x0f, 0xe0,
    0x0f, 0xe8, 0x10, 0xe8, 0x0f, 0xe8, 0x10, 0xe0, 0x10, 0xe8, 0x0f, 0xe0,
    0x10, 0xe8, 0x10, 0xe8, 0x10, 0xe8, 0x0f, 0xe8, 0x10, 0xe0, 0x10, 0xe8,
    0x10, 0xe8, 0x0f, 0xe0, 0x10, 0xe8, 0x0f, 0xe8, 0x10, 0xe8, 0x10, 0xe8,
    0x10, 0xe8, 0x10, 0xe8, 0x0f, 0xe8, 0x10, 0xe8, 0x10, 0xe8, 0x10, 0xe8,
    0x0f, 0xe8, 0x10, 0xe8, 0x10, 0xe8, 0x0f, 0xe0, 0x10, 0xe8, 0x10, 0xe8,
    0x0f, 0xe0, 0x10, 0xe8, 0x10, 0xe0, 0x0f, 0xe8, 0x10, 0xe0, 0x10, 0xe8,
    0x0f, 0xe0, 0x10, 0xe8, 0x10, 0xe8, 0x10, 0xe8, 0x10, 0xe8, 0x10, 0xe8,
    0x0f, 0xe0, 0x10, 0xe8, 0x10, 0xe8, 0x10, 0xe8, 0x0f, 0xe8, 0x10, 0xe8,
    0x10, 0xe8, 0x10, 0xe8, 0x10, 0xe0, 0x0f, 0xe8, 0x10, 0xe8, 0x10, 0xe8,
    0x0f, 0xe0, 0x0f, 0xe8, 0x10, 0xe8, 0x10, 0xe8, 0x0f, 0xe8, 0x10, 0xe0,
    0x10, 0xe8, 0x0f, 0xe8, 0x10, 0xe8, 0x0f, 0xe8, 0x0f, 0xe8, 0x10, 0xe0,
    0x10, 0xe8, 0x0f, 0xe8, 0x10, 0xe8, 0x10, 0xe0, 0x10, 0xe8, 0x10, 0xe8,
    0x10, 0xe8, 0x0f, 0xe8, 0x10, 0xe8, 0x10, 0xe8, 0x10, 0xe8, 0x10, 0xe8,
    0x10, 0xe0, 0x10, 0xe8, 0x10, 0xe8, 0x0f, 0xe0, 0x10, 0xe8, 0x10, 0xe8,
    0x10, 0xe8, 0x0f, 0xe8, 0x10, 0xe0, 0x0f, 0xe0, 0x10, 0xe0, 0x0f, 0xe0,
    0x10, 0xe0, 0x0f, 0xe0, 0x10, 0xe0, 0x10, 0xe0, 0x0f, 0xe0, 0x10, 0xe0,
    0x0f, 0xe0, 0x0f, 0xe0, 0x10, 0xe0, 0x0f, 0xe0, 0x0f, 0xe0, 0x10, 0xe0,
    0x0f, 0xe0, 0x0f, 0xe0, 0x10, 0xe0, 0x0f, 0xe0, 0x0f, 0xe0, 0x0f, 0xe0,
    0x0f, 0xe0, 0x0f, 0xe0, 0x0f, 0xe0, 0x0f, 0xe0, 0x0f, 0xe0, 0x10, 0xe0,
    0x0f, 0xe0, 0x10, 0xe0, 0x0f, 0xe0, 0x0f, 0xe0, 0x10, 0xe0, 0x0f, 0xe0,
    0x0f, 0xe0, 0x10, 0xe0, 0x0f, 0xe0, 0x0f, 0xe0, 0x0f, 0xe0, 0x0f, 0xe0,
    0x0f, 0xe0, 0x0f, 0xe0, 0x0f, 0xe0, 0x0f, 0xe0, 0x0f, 0xe0, 0x0f, 0xe0,
    0x10, 0xe0, 0x0f, 0xe0, 0x0f, 0xe0, 0x10, 0xe0, 0x0f, 0xe0, 0x10, 0xe0,
    0x10, 0xe0, 0x10, 0xe0, 0x0f, 0xe0, 0x10, 0xe0, 0x0f, 0xe0, 0x0f, 0xe0,
    0x0f, 0xe0, 0x0f, 0xd8, 0x0f, 0xd8, 0x0e, 0xd0, 0x0e, 0xc8, 0x0e, 0xc8,
    0x0e, 0xc8, 0x0d, 0xc0, 0x0e, 0xd0, 0x0e, 0xd0, 0x0e, 0xd0, 0x0e, 0xd0,
    0x0e, 0xd0, 0x0e, 0xd0, 0x0e, 0xd0, 0x0e, 0xd0, 0x0f, 0xd0, 0x0e, 0xd0,
    0x0f, 0xd0, 0x0f, 0xd0, 0x0e, 0xd0, 0x0f, 0xd8, 0x0e, 0xd8, 0x0f, 0xd8,
    0x0f, 0xd8, 0x0f, 0xd8, 0x0f, 0xd8, 0x0f, 0xd8, 0x0f, 0xd8, 0x0f, 0xd8,
    0x0f, 0xd8, 0x0f, 0xe0, 0x0f, 0xe0, 0x0f, 0xd8, 0x10, 0xd8, 0x0f, 0xe0,
    0x0f, 0xe0, 0x0f, 0xe0, 0x0f, 0xe0, 0x0f, 0xe0, 0x0f, 0xe0, 0x10, 0xe0,
    0x0f, 0xe0, 0x0f, 0xe0, 0x0f, 0xe0, 0x0f, 0xe0, 0x10, 0xe0, 0x10, 0xe0,
    0x10, 0xe8, 0x10, 0xe8, 0x10, 0xe8, 0x10, 0xe8, 0x10, 0xe8, 0x10, 0xe8,
    0x10, 0xe0, 0x10, 0xe0, 0x0f, 0xe0, 0x10, 0xe0, 0x0f, 0xe0, 0x0f, 0xd8,
    0x0f, 0xe0, 0x0f, 0xe0, 0x0f, 0xe0, 0x10, 0xe0, 0x10, 0xe0, 0x0f, 0xe0,
    0x0f, 0xe0, 0x10, 0xe0, 0x10, 0xe0, 0x0f, 0xe8, 0x10, 0xe8, 0x10, 0xe0,
    0x10, 0xe0, 0x10, 0xe8, 0x10, 0xe8, 0x10, 0xe0, 0x10, 0xe8, 0x0f, 0xe8,
    0x10, 0xe0, 0x10, 0xe8, 0x10, 0xe8, 0x10, 0xe0, 0x10, 0xe8, 0x0f, 0xe8,
    0x10, 0xe8, 0x10, 0xe8, 0x0f, 0xe0, 0x10, 0xe8, 0x10, 0xe8, 0x10, 0xe8,
    0x0f, 0xe8, 0x10, 0xe8, 0x10, 0xe0, 0x10, 0xe8, 0x10, 0xe8, 0x10, 0xe0,
    0x10, 0xe8, 0x10, 0xe8, 0x0f, 0xe0, 0x10, 0xe8, 0x10, 0xe8, 0x10, 0xe8,
    0x10, 0xe0, 0x10, 0xe8, 0x10, 0xe8, 0x10, 0xe8, 0x10, 0xe8, 0x0f, 0xe0,
    0x10, 0xe8, 0x0f, 0xe8, 0x0f, 0xe0, 0x10, 0xe8, 0x0f, 0xe8, 0x10, 0xe8,
    0x10, 0xe8, 0x10, 0xe0, 0x0f, 0xe8, 0x10, 0xe8, 0x10, 0xe0, 0x0f, 0xe8,
    0x10, 0xe8, 0x10, 0xe8, 0x10, 0xe0, 0x10, 0xe8, 0x0f, 0xe8, 0x10, 0xe8,
    0x10, 0xe0, 0x10, 0xe8, 0x0f, 0xe8, 0x10, 0xe8, 0x10, 0xe8, 0x10, 0xe8,
    0x10, 0xe0, 0x10, 0xe8, 0x10, 0xe8, 0x10, 0xe8, 0x10, 0xe8, 0x10, 0xe8,
    0x10, 0xe0, 0x0f, 0xe8, 0x10, 0xe8, 0x10, 0xe8, 0x10, 0xe0, 0x10, 0xe8,
    0x10, 0xe8, 0x10, 0xe0, 0x10, 0xe8, 0x10, 0xe8, 0x10, 0xe8, 0x10, 0xe0,
    0x10, 0xe8, 0x0f, 0xe8, 0x10, 0xe0, 0x0f, 0xe8, 0x10, 0xe0, 0x10, 0xe8,
    0x10, 0xe0, 0x0f, 0xe0, 0x10, 0xe8, 0x10, 0xe8, 0x10, 0xe0, 0x0f, 0xe8,
    0x10, 0xe8, 0x10, 0xe8, 0x0f, 0xe0, 0x10, 0xe8, 0x10, 0xe8, 0x10, 0xe0,
    0x10, 0xe8, 0x0f, 0xe8, 0x10, 0xe8, 0x10, 0xe0, 0x10, 0xe8, 0x10, 0xe8,
    0x0f, 0xe0, 0x10, 0xe8, 0x10, 0xe8, 0x10, 0xe0, 0x10, 0xe8, 0x0f, 0xe8,
    0x10, 0xe0, 0x10, 0xe8, 0x10, 0xe0, 0x10, 0xe8, 0x0f, 0xe8, 0x10, 0xe8,
    0x10, 0xe8, 0x10, 0xe0, 0x10, 0xe8, 0x10, 0xe8, 0x10, 0xe8, 0x10, 0xe0,
    0x0f, 0xe8, 0x10, 0xe8, 0x10, 0xe8, 0x10, 0xe8, 0x10, 0xe0, 0x10, 0xe8,
    0x10, 0xe0, 0x10, 0xe8, 0x10, 0xe8, 0x10, 0xe8, 0x0f, 0xe0, 0x10, 0xe8,
    0x0f, 0xe8, 0x10, 0xe8, 0x0f, 0xe0, 0x10, 0xe8, 0x10, 0xe8, 0x10, 0xe0,
    0x0f, 0xe0, 0x10, 0xe8, 0x10, 0xe8, 0x0f, 0xe0, 0x0f, 0xe8, 0x10, 0xe8,
    0x10, 0xe0, 0x10, 0xe8, 0x10, 0xe8, 0x10, 0xe0, 0x0f, 0xe0, 0x10, 0xe0,
    0x10, 0xe0, 0x10, 0xe0, 0x0f, 0xe8, 0x10, 0xe8, 0x10, 0xe0, 0x10, 0xe8,
    0x0f, 0xe0, 0x10, 0xe8, 0x10, 0xe8, 0x10, 0xe0, 0x10, 0xe8, 0x10, 0xe0,
    0x10, 0xe0, 0x0f, 0xe8, 0x10, 0xe0, 0x10, 0xe0, 0x10, 0xe0, 0x10, 0xe8,
    0x10, 0xe0, 0x10, 0xe0, 0x10, 0xe8, 0x10, 0xe0, 0x10, 0xe0, 0x10, 0xe8,
    0x10, 0xe0, 0x10, 0xe0, 0x10, 0xe8, 0x0f, 0xe0, 0x10, 0xe8, 0x10, 0xe0,
    0x10, 0xe0, 0x0f, 0xe8, 0x10, 0xe0, 0x10, 0xe0, 0x10, 0xe0, 0x10, 0xe0,
    0x10, 0xe0, 0x10, 0xe0, 0x10, 0xe0, 0x10, 0xe0, 0x10, 0xe0, 0x10, 0xe0,
    0x10, 0xe0, 0x10, 0xe0, 0x10, 0xe0, 0x0f, 0xe0, 0x10, 0xe0, 0x10, 0xe0,
    0x10, 0xe0, 0x0f, 0xe8, 0x0f, 0xe0, 0x0f, 0xe0, 0x0f, 0xe0, 0x0f, 0xd8,
    0x0f, 0xd8, 0x0e, 0xd8, 0x0e, 0xd0, 0x0e, 0xc8, 0x0e, 0xc8, 0x0e, 0xc8,
    0x0d, 0xc8, 0x0e, 0xc8, 0x0e, 0xc8, 0x0e, 0xc8, 0x0e, 0xc8, 0x0e, 0xc8,
    0x0e, 0xc8, 0x0e, 0xd0, 0x0e, 0xc8, 0x0e, 0xd0, 0x0e, 0xd0, 0x0f, 0xd0,
    0x0e, 0xd0, 0x0e, 0xd0, 0x0e, 0xd0, 0x0e, 0xd8, 0x0e, 0xd8, 0x0f, 0xd0,
    0x0e, 0xd0, 0x0e, 0xd0, 0x0f, 0xd8, 0x0e, 0xd8, 0x0e, 0xd8, 0x0f, 0xd8,
    0x0f, 0xd8, 0x0f, 0xd8, 0x0f, 0xd8, 0x0f, 0xd8, 0x0f, 0xd8, 0x0f, 0xd8,
    0x0f, 0xd8, 0x0f, 0xe0, 0x0f, 0xd8, 0x10, 0xd8, 0x0f, 0xd8, 0x0f, 0xe0,
    0x10, 0xe0, 0x0f, 0xe0, 0x0f, 0xe0, 0x10, 0xe0, 0x10, 0xe0, 0x0f, 0xe0,
    0x10, 0xe0, 0x0f, 0xe0, 0x0f, 0xe0, 0x0f, 0xe0, 0x0f, 0xe0, 0x0f, 0xe0,
    0x10, 0xe0, 0x10, 0xe0, 0x10, 0xe0, 0x10, 0xe8, 0x10, 0xe8, 0x10, 0xe8,
    0x10, 0xe8, 0x10, 0xe0, 0x10, 0xe0, 0x10, 0xe0, 0x10, 0xe0, 0x10, 0xe0,
    0x0f, 0xe0, 0x0f, 0xe0, 0x10, 0xe0, 0x0f, 0xe0, 0x10, 0xe0, 0x0f, 0xe8,
    0x0f, 0xe0, 0x10, 0xe0, 0x0f, 0xe0, 0x10, 0xe8, 0x10, 0xe0, 0x0f, 0xe0,
    0x10, 0xe8, 0x10, 0xe8, 0x0f, 0xe8, 0x10, 0xe8, 0x10, 0xe8, 0x10, 0xe8,
    0x0f, 0xe8, 0x10, 0xe8, 0x10, 0xe0, 0x10, 0xe8, 0x10, 0xe8, 0x10, 0xe0,
    0x0f, 0xe8, 0x10, 0xe8, 0x10, 0xe0, 0x10, 0xe8, 0x10, 0xe8, 0x0f, 0xe8,
    0x10, 0xe8, 0x10, 0xe8, 0x0f, 0xe8, 0x0f, 0xe0, 0x10, 0xe8, 0x10, 0xe8,
    0x10, 0xe8, 0x0f, 0xe8, 0x10, 0xe8, 0x0f, 0xe0, 0x10, 0xe8, 0x0f, 0xe8,
    0x10, 0xe0, 0x10, 0xe8, 0x10, 0xe8, 0x10, 0xe0, 0x10, 0xe8, 0x10, 0xe8,
    0x10, 0xe8, 0x10, 0xe8, 0x10, 0xe0, 0x0f, 0xe8, 0x10, 0xe8, 0x10, 0xe8,
    0x0f, 0xe8, 0x10, 0xe8, 0x10, 0xe8, 0x10, 0xe0, 0x0f, 0xe8, 0x10, 0xe8,
    0x10, 0xe8, 0x0f, 0xe0, 0x10, 0xe8, 0x10, 0xe8, 0x0f, 0xe8, 0x10, 0xe0,
    0x10, 0xe8, 0x0f, 0xe8, 0x10, 0xe0, 0x0f, 0xe8, 0x0f, 0xe8, 0x10, 0xe0,
    0x10, 0xe8, 0x10, 0xe0, 0x0f, 0xe8, 0x10, 0xe8, 0x10, 0xe8, 0x10, 0xe8,
    0x0f, 0xe8, 0x10, 0xe8, 0x0f, 0xe0, 0x0f, 0xe8, 0x10, 0xe8, 0x10, 0xe8,
    0x0f, 0xe8, 0x0f, 0xe8, 0x10, 0xe0, 0x10, 0xe8, 0x10, 0xe8, 0x10, 0xe0,
    0x10, 0xe8, 0x10, 0xe8, 0x0f, 0xe8, 0x10, 0xe8, 0x10, 0xe8, 0x10, 0xe8,
    0x0f, 0xe8, 0x10, 0xe0, 0x10, 0xe8, 0x10, 0xe0, 0x10, 0xe8, 0x10, 0xe8,
    0x10, 0xe8, 0x0f, 0xe8, 0x10, 0xe8, 0x10, 0xe8, 0x10, 0xe8, 0x10, 0xe8,
    0x0f, 0xe8, 0x10, 0xe8, 0x10, 0xe8, 0x0f, 0xe8, 0x10, 0xe0, 0x10, 0xe8,
    0x0f, 0xe8, 0x10, 0xe8, 0x10, 0xe8, 0x10, 0xe8, 0x0f, 0xe8, 0x10, 0xe0,
    0x10, 0xe8, 0x0f, 0xe8, 0x10, 0xe0, 0x10, 0xe8, 0x0f, 0xe8, 0x10, 0xe8,
    0x0f, 0xe0, 0x10, 0xe8, 0x10, 0xe8, 0x10, 0xe8, 0x10, 0xe0, 0x0f, 0xe8,
    0x10, 0xe0, 0x0f, 0xe8, 0x10, 0xe8, 0x0f, 0xe8, 0x10, 0xe8, 0x10, 0xe0,
    0x10, 0xe8, 0x0f, 0xe8, 0x10, 0xe8, 0x10, 0xe0, 0x10, 0xe8, 0x10, 0xe8,
    0x0f, 0xe8, 0x10, 0xe0, 0x10, 0xe8, 0x10, 0xe8, 0x0f, 0xe8, 0x10, 0xe8,
    0x10, 0xe0, 0x10, 0xe8, 0x10, 0xe8, 0x0f, 0xe0, 0x10, 0xe8, 0x0f, 0xe8,
    0x10, 0xe0, 0x10, 0xe0, 0x10, 0xe8, 0x10, 0xe8, 0x10, 0xe8, 0x10, 0xe8,
    0x10, 0xe0, 0x10, 0xe8, 0x10, 0xe0, 0x10, 0xe8, 0x10, 0xe8, 0x0f, 0xe0,
    0x10, 0xe8, 0x10, 0xe8, 0x0f, 0xe0, 0x10, 0xe8, 0x10, 0xe8, 0x10, 0xe8,
    0x10, 0xe8, 0x10, 0xe8, 0x0f, 0xe8, 0x10, 0xe0, 0x10, 0xe8, 0x0f, 0xe8,
    0x10, 0xe8, 0x10, 0xe0, 0x10, 0xe8, 0x10, 0xe8, 0x10, 0xe8, 0x10, 0xe8,
    0x10, 0xe0, 0x10, 0xe8, 0x10, 0xe8, 0x10, 0xe8, 0x10, 0xe8, 0x10, 0xe0,
    0x10, 0xe8, 0x10, 0xe8, 0x0f, 0xe8, 0x10, 0xe8, 0x10, 0xe8, 0x10, 0xe8,
    0x10, 0xe8, 0x10, 0xe8, 0x10, 0xe8, 0x10, 0xe8, 0x10, 0xe8, 0x10, 0xe8,
    0x10, 0xe8, 0x10, 0xe0, 0x0f, 0xe0, 0x0f, 0xe0, 0x0f, 0xd8, 0x0f, 0xd8,
    0x0f, 0xd0, 0x0e, 0xd0, 0x0e, 0xd0, 0x0e, 0xc8, 0x0e, 0xc8, 0x0e, 0xc8,
    0x0e, 0xc8, 0x0e, 0xc8, 0x0e, 0xc8, 0x0e, 0xc8, 0x0e, 0xc8, 0x0e, 0xc8,
    0x0e, 0xc8, 0x0e, 0xc8, 0x0e, 0xc8, 0x0e, 0xc8, 0x0e, 0xc8, 0x0e, 0xc8,
    0x0e, 0xc8, 0x0e, 0xc8, 0x0e, 0xd0, 0x0e, 0xd0, 0x0e, 0xd0, 0x0e, 0xd0,
    0x0f, 0xd0, 0x0e, 0xd0, 0x0e, 0xd0, 0x0f, 0xd0, 0x0e, 0xd8, 0x0e, 0xd0,
    0x0f, 0xd0, 0x0f, 0xd0, 0x0e, 0xd8, 0x0e, 0xd8, 0x0f, 0xd8, 0x0e, 0xd8,
    0x0f, 0xd8, 0x0f, 0xd8, 0x0f, 0xd8, 0x0f, 0xd8, 0x0f, 0xd8, 0x0f, 0xd8,
    0x0f, 0xe0, 0x0f, 0xe0, 0x0f, 0xd8, 0x0f, 0xd8, 0x10, 0xe0, 0x0f, 0xd8,
    0x0f, 0xe0, 0x0f, 0xe0, 0x0f, 0xe0, 0x10, 0xe0, 0x10, 0xe0, 0x10, 0xe0,
    0x10, 0xe0, 0x10, 0xe0, 0x0f, 0xe0, 0x0f, 0xe0, 0x10, 0xe0, 0x0f, 0xe8,
    0x10, 0xe0, 0x10, 0xe0, 0x10, 0xe0, 0x10, 0xe8, 0x10, 0xe8, 0x10, 0xe8,
    0x10, 0xe8, 0x10, 0xe8, 0x10, 0xe8, 0x10, 0xe8, 0x10, 0xe0, 0x10, 0xe0,
    0x0f, 0xe0, 0x10, 0xe0, 0x10, 0xe0, 0x0f, 0xe0, 0x10, 0xe0, 0x0f, 0xe0,
    0x0f, 0xe0, 0x10, 0xe8, 0x10, 0xe8, 0x0f, 0xe0, 0x10, 0xe0, 0x10, 0xe0,
    0x10, 0xe0, 0x10, 0xe8, 0x10, 0xe8, 0x0f, 0xe0, 0x10, 0xe8, 0x10, 0xe8,
    0x0f, 0xe8, 0x10, 0xe0, 0x10, 0xe8, 0x0f, 0xe8, 0x10, 0xe8, 0x10, 0xe8,
    0x0f, 0xe0, 0x10, 0xe8, 0x10, 0xe0, 0x10, 0xe0, 0x0f, 0xe8, 0x10, 0xe8,
    0x10, 0xe0, 0x10, 0xe8, 0x0f, 0xe8, 0x10, 0xe8, 0x10, 0xe0, 0x10, 0xe8,
    0x10, 0xe8, 0x10, 0xe8, 0x0f, 0xe8, 0x10, 0xe8, 0x10, 0xe0, 0x0f, 0xe8,
    0x0f, 0xe8, 0x10, 0xe8, 0x10, 0xe0, 0x10, 0xe8, 0x0f, 0xe8, 0x10, 0xe0,
    0x10, 0xe8, 0x0f, 0xe8, 0x10, 0xe0, 0x10, 0xe8, 0x10, 0xe0, 0x10, 0xe8,
    0x10, 0xe8, 0x10, 0xe8, 0x0f, 0xe0, 0x10, 0xe8, 0x10, 0xe8, 0x0f, 0xe8,
    0x10, 0xe0, 0x10, 0xe8, 0x10, 0xe8, 0x10, 0xe8, 0x10, 0xe0, 0x10, 0xe8,
    0x10, 0xe8, 0x10, 0xe0, 0x10, 0xe8, 0x0f, 0xe8, 0x10, 0xe8, 0x10, 0xe0,
    0x0f, 0xe8, 0x10, 0xe0, 0x10, 0xe8, 0x10, 0xe0, 0x10, 0xe8, 0x10, 0xe8,
    0x10, 0xe8, 0x10, 0xe0, 0x10, 0xe8, 0x10, 0xe0, 0x10, 0xe8, 0x10, 0xe8,
    0x0f, 0xe8, 0x0f, 0xe8, 0x10, 0xe8, 0x10, 0xe8, 0x0f, 0xe8, 0x10, 0xe0,
    0x10, 0xe8, 0x0f, 0xe8, 0x10, 0xe0, 0x10, 0xe8, 0x10, 0xe8, 0x0f, 0xe8,
    0x10, 0xe8, 0x10, 0xe8, 0x0f, 0xe0, 0x10, 0xe8, 0x10, 0xe0, 0x10, 0xe8,
    0x0f, 0xe0, 0x10, 0xe8, 0x10, 0xe0, 0x0f, 0xe0, 0x10, 0xe8, 0x10, 0xe8,
    0x0f, 0xe0, 0x10, 0xe8, 0x10, 0xe8, 0x10, 0xe0, 0x0f, 0xe8, 0x10, 0xe0,
    0x10, 0xe8, 0x10, 0xe8, 0x0f, 0xe0, 0x10, 0xe8, 0x10, 0xe8, 0x10, 0xe8,
    0x10, 0xe0, 0x10, 0xe8, 0x10, 0xe8, 0x0f, 0xe8, 0x10, 0xe8, 0x0f, 0xe0,
    0x10, 0xe8, 0x10, 0xe8, 0x0f, 0xe8, 0x10, 0xe8, 0x10, 0xe8, 0x10, 0xe0,
    0x10, 0xe8, 0x0f, 0xe8, 0x10, 0xe8, 0x10, 0xe0, 0x0f, 0xe8, 0x10, 0xe8,
    0x10, 0xe8, 0x10, 0xe8, 0x10, 0xe0, 0x10, 0xe8, 0x10, 0xe8, 0x0f, 0xe8,
    0x10, 0xe8, 0x10, 0xe8, 0x10, 0xe0, 0x0f, 0xe8, 0x10, 0xe8, 0x10, 0xe0,
    0x10, 0xe0, 0x10, 0xe8, 0x10, 0xe0, 0x0f, 0xe0, 0x10, 0xe8, 0x0f, 0xe0,
    0x10, 0xe8, 0x0f, 0xe0, 0x0f, 0xe0, 0x10, 0xe8, 0x0f, 0xe0, 0x10, 0xe0,
    0x0f, 0xe8, 0x10, 0xe0, 0x10, 0xe0, 0x10, 0xe0, 0x10, 0xe0, 0x0f, 0xe8,
    0x10, 0xe0, 0x10, 0xe0, 0x0f, 0xe0, 0x10, 0xe0, 0x10, 0xe0, 0x0f, 0xe8,
    0x10, 0xe0, 0x10, 0xe0, 0x0f, 0xe8, 0x10, 0xe0, 0x10, 0xe0, 0x0f, 0xe8,
    0x10, 0xe0, 0x0f, 0xe0, 0x0f, 0xe0, 0x10, 0xe8, 0x0f, 0xe0, 0x10, 0xe0,
    0x0f, 0xe0, 0x0f, 0xe0, 0x10, 0xe8, 0x10, 0xe0, 0x0f, 0xe0, 0x10, 0xe8,
    0x10, 0xe8, 0x0f, 0xe0, 0x0f, 0xe8, 0x10, 0xe8, 0x0f, 0xe0, 0x0f, 0xe0,
    0x0f, 0xe0, 0x0f, 0xe0, 0x0f, 0xe0, 0x0f, 0xd8, 0x0f, 0xd8, 0x0e, 0xd8,
    0x0e, 0xd0, 0x0e, 0xd0, 0x0e, 0xd0, 0x0e, 0xd0, 0x0e, 0xd0, 0x0e, 0xd0,
    0x0e, 0xd0, 0x0e, 0xd0, 0x0e, 0xd0, 0x0e, 0xd0, 0x0e, 0xc8, 0x0e, 0xd0,
    0x0e, 0xd0, 0x0e, 0xc8, 0x0e, 0xc8, 0x0e, 0xd0, 0x0e, 0xc8, 0x0e, 0xc8,
    0x0e, 0xc8, 0x0e, 0xc8, 0x0e, 0xc8, 0x0e, 0xc8, 0x0e, 0xc8, 0x0e, 0xd0,
    0x0e, 0xc8, 0x0e, 0xc8, 0x0e, 0xd0, 0x0e, 0xd0, 0x0f, 0xd0, 0x0e, 0xd0,
    0x0e, 0xd0, 0x0e, 0xd0, 0x0f, 0xd0, 0x0e, 0xd0, 0x0e, 0xd0, 0x0f, 0xd0,
    0x0f, 0xd0, 0x0e, 0xd0, 0x0e, 0xd0, 0x0f, 0xd8, 0x0e, 0xd8, 0x0f, 0xd8,
    0x0f, 0xd8, 0x0f, 0xd8, 0x0f, 0xd8, 0x0f, 0xd8, 0x0f, 0xd8, 0x0f, 0xd8,
    0x0f, 0xe0, 0x0f, 0xd8, 0x0f, 0xe0, 0x0f, 0xd8, 0x0f, 0xd8, 0x0f, 0xe0,
    0x0f, 0xe0, 0x0f, 0xe0, 0x0f, 0xe0, 0x0f, 0xe0, 0x0f, 0xe0, 0x10, 0xe0,
    0x10, 0xe0, 0x10, 0xe0, 0x0f, 0xe8, 0x0f, 0xe0, 0x10, 0xe8, 0x0f, 0xe0,
    0x0f, 0xe0, 0x10, 0xe0, 0x0f, 0xe0, 0x0f, 0xe0, 0x10, 0xe8, 0x0f, 0xe8,
    0x10, 0xe8, 0x10, 0xe8, 0x10, 0xe8, 0x10, 0xe8, 0x10, 0xe8, 0x10, 0xe8,
    0x10, 0xe8, 0x10, 0xe8, 0x10, 0xe0, 0x10, 0xe0, 0x0f, 0xe0, 0x0f, 0xe0,
    0x0f, 0xe0, 0x10, 0xe8, 0x10, 0xe8, 0x0f, 0xe0, 0x10, 0xe0, 0x10, 0xe8,
    0x0f, 0xe8, 0x10, 0xe0, 0x10, 0xe8, 0x10, 0xe8, 0x0f, 0xe0, 0x10, 0xe8,
    0x10, 0xe8, 0x10, 0xe8, 0x10, 0xe0, 0x10, 0xe8, 0x0f, 0xe8, 0x10, 0xe8,
    0x10, 0xe8, 0x0f, 0xe8, 0x10, 0xe8, 0x10, 0xe0, 0x10, 0xe8, 0x10, 0xe8,
    0x10, 0xe8, 0x0f, 0xe0, 0x10, 0xe8, 0x10, 0xe8, 0x0f, 0xe0, 0x10, 0xe8,
    0x10, 0xe8, 0x10, 0xe0, 0x10, 0xe8, 0x10, 0xe8, 0x10, 0xe8, 0x0f, 0xe8,
    0x10, 0xe0, 0x10, 0xe8, 0x0f, 0xe8, 0x10, 0xe8, 0x10, 0xe8, 0x10, 0xe8,
    0x10, 0xe8, 0x0f, 0xe0, 0x10, 0xe8, 0x0f, 0xe8, 0x10, 0xe0, 0x10, 0xe8,
    0x10, 0xe8, 0x10, 0xe0, 0x10, 0xe8, 0x10, 0xe8, 0x10, 0xe8, 0x0f, 0xe0,
    0x10, 0xe8, 0x0f, 0xe8, 0x10, 0xe8, 0x10, 0xe8, 0x0f, 0xe8, 0x10, 0xe8,
    0x10, 0xe0, 0x10, 0xe8, 0x10, 0xe8, 0x10, 0xe8, 0x10, 0xe8, 0x0f, 0xe8,
    0x10, 0xe0, 0x0f, 0xe8, 0x10, 0xe8, 0x10, 0xe0, 0x0f, 0xe8, 0x10, 0xe8,
    0x0f, 0xe8, 0x10, 0xe8, 0x10, 0xe0, 0x10, 0xe8, 0x10, 0xe0, 0x10, 0xe8,
    0x10, 0xe0, 0x0f, 0xe8, 0x10, 0xe8, 0x10, 0xe0, 0x10, 0xe8, 0x10, 0xe8,
    0x0f, 0xe0, 0x10, 0xe8, 0x10, 0xe8, 0x10, 0xe0, 0x0f, 0xe8, 0x10, 0xe8,
    0x10, 0xe8, 0x0f, 0xe8, 0x10, 0xe8, 0x10, 0xe0, 0x0f, 0xe8, 0x10, 0xe8,
    0x10, 0xe8, 0x10, 0xe8, 0x10, 0xe8, 0x10, 0xe0, 0x10, 0xe8, 0x10, 0xe8,
    0x10, 0xe8, 0x0f, 0xe8, 0x10, 0xe8, 0x10, 0xe0, 0x0f, 0xe8, 0x10, 0xe8,
    0x10, 0xe8, 0x10, 0xe8, 0x0f, 0xe8, 0x10, 0xe0, 0x0f, 0xe8, 0x10, 0xe8,
    0x10, 0xe0, 0x10, 0xe8, 0x10, 0xe8, 0x10, 0xe8, 0x0f, 0xe0, 0x10, 0xe8,
    0x10, 0xe8, 0x10, 0xe0, 0x10, 0xe8, 0x10, 0xe8, 0x10, 0xe0, 0x10, 0xe8,
    0x0f, 0xe8, 0x10, 0xe8, 0x10, 0xe0, 0x10, 0xe8, 0x0f, 0xe8, 0x0f, 0xe0,
    0x10, 0xe8, 0x10, 0xe8, 0x0f, 0xe0, 0x10, 0xe8, 0x10, 0xe8, 0x0f, 0xe0,
    0x10, 0xe8, 0x10, 0xe8, 0x0f, 0xe8, 0x10, 0xe8, 0x0f, 0xe8, 0x10, 0xe8,
    0x10, 0xe8, 0x10, 0xe8, 0x10, 0xe8, 0x10, 0xe8, 0x10, 0xe8, 0x10, 0xe8,
    0x10, 0xe8, 0x10, 0xe8, 0x10, 0xe8, 0x0f, 0xe8, 0x10, 0xe8, 0x10, 0xe8,
    0x0f, 0xe8, 0x10, 0xe8, 0x10, 0xe8, 0x10, 0xe8, 0x10, 0xe8, 0x10, 0xe8,
    0x0f, 0xe8, 0x10, 0xe8, 0x10, 0xe8, 0x10, 0xe8, 0x10, 0xe8, 0x10, 0xe8,
    0x10, 0xe8, 0x10, 0xe8, 0x10, 0xe8, 0x10, 0xe8, 0x10, 0xe8, 0x10, 0xe8,
    0x10, 0xe8, 0x10, 0xe8, 0x10, 0xe8, 0x10, 0xe8, 0x10, 0xe8, 0x10, 0xe8,
    0x10, 0xe8, 0x0f, 0xe8, 0x10, 0xe8, 0x10, 0xe8, 0x10, 0xe0, 0x0f, 0xe0,
    0x0f, 0xe0, 0x0f, 0xd8, 0x0f, 0xd8, 0x0f, 0xd8, 0x0e, 0xd8, 0x0e, 0xd0,
    0x0e, 0xd0, 0x0e, 0xd0, 0x0e, 0xd0, 0x0e, 0xd0, 0x0e, 0xd0, 0x0e, 0xd0,
    0x0e, 0xd0, 0x0e, 0xd0, 0x0e, 0xd0, 0x0e, 0xd0, 0x0e, 0xd0, 0x0e, 0xd0,
    0x0e, 0xd0, 0x0e, 0xd0, 0x0e, 0xd0, 0x0e, 0xd0, 0x0e, 0xd0, 0x0e, 0xd0,
    0x0e, 0xd0, 0x0e, 0xd0, 0x0e, 0xd0, 0x0e, 0xd0, 0x0e, 0xd0, 0x0e, 0xc8,
    0x0e, 0xc8, 0x0e, 0xc8, 0x0e, 0xd0, 0x0e, 0xc8, 0x0e, 0xc8, 0x0e, 0xc8,
    0x0e, 0xd0, 0x0e, 0xd0, 0x0e, 0xd0, 0x0e, 0xd0, 0x0e, 0xd0, 0x0e, 0xd0,
    0x0e, 0xd0, 0x0e, 0xd0, 0x0e, 0xd8, 0x0e, 0xd0, 0x0f, 0xd8, 0x0f, 0xd0,
    0x0e, 0xd0, 0x0f, 0xd0, 0x0f, 0xd8, 0x0e, 0xd8, 0x0e, 0xd8, 0x0f, 0xd8,
    0x0f, 0xd8, 0x0f, 0xd8, 0x0f, 0xd8, 0x0f, 0xd8, 0x0f, 0xd8, 0x0f, 0xe0,
    0x0f, 0xd8, 0x0f, 0xd8, 0x0f, 0xe0, 0x10, 0xe0, 0x0f, 0xd8, 0x0f, 0xd8,
    0x0f, 0xe0, 0x0f, 0xe0, 0x0f, 0xe0, 0x0f, 0xe0, 0x10, 0xe0, 0x0f, 0xe0,
    0x10, 0xe0, 0x10, 0xe0, 0x0f, 0xe0, 0x0f, 0xe8, 0x10, 0xe0, 0x10, 0xe8,
    0x10, 0xe8, 0x10, 0xe0, 0x10, 0xe0, 0x10, 0xe0, 0x0f, 0xe0, 0x10, 0xe8,
    0x0f, 0xe8, 0x10, 0xe8, 0x10, 0xe8, 0x0f, 0xe8, 0x10, 0xe8, 0x10, 0xe8,
    0x0f, 0xe8, 0x10, 0xe8, 0x10, 0xe8, 0x10, 0xe8, 0x10, 0xe0, 0x10, 0xe8,
    0x10, 0xe8, 0x0f, 0xe8, 0x10, 0xe0, 0x10, 0xe8, 0x0f, 0xe8, 0x10, 0xe8,
    0x10, 0xe8, 0x10, 0xe0, 0x10, 0xe8, 0x0f, 0xe8, 0x10, 0xe8, 0x10, 0xe0,
    0x0f, 0xe8, 0x10, 0xe8, 0x10, 0xe8, 0x10, 0xe0, 0x10, 0xe8, 0x10, 0xe8,
    0x10, 0xe8, 0x0f, 0xe8, 0x10, 0xe8, 0x10, 0xe8, 0x10, 0xe0, 0x10, 0xe8,
    0x0f, 0xe8, 0x10, 0xe8, 0x10, 0xe0, 0x0f, 0xe8, 0x10, 0xe8, 0x10, 0xe8,
    0x0f, 0xe8, 0x10, 0xe0, 0x10, 0xe8, 0x10, 0xe8, 0x10, 0xe8, 0x10, 0xe0,
    0x10, 0xe8, 0x10, 0xe0, 0x0f, 0xe8, 0x10, 0xe8, 0x10, 0xe0, 0x10, 0xe8,
    0x0f, 0xe8, 0x10, 0xe8, 0x10, 0xe8, 0x0f, 0xe8, 0x10, 0xe8, 0x0f, 0xe8,
    0x10, 0xe0, 0x10, 0xe8, 0x0f, 0xe8, 0x10, 0xe8, 0x10, 0xe0, 0x10, 0xe8,
    0x0f, 0xe0, 0x10, 0xe8, 0x10, 0xe8, 0x0f, 0xe0, 0x10, 0xe8, 0x10, 0xe8,
    0x0f, 0xe0, 0x10, 0xe8, 0x10, 0xe8, 0x10, 0xe8, 0x10, 0xe8, 0x0f, 0xe8,
    0x10, 0xe8, 0x10, 0xe0, 0x10, 0xe8, 0x10, 0xe8, 0x0f, 0xe0, 0x10, 0xe8,
    0x0f, 0xe8, 0x10, 0xe8, 0x10, 0xe8, 0x10, 0xe0, 0x0f, 0xe8, 0x10, 0xe8,
    0x10, 0xe8, 0x0f, 0xe8, 0x10, 0xe8, 0x10, 0xe8, 0x10, 0xe8, 0x0f, 0xe8,
    0x10, 0xe0, 0x10, 0xe8, 0x10, 0xe8, 0x10, 0xe0, 0x10, 0xe8, 0x0f, 0xe8,
    0x10, 0xe8, 0x10, 0xe8, 0x10, 0xe8, 0x0f, 0xe8, 0x10, 0xe8, 0x0f, 0xe8,
    0x10, 0xe0, 0x0f, 0xe8, 0x10, 0xe8, 0x10, 0xe0, 0x0f, 0xe8, 0x10, 0xe8,
    0x10, 0xe8, 0x10, 0xe8, 0x10, 0xe0, 0x0f, 0xe8, 0x10, 0xe8, 0x10, 0xe0,
    0x10, 0xe8, 0x0f, 0xe8, 0x10, 0xe8, 0x10, 0xe8, 0x0f, 0xe0, 0x10, 0xe8,
    0x10, 0xe8, 0x10, 0xe0, 0x10, 0xe8, 0x0f, 0xe8, 0x10, 0xe0, 0x0f, 0xe8,
    0x0f, 0xe8, 0x10, 0xe8, 0x10, 0xe8, 0x0f, 0xe0, 0x10, 0xe8, 0x10, 0xe8,
    0x10, 0xe8, 0x10, 0xe0, 0x10, 0xe8, 0x10, 0xe8, 0x10, 0xe8, 0x0f, 0xe8,
    0x10, 0xe0, 0x10, 0xe8, 0x10, 0xe8, 0x10, 0xe0, 0x10, 0xe8, 0x10, 0xe8,
    0x10, 0xe0, 0x10, 0xe8, 0x0f, 0xe8, 0x10, 0xe8, 0x10, 0xe8, 0x0f, 0xe8,
    0x10, 0xe0, 0x10, 0xe8, 0x0f, 0xe8, 0x10, 0xe8, 0x10, 0xe8, 0x10, 0xe8,
    0x10, 0xe8, 0x10, 0xe8, 0x10, 0xe8, 0x10, 0xe8, 0x0f, 0xe8, 0x10, 0xe8,
    0x10, 0xe8, 0x0f, 0xe8, 0x10, 0xe8, 0x10, 0xe8, 0x10, 0xe8, 0x0f, 0xe8,
    0x10, 0xe8, 0x10, 0xe8, 0x0f, 0xe8, 0x0f, 0xe8, 0x10, 0xe8, 0x0f, 0xe8,
    0x10, 0xe8, 0x10, 0xe8, 0x0f, 0xe8, 0x10, 0xe8, 0x10, 0xe8, 0x0f, 0xe8,
    0x10, 0xe8, 0x10, 0xe8, 0x0f, 0xe0, 0x10, 0xe0, 0x0f, 0xe0, 0x0f, 0xe0,
    0x0f, 0xd8, 0x0f, 0xd8, 0x0f, 0xd8, 0x0f, 0xd0, 0x0f, 0xd8, 0x0e, 0xd0,
    0x0e, 0xd0, 0x0f, 0xd0, 0x0f, 0xd0, 0x0f, 0xd8, 0x0f, 0xd0, 0x0e, 0xd0,
    0x0f, 0xd0, 0x0f, 0xd0, 0x0e, 0xd0, 0x0f, 0xd0, 0x0f, 0xd0, 0x0e, 0xd0,
    0x0f, 0xd0, 0x0f, 0xd0, 0x0e, 0xd0, 0x0f, 0xd0, 0x0e, 0xd0, 0x0e, 0xd0,
    0x0e, 0xd0, 0x0e, 0xd0, 0x0e, 0xd0, 0x0e, 0xd0, 0x0e, 0xd0, 0x0e, 0xd0,
    0x0e, 0xd0, 0x0e, 0xd0, 0x0e, 0xd0, 0x0e, 0xd0, 0x0e, 0xc8, 0x0e, 0xc8,
    0x0e, 0xc8, 0x0e, 0xc8, 0x0e, 0xc8, 0x0e, 0xc8, 0x0e, 0xc8, 0x0e, 0xc8,
    0x0e, 0xc8, 0x0e, 0xd0, 0x0e, 0xd0, 0x0e, 0xd0, 0x0e, 0xd0, 0x0f, 0xd0,
    0x0e, 0xd0, 0x0e, 0xd0, 0x0e, 0xd0, 0x0e, 0xd8, 0x0e, 0xd8, 0x0f, 0xd0,
    0x0e, 0xd0, 0x0e, 0xd8, 0x0f, 0xd8, 0x0f, 0xd8, 0x0e, 0xd8, 0x0f, 0xd8,
    0x0f, 0xd8, 0x0f, 0xd8, 0x0f, 0xd8, 0x0f, 0xd8, 0x0f, 0xd8, 0x0f, 0xe0,
    0x0f, 0xd8, 0x0f, 0xd8, 0x10, 0xe0, 0x0f, 0xe0, 0x10, 0xe0, 0x0f, 0xe0,
    0x0f, 0xe0, 0x0f, 0xe0, 0x0f, 0xe0, 0x0f, 0xe0, 0x10, 0xe0, 0x10, 0xe0,
    0x0f, 0xe0, 0x10, 0xe0, 0x0f, 0xe0, 0x0f, 0xe0, 0x10, 0xe8, 0x10, 0xe8,
    0x10, 0xe8, 0x0f, 0xe0, 0x10, 0xe0, 0x10, 0xe0, 0x0f, 0xe8, 0x10, 0xe8,
    0x10, 0xe0, 0x0f, 0xe8, 0x10, 0xe8, 0x10, 0xe0, 0x0f, 0xe8, 0x10, 0xe8,
    0x10, 0xe8, 0x10, 0xe8, 0x10, 0xe8, 0x10, 0xe8, 0x0f, 0xe8, 0x10, 0xe8,
    0x10, 0xe0, 0x10, 0xe8, 0x10, 0xe0, 0x0f, 0xe0, 0x10, 0xe8, 0x10, 0xe8,
    0x0f, 0xe8, 0x10, 0xe8, 0x10, 0xe0, 0x0f, 0xe8, 0x10, 0xe8, 0x10, 0xe8,
    0x0f, 0xe0, 0x10, 0xe8, 0x0f, 0xe8, 0x10, 0xe0, 0x10, 0xe0, 0x0f, 0xe8,
    0x10, 0xe8, 0x0f, 0xe0, 0x10, 0xe8, 0x10, 0xe8, 0x10, 0xe8, 0x10, 0xe0,
    0x10, 0xe8, 0x10, 0xe8, 0x10, 0xe0, 0x0f, 0xe8, 0x10, 0xe8, 0x10, 0xe0,
    0x0f, 0xe8, 0x10, 0xe8, 0x0f, 0xe0, 0x0f, 0xe8, 0x10, 0xe8, 0x10, 0xe8,
    0x0f, 0xe0, 0x10, 0xe8, 0x10, 0xe8, 0x10, 0xe8, 0x10, 0xe0, 0x10, 0xe8,
    0x10, 0xe0, 0x0f, 0xe8, 0x10, 0xe8, 0x10, 0xe8, 0x0f, 0xe8, 0x10, 0xe0,
    0x10, 0xe8, 0x10, 0xe8, 0x10, 0xe8, 0x10, 0xe8, 0x0f, 0xe0, 0x10, 0xe8,
    0x10, 0xe8, 0x10, 0xe8, 0x0f, 0xe8, 0x10, 0xe8, 0x10, 0xe0, 0x0f, 0xe8,
    0x10, 0xe8, 0x10, 0xe0, 0x10, 0xe8, 0x10, 0xe8, 0x0f, 0xe0, 0x10, 0xe8,
    0x10, 0xe8, 0x10, 0xe8, 0x10, 0xe0, 0x10, 0xe8, 0x10, 0xe8, 0x0f, 0xe0,
    0x10, 0xe8, 0x10, 0xe8, 0x0f, 0xe8, 0x10, 0xe0, 0x10, 0xe8, 0x10, 0xe0,
    0x0f, 0xe8, 0x10, 0xe0, 0x10, 0xe8, 0x10, 0xe8, 0x0f, 0xe8, 0x10, 0xe8,
    0x10, 0xe8, 0x0f, 0xe0, 0x10, 0xe8, 0x10, 0xe0, 0x10, 0xe0, 0x10, 0xe8,
    0x10, 0xe0, 0x10, 0xe0, 0x10, 0xe8, 0x10, 0xe8, 0x0f, 0xe8, 0x10, 0xe8,
    0x10, 0xe8, 0x0f, 0xe0, 0x10, 0xe8, 0x10, 0xe0, 0x10, 0xe8, 0x0f, 0xe8,
    0x10, 0xe8, 0x10, 0xe0, 0x0f, 0xe8, 0x10, 0xe8, 0x10, 0xe0, 0x10, 0xe8,
    0x10, 0xe8, 0x10, 0xe0, 0x0f, 0xe8, 0x10, 0xe8, 0x0f, 0xe8, 0x10, 0xe0,
    0x10, 0xe8, 0x10, 0xe8, 0x10, 0xe8, 0x10, 0xe8, 0x10, 0xe0, 0x10, 0xe8,
    0x0f, 0xe8, 0x10, 0xe8, 0x10, 0xe0, 0x0f, 0xe8, 0x0f, 0xe8, 0x10, 0xe8,
    0x10, 0xe0, 0x10, 0xe8, 0x0f, 0xe8, 0x10, 0xe0, 0x10, 0xe8, 0x0f, 0xe8,
    0x10, 0xe8, 0x10, 0xe8, 0x0f, 0xe8, 0x10, 0xe8, 0x10, 0xe0, 0x10, 0xe8,
    0x10, 0xe8, 0x10, 0xe0, 0x0f, 0xe8, 0x10, 0xe8, 0x10, 0xe0, 0x0f, 0xe8,
    0x10, 0xe8, 0x10, 0xe0, 0x0f, 0xe0, 0x0f, 0xe8, 0x10, 0xe0, 0x0f, 0xe0,
    0x10, 0xe8, 0x10, 0xe0, 0x10, 0xe8, 0x0f, 0xe0, 0x10, 0xe8, 0x10, 0xe0,
    0x0f, 0xe8, 0x10, 0xe0, 0x10, 0xe8, 0x10, 0xe0, 0x0f, 0xe0, 0x10, 0xe8,
    0x10, 0xe0, 0x10, 0xe0, 0x10, 0xe8, 0x10, 0xe0, 0x0f, 0xe0, 0x10, 0xe8,
    0x10, 0xe0, 0x0f, 0xe0, 0x0f, 0xe0, 0x0f, 0xe0, 0x0f, 0xd8, 0x0f, 0xd8,
    0x0f, 0xd8, 0x0f, 0xd8, 0x0f, 0xd8, 0x0f, 0xd8, 0x0e, 0xd0, 0x0e, 0xd8,
    0x0f, 0xd8, 0x0e, 0xd8, 0x0f, 0xd8, 0x0f, 0xd8, 0x0f, 0xd8, 0x0e, 0xd8,
    0x0e, 0xd0, 0x0f, 0xd8, 0x0e, 0xd8, 0x0f, 0xd8, 0x0f, 0xd0, 0x0e, 0xd8,
    0x0f, 0xd8, 0x0f, 0xd0, 0x0e, 0xd0, 0x0f, 0xd8, 0x0e, 0xd0, 0x0e, 0xd0,
    0x0f, 0xd0, 0x0e, 0xd0, 0x0f, 0xd0, 0x0f, 0xd0, 0x0f, 0xd0, 0x0e, 0xd0,
    0x0f, 0xd0, 0x0e, 0xd0, 0x0e, 0xd0, 0x0e, 0xd0, 0x0e, 0xd0, 0x0e, 0xd0,
    0x0e, 0xd0, 0x0e, 0xd0, 0x0d, 0xc8, 0x0e, 0xc8, 0x0d, 0xc8, 0x0e, 0xc8,
    0x0e, 0xc8, 0x0e, 0xc8, 0x0e, 0xc8, 0x0e, 0xc8, 0x0e, 0xc8, 0x0e, 0xc8,
    0x0e, 0xd0, 0x0f, 0xd0, 0x0e, 0xd0, 0x0e, 0xd0, 0x0f, 0xd0, 0x0e, 0xd0,
    0x0f, 0xd0, 0x0e, 0xd0, 0x0f, 0xd0, 0x0e, 0xd0, 0x0f, 0xd0, 0x0f, 0xd0,
    0x0e, 0xd0, 0x0f, 0xd0, 0x0e, 0xd8, 0x0e, 0xd8, 0x0f, 0xd8, 0x0f, 0xd8,
    0x0f, 0xd8, 0x0f, 0xd8, 0x0f, 0xd8, 0x0f, 0xd8, 0x0f, 0xd8, 0x0f, 0xd8,
    0x0f, 0xd8, 0x0f, 0xe0, 0x0f, 0xd8, 0x10, 0xd8, 0x0f, 0xe0, 0x0f, 0xe0,
    0x0f, 0xe0, 0x0f, 0xe0, 0x0f, 0xe0, 0x0f, 0xe0, 0x10, 0xe0, 0x10, 0xe0,
    0x0f, 0xe0, 0x0f, 0xe0, 0x0f, 0xe0, 0x0f, 0xe0, 0x10, 0xe0, 0x10, 0xe8,
    0x10, 0xe8, 0x10, 0xe0, 0x10, 0xe0, 0x10, 0xe8, 0x10, 0xe8, 0x10, 0xe0,
    0x10, 0xe8, 0x10, 0xe8, 0x10, 0xe8, 0x10, 0xe8, 0x0f, 0xe0, 0x10, 0xe8,
    0x10, 0xe8, 0x0f, 0xe0, 0x10, 0xe8, 0x10, 0xe8, 0x0f, 0xe8, 0x10, 0xe8,
    0x10, 0xe8, 0x10, 0xe0, 0x0f, 0xe8, 0x10, 0xe8, 0x10, 0xe0, 0x10, 0xe8,
    0x10, 0xe8, 0x10, 0xe8, 0x10, 0xe0, 0x10, 0xe8, 0x10, 0xe8, 0x0f, 0xe8,
    0x10, 0xe8, 0x10, 0xe8, 0x10, 0xe8, 0x10, 0xe8, 0x10, 0xe0, 0x10, 0xe8,
    0x0f, 0xe8, 0x10, 0xe8, 0x0f, 0xe0, 0x10, 0xe8, 0x0f, 0xe8, 0x10, 0xe8,
    0x10, 0xe0, 0x10, 0xe8, 0x10, 0xe8, 0x10, 0xe8, 0x10, 0xe8, 0x10, 0xe0,
    0x10, 0xe8, 0x10, 0xe8, 0x10, 0xe8, 0x10, 0xe8, 0x10, 0xe8, 0x0f, 0xe0,
    0x10, 0xe8, 0x0f, 0xe8, 0x10, 0xe8, 0x10, 0xe8, 0x0f, 0xe0, 0x10, 0xe8,
    0x10, 0xe0, 0x10, 0xe8, 0x10, 0xe8, 0x0f, 0xe8, 0x10, 0xe0, 0x0f, 0xe8,
    0x10, 0xe8, 0x10, 0xe8, 0x10, 0xe8, 0x10, 0xe0, 0x10, 0xe8, 0x10, 0xe8,
    0x10, 0xe0, 0x10, 0xe8, 0x10, 0xe8, 0x0f, 0xe8, 0x10, 0xe0, 0x0f, 0xe8,
    0x10, 0xe8, 0x10, 0xe0, 0x10, 0xe8, 0x0f, 0xe8, 0x10, 0xe8, 0x0f, 0xe8,
    0x10, 0xe8, 0x10, 0xe8, 0x0f, 0xe8, 0x10, 0xe0, 0x10, 0xe8, 0x10, 0xe8,
    0x10, 0xe8, 0x10, 0xe8, 0x10, 0xe0, 0x10, 0xe8, 0x10, 0xe8, 0x0f, 0xe8,
    0x10, 0xe0, 0x10, 0xe8, 0x10, 0xe0, 0x0f, 0xe8, 0x10, 0xe8, 0x10, 0xe8,
    0x0f, 0xe8, 0x10, 0xe8, 0x0f, 0xe8, 0x0f, 0xe8, 0x10, 0xe8, 0x10, 0xe8,
    0x0f, 0xe0, 0x10, 0xe8, 0x10, 0xe0, 0x10, 0xe8, 0x10, 0xe8, 0x10, 0xe8,
    0x10, 0xe8, 0x10, 0xe8, 0x0f, 0xe0, 0x10, 0xe8, 0x10, 0xe8, 0x10, 0xe8,
    0x10, 0xe8, 0x0f, 0xe8, 0x10, 0xe0, 0x10, 0xe8, 0x0f, 0xe8, 0x10, 0xe8,
    0x10, 0xe8, 0x10, 0xe0, 0x10, 0xe8, 0x0f, 0xe8, 0x10, 0xe8, 0x10, 0xe0,
    0x0f, 0xe8, 0x10, 0xe8, 0x10, 0xe0, 0x10, 0xe8, 0x10, 0xe8, 0x10, 0xe8,
    0x10, 0xe0, 0x10, 0xe8, 0x10, 0xe8, 0x0f, 0xe8, 0x10, 0xe8, 0x10, 0xe0,
    0x0f, 0xe8, 0x10, 0xe8, 0x10, 0xe8, 0x10, 0xe0, 0x0f, 0xe8, 0x10, 0xe0,
    0x10, 0xe8, 0x0f, 0xe8, 0x0f, 0xe8, 0x10, 0xe8, 0x10, 0xe0, 0x0f, 0xe8,
    0x10, 0xe8, 0x10, 0xe0, 0x10, 0xe8, 0x10, 0xe8, 0x10, 0xe8, 0x10, 0xe8,
    0x10, 0xe8, 0x10, 0xe8, 0x10, 0xe8, 0x0f, 0xe8, 0x10, 0xe8, 0x10, 0xe8,
    0x0f, 0xe8, 0x10, 0xe8, 0x10, 0xe8, 0x10, 0xe8, 0x0f, 0xe8, 0x10, 0xe8,
    0x10, 0xe8, 0x10, 0xe8, 0x10, 0xe8, 0x10, 0xe8, 0x10, 0xe8, 0x0f, 0xe0,
    0x10, 0xe0, 0x0f, 0xe0, 0x0f, 0xe0, 0x0f, 0xe0, 0x0f, 0xe0, 0x0f, 0xd8,
    0x0f, 0xd8, 0x0f, 0xd8, 0x0f, 0xd8, 0x0f, 0xd8, 0x0f, 0xd8, 0x0f, 0xd8,
    0x0f, 0xd8, 0x0f, 0xd8, 0x0f, 0xd8, 0x0f, 0xd8, 0x0f, 0xd8, 0x0f, 0xd8,
    0x0f, 0xd8, 0x0f, 0xd8, 0x0f, 0xd8, 0x0f, 0xd8, 0x0f, 0xd8, 0x0e, 0xd8,
    0x0f, 0xd8, 0x0f, 0xd8, 0x0e, 0xd8, 0x0e, 0xd8, 0x0f, 0xd8, 0x0e, 0xd8,
    0x0e, 0xd8, 0x0f, 0xd0, 0x0f, 0xd8, 0x0e, 0xd0, 0x0f, 0xd0, 0x0e, 0xd0,
    0x0e, 0xd0, 0x0f, 0xd0, 0x0e, 0xd0, 0x0e, 0xd0, 0x0f, 0xd0, 0x0f, 0xd0,
    0x0f, 0xd0, 0x0f, 0xd0, 0x0e, 0xd0, 0x0f, 0xd0, 0x0e, 0xd0, 0x0e, 0xd0,
    0x0f, 0xd0, 0x0e, 0xd8, 0x0e, 0xd0, 0x0e, 0xd0, 0x0e, 0xd0, 0x0e, 0xd0,
    0x0e, 0xd0, 0x0e, 0xd0, 0x0e, 0xc8, 0x0e, 0xc8, 0x0e, 0xc8, 0x0e, 0xc8,
    0x0e, 0xc8, 0x0e, 0xd0, 0x0e, 0xd0, 0x0e, 0xd0, 0x0e, 0xd0, 0x0e, 0xd0,
    0x0e, 0xd0, 0x0e, 0xd0, 0x0e, 0xd8, 0x0e, 0xd0, 0x0f, 0xd0, 0x0e, 0xd0,
    0x0f, 0xd0, 0x0f, 0xd0, 0x0e, 0xd8, 0x0e, 0xd8, 0x0f, 0xd8, 0x0f, 0xd8,
    0x0f, 0xd8, 0x0f, 0xd8, 0x0f, 0xd8, 0x0f, 0xd8, 0x0f, 0xd8, 0x0f, 0xd8,
    0x0f, 0xe0, 0x0f, 0xe0, 0x10, 0xd8, 0x0f, 0xd8, 0x10, 0xe0, 0x0f, 0xe0,
    0x0f, 0xe0, 0x0f, 0xe0, 0x0f, 0xe0, 0x10, 0xe0, 0x10, 0xe0, 0x10, 0xe0,
    0x0f, 0xe0, 0x10, 0xe0, 0x0f, 0xe0, 0x0f, 0xe8, 0x10, 0xe0, 0x10, 0xe0,
    0x0f, 0xe8, 0x10, 0xe0, 0x0f, 0xe0, 0x10, 0xe8, 0x0f, 0xe8, 0x0f, 0xe8,
    0x10, 0xe0, 0x10, 0xe8, 0x10, 0xe8, 0x0f, 0xe8, 0x10, 0xe0, 0x10, 0xe8,
    0x10, 0xe8, 0x10, 0xe0, 0x10, 0xe8, 0x0f, 0xe8, 0x10, 0xe8, 0x10, 0xe8,
    0x10, 0xe8, 0x0f, 0xe0, 0x10, 0xe8, 0x10, 0xe8, 0x0f, 0xe8, 0x10, 0xe0,
    0x0f, 0xe8, 0x10, 0xe8, 0x10, 0xe0, 0x10, 0xe8, 0x10, 0xe8, 0x0f, 0xe0,
    0x10, 0xe8, 0x0f, 0xe8, 0x10, 0xe8, 0x10, 0xe8, 0x10, 0xe0, 0x0f, 0xe8,
    0x10, 0xe8, 0x10, 0xe8, 0x10, 0xe8, 0x0f, 0xe0, 0x10, 0xe8, 0x0f, 0xe8,
    0x0f, 0xe0, 0x10, 0xe8, 0x10, 0xe8, 0x0f, 0xe8, 0x10, 0xe8, 0x10, 0xe0,
    0x0f, 0xe8, 0x10, 0xe8, 0x10, 0xe0, 0x10, 0xe8, 0x10, 0xe8, 0x0f, 0xe0,
    0x10, 0xe8, 0x10, 0xe8, 0x10, 0xe8, 0x10, 0xe8, 0x0f, 0xe8, 0x10, 0xe0,
    0x10, 0xe8, 0x10, 0xe8, 0x10, 0xe8, 0x10, 0xe0, 0x0f, 0xe8, 0x10, 0xe8,
    0x0f, 0xe0, 0x0f, 0xe8, 0x10, 0xe8, 0x0f, 0xe0, 0x10, 0xe8, 0x10, 0xe8,
    0x0f, 0xe8, 0x10, 0xe0, 0x10, 0xe8, 0x10, 0xe8, 0x0f, 0xe8, 0x10, 0xe8,
    0x10, 0xe8, 0x10, 0xe0, 0x0f, 0xe0, 0x10, 0xe8, 0x10, 0xe8, 0x0f, 0xe0,
    0x10, 0xe8, 0x10, 0xe8, 0x0f, 0xe8, 0x10, 0xe0, 0x0f, 0xe8, 0x10, 0xe8,
    0x0f, 0xe8, 0x10, 0xe8, 0x10, 0xe8, 0x0f, 0xe8, 0x10, 0xe8, 0x10, 0xe0,
    0x10, 0xe8, 0x10, 0xe8, 0x10, 0xe0, 0x10, 0xe8, 0x10, 0xe8, 0x10, 0xe8,
    0x10, 0xe8, 0x10, 0xe0, 0x10, 0xe8, 0x0f, 0xe8, 0x10, 0xe8, 0x10, 0xe8,
    0x10, 0xe8, 0x0f, 0xe0, 0x10, 0xe8, 0x0f, 0xe8, 0x10, 0xe0, 0x10, 0xe8,
    0x0f, 0xe8, 0x10, 0xe0, 0x10, 0xe8, 0x0f, 0xe0, 0x10, 0xe8, 0x10, 0xe8,
    0x10, 0xe8, 0x0f, 0xe0, 0x10, 0xe8, 0x10, 0xe8, 0x0f, 0xe0, 0x10, 0xe8,
    0x10, 0xe8, 0x10, 0xe8, 0x0f, 0xe8, 0x10, 0xe0, 0x10, 0xe8, 0x0f, 0xe8,
    0x10, 0xe8, 0x0f, 0xe0, 0x10, 0xe8, 0x0f, 0xe8, 0x10, 0xe8, 0x10, 0xe0,
    0x10, 0xe8, 0x10, 0xe8, 0x0f, 0xe0, 0x10, 0xe8, 0x10, 0xe8, 0x10, 0xe8,
    0x10, 0xe0, 0x10, 0xe8, 0x10, 0xe8, 0x0f, 0xe8, 0x10, 0xe0, 0x10, 0xe8,
    0x10, 0xe8, 0x10, 0xe0, 0x0f, 0xe8, 0x10, 0xe8, 0x10, 0xe8, 0x0f, 0xe8,
    0x10, 0xe8, 0x0f, 0xe0, 0x10, 0xe8, 0x0f, 0xe8, 0x10, 0xe0, 0x10, 0xe8,
    0x10, 0xe8, 0x10, 0xe0, 0x10, 0xe8, 0x10, 0xe8, 0x10, 0xe0, 0x10, 0xe8,
    0x10, 0xe0, 0x0f, 0xe8, 0x10, 0xe0, 0x10, 0xe0, 0x0f, 0xe0, 0x0f, 0xe0,
    0x0f, 0xe0, 0x0f, 0xe0, 0x0f, 0xe0, 0x0f, 0xe0, 0x0f, 0xe0, 0x0f, 0xe0,
    0x0f, 0xe0, 0x0f, 0xd8, 0x0f, 0xd8, 0x0f, 0xd8, 0x0f, 0xe0, 0x0f, 0xe0,
    0x0f, 0xd8, 0x0f, 0xe0, 0x0f, 0xd8, 0x0f, 0xd8, 0x0f, 0xd8, 0x0f, 0xd8,
    0x0f, 0xd8, 0x0f, 0xd8, 0x0f, 0xd8, 0x0f, 0xd8, 0x0f, 0xd8, 0x0f, 0xd8,
    0x0f, 0xd8, 0x0f, 0xd8, 0x0f, 0xd8, 0x0f, 0xd8, 0x0f, 0xd8, 0x0f, 0xd8,
    0x0f, 0xd8, 0x0f, 0xd8, 0x0f, 0xd0, 0x0f, 0xd8, 0x0f, 0xd8, 0x0f, 0xd8,
    0x0e, 0xd8, 0x0f, 0xd8, 0x0f, 0xd8, 0x0f, 0xd8, 0x0e, 0xd8, 0x0f, 0xd8,
    0x0e, 0xd8, 0x0f, 0xd8, 0x0e, 0xd0, 0x0e, 0xd0, 0x0f, 0xd0, 0x0e, 0xd0,
    0x0f, 0xd0, 0x0e, 0xd0, 0x0e, 0xd0, 0x0f, 0xd0, 0x0f, 0xd8, 0x0f, 0xe0,
    0x0f, 0xe0, 0x0f, 0xe0, 0x0f, 0xe0, 0x0f, 0xe0, 0x0f, 0xd8, 0x0f, 0xd8,
    0x0f, 0xd8, 0x0f, 0xd8, 0x0f, 0xd8, 0x0f, 0xd8, 0x0f, 0xd0, 0x0e, 0xd0,
    0x0e, 0xd0, 0x0e, 0xd0, 0x0e, 0xd0, 0x0f, 0xd0, 0x0e, 0xd0, 0x0e, 0xd0,
    0x0e, 0xd0, 0x0e, 0xd0, 0x0e, 0xd8, 0x0e, 0xd0, 0x0f, 0xd8, 0x0f, 0xd0,
    0x0e, 0xd0, 0x0f, 0xd0, 0x0e, 0xd8, 0x0e, 0xd8, 0x0f, 0xd8, 0x0f, 0xd8,
    0x0f, 0xd8, 0x0f, 0xd8, 0x0f, 0xd8, 0x0f, 0xd8, 0x0f, 0xd8, 0x0f, 0xd8,
    0x0f, 0xd8, 0x0f, 0xe0, 0x0f, 0xd8, 0x10, 0xd8, 0x0f, 0xe0, 0x0f, 0xe0,
    0x0f, 0xe0, 0x0f, 0xe0, 0x0f, 0xe0, 0x10, 0xe0, 0x10, 0xe0, 0x0f, 0xe0,
    0x10, 0xe0, 0x0f, 0xe0, 0x0f, 0xe0, 0x0f, 0xe0, 0x10, 0xe0, 0x10, 0xe8,
    0x10, 0xe0, 0x10, 0xe0, 0x10, 0xe0, 0x10, 0xe8, 0x0f, 0xe8, 0x10, 0xe0,
    0x10, 0xe8, 0x10, 0xe8, 0x0f, 0xe8, 0x10, 0xe8, 0x10, 0xe0, 0x0f, 0xe8,
    0x10, 0xe0, 0x10, 0xe8, 0x0f, 0xe0, 0x10, 0xe8, 0x10, 0xe8, 0x10, 0xe8,
    0x0f, 0xe0, 0x10, 0xe8, 0x10, 0xe8, 0x0f, 0xe8, 0x10, 0xe8, 0x10, 0xe8,
    0x0f, 0xe0, 0x10, 0xe8, 0x10, 0xe8, 0x10, 0xe0, 0x0f, 0xe8, 0x10, 0xe8,
    0x10, 0xe0, 0x0f, 0xe8, 0x10, 0xe8, 0x10, 0xe0, 0x10, 0xe8, 0x10, 0xe8,
    0x10, 0xe0, 0x10, 0xe8, 0x10, 0xe8, 0x10, 0xe8, 0x10, 0xe0, 0x10, 0xe8,
    0x0f, 0xe8, 0x10, 0xe0, 0x10, 0xe8, 0x0f, 0xe8, 0x10, 0xe0, 0x10, 0xe8,
    0x0f, 0xe8, 0x10, 0xe8, 0x10, 0xe8, 0x10, 0xe0, 0x0f, 0xe8, 0x10, 0xe8,
    0x10, 0xe0, 0x0f, 0xe8, 0x10, 0xe8, 0x10, 0xe0, 0x0f, 0xe8, 0x10, 0xe8,
    0x10, 0xe0, 0x10, 0xe8, 0x10, 0xe8, 0x10, 0xe0, 0x10, 0xe8, 0x10, 0xe8,
    0x10, 0xe8, 0x0f, 0xe8, 0x10, 0xe8, 0x10, 0xe0, 0x0f, 0xe8, 0x10, 0xe8,
    0x10, 0xe8, 0x10, 0xe0, 0x10, 0xe8, 0x0f, 0xe8, 0x10, 0xe8, 0x10, 0xe8,
    0x10, 0xe8, 0x10, 0xe8, 0x10, 0xe0, 0x10, 0xe8, 0x10, 0xe8, 0x10, 0xe8,
    0x10, 0xe0, 0x0f, 0xe8, 0x10, 0xe8, 0x10, 0xe0, 0x0f, 0xe8, 0x10, 0xe0,
    0x10, 0xe0, 0x10, 0xe8, 0x0f, 0xe8, 0x10, 0xe8, 0x0f, 0xe8, 0x10, 0xe8,
    0x0f, 0xe0, 0x10, 0xe8, 0x10, 0xe0, 0x0f, 0xe0, 0x10, 0xe8, 0x10, 0xe8,
    0x10, 0xe0, 0x10, 0xe8, 0x0f, 0xe8, 0x10, 0xe0, 0x10, 0xe8, 0x10, 0xe8,
    0x0f, 0xe0, 0x10, 0xe8, 0x10, 0xe8, 0x10, 0xe8, 0x10, 0xe8, 0x10, 0xe8,
    0x10, 0xe8, 0x0f, 0xe0, 0x10, 0xe8, 0x10, 0xe8, 0x10, 0xe8, 0x10, 0xe8,
    0x10, 0xe0, 0x10, 0xe8, 0x0f, 0xe8, 0x10, 0xe8, 0x10, 0xe0, 0x10, 0xe8,
    0x10, 0xe8, 0x10, 0xe8, 0x10, 0xe8, 0x10, 0xe8, 0x10, 0xe8, 0x10, 0xe0,
    0x0f, 0xe8, 0x10, 0xe8, 0x10, 0xe8, 0x0f, 0xe0, 0x10, 0xe8, 0x10, 0xe8,
    0x10, 0xe8, 0x10, 0xe8, 0x0f, 0xe0, 0x10, 0xe8, 0x0f, 0xe8, 0x10, 0xe8,
    0x10, 0xe8, 0x10, 0xe8, 0x10, 0xe0, 0x10, 0xe8, 0x10, 0xe8, 0x0f, 0xe8,
    0x10, 0xe8, 0x10, 0xe0, 0x10, 0xe8, 0x10, 0xe8, 0x10, 0xe0, 0x10, 0xe8,
    0x0f, 0xe8, 0x10, 0xe0, 0x10, 0xe8, 0x0f, 0xe8, 0x0f, 0xe0, 0x10, 0xe8,
    0x0f, 0xe8, 0x10, 0xe0, 0x0f, 0xe0, 0x10, 0xe0, 0x0f, 0xe0, 0x10, 0xe0,
    0x0f, 0xe0, 0x0f, 0xe0, 0x0f, 0xe0, 0x0f, 0xe0, 0x0f, 0xe0, 0x0f, 0xe0,
    0x0f, 0xe0, 0x0f, 0xe0, 0x10, 0xe0, 0x0f, 0xe0, 0x0f, 0xe0, 0x10, 0xe0,
    0x0f, 0xe0, 0x0f, 0xe0, 0x10, 0xe0, 0x0f, 0xe0, 0x0f, 0xd8, 0x0f, 0xe0,
    0x0f, 0xe0, 0x0f, 0xe0, 0x0f, 0xe0, 0x0f, 0xd8, 0x0f, 0xe0, 0x0f, 0xd8,
    0x0e, 0xd8, 0x0f, 0xd8, 0x0f, 0xd8, 0x0e, 0xd8, 0x0f, 0xd8, 0x0f, 0xd8,
    0x0e, 0xd8, 0x0f, 0xd8, 0x0f, 0xd8, 0x0f, 0xd8, 0x0f, 0xd8, 0x0f, 0xd8,
    0x0e, 0xd8, 0x0f, 0xd8, 0x0f, 0xd8, 0x0f, 0xd8, 0x0f, 0xd8, 0x0f, 0xd8,
    0x0f, 0xd8, 0x0e, 0xd8, 0x0f, 0xd8, 0x0f, 0xd0, 0x0f, 0xd8, 0x0f, 0xd8,
    0x0f, 0xd8, 0x0e, 0xd8, 0x0f, 0xd8, 0x0e, 0xd0, 0x0f, 0xd8, 0x0f, 0xd8,
    0x0e, 0xd0, 0x0f, 0xd0, 0x0f, 0xd8, 0x0f, 0xd8, 0x0f, 0xd8, 0x0f, 0xd8,
    0x0f, 0xd8, 0x0f, 0xe0, 0x0f, 0xe0, 0x0f, 0xe0, 0x10, 0xe0, 0x0f, 0xe0,
    0x0f, 0xe0, 0x0f, 0xe0, 0x0f, 0xe0, 0x0f, 0xe0, 0x10, 0xe0, 0x10, 0xe0,
    0x0f, 0xe0, 0x0f, 0xd8, 0x0f, 0xd8, 0x0f, 0xd8, 0x0f, 0xd8, 0x0f, 0xd8,
    0x0f, 0xd8, 0x0f, 0xd8, 0x0f, 0xd8, 0x0e, 0xd8, 0x0e, 0xd0, 0x0f, 0xd0,
    0x0f, 0xd8, 0x0e, 0xd0, 0x0f, 0xd8, 0x0e, 0xd8, 0x0e, 0xd8, 0x0f, 0xd8,
    0x0f, 0xd8, 0x0f, 0xd8, 0x0f, 0xd8, 0x0f, 0xd8, 0x0f, 0xe0, 0x0f, 0xd8,
    0x0f, 0xd8, 0x0f, 0xe0, 0x10, 0xd8, 0x0f, 0xd8, 0x10, 0xe0, 0x0f, 0xe0,
    0x0f, 0xe0, 0x0f, 0xe0, 0x0f, 0xe0, 0x10, 0xe0, 0x10, 0xe0, 0x10, 0xe0,
    0x0f, 0xe8, 0x10, 0xe0, 0x0f, 0xe0, 0x0f, 0xe8, 0x10, 0xe8, 0x10, 0xe0,
    0x10, 0xe8, 0x10, 0xe0, 0x10, 0xe0, 0x0f, 0xe8, 0x10, 0xe8, 0x10, 0xe0,
    0x10, 0xe8, 0x0f, 0xe8, 0x10, 0xe8, 0x10, 0xe8, 0x10, 0xe8, 0x10, 0xe8,
    0x10, 0xe0, 0x0f, 0xe8, 0x10, 0xe8, 0x10, 0xe8, 0x10, 0xe8, 0x10, 0xe0,
    0x10, 0xe8, 0x10, 0xe0, 0x10, 0xe8, 0x10, 0xe8, 0x0f, 0xe8, 0x10, 0xe8,
    0x10, 0xe8, 0x10, 0xe8, 0x10, 0xe8, 0x10, 0xe0, 0x10, 0xe8, 0x10, 0xe8,
    0x0f, 0xe8, 0x10, 0xe8, 0x10, 0xe0, 0x0f, 0xe8, 0x0f, 0xe8, 0x10, 0xe8,
    0x10, 0xe8, 0x0f, 0xe8, 0x10, 0xe8, 0x10, 0xe8, 0x10, 0xe0, 0x10, 0xe8,
    0x10, 0xe8, 0x0f, 0xe8, 0x10, 0xe8, 0x10, 0xe0, 0x0f, 0xe8, 0x10, 0xe8,
    0x10, 0xe0, 0x10, 0xe8, 0x0f, 0xe8, 0x10, 0xe8, 0x10, 0xe0, 0x10, 0xe8,
    0x10, 0xe8, 0x10, 0xe8, 0x0f, 0xe8, 0x10, 0xe0, 0x0f, 0xe8, 0x0f, 0xe8,
    0x10, 0xe8, 0x10, 0xe8, 0x0f, 0xe8, 0x10, 0xe0, 0x10, 0xe8, 0x10, 0xe8,
    0x10, 0xe0, 0x10, 0xe8, 0x10, 0xe8, 0x10, 0xe8, 0x0f, 0xe0, 0x10, 0xe8,
    0x10, 0xe0, 0x0f, 0xe8, 0x10, 0xe0, 0x10, 0xe8, 0x0f, 0xe8, 0x10, 0xe0,
    0x0f, 0xe8, 0x10, 0xe8, 0x0f, 0xe8, 0x10, 0xe0, 0x10, 0xe8, 0x10, 0xe8,
    0x10, 0xe8, 0x10, 0xe8, 0x10, 0xe8, 0x0f, 0xe8, 0x10, 0xe8, 0x10, 0xe0,
    0x10, 0xe8, 0x10, 0xe8, 0x10, 0xe0, 0x0f, 0xe8, 0x10, 0xe8, 0x10, 0xe8,
    0x0f, 0xe8, 0x10, 0xe8, 0x10, 0xe8, 0x0f, 0xe8, 0x10, 0xe8, 0x10, 0xe8,
    0x0f, 0xe0, 0x10, 0xe8, 0x10, 0xe8, 0x10, 0xe8, 0x10, 0xe8, 0x10, 0xe0,
    0x0f, 0xe8, 0x10, 0xe8, 0x0f, 0xe0, 0x10, 0xe8, 0x10, 0xe8, 0x10, 0xe8,
    0x0f, 0xe0, 0x10, 0xe8, 0x0f, 0xe8, 0x10, 0xe0, 0x10, 0xe8, 0x0f, 0xe8,
    0x10, 0xe8, 0x10, 0xe0, 0x0f, 0xe8, 0x0f, 0xe8, 0x10, 0xe0, 0x0f, 0xe8,
    0x10, 0xe0, 0x0f, 0xe8, 0x10, 0xe8, 0x10, 0xe8, 0x10, 0xe0, 0x10, 0xe8,
    0x10, 0xe8, 0x0f, 0xe8, 0x10, 0xe0, 0x10, 0xe8, 0x0f, 0xe8, 0x10, 0xe0,
    0x10, 0xe8, 0x10, 0xe8, 0x0f, 0xe0, 0x10, 0xe8, 0x10, 0xe8, 0x0f, 0xe0,
    0x0f, 0xe8, 0x10, 0xe8, 0x10, 0xe0, 0x10, 0xe8, 0x10, 0xe8, 0x0f, 0xe0,
    0x10, 0xe8, 0x10, 0xe8, 0x0f, 0xe0, 0x10, 0xe8, 0x10, 0xe8, 0x10, 0xe8,
    0x10, 0xe8, 0x10, 0xe0, 0x0f, 0xe0, 0x10, 0xe8, 0x10, 0xe0, 0x0f, 0xe0,
    0x0f, 0xe0, 0x0f, 0xe0, 0x10, 0xe0, 0x0f, 0xe0, 0x10, 0xe0, 0x10, 0xe0,
    0x10, 0xe0, 0x10, 0xe0, 0x10, 0xe0, 0x10, 0xe0, 0x0f, 0xe0, 0x0f, 0xd8,
    0x10, 0xe0, 0x0f, 0xd8, 0x0f, 0xe0, 0x10, 0xe0, 0x0f, 0xe0, 0x0f, 0xe0,
    0x0f, 0xd8, 0x0f, 0xe0, 0x0f, 0xe0, 0x0f, 0xe0, 0x0f, 0xd8, 0x0f, 0xe0,
    0x0f, 0xe0, 0x0f, 0xe0, 0x0f, 0xe0, 0x0f, 0xe0, 0x0f, 0xe0, 0x0f, 0xe0,
    0x0f, 0xd8, 0x0f, 0xe0, 0x0f, 0xd8, 0x0f, 0xd8, 0x0f, 0xd8, 0x0f, 0xd8,
    0x0f, 0xd8, 0x0f, 0xd8, 0x0f, 0xd8, 0x0f, 0xd8, 0x0f, 0xd8, 0x0f, 0xd8,
    0x0f, 0xd8, 0x0e, 0xd8, 0x0f, 0xd8, 0x0f, 0xd8, 0x0f, 0xd8, 0x0f, 0xd8,
    0x0f, 0xd8, 0x0f, 0xd8, 0x0e, 0xd8, 0x0f, 0xd0, 0x0f, 0xd8, 0x0f, 0xd8,
    0x0f, 0xd8, 0x0f, 0xd8, 0x0e, 0xd8, 0x0f, 0xd8, 0x0f, 0xd0, 0x0e, 0xd8,
    0x0f, 0xd8, 0x0f, 0xd8, 0x0f, 0xd8, 0x0f, 0xd8, 0x0f, 0xd8, 0x0f, 0xd8,
    0x0f, 0xd8, 0x0f, 0xe0, 0x0f, 0xe0, 0x0f, 0xd8, 0x0f, 0xe0, 0x0f, 0xe0,
    0x0f, 0xe0, 0x0f, 0xe0, 0x0f, 0xd8, 0x0f, 0xe0, 0x10, 0xe0, 0x10, 0xe0,
    0x10, 0xe0, 0x10, 0xe0, 0x10, 0xe0, 0x10, 0xe0, 0x10, 0xe0, 0x0f, 0xe0,
    0x0f, 0xe0, 0x0f, 0xe0, 0x0f, 0xe0, 0x0f, 0xe0, 0x0f, 0xd8, 0x0f, 0xd8,
    0x0f, 0xd8, 0x0f, 0xd8, 0x0f, 0xd8, 0x0f, 0xd8, 0x0f, 0xd8, 0x0f, 0xd8,
    0x0f, 0xd8, 0x0f, 0xd8, 0x0f, 0xd8, 0x0f, 0xd8, 0x0f, 0xd8, 0x0f, 0xe0,
    0x0f, 0xe0, 0x0f, 0xd8, 0x0f, 0xe0, 0x0f, 0xd8, 0x0f, 0xe0, 0x0f, 0xe0,
    0x0f, 0xe0, 0x0f, 0xe0, 0x0f, 0xe0, 0x10, 0xe0, 0x10, 0xe0, 0x0f, 0xe0,
    0x10, 0xe0, 0x0f, 0xe0, 0x0f, 0xe0, 0x0f, 0xe8, 0x10, 0xe8, 0x10, 0xe0,
    0x0f, 0xe0, 0x10, 0xe8, 0x10, 0xe0, 0x10, 0xe0, 0x10, 0xe8, 0x10, 0xe8,
    0x0f, 0xe0, 0x10, 0xe8, 0x0f, 0xe8, 0x10, 0xe8, 0x10, 0xe8, 0x10, 0xe0,
    0x0f, 0xe8, 0x10, 0xe8, 0x10, 0xe0, 0x0f, 0xe8, 0x10, 0xe8, 0x0f, 0xe8,
    0x10, 0xe0, 0x10, 0xe8, 0x10, 0xe0, 0x0f, 0xe8, 0x10, 0xe0, 0x0f, 0xe8,
    0x10, 0xe8, 0x0f, 0xe8, 0x10, 0xe8, 0x10, 0xe0, 0x10, 0xe8, 0x0f, 0xe8,
    0x10, 0xe8, 0x10, 0xe8, 0x10, 0xe0, 0x10, 0xe8, 0x0f, 0xe0, 0x10, 0xe0,
    0x10, 0xe8, 0x0f, 0xe8, 0x10, 0xe8, 0x10, 0xe8, 0x0f, 0xe0, 0x10, 0xe8,
    0x10, 0xe8, 0x10, 0xe8, 0x10, 0xe0, 0x0f, 0xe8, 0x10, 0xe8, 0x10, 0xe8,
    0x10, 0xe8, 0x0f, 0xe0, 0x10, 0xe8, 0x10, 0xe8, 0x0f, 0xe0, 0x10, 0xe8,
    0x10, 0xe8, 0x10, 0xe8, 0x10, 0xe8, 0x10, 0xe0, 0x10, 0xe8, 0x0f, 0xe8,
    0x10, 0xe0, 0x10, 0xe8, 0x0f, 0xe8, 0x10, 0xe0, 0x0f, 0xe8, 0x10, 0xe8,
    0x10, 0xe8, 0x0f, 0xe0, 0x10, 0xe8, 0x10, 0xe8, 0x10, 0xe8, 0x10, 0xe8,
    0x10, 0xe0, 0x0f, 0xe8, 0x10, 0xe8, 0x10, 0xe8, 0x10, 0xe8, 0x0f, 0xe0,
    0x10, 0xe8, 0x10, 0xe8, 0x0f, 0xe8, 0x10, 0xe0, 0x10, 0xe8, 0x0f, 0xe8,
    0x10, 0xe0, 0x10, 0xe8, 0x0f, 0xe8, 0x10, 0xe8, 0x10, 0xe0, 0x0f, 0xe8,
    0x10, 0xe8, 0x10, 0xe0, 0x10, 0xe8, 0x10, 0xe8, 0x10, 0xe8, 0x10, 0xe0,
    0x0f, 0xe8, 0x10, 0xe0, 0x10, 0xe8, 0x10, 0xe8, 0x10, 0xe8, 0x0f, 0xe8,
    0x10, 0xe0, 0x0f, 0xe8, 0x10, 0xe8, 0x10, 0xe8, 0x10, 0xe0, 0x0f, 0xe8,
    0x10, 0xe8, 0x10, 0xe0, 0x0f, 0xe8, 0x10, 0xe8, 0x10, 0xe8, 0x10, 0xe0,
    0x0f, 0xe8, 0x10, 0xe8, 0x10, 0xe8, 0x10, 0xe8, 0x10, 0xe0, 0x10, 0xe8,
    0x10, 0xe8, 0x10, 0xe8, 0x10, 0xe8, 0x10, 0xe0, 0x0f, 0xe8, 0x10, 0xe0,
    0x10, 0xe8, 0x0f, 0xe8, 0x10, 0xe8, 0x10, 0xe0, 0x0f, 0xe8, 0x10, 0xe8,
    0x10, 0xe8, 0x0f, 0xe0, 0x10, 0xe8, 0x10, 0xe8, 0x10, 0xe8, 0x10, 0xe8,
    0x10, 0xe0, 0x0f, 0xe8, 0x10, 0xe8, 0x10, 0xe8, 0x10, 0xe8, 0x0f, 0xe8,
    0x10, 0xe0, 0x10, 0xe8, 0x0f, 0xe8, 0x10, 0xe8, 0x10, 0xe8, 0x0f, 0xe8,
    0x10, 0xe0, 0x10, 0xe8, 0x0f, 0xe0, 0x10, 0xe0, 0x10, 0xe0, 0x10, 0xe0,
    0x0f, 0xe0, 0x10, 0xe0, 0x0f, 0xe0, 0x10, 0xe0, 0x10, 0xe8, 0x0f, 0xe0,
    0x10, 0xe8, 0x0f, 0xe0, 0x0f, 0xe0, 0x10, 0xe0, 0x0f, 0xe0, 0x0f, 0xe0,
    0x10, 0xe0, 0x10, 0xe0, 0x10, 0xe0, 0x10, 0xe0, 0x0f, 0xe0, 0x10, 0xe0,
    0x0f, 0xe0, 0x10, 0xe0, 0x10, 0xe0, 0x0f, 0xd8, 0x0f, 0xe0, 0x10, 0xe0,
    0x10, 0xe0, 0x0f, 0xd8, 0x0f, 0xe0, 0x10, 0xe0, 0x0f, 0xd8, 0x0f, 0xe0,
    0x0f, 0xe0, 0x0f, 0xd8, 0x0f, 0xe0, 0x0f, 0xe0, 0x0f, 0xe0, 0x0f, 0xe0,
    0x0f, 0xe0, 0x0f, 0xe0, 0x0f, 0xe0, 0x0f, 0xd8, 0x0f, 0xe0, 0x0f, 0xd8,
    0x0f, 0xd8, 0x0f, 0xd8, 0x0f, 0xd8, 0x0f, 0xd8, 0x0f, 0xd8, 0x0f, 0xd8,
    0x0f, 0xd8, 0x0f, 0xd8, 0x0f, 0xd8, 0x0f, 0xd8, 0x0f, 0xd8, 0x0f, 0xd8,
    0x0e, 0xd8, 0x0f, 0xd8, 0x0f, 0xd8, 0x0e, 0xd8, 0x0f, 0xd8, 0x0f, 0xd8,
    0x0f, 0xd8, 0x0e, 0xd0, 0x0f, 0xd8, 0x0f, 0xd8, 0x0f, 0xd8, 0x0f, 0xd8,
    0x0f, 0xd8, 0x0f, 0xd8, 0x0f, 0xd8, 0x0f, 0xd8, 0x0f, 0xd8, 0x0f, 0xd8,
    0x0f, 0xd8, 0x0f, 0xd8, 0x0f, 0xd8, 0x10, 0xd8, 0x10, 0xe0, 0x0f, 0xd8,
    0x0f, 0xe0, 0x0f, 0xe0, 0x0f, 0xe0, 0x0f, 0xe0, 0x0f, 0xe0, 0x0f, 0xe0,
    0x0f, 0xe0, 0x0f, 0xe0, 0x0f, 0xe0, 0x10, 0xe0, 0x10, 0xe0, 0x10, 0xe0,
    0x10, 0xe0, 0x0f, 0xe0, 0x10, 0xe0, 0x10, 0xe8, 0x10, 0xe0, 0x10, 0xe8,
    0x10, 0xe0, 0x0f, 0xe0, 0x0f, 0xe8, 0x0f, 0xe0, 0x0f, 0xe0, 0x0f, 0xe0,
    0x0f, 0xe0, 0x0f, 0xe0, 0x0f, 0xe0, 0x0f, 0xd8, 0x0f, 0xe0, 0x0f, 0xe0,
    0x0f, 0xd8, 0x10, 0xe0, 0x10, 0xd8, 0x0f, 0xe0, 0x0f, 0xe0, 0x0f, 0xe0,
    0x0f, 0xe0, 0x0f, 0xe0, 0x0f, 0xe0, 0x10, 0xe0, 0x10, 0xe0, 0x0f, 0xe0,
    0x10, 0xe0, 0x0f, 0xe0, 0x0f, 0xe0, 0x10, 0xe8, 0x10, 0xe8, 0x10, 0xe0,
    0x0f, 0xe8, 0x0f, 0xe0, 0x10, 0xe8, 0x10, 0xe8, 0x10, 0xe0, 0x10, 0xe8,
    0x10, 0xe0, 0x0f, 0xe8, 0x10, 0xe8, 0x10, 0xe0, 0x10, 0xe8, 0x0f, 0xe8,
    0x10, 0xe8, 0x10, 0xe8, 0x0f, 0xe8, 0x10, 0xe8, 0x10, 0xe8, 0x0f, 0xe0,
    0x10, 0xe8, 0x10, 0xe8, 0x10, 0xe8, 0x10, 0xe0, 0x0f, 0xe8, 0x10, 0xe8,
    0x10, 0xe0, 0x0f, 0xe8, 0x10, 0xe8, 0x10, 0xe0, 0x10, 0xe8, 0x10, 0xe8,
    0x10, 0xe8, 0x0f, 0xe8, 0x10, 0xe8, 0x10, 0xe8, 0x10, 0xe0, 0x0f, 0xe8,
    0x10, 0xe8, 0x10, 0xe0, 0x10, 0xe8, 0x10, 0xe8, 0x0f, 0xe0, 0x10, 0xe8,
    0x10, 0xe8, 0x10, 0xe8, 0x0f, 0xe0, 0x10, 0xe8, 0x10, 0xe8, 0x10, 0xe8,
    0x0f, 0xe8, 0x10, 0xe8, 0x10, 0xe0, 0x0f, 0xe8, 0x10, 0xe8, 0x10, 0xe0,
    0x10, 0xe8, 0x10, 0xe8, 0x0f, 0xe0, 0x10, 0xe8, 0x10, 0xe8, 0x10, 0xe8,
    0x10, 0xe8, 0x10, 0xe8, 0x0f, 0xe8, 0x10, 0xe0, 0x10, 0xe8, 0x0f, 0xe8,
    0x10, 0xe8, 0x10, 0xe8, 0x0f, 0xe8, 0x10, 0xe8, 0x10, 0xe8, 0x10, 0xe0,
    0x10, 0xe8, 0x10, 0xe8, 0x10, 0xe0, 0x10, 0xe8, 0x10, 0xe8, 0x10, 0xe8,
    0x0f, 0xe0, 0x10, 0xe8, 0x10, 0xe8, 0x0f, 0xe0, 0x10, 0xe8, 0x10, 0xe8,
    0x10, 0xe8, 0x10, 0xe8, 0x0f, 0xe8, 0x10, 0xe8, 0x10, 0xe8, 0x0f, 0xe8,
    0x10, 0xe0, 0x0f, 0xe8, 0x10, 0xe8, 0x10, 0xe8, 0x10, 0xe0, 0x0f, 0xe8,
    0x10, 0xe8, 0x10, 0xe0, 0x0f, 0xe8, 0x10, 0xe8, 0x10, 0xe0, 0x10, 0xe8,
    0x0f, 0xe8, 0x10, 0xe8, 0x10, 0xe8, 0x10, 0xe8, 0x10, 0xe8, 0x10, 0xe0,
    0x0f, 0xe8, 0x10, 0xe8, 0x10, 0xe8, 0x10, 0xe8, 0x10, 0xe0, 0x0f, 0xe8,
    0x10, 0xe8, 0x10, 0xe0, 0x0f, 0xe8, 0x10, 0xe8, 0x10, 0xe0, 0x0f, 0xe8,
    0x10, 0xe8, 0x10, 0xe8, 0x10, 0xe8, 0x10, 0xe8, 0x10, 0xe0, 0x0f, 0xe8,
    0x10, 0xe8, 0x10, 0xe8, 0x10, 0xe0, 0x10, 0xe8, 0x10, 0xe8, 0x10, 0xe8,
    0x10, 0xe0, 0x0f, 0xe8, 0x0f, 0xe8, 0x10, 0xe0, 0x10, 0xe8, 0x10, 0xe8,
    0x10, 0xe0, 0x10, 0xe8, 0x10, 0xe8, 0x10, 0xe0, 0x0f, 0xe8, 0x10, 0xe8,
    0x10, 0xe0, 0x10, 0xe8, 0x10, 0xe0, 0x10, 0xe0, 0x10, 0xe8, 0x10, 0xe0,
    0x0f, 0xe8, 0x10, 0xe8, 0x10, 0xe8, 0x0f, 0xe8, 0x10, 0xe8, 0x10, 0xe8,
    0x10, 0xe8, 0x10, 0xe8, 0x10, 0xe8, 0x10, 0xe8, 0x10, 0xe0, 0x10, 0xe8,
    0x0f, 0xe0, 0x0f, 0xe0, 0x10, 0xe0, 0x0f, 0xe0, 0x0f, 0xe0, 0x0f, 0xe0,
    0x0f, 0xe0, 0x10, 0xe0, 0x0f, 0xe0, 0x10, 0xe0, 0x10, 0xe0, 0x0f, 0xe0,
    0x10, 0xe0, 0x10, 0xe0, 0x10, 0xe0, 0x0f, 0xe0, 0x10, 0xe0, 0x0f, 0xe0,
    0x10, 0xe0, 0x0f, 0xe0, 0x0f, 0xe0, 0x0f, 0xd8, 0x10, 0xe0, 0x0f, 0xe0,
    0x0f, 0xd8, 0x0f, 0xe0, 0x0f, 0xe0, 0x0f, 0xd8, 0x0f, 0xd8, 0x0f, 0xe0,
    0x0f, 0xe0, 0x0f, 0xe0, 0x0f, 0xe0, 0x0f, 0xe0, 0x0f, 0xe0, 0x0f, 0xe0,
    0x0f, 0xe0, 0x0f, 0xd8, 0x0f, 0xd8, 0x0f, 0xe0, 0x0f, 0xd8, 0x0f, 0xd8,
    0x0f, 0xd8, 0x0e, 0xd8, 0x0f, 0xd8, 0x0f, 0xd8, 0x0f, 0xd8, 0x0f, 0xd8,
    0x0f, 0xd8, 0x0f, 0xd8, 0x0f, 0xd8, 0x0e, 0xd8, 0x0f, 0xd8, 0x0f, 0xd8,
    0x0f, 0xd8, 0x0f, 0xd8, 0x0e, 0xd8, 0x0f, 0xd8, 0x0f, 0xd8, 0x0f, 0xd8,
    0x0f, 0xd8, 0x0f, 0xd8, 0x0f, 0xd8, 0x0f, 0xd8, 0x0f, 0xd8, 0x0f, 0xe0,
    0x0f, 0xd8, 0x0f, 0xd8, 0x0f, 0xe0, 0x0f, 0xd8, 0x10, 0xe0, 0x0f, 0xd8,
    0x0f, 0xd8, 0x0f, 0xe0, 0x0f, 0xe0, 0x0f, 0xd8, 0x0f, 0xe0, 0x0f, 0xe0,
    0x0f, 0xe0, 0x10, 0xe0, 0x0f, 0xe0, 0x0f, 0xe0, 0x10, 0xe0, 0x10, 0xe0,
    0x0f, 0xe0, 0x0f, 0xe0, 0x0f, 0xe0, 0x0f, 0xe0, 0x10, 0xe0, 0x10, 0xe8,
    0x10, 0xe8, 0x10, 0xe8, 0x10, 0xe8, 0x10, 0xe8, 0x10, 0xe8, 0x10, 0xe8,
    0x10, 0xe8, 0x10, 0xe0, 0x10, 0xe8, 0x10, 0xe0, 0x10, 0xe0, 0x10, 0xe0,
    0x10, 0xe0, 0x10, 0xe0, 0x10, 0xe0, 0x10, 0xe0, 0x10, 0xe0, 0x0f, 0xe0,
    0x0f, 0xe0, 0x0f, 0xe0, 0x0f, 0xe0, 0x10, 0xe0, 0x10, 0xe0, 0x10, 0xe0,
    0x0f, 0xe0, 0x0f, 0xe0, 0x10, 0xe0, 0x0f, 0xe0, 0x10, 0xe8, 0x10, 0xe8,
    0x10, 0xe0, 0x0f, 0xe0, 0x10, 0xe8, 0x10, 0xe8, 0x10, 0xe8, 0x0f, 0xe0,
    0x10, 0xe8, 0x10, 0xe8, 0x10, 0xe8, 0x10, 0xe0, 0x10, 0xe8, 0x10, 0xe0,
    0x10, 0xe0, 0x10, 0xe8, 0x10, 0xe8, 0x0f, 0xe8, 0x10, 0xe8, 0x10, 0xe8,
    0x0f, 0xe8, 0x10, 0xe0, 0x10, 0xe8, 0x10, 0xe8, 0x10, 0xe0, 0x10, 0xe8,
    0x0f, 0xe8, 0x10, 0xe0, 0x0f, 0xe8, 0x10, 0xe8, 0x10, 0xe0, 0x0f, 0xe8,
    0x10, 0xe8, 0x10, 0xe8, 0x10, 0xe8, 0x10, 0xe0, 0x0f, 0xe8, 0x10, 0xe8,
    0x10, 0xe8, 0x0f, 0xe8, 0x10, 0xe0, 0x10, 0xe8, 0x0f, 0xe8, 0x10, 0xe8,
    0x10, 0xe0, 0x0f, 0xe8, 0x10, 0xe8, 0x10, 0xe0, 0x10, 0xe8, 0x10, 0xe8,
    0x10, 0xe8, 0x10, 0xe8, 0x0f, 0xe0, 0x10, 0xe8, 0x0f, 0xe8, 0x10, 0xe8,
    0x10, 0xe8, 0x10, 0xe0, 0x0f, 0xe8, 0x10, 0xe8, 0x10, 0xe0, 0x10, 0xe8,
    0x10, 0xe8, 0x10, 0xe0, 0x10, 0xe8, 0x10, 0xe8, 0x10, 0xe0, 0x0f, 0xe0,
    0x10, 0xe8, 0x10, 0xe8, 0x0f, 0xe0, 0x10, 0xe8, 0x0f, 0xe8, 0x0f, 0xe0,
    0x10, 0xe8, 0x10, 0xe8, 0x0f, 0xe8, 0x10, 0xe0, 0x10, 0xe8, 0x10, 0xe8,
    0x10, 0xe8, 0x10, 0xe8, 0x10, 0xe0, 0x0f, 0xe8, 0x10, 0xe0, 0x10, 0xe0,
    0x10, 0xe8, 0x10, 0xe0, 0x10, 0xe8, 0x10, 0xe8, 0x10, 0xe8, 0x0f, 0xe0,
    0x10, 0xe8, 0x10, 0xe8, 0x0f, 0xe8, 0x10, 0xe8, 0x10, 0xe8, 0x0f, 0xe0,
    0x10, 0xe8, 0x10, 0xe8, 0x10, 0xe8, 0x10, 0xe0, 0x0f, 0xe8, 0x10, 0xe0,
    0x10, 0xe8, 0x0f, 0xe8, 0x10, 0xe0, 0x10, 0xe8, 0x10, 0xe8, 0x0f, 0xe0,
    0x10, 0xe8, 0x10, 0xe8, 0x10, 0xe0, 0x0f, 0xe8, 0x10, 0xe8, 0x10, 0xe8,
    0x0f, 0xe8, 0x10, 0xe8, 0x10, 0xe0, 0x0f, 0xe8, 0x10, 0xe8, 0x10, 0xe0,
    0x0f, 0xe8, 0x10, 0xe8, 0x10, 0xe8, 0x10, 0xe0, 0x0f, 0xe8, 0x10, 0xe8,
    0x10, 0xe8, 0x0f, 0xe0, 0x10, 0xe8, 0x10, 0xe8, 0x0f, 0xe8, 0x10, 0xe8,
    0x10, 0xe0, 0x10, 0xe8, 0x0f, 0xe8, 0x10, 0xe8, 0x0f, 0xe0, 0x0f, 0xe8,
    0x10, 0xe8, 0x10, 0xe8, 0x10, 0xe8, 0x0f, 0xe8, 0x10, 0xe8, 0x0f, 0xe8,
    0x10, 0xe8, 0x0f, 0xe8, 0x10, 0xe8, 0x10, 0xe8, 0x10, 0xe0, 0x10, 0xe8,
    0x10, 0xe0, 0x10, 0xe8, 0x10, 0xe8, 0x10, 0xe0, 0x0f, 0xe0, 0x10, 0xe0,
    0x10, 0xe0, 0x0f, 0xe0, 0x10, 0xe8, 0x10, 0xe8, 0x10, 0xe8, 0x10, 0xe0,
    0x10, 0xe8, 0x10, 0xe8, 0x10, 0xe0, 0x10, 0xe0, 0x10, 0xe8, 0x0f, 0xe0,
    0x0f, 0xe0, 0x10, 0xe0, 0x0f, 0xe0, 0x0f, 0xe0, 0x0f, 0xe0, 0x0f, 0xe0,
    0x10, 0xe0, 0x0f, 0xe0, 0x0f, 0xe0, 0x10, 0xe0, 0x10, 0xe0, 0x10, 0xe0,
    0x10, 0xe0, 0x10, 0xe0, 0x10, 0xe0, 0x0f, 0xe0, 0x10, 0xe0, 0x10, 0xe0,
    0x10, 0xe0, 0x0f, 0xe0, 0x0f, 0xe0, 0x10, 0xd8, 0x0f, 0xe0, 0x0f, 0xe0,
    0x0f, 0xd8, 0x0f, 0xe0, 0x0f, 0xe0, 0x0f, 0xe0, 0x0f, 0xe0, 0x0f, 0xe0,
    0x0f, 0xe0, 0x0f, 0xe0, 0x0f, 0xe0, 0x0f, 0xe0, 0x0f, 0xd8, 0x0f, 0xe0,
    0x0f, 0xd8, 0x0f, 0xe0, 0x0f, 0xd8, 0x0f, 0xd8, 0x0f, 0xd8, 0x0f, 0xd8,
    0x0f, 0xd8, 0x0f, 0xd8, 0x0f, 0xd8, 0x0f, 0xd8, 0x0f, 0xd8, 0x0f, 0xd8,
    0x0e, 0xd8, 0x0f, 0xd8, 0x0e, 0xd8, 0x0e, 0xd8, 0x0f, 0xd8, 0x0f, 0xd8,
    0x0f, 0xd8, 0x0f, 0xd8, 0x0f, 0xd8, 0x0f, 0xd8, 0x0f, 0xd8, 0x0f, 0xd8,
    0x0f, 0xd8, 0x0f, 0xd8, 0x0f, 0xe0, 0x0f, 0xd8, 0x10, 0xe0, 0x0f, 0xe0,
    0x10, 0xd8, 0x0f, 0xe0, 0x10, 0xe0, 0x0f, 0xe0, 0x0f, 0xe0, 0x0f, 0xe0,
    0x0f, 0xe0, 0x0f, 0xe0, 0x0f, 0xe0, 0x10, 0xe0, 0x0f, 0xe0, 0x10, 0xe0,
    0x0f, 0xe0, 0x0f, 0xe0, 0x10, 0xe0, 0x0f, 0xe0, 0x0f, 0xe0, 0x10, 0xe0,
    0x10, 0xe0, 0x10, 0xe0, 0x10, 0xe0, 0x10, 0xe0, 0x10, 0xe0, 0x10, 0xe8,
    0x10, 0xe8, 0x10, 0xe8, 0x10, 0xe8, 0x0f, 0xe8, 0x10, 0xe8, 0x10, 0xe8,
    0x10, 0xe8, 0x10, 0xe0, 0x10, 0xe0, 0x10, 0xe0, 0x10, 0xe0, 0x10, 0xe8,
    0x10, 0xe0, 0x0f, 0xe0, 0x10, 0xe8, 0x10, 0xe0, 0x10, 0xe0, 0x10, 0xe0,
    0x0f, 0xe0, 0x10, 0xe0, 0x10, 0xe0, 0x0f, 0xe0, 0x10, 0xe8, 0x10, 0xe0,
    0x0f, 0xe0, 0x10, 0xe0, 0x10, 0xe8, 0x10, 0xe8, 0x0f, 0xe8, 0x10, 0xe8,
    0x0f, 0xe0, 0x10, 0xe8, 0x0f, 0xe8, 0x10, 0xe8, 0x0f, 0xe8, 0x10, 0xe0,
    0x10, 0xe8, 0x10, 0xe8, 0x10, 0xe0, 0x10, 0xe8, 0x0f, 0xe8, 0x10, 0xe8,
    0x10, 0xe8, 0x0f, 0xe8, 0x10, 0xe8, 0x10, 0xe8, 0x10, 0xe8, 0x10, 0xe8,
    0x10, 0xe8, 0x0f, 0xe0, 0x10, 0xe8, 0x10, 0xe0, 0x10, 0xe8, 0x0f, 0xe8,
    0x10, 0xe8, 0x10, 0xe8, 0x0f, 0xe0, 0x10, 0xe8, 0x10, 0xe8, 0x10, 0xe0,
    0x10, 0xe8, 0x10, 0xe8, 0x0f, 0xe8, 0x10, 0xe0, 0x10, 0xe8, 0x10, 0xe8,
    0x0f, 0xe0, 0x10, 0xe8, 0x10, 0xe8, 0x0f, 0xe0, 0x10, 0xe8, 0x10, 0xe8,
    0x10, 0xe8, 0x10, 0xe8, 0x10, 0xe0, 0x0f, 0xe8, 0x10, 0xe8, 0x10, 0xe8,
    0x0f, 0xe0, 0x10, 0xe8, 0x0f, 0xe8, 0x0f, 0xe0, 0x10, 0xe8, 0x0f, 0xe8,
    0x10, 0xe8, 0x10, 0xe8, 0x0f, 0xe8, 0x10, 0xe8, 0x10, 0xe0, 0x10, 0xe8,
    0x0f, 0xe8, 0x10, 0xe8, 0x10, 0xe8, 0x10, 0xe8, 0x10, 0xe8, 0x0f, 0xe0,
    0x10, 0xe8, 0x10, 0xe8, 0x0f, 0xe8, 0x10, 0xe0, 0x0f, 0xe8, 0x10, 0xe8,
    0x10, 0xe8, 0x10, 0xe8, 0x0f, 0xe8, 0x10, 0xe8, 0x10, 0xe8, 0x0f, 0xe8,
    0x0f, 0xe0, 0x10, 0xe8, 0x10, 0xe8, 0x10, 0xe0, 0x10, 0xe8, 0x10, 0xe8,
    0x0f, 0xe0, 0x10, 0xe8, 0x10, 0xe8, 0x10, 0xe8, 0x10, 0xe0, 0x0f, 0xe8,
    0x10, 0xe8, 0x10, 0xe8, 0x10, 0xe8, 0x10, 0xe0, 0x0f, 0xe8, 0x10, 0xe8,
    0x10, 0xe0, 0x0f, 0xe8, 0x10, 0xe8, 0x10, 0xe0, 0x0f, 0xe8, 0x10, 0xe8,
    0x10, 0xe8, 0x10, 0xe8, 0x10, 0xe0, 0x10, 0xe8, 0x10, 0xe8, 0x10, 0xe0,
    0x10, 0xe8, 0x10, 0xe8, 0x10, 0xe8, 0x0f, 0xe0, 0x10, 0xe8, 0x10, 0xe8,
    0x0f, 0xe8, 0x10, 0xe8, 0x10, 0xe0, 0x0f, 0xe8, 0x10, 0xe8, 0x10, 0xe8,
    0x0f, 0xe0, 0x10, 0xe8, 0x10, 0xe8, 0x10, 0xe0, 0x10, 0xe8, 0x10, 0xe8,
    0x10, 0xe8, 0x10, 0xe8, 0x10, 0xe8, 0x10, 0xe0, 0x10, 0xe8, 0x0f, 0xe8,
    0x10, 0xe0, 0x10, 0xe8, 0x10, 0xe8, 0x10, 0xe0, 0x10, 0xe8, 0x0f, 0xe8,
    0x10, 0xe8, 0x10, 0xe8, 0x0f, 0xe8, 0x0f, 0xe8, 0x10, 0xe0, 0x0f, 0xe8,
    0x10, 0xe8, 0x10, 0xe8, 0x0f, 0xe8, 0x10, 0xe8, 0x10, 0xe8, 0x0f, 0xe8,
    0x10, 0xe0, 0x10, 0xe0, 0x10, 0xe8, 0x10, 0xe0, 0x10, 0xe8, 0x10, 0xe8,
    0x10, 0xe0, 0x10, 0xe8, 0x10, 0xe8, 0x10, 0xe8, 0x10, 0xe0, 0x10, 0xe0,
    0x10, 0xe8, 0x10, 0xe0, 0x10, 0xe0, 0x10, 0xe0, 0x0f, 0xe0, 0x10, 0xe0,
    0x0f, 0xe0, 0x0f, 0xe0, 0x0f, 0xe0, 0x0f, 0xe0, 0x0f, 0xe0, 0x10, 0xe0,
    0x0f, 0xe0, 0x0f, 0xe0, 0x10, 0xe0, 0x10, 0xe0, 0x0f, 0xe0, 0x10, 0xe0,
    0x10, 0xe0, 0x10, 0xe0, 0x0f, 0xe0, 0x10, 0xe0, 0x10, 0xe0, 0x0f, 0xd8,
    0x0f, 0xe0, 0x0f, 0xd8, 0x0f, 0xe0, 0x0f, 0xe0, 0x0f, 0xd8, 0x0f, 0xe0,
    0x0f, 0xe0, 0x0f, 0xe0, 0x0f, 0xe0, 0x0f, 0xe0, 0x0f, 0xe0, 0x0f, 0xe0,
    0x0f, 0xe0, 0x0f, 0xe0, 0x0f, 0xe0, 0x0f, 0xe0, 0x0f, 0xd8, 0x0f, 0xe0,
    0x0f, 0xd8, 0x0f, 0xd8, 0x0f, 0xd8, 0x0f, 0xd8, 0x0f, 0xd0, 0x0e, 0xd0,
    0x0f, 0xd0, 0x0f, 0xd8, 0x0e, 0xd8, 0x0f, 0xd8, 0x0f, 0xd8, 0x0f, 0xd8,
    0x0f, 0xd8, 0x0f, 0xd8, 0x0f, 0xd8, 0x0f, 0xd8, 0x0f, 0xd8, 0x0f, 0xd8,
    0x0f, 0xd8, 0x0f, 0xd8, 0x0f, 0xd8, 0x0f, 0xd8, 0x0f, 0xd8, 0x0f, 0xe0,
    0x0f, 0xd8, 0x10, 0xd8, 0x0f, 0xd8, 0x10, 0xe0, 0x0f, 0xe0, 0x0f, 0xd8,
    0x0f, 0xe0, 0x0f, 0xe0, 0x10, 0xe0, 0x10, 0xe0, 0x10, 0xe0, 0x0f, 0xe0,
    0x10, 0xe0, 0x0f, 0xe0, 0x0f, 0xe0, 0x10, 0xe0, 0x0f, 0xe0, 0x0f, 0xe0,
    0x0f, 0xe0, 0x0f, 0xe8, 0x10, 0xe0, 0x10, 0xe0, 0x0f, 0xe0, 0x10, 0xe0,
    0x10, 0xe8, 0x0f, 0xe8, 0x10, 0xe8, 0x0f, 0xe8, 0x0f, 0xe8, 0x10, 0xe8,
    0x10, 0xe8, 0x10, 0xe8, 0x10, 0xe8, 0x10, 0xe8, 0x10, 0xe8, 0x10, 0xe8,
    0x0f, 0xe8, 0x10, 0xe8, 0x10, 0xe8, 0x10, 0xe8, 0x10, 0xe8, 0x10, 0xe8,
    0x0f, 0xe8, 0x10, 0xe8, 0x10, 0xe8, 0x10, 0xe8, 0x0f, 0xe0, 0x10, 0xe8,
    0x10, 0xe0, 0x0f, 0xe0, 0x10, 0xe0, 0x10, 0xe8, 0x10, 0xe8, 0x0f, 0xe8,
    0x10, 0xe8, 0x10, 0xe8, 0x10, 0xe8, 0x0f, 0xe8, 0x10, 0xe0, 0x10, 0xe8,
    0x0f, 0xe8, 0x10, 0xe0, 0x10, 0xe8, 0x10, 0xe0, 0x10, 0xe0, 0x0f, 0xe8,
    0x10, 0xe8, 0x10, 0xe0, 0x0f, 0xe8, 0x10, 0xe8, 0x10, 0xe0, 0x10, 0xe8,
    0x0f, 0xe8, 0x10, 0xe8, 0x10, 0xe0, 0x0f, 0xe8, 0x10, 0xe0, 0x10, 0xe8,
    0x10, 0xe8, 0x0f, 0xe8, 0x10, 0xe0, 0x10, 0xe8, 0x0f, 0xe8, 0x10, 0xe8,
    0x10, 0xe0, 0x10, 0xe8, 0x10, 0xe8, 0x10, 0xe8, 0x10, 0xe8, 0x0f, 0xe8,
    0x10, 0xe8, 0x10, 0xe0, 0x0f, 0xe8, 0x10, 0xe8, 0x0f, 0xe0, 0x10, 0xe8,
    0x10, 0xe8, 0x10, 0xe0, 0x10, 0xe8, 0x10, 0xe8, 0x10, 0xe8, 0x10, 0xe8,
    0x10, 0xe8, 0x10, 0xe8, 0x10, 0xe0, 0x10, 0xe8, 0x0f, 0xe8, 0x10, 0xe0,
    0x10, 0xe8, 0x10, 0xe8, 0x10, 0xe8, 0x0f, 0xe8, 0x10, 0xe0, 0x10, 0xe8,
    0x10, 0xe0, 0x10, 0xe8, 0x0f, 0xe8, 0x10, 0xe0, 0x10, 0xe8, 0x10, 0xe8,
    0x10, 0xe0, 0x0f, 0xe8, 0x10, 0xe8, 0x10, 0xe0, 0x0f, 0xe8, 0x10, 0xe8,
    0x10, 0xe0, 0x0f, 0xe8, 0x10, 0xe8, 0x10, 0xe8, 0x10, 0xe0, 0x10, 0xe8,
    0x0f, 0xe8, 0x10, 0xe8, 0x10, 0xe8, 0x0f, 0xe0, 0x10, 0xe8, 0x10, 0xe8,
    0x10, 0xe0, 0x0f, 0xe8, 0x10, 0xe8, 0x10, 0xe0, 0x0f, 0xe8, 0x10, 0xe8,
    0x10, 0xe8, 0x0f, 0xe8, 0x10, 0xe8, 0x10, 0xe8, 0x10, 0xe8, 0x0f, 0xe8,
    0x10, 0xe8, 0x10, 0xe8, 0x10, 0xe8, 0x0f, 0xe0, 0x10, 0xe8, 0x0f, 0xe8,
    0x10, 0xe0, 0x0f, 0xe8, 0x10, 0xe8, 0x0f, 0xe8, 0x0f, 0xe8, 0x10, 0xe8,
    0x10, 0xe0, 0x10, 0xe8, 0x10, 0xe8, 0x10, 0xe0, 0x0f, 0xe8, 0x10, 0xe8,
    0x10, 0xe8, 0x10, 0xe0, 0x10, 0xe8, 0x10, 0xe8, 0x0f, 0xe8, 0x10, 0xe0,
    0x10, 0xe8, 0x0f, 0xe8, 0x0f, 0xe8, 0x10, 0xe0, 0x10, 0xe8, 0x0f, 0xe8,
    0x10, 0xe0, 0x10, 0xe8, 0x10, 0xe8, 0x10, 0xe0, 0x0f, 0xe8, 0x10, 0xe8,
    0x10, 0xe0, 0x10, 0xe8, 0x10, 0xe8, 0x10, 0xe0, 0x10, 0xe0, 0x10, 0xe8,
    0x10, 0xe8, 0x10, 0xe8, 0x10, 0xe8, 0x0f, 0xe0, 0x10, 0xe8, 0x10, 0xe8,
    0x10, 0xe8, 0x10, 0xe8, 0x10, 0xe8, 0x10, 0xe8, 0x0f, 0xe8, 0x10, 0xe8,
    0x0f, 0xe8, 0x10, 0xe0, 0x0f, 0xe8, 0x0f, 0xe8, 0x10, 0xe0, 0x0f, 0xe0,
    0x10, 0xe8, 0x10, 0xe0, 0x10, 0xe8, 0x10, 0xe8, 0x10, 0xe8, 0x10, 0xe8,
    0x10, 0xe0, 0x10, 0xe8, 0x10, 0xe0, 0x10, 0xe0, 0x10, 0xe8, 0x10, 0xe0,
    0x10, 0xe0, 0x0f, 0xe0, 0x10, 0xe0, 0x0f, 0xe0, 0x0f, 0xe0, 0x10, 0xe0,
    0x0f, 0xe0, 0x0f, 0xe0, 0x0f, 0xe0, 0x10, 0xe0, 0x0f, 0xe0, 0x0f, 0xe0,
    0x10, 0xe0, 0x0f, 0xe0, 0x10, 0xe0, 0x10, 0xe0, 0x0f, 0xe0, 0x10, 0xe0,
    0x10, 0xe0, 0x0f, 0xe0, 0x0f, 0xd8, 0x0f, 0xe0, 0x0f, 0xd8, 0x0f, 0xe0,
    0x0f, 0xe0, 0x0f, 0xd8, 0x0f, 0xe0, 0x0f, 0xe0, 0x0f, 0xe0, 0x0f, 0xd8,
    0x0f, 0xe0, 0x0f, 0xe0, 0x0f, 0xe0, 0x0f, 0xe0, 0x0f, 0xe0, 0x0f, 0xe0,
    0x0f, 0xe0, 0x0f, 0xe0, 0x0e, 0xd0, 0x0e, 0xd0, 0x0f, 0xd0, 0x0e, 0xd0,
    0x0e, 0xd0, 0x0e, 0xd8, 0x0f, 0xd8, 0x0e, 0xd8, 0x0e, 0xd8, 0x0f, 0xd8,
    0x0f, 0xd8, 0x0f, 0xd8, 0x0f, 0xd8, 0x0f, 0xd8, 0x0f, 0xd8, 0x0f, 0xd8,
    0x0f, 0xe0, 0x0f, 0xd8, 0x0f, 0xd8, 0x0f, 0xd8, 0x0f, 0xe0, 0x0f, 0xe0,
    0x0f, 0xd8, 0x10, 0xe0, 0x0f, 0xd8, 0x10, 0xe0, 0x0f, 0xe0, 0x0f, 0xe0,
    0x0f, 0xe0, 0x0f, 0xe0, 0x0f, 0xe0, 0x0f, 0xe0, 0x10, 0xe0, 0x10, 0xe0,
    0x0f, 0xe0, 0x10, 0xe0, 0x0f, 0xe8, 0x10, 0xe0, 0x10, 0xe0, 0x0f, 0xe8,
    0x0f, 0xe0, 0x10, 0xe0, 0x10, 0xe8, 0x0f, 0xe0, 0x10, 0xe0, 0x10, 0xe0,
    0x10, 0xe0, 0x10, 0xe0, 0x10, 0xe0, 0x10, 0xe8, 0x0f, 0xe8, 0x10, 0xe8,
    0x0f, 0xe8, 0x10, 0xe8, 0x10, 0xe8, 0x10, 0xe8, 0x0f, 0xe8, 0x10, 0xe8,
    0x0f, 0xe8, 0x10, 0xe8, 0x10, 0xe8, 0x0f, 0xe8, 0x10, 0xe8, 0x10, 0xe8,
    0x10, 0xe8, 0x0f, 0xe8, 0x10, 0xe8, 0x10, 0xe8, 0x10, 0xe8, 0x10, 0xe8,
    0x10, 0xe8, 0x10, 0xe8, 0x10, 0xe0, 0x10, 0xe8, 0x10, 0xe0, 0x10, 0xe0,
    0x10, 0xe8, 0x0f, 0xe8, 0x10, 0xe8, 0x10, 0xe8, 0x0f, 0xe8, 0x10, 0xe8,
    0x10, 0xe8, 0x0f, 0xe8, 0x10, 0xe8, 0x10, 0xe8, 0x10, 0xe0, 0x0f, 0xe8,
    0x10, 0xe8, 0x10, 0xe0, 0x0f, 0xe8, 0x10, 0xe8, 0x10, 0xe8, 0x10, 0xe8,
    0x10, 0xe8, 0x10, 0xe8, 0x0f, 0xe8, 0x10, 0xe0, 0x10, 0xe8, 0x10, 0xe8,
    0x0f, 0xe8, 0x10, 0xe8, 0x10, 0xe8, 0x0f, 0xe0, 0x10, 0xe8, 0x10, 0xe8,
    0x0f, 0xe8, 0x10, 0xe0, 0x10, 0xe8, 0x10, 0xe8, 0x10, 0xe0, 0x10, 0xe8,
    0x10, 0xe8, 0x0f, 0xe0, 0x10, 0xe8, 0x10, 0xe8, 0x0f, 0xe8, 0x10, 0xe8,
    0x0f, 0xe0, 0x10, 0xe8, 0x10, 0xe0, 0x0f, 0xe8, 0x10, 0xe8, 0x10, 0xe0,
    0x10, 0xe8, 0x10, 0xe8, 0x10, 0xe0, 0x0f, 0xe8, 0x10, 0xe8, 0x10, 0xe0,
    0x0f, 0xe8, 0x10, 0xe8, 0x10, 0xe8, 0x0f, 0xe8, 0x10, 0xe0, 0x10, 0xe8,
    0x10, 0xe8, 0x10, 0xe8, 0x0f, 0xe8, 0x10, 0xe8, 0x10, 0xe8, 0x10, 0xe8,
    0x10, 0xe8, 0x10, 0xe0, 0x0f, 0xe8, 0x10, 0xe8, 0x10, 0xe0, 0x10, 0xe8,
    0x10, 0xe8, 0x10, 0xe0, 0x10, 0xe8, 0x0f, 0xe8, 0x10, 0xe0, 0x10, 0xe8,
    0x0f, 0xe8, 0x10, 0xe8, 0x10, 0xe8, 0x10, 0xe8, 0x0f, 0xe0, 0x10, 0xe8,
    0x10, 0xe8, 0x10, 0xe8, 0x10, 0xe0, 0x0f, 0xe8, 0x10, 0xe0, 0x10, 0xe8,
    0x10, 0xe0, 0x10, 0xe8, 0x0f, 0xe8, 0x10, 0xe0, 0x10, 0xe8, 0x10, 0xe8,
    0x10, 0xe0, 0x10, 0xe8, 0x10, 0xe8, 0x10, 0xe8, 0x0f, 0xe8, 0x10, 0xe0,
    0x10, 0xe8, 0x10, 0xe0, 0x10, 0xe8, 0x0f, 0xe8, 0x10, 0xe8, 0x10, 0xe8,
    0x0f, 0xe8, 0x10, 0xe0, 0x10, 0xe8, 0x10, 0xe8, 0x0f, 0xe0, 0x10, 0xe8,
    0x10, 0xe8, 0x0f, 0xe0, 0x10, 0xe8, 0x10, 0xe8, 0x10, 0xe8, 0x10, 0xe8,
    0x10, 0xe0, 0x10, 0xe8, 0x0f, 0xe8, 0x10, 0xe0, 0x0f, 0xe8, 0x10, 0xe8,
    0x10, 0xe8, 0x0f, 0xe8, 0x10, 0xe8, 0x10, 0xe0, 0x0f, 0xe8, 0x0f, 0xe8,
    0x10, 0xe8, 0x0f, 0xe8, 0x0f, 0xe8, 0x10, 0xe0, 0x10, 0xe8, 0x10, 0xe8,
    0x10, 0xe0, 0x10, 0xe8, 0x0f, 0xe8, 0x10, 0xe0, 0x10, 0xe0, 0x0f, 0xe8,
    0x10, 0xe0, 0x10, 0xe8, 0x10, 0xe8, 0x10, 0xe8, 0x10, 0xe8, 0x10, 0xe8,
    0x10, 0xe8, 0x10, 0xe8, 0x10, 0xe8, 0x10, 0xe8, 0x0f, 0xe8, 0x10, 0xe0,
    0x0f, 0xe8, 0x0f, 0xe0, 0x10, 0xe8, 0x0f, 0xe0, 0x0f, 0xe8, 0x10, 0xe8,
    0x10, 0xe8, 0x0f, 0xe8, 0x10, 0xe0, 0x10, 0xe8, 0x10, 0xe8, 0x10, 0xe8,
    0x10, 0xe0, 0x10, 0xe0, 0x10, 0xe0, 0x10, 0xe0, 0x10, 0xe0, 0x0f, 0xe0,
    0x10, 0xe0, 0x10, 0xe0, 0x0f, 0xe0, 0x10, 0xe0, 0x0f, 0xe0, 0x0f, 0xe0,
    0x10, 0xe0, 0x0f, 0xe0, 0x10, 0xe0, 0x10, 0xe0, 0x0f, 0xe0, 0x10, 0xe0,
    0x10, 0xe0, 0x10, 0xe0, 0x10, 0xe0, 0x10, 0xe0, 0x10, 0xe0, 0x0f, 0xd8,
    0x10, 0xe0, 0x0f, 0xe0, 0x10, 0xe0, 0x0f, 0xd8, 0x0f, 0xe0, 0x0f, 0xe0,
    0x10, 0xe0, 0x0f, 0xe0, 0x0f, 0xe0, 0x0f, 0xe0, 0x0f, 0xe0, 0x0f, 0xe0,
    0x0e, 0xd0, 0x0e, 0xd8, 0x0f, 0xd8, 0x0f, 0xd0, 0x0e, 0xd0, 0x0f, 0xd0,
    0x0e, 0xd0, 0x0e, 0xd0, 0x0f, 0xd8, 0x0e, 0xd8, 0x0e, 0xd8, 0x0f, 0xd8,
    0x0e, 0xd8, 0x0f, 0xd8, 0x0f, 0xd8, 0x0f, 0xd8, 0x0f, 0xd8, 0x0f, 0xd8,
    0x0f, 0xd8, 0x0f, 0xd8, 0x0f, 0xe0, 0x0f, 0xd8, 0x0f, 0xe0, 0x0f, 0xd8,
    0x0f, 0xd8, 0x0f, 0xe0, 0x10, 0xd8, 0x0f, 0xd8, 0x0f, 0xe0, 0x0f, 0xe0,
    0x0f, 0xe0, 0x0f, 0xe0, 0x0f, 0xe0, 0x0f, 0xe0, 0x10, 0xe0, 0x0f, 0xe0,
    0x10, 0xe0, 0x0f, 0xe0, 0x10, 0xe0, 0x10, 0xe0, 0x0f, 0xe0, 0x0f, 0xe8,
    0x10, 0xe0, 0x10, 0xe8, 0x10, 0xe8, 0x10, 0xe0, 0x0f, 0xe8, 0x10, 0xe0,
    0x10, 0xe0, 0x0f, 0xe8, 0x10, 0xe0, 0x10, 0xe8, 0x10, 0xe0, 0x0f, 0xe8,
    0x10, 0xe0, 0x10, 0xe8, 0x10, 0xe0, 0x10, 0xe8, 0x10, 0xe8, 0x0f, 0xe0,
    0x10, 0xe8, 0x10, 0xe8, 0x10, 0xe0, 0x0f, 0xe0, 0x10, 0xe8, 0x10, 0xe0,
    0x10, 0xe8, 0x0f, 0xe8, 0x10, 0xe8, 0x0f, 0xe8, 0x10, 0xe8, 0x0f, 0xe0,
    0x0f, 0xe8, 0x10, 0xe8, 0x0f, 0xe8, 0x10, 0xe8, 0x10, 0xe0, 0x10, 0xe8,
    0x10, 0xe8, 0x10, 0xe0, 0x10, 0xe0, 0x10, 0xe8, 0x0f, 0xe8, 0x10, 0xe0,
    0x10, 0xe8, 0x10, 0xe8, 0x0f, 0xe8, 0x10, 0xe8, 0x10, 0xe8, 0x10, 0xe8,
    0x10, 0xe8, 0x0f, 0xe0, 0x10, 0xe8, 0x10, 0xe0, 0x0f, 0xe8, 0x10, 0xe8,
    0x10, 0xe8, 0x0f, 0xe8, 0x10, 0xe0, 0x10, 0xe8, 0x10, 0xe8, 0x10, 0xe0,
    0x10, 0xe8, 0x10, 0xe8, 0x0f, 0xe8, 0x10, 0xe8, 0x10, 0xe0, 0x0f, 0xe8,
    0x10, 0xe8, 0x0f, 0xe0, 0x0f, 0xe8, 0x10, 0xe8, 0x10, 0xe8, 0x10, 0xe8,
    0x10, 0xe8, 0x10, 0xe0, 0x10, 0xe8, 0x0f, 0xe8, 0x10, 0xe8, 0x10, 0xe8,
    0x0f, 0xe0, 0x10, 0xe8, 0x10, 0xe8, 0x0f, 0xe8, 0x0f, 0xe8, 0x10, 0xe8,
    0x10, 0xe8, 0x10, 0xe8, 0x0f, 0xe8, 0x10, 0xe0, 0x10, 0xe8, 0x10, 0xe8,
    0x10, 0xe0, 0x10, 0xe8, 0x0f, 0xe8, 0x10, 0xe8, 0x10, 0xe0, 0x0f, 0xe8,
    0x10, 0xe0, 0x10, 0xe8, 0x0f, 0xe0, 0x10, 0xe8, 0x10, 0xe8, 0x0f, 0xe8,
    0x10, 0xe8, 0x10, 0xe8, 0x10, 0xe8, 0x0f, 0xe8, 0x10, 0xe8, 0x0f, 0xe8,
    0x10, 0xe8, 0x10, 0xe8, 0x10, 0xe0, 0x10, 0xe8, 0x10, 0xe8, 0x10, 0xe0,
    0x10, 0xe8, 0x0f, 0xe8, 0x10, 0xe8, 0x10, 0xe8, 0x0f, 0xe8, 0x10, 0xe8,
    0x10, 0xe8, 0x10, 0xe8, 0x0f, 0xe8, 0x10, 0xe0, 0x10, 0xe8, 0x0f, 0xe8,
    0x10, 0xe0, 0x10, 0xe8, 0x0f, 0xe8, 0x10, 0xe0, 0x0f, 0xe8, 0x10, 0xe8,
    0x10, 0xe0, 0x10, 0xe8, 0x10, 0xe8, 0x10, 0xe8, 0x10, 0xe8, 0x10, 0xe0,
    0x10, 0xe8, 0x10, 0xe8, 0x0f, 0xe0, 0x10, 0xe8, 0x10, 0xe8, 0x0f, 0xe8,
    0x10, 0xe8, 0x10, 0xe0, 0x10, 0xe8, 0x0f, 0xe8, 0x10, 0xe8, 0x10, 0xe8,
    0x10, 0xe0, 0x0f, 0xe8, 0x10, 0xe8, 0x10, 0xe0, 0x10, 0xe8, 0x0f, 0xe8,
    0x10, 0xe8, 0x10, 0xe8, 0x10, 0xe8, 0x0f, 0xe0, 0x10, 0xe8, 0x10, 0xe8,
    0x10, 0xe0, 0x10, 0xe8, 0x10, 0xe8, 0x10, 0xe0, 0x10, 0xe8, 0x10, 0xe8,
    0x10, 0xe8, 0x0f, 0xe8, 0x0f, 0xe0, 0x10, 0xe8, 0x10, 0xe8, 0x10, 0xe8,
    0x10, 0xe8, 0x0f, 0xe8, 0x10, 0xe8, 0x10, 0xe8, 0x0f, 0xe0, 0x10, 0xe8,
    0x10, 0xe0, 0x0f, 0xe0, 0x10, 0xe8, 0x10, 0xe0, 0x0f, 0xe8, 0x10, 0xe8,
    0x10, 0xe0, 0x10, 0xe8, 0x10, 0xe8, 0x10, 0xe8, 0x10, 0xe8, 0x10, 0xe8,
    0x10, 0xe8, 0x10, 0xe8, 0x10, 0xe8, 0x10, 0xe0, 0x0f, 0xe8, 0x10, 0xe8,
    0x10, 0xe0, 0x0f, 0xe8, 0x10, 0xe0, 0x10, 0xe8, 0x10, 0xe8, 0x10, 0xe8,
    0x10, 0xe8, 0x10, 0xe8, 0x10, 0xe8, 0x10, 0xe8, 0x10, 0xe0, 0x10, 0xe8,
    0x10, 0xe8, 0x10, 0xe0, 0x10, 0xe0, 0x10, 0xe0, 0x10, 0xe0, 0x0f, 0xe0,
    0x0f, 0xe0, 0x10, 0xe0, 0x10, 0xe0, 0x0f, 0xe0, 0x10, 0xe0, 0x10, 0xe0,
    0x0f, 0xe0, 0x10, 0xe0, 0x10, 0xe0, 0x10, 0xe0, 0x0f, 0xe0, 0x10, 0xe0,
    0x10, 0xe0, 0x10, 0xe0, 0x0f, 0xe0, 0x0f, 0xd8, 0x0f, 0xd8, 0x0f, 0xd8,
    0x0f, 0xd8, 0x0f, 0xd8, 0x0f, 0xd8, 0x0f, 0xd8, 0x0e, 0xd0, 0x0e, 0xd0,
    0x0e, 0xd0, 0x0e, 0xd0, 0x0f, 0xd0, 0x0e, 0xd0, 0x0f, 0xd0, 0x0f, 0xd0,
    0x0f, 0xd0, 0x0e, 0xd0, 0x0f, 0xd8, 0x0f, 0xd0, 0x0e, 0xd8, 0x0e, 0xd8,
    0x0f, 0xd8, 0x0f, 0xd8, 0x0f, 0xd8, 0x0f, 0xd8, 0x0f, 0xd8, 0x0f, 0xd8,
    0x0f, 0xd8, 0x0f, 0xd8, 0x0f, 0xd8, 0x0f, 0xd8, 0x0f, 0xe0, 0x0f, 0xd8,
    0x0f, 0xd8, 0x0f, 0xe0, 0x10, 0xd8, 0x0f, 0xd8, 0x10, 0xe0, 0x0f, 0xe0,
    0x0f, 0xe0, 0x0f, 0xe0, 0x0f, 0xe0, 0x10, 0xe0, 0x0f, 0xe0, 0x0f, 0xe0,
    0x0f, 0xe0, 0x10, 0xe0, 0x10, 0xe0, 0x0f, 0xe0, 0x0f, 0xe0, 0x0f, 0xe0,
    0x0f, 0xe0, 0x10, 0xe8, 0x0f, 0xe0, 0x0f, 0xe8, 0x10, 0xe8, 0x10, 0xe0,
    0x10, 0xe0, 0x10, 0xe0, 0x10, 0xe8, 0x0f, 0xe0, 0x10, 0xe8, 0x10, 0xe8,
    0x0f, 0xe8, 0x10, 0xe0, 0x10, 0xe8, 0x10, 0xe8, 0x0f, 0xe0, 0x10, 0xe8,
    0x10, 0xe8, 0x10, 0xe8, 0x0f, 0xe8, 0x10, 0xe8, 0x10, 0xe0, 0x10, 0xe8,
    0x0f, 0xe0, 0x10, 0xe8, 0x10, 0xe8, 0x10, 0xe0, 0x10, 0xe8, 0x10, 0xe8,
    0x10, 0xe8, 0x0f, 0xe8, 0x10, 0xe8, 0x0f, 0xe0, 0x10, 0xe8, 0x0f, 0xe8,
    0x10, 0xe8, 0x10, 0xe8, 0x10, 0xe0, 0x10, 0xe8, 0x0f, 0xe8, 0x10, 0xe0,
    0x10, 0xe8, 0x10, 0xe0, 0x0f, 0xe0, 0x10, 0xe8, 0x10, 0xe8, 0x10, 0xe8,
    0x0f, 0xe0, 0x10, 0xe8, 0x10, 0xe0, 0x10, 0xe8, 0x10, 0xe0, 0x10, 0xe8,
    0x0f, 0xe8, 0x10, 0xe0, 0x10, 0xe8, 0x0f, 0xe8, 0x10, 0xe0, 0x10, 0xe8,
    0x10, 0xe8, 0x10, 0xe0, 0x10, 0xe8, 0x10, 0xe8, 0x10, 0xe8, 0x10, 0xe8,
    0x10, 0xe8, 0x0f, 0xe0, 0x10, 0xe8, 0x10, 0xe8, 0x0f, 0xe0, 0x10, 0xe8,
    0x10, 0xe8, 0x10, 0xe0, 0x10, 0xe8, 0x10, 0xe8, 0x10, 0xe8, 0x10, 0xe0,
    0x10, 0xe8, 0x10, 0xe8, 0x10, 0xe0, 0x0f, 0xe8, 0x10, 0xe0, 0x10, 0xe8,
    0x10, 0xe8, 0x0f, 0xe8, 0x10, 0xe8, 0x10, 0xe0, 0x0f, 0xe8, 0x10, 0xe8,
    0x10, 0xe8, 0x0f, 0xe0, 0x10, 0xe8, 0x10, 0xe8, 0x10, 0xe8, 0x10, 0xe0,
    0x0f, 0xe8, 0x10, 0xe8, 0x10, 0xe0, 0x10, 0xe8, 0x10, 0xe0, 0x10, 0xe0,
    0x0f, 0xe8, 0x10, 0xe0, 0x10, 0xe8, 0x10, 0xe0, 0x0f, 0xe8, 0x10, 0xe8,
    0x0f, 0xe8, 0x10, 0xe8, 0x0f, 0xe0, 0x10, 0xe8, 0x10, 0xe8, 0x10, 0xe0,
    0x10, 0xe8, 0x10, 0xe0, 0x0f, 0xe0, 0x10, 0xe8, 0x10, 0xe8, 0x10, 0xe0,
    0x10, 0xe8, 0x0f, 0xe8, 0x10, 0xe8, 0x10, 0xe8, 0x10, 0xe0, 0x10, 0xe8,
    0x10, 0xe8, 0x10, 0xe8, 0x0f, 0xe8, 0x10, 0xe8, 0x0f, 0xe0, 0x0f, 0xe8,
    0x10, 0xe8, 0x0f, 0xe0, 0x0f, 0xe8, 0x10, 0xe8, 0x10, 0xe8, 0x0f, 0xe0,
    0x10, 0xe8, 0x10, 0xe0, 0x10, 0xe8, 0x10, 0xe8, 0x0f, 0xe0, 0x10, 0xe8,
    0x10, 0xe8, 0x10, 0xe0, 0x0f, 0xe8, 0x10, 0xe8, 0x10, 0xe8, 0x0f, 0xe0,
    0x10, 0xe8, 0x10, 0xe8, 0x0f, 0xe8, 0x10, 0xe0, 0x10, 0xe8, 0x10, 0xe8,
    0x10, 0xe0, 0x10, 0xe8, 0x0f, 0xe8, 0x10, 0xe0, 0x10, 0xe8, 0x0f, 0xe8,
    0x10, 0xe8, 0x10, 0xe8, 0x0f, 0xe0, 0x10, 0xe8, 0x10, 0xe8, 0x10, 0xe0,
    0x10, 0xe8, 0x0f, 0xe8, 0x10, 0xe0, 0x0f, 0xe8, 0x10, 0xe8, 0x10, 0xe0,
    0x10, 0xe8, 0x10, 0xe8, 0x0f, 0xe8, 0x10, 0xe8, 0x10, 0xe8, 0x0f, 0xe8,
    0x10, 0xe8, 0x10, 0xe0, 0x0f, 0xe8, 0x10, 0xe8, 0x0f, 0xe0, 0x0f, 0xe8,
    0x10, 0xe8, 0x10, 0xe0, 0x0f, 0xe8, 0x10, 0xe8, 0x10, 0xe8, 0x0f, 0xe8,
    0x10, 0xe0, 0x10, 0xe8, 0x10, 0xe8, 0x10, 0xe8, 0x10, 0xe8, 0x10, 0xe8,
    0x0f, 0xe8, 0x10, 0xe0, 0x0f, 0xe8, 0x10, 0xe0, 0x0f, 0xe0, 0x0f, 0xe8,
    0x10, 0xe0, 0x0f, 0xe0, 0x0f, 0xe0, 0x10, 0xe0, 0x0f, 0xe0, 0x0f, 0xe0,
    0x0f, 0xe0, 0x0f, 0xe0, 0x0f, 0xe0, 0x0f, 0xe0, 0x0f, 0xe0, 0x0f, 0xd8,
    0x0f, 0xd8, 0x0f, 0xd8, 0x0f, 0xd8, 0x0f, 0xd8, 0x0f, 0xd8, 0x0e, 0xd8,
    0x0e, 0xd0, 0x0e, 0xd0, 0x0e, 0xd0, 0x0e, 0xd0, 0x0e, 0xd0, 0x0e, 0xd0,
    0x0e, 0xd0, 0x0e, 0xc8, 0x0e, 0xc8, 0x0e, 0xc8, 0x0e, 0xc8, 0x0e, 0xc8,
    0x0e, 0xc8, 0x0e, 0xc0, 0x0e, 0xd0, 0x0e, 0xd0, 0x0e, 0xd0, 0x0e, 0xd0,
    0x0e, 0xd0, 0x0e, 0xd8, 0x0e, 0xd8, 0x0e, 0xd0, 0x0e, 0xd0, 0x0f, 0xd8,
    0x0e, 0xd0, 0x0f, 0xd0, 0x0e, 0xd0, 0x0e, 0xd8, 0x0f, 0xd8, 0x0e, 0xd8,
    0x0e, 0xd8, 0x0f, 0xd8, 0x0e, 0xd8, 0x0f, 0xd8, 0x0f, 0xd8, 0x0f, 0xd8,
    0x0f, 0xd8, 0x0f, 0xd8, 0x0f, 0xd8, 0x0f, 0xd8, 0x0f, 0xe0, 0x0f, 0xd8,
    0x0f, 0xe0, 0x0f, 0xe0, 0x0f, 0xd8, 0x10, 0xd8, 0x0f, 0xe0, 0x0f, 0xd8,
    0x0f, 0xe0, 0x0f, 0xe0, 0x0f, 0xe0, 0x0f, 0xe0, 0x0f, 0xe0, 0x0f, 0xe0,
    0x10, 0xe0, 0x10, 0xe0, 0x0f, 0xe0, 0x10, 0xe0, 0x0f, 0xe0, 0x10, 0xe0,
    0x10, 0xe0, 0x0f, 0xe0, 0x10, 0xe0, 0x10, 0xe8, 0x0f, 0xe8, 0x10, 0xe8,
    0x10, 0xe0, 0x10, 0xe8, 0x0f, 0xe0, 0x10, 0xe0, 0x10, 0xe8, 0x0f, 0xe8,
    0x10, 0xe8, 0x10, 0xe8, 0x10, 0xe8, 0x0f, 0xe8, 0x10, 0xe8, 0x10, 0xe0,
    0x10, 0xe8, 0x0f, 0xe8, 0x10, 0xe8, 0x10, 0xe8, 0x10, 0xe0, 0x10, 0xe8,
    0x10, 0xe8, 0x10, 0xe8, 0x0f, 0xe8, 0x10, 0xe0, 0x10, 0xe0, 0x10, 0xe8,
    0x10, 0xe8, 0x10, 0xe8, 0x0f, 0xe8, 0x10, 0xe8, 0x10, 0xe0, 0x0f, 0xe8,
    0x10, 0xe8, 0x10, 0xe8, 0x0f, 0xe8, 0x10, 0xe0, 0x10, 0xe8, 0x0f, 0xe8,
    0x10, 0xe8, 0x10, 0xe0, 0x0f, 0xe8, 0x10, 0xe8, 0x10, 0xe8, 0x10, 0xe8,
    0x0f, 0xe8, 0x10, 0xe8, 0x10, 0xe8, 0x10, 0xe8, 0x10, 0xe8, 0x0f, 0xe8,
    0x10, 0xe8, 0x10, 0xe8, 0x0f, 0xe0, 0x10, 0xe8, 0x0f, 0xe8, 0x0f, 0xe0,
    0x10, 0xe8, 0x0f, 0xe8, 0x10, 0xe0, 0x10, 0xe8, 0x10, 0xe8, 0x10, 0xe0,
    0x0f, 0xe8, 0x10, 0xe8, 0x10, 0xe0, 0x0f, 0xe8, 0x10, 0xe8, 0x0f, 0xe0,
    0x10, 0xe8, 0x0f, 0xe8, 0x10, 0xe8, 0x0f, 0xe8, 0x10, 0xe0, 0x10, 0xe8,
    0x10, 0xe8, 0x10, 0xe0, 0x0f, 0xe8, 0x10, 0xe8, 0x10, 0xe0, 0x10, 0xe8,
    0x0f, 0xe8, 0x10, 0xe8, 0x10, 0xe0, 0x10, 0xe8, 0x10, 0xe8, 0x10, 0xe8,
    0x0f, 0xe8, 0x10, 0xe8, 0x10, 0xe8, 0x0f, 0xe8, 0x10, 0xe8, 0x10, 0xe8,
    0x0f, 0xe0, 0x10, 0xe8, 0x10, 0xe8, 0x0f, 0xe8, 0x10, 0xe8, 0x10, 0xe8,
    0x10, 0xe0, 0x10, 0xe8, 0x10, 0xe8, 0x10, 0xe0, 0x10, 0xe8, 0x0f, 0xe8,
    0x10, 0xe8, 0x10, 0xe8, 0x0f, 0xe0, 0x10, 0xe8, 0x10, 0xe8, 0x0f, 0xe8,
    0x10, 0xe8, 0x10, 0xe8, 0x0f, 0xe0, 0x10, 0xe8, 0x10, 0xe8, 0x10, 0xe0,
    0x0f, 0xe8, 0x10, 0xe8, 0x10, 0xe8, 0x0f, 0xe8, 0x10, 0xe0, 0x10, 0xe8,
    0x10, 0xe8, 0x10, 0xe0, 0x10, 0xe8, 0x10, 0xe8, 0x10, 0xe8, 0x10, 0xe0,
    0x10, 0xe8, 0x10, 0xe8, 0x0f, 0xe8, 0x10, 0xe8, 0x10, 0xe8, 0x0f, 0xe8,
    0x10, 0xe0, 0x10, 0xe8, 0x10, 0xe8, 0x0f, 0xe8, 0x10, 0xe8, 0x10, 0xe8,
    0x10, 0xe0, 0x10, 0xe8, 0x10, 0xe8, 0x10, 0xe8, 0x10, 0xe0, 0x0f, 0xe8,
    0x10, 0xe8, 0x10, 0xe0, 0x0f, 0xe8, 0x10, 0xe8, 0x10, 0xe8, 0x10, 0xe8,
    0x10, 0xe8, 0x0f, 0xe8, 0x10, 0xe8, 0x10, 0xe0, 0x0f, 0xe8, 0x10, 0xe8,
    0x10, 0xe0, 0x0f, 0xe8, 0x10, 0xe8, 0x10, 0xe8, 0x10, 0xe8, 0x10, 0xe8,
    0x10, 0xe0, 0x10, 0xe8, 0x0f, 0xe8, 0x10, 0xe0, 0x10, 0xe8, 0x0f, 0xe8,
    0x10, 0xe0, 0x10, 0xe8, 0x10, 0xe8, 0x10, 0xe8, 0x10, 0xe0, 0x10, 0xe8,
    0x10, 0xe8, 0x10, 0xe0, 0x10, 0xe8, 0x10, 0xe8, 0x10, 0xe0, 0x0f, 0xe0,
    0x0f, 0xe0, 0x10, 0xe0, 0x0f, 0xe0, 0x0f, 0xe0, 0x0f, 0xe0, 0x0f, 0xe0,
    0x0f, 0xe0, 0x0f, 0xe0, 0x0f, 0xe0, 0x0f, 0xe0, 0x0f, 0xe0, 0x0f, 0xd8,
    0x0f, 0xe0, 0x0f, 0xd8, 0x0f, 0xd8, 0x0f, 0xd8, 0x0f, 0xd8, 0x0f, 0xd8,
    0x0f, 0xd8, 0x0e, 0xd8, 0x0f, 0xd8, 0x0e, 0xd8, 0x0e, 0xd8, 0x0f, 0xd0,
    0x0e, 0xd0, 0x0e, 0xd0, 0x0f, 0xd0, 0x0e, 0xd0, 0x0e, 0xd0, 0x0e, 0xd0,
    0x0e, 0xd0, 0x0e, 0xd0, 0x0e, 0xd0, 0x0e, 0xd0, 0x0e, 0xd0, 0x0e, 0xd0,
    0x0e, 0xc8, 0x0e, 0xc8, 0x0e, 0xc8, 0x0e, 0xc8, 0x0e, 0xc8, 0x0e, 0xc8,
    0x0e, 0xc8, 0x0e, 0xc8, 0x0e, 0xc8, 0x0e, 0xc8, 0x0e, 0xc8, 0x0e, 0xc8,
    0x0e, 0xd0, 0x0e, 0xd0, 0x0f, 0xd0, 0x0e, 0xd0, 0x0e, 0xd0, 0x0f, 0xd0,
    0x0e, 0xd0, 0x0e, 0xd0, 0x0f, 0xd0, 0x0e, 0xd0, 0x0e, 0xd0, 0x0e, 0xd0,
    0x0f, 0xd8, 0x0f, 0xd0, 0x0e, 0xd0, 0x0e, 0xd0, 0x0f, 0xd8, 0x0f, 0xd8,
    0x0e, 0xd8, 0x0f, 0xd8, 0x0f, 0xd8, 0x0f, 0xd8, 0x0f, 0xd8, 0x0f, 0xd8,
    0x0f, 0xd8, 0x0f, 0xd8, 0x0f, 0xd8, 0x0f, 0xd8, 0x0f, 0xd8, 0x0f, 0xe0,
    0x0f, 0xd8, 0x0f, 0xd8, 0x0f, 0xe0, 0x10, 0xd8, 0x10, 0xd8, 0x0f, 0xe0,
    0x10, 0xe0, 0x10, 0xe0, 0x0f, 0xe0, 0x0f, 0xe0, 0x0f, 0xe0, 0x0f, 0xe0,
    0x10, 0xe0, 0x10, 0xe0, 0x0f, 0xe0, 0x0f, 0xe0, 0x10, 0xe0, 0x0f, 0xe0,
    0x0f, 0xe0, 0x0f, 0xe0, 0x10, 0xe0, 0x0f, 0xe0, 0x0f, 0xe8, 0x10, 0xe8,
    0x10, 0xe0, 0x10, 0xe0, 0x10, 0xe0, 0x10, 0xe0, 0x0f, 0xe0, 0x10, 0xe8,
    0x10, 0xe8, 0x10, 0xe0, 0x0f, 0xe8, 0x10, 0xe8, 0x10, 0xe0, 0x10, 0xe8,
    0x0f, 0xe8, 0x10, 0xe8, 0x10, 0xe8, 0x0f, 0xe0, 0x10, 0xe8, 0x10, 0xe8,
    0x0f, 0xe8, 0x10, 0xe8, 0x10, 0xe8, 0x0f, 0xe0, 0x10, 0xe8, 0x10, 0xe8,
    0x10, 0xe0, 0x10, 0xe8, 0x10, 0xe8, 0x0f, 0xe0, 0x10, 0xe8, 0x10, 0xe8,
    0x10, 0xe0, 0x10, 0xe8, 0x10, 0xe8, 0x10, 0xe8, 0x10, 0xe8, 0x10, 0xe8,
    0x0f, 0xe0, 0x10, 0xe8, 0x10, 0xe8, 0x0f, 0xe0, 0x10, 0xe8, 0x0f, 0xe8,
    0x10, 0xe0, 0x10, 0xe0, 0x0f, 0xe8, 0x10, 0xe8, 0x10, 0xe0, 0x10, 0xe8,
    0x10, 0xe8, 0x10, 0xe8, 0x10, 0xe8, 0x10, 0xe8, 0x10, 0xe8, 0x10, 0xe0,
    0x0f, 0xe8, 0x10, 0xe8, 0x10, 0xe8, 0x0f, 0xe8, 0x10, 0xe8, 0x10, 0xe8,
    0x10, 0xe8, 0x10, 0xe8, 0x10, 0xe8, 0x10, 0xe8, 0x0f, 0xe0, 0x10, 0xe8,
    0x10, 0xe8, 0x10, 0xe0, 0x0f, 0xe8, 0x0f, 0xe8, 0x10, 0xe8, 0x10, 0xe8,
    0x10, 0xe8, 0x0f, 0xe8, 0x10, 0xe0, 0x10, 0xe8, 0x10, 0xe8, 0x0f, 0xe0,
    0x10, 0xe8, 0x0f, 0xe8, 0x10, 0xe0, 0x10, 0xe8, 0x10, 0xe0, 0x0f, 0xe0,
    0x10, 0xe8, 0x10, 0xe8, 0x10, 0xe0, 0x10, 0xe8, 0x0f, 0xe8, 0x10, 0xe8,
    0x10, 0xe8, 0x0f, 0xe8, 0x10, 0xe8, 0x10, 0xe8, 0x0f, 0xe8, 0x0f, 0xe8,
    0x10, 0xe8, 0x10, 0xe0, 0x10, 0xe8, 0x10, 0xe8, 0x10, 0xe0, 0x10, 0xe8,
    0x0f, 0xe8, 0x10, 0xe8, 0x10, 0xe8, 0x10, 0xe0, 0x10, 0xe8, 0x10, 0xe8,
    0x0f, 0xe8, 0x10, 0xe8, 0x10, 0xe8, 0x0f, 0xe0, 0x10, 0xe8, 0x10, 0xe8,
    0x0f, 0xe0, 0x10, 0xe8, 0x10, 0xe8, 0x0f, 0xe0, 0x10, 0xe8, 0x10, 0xe8,
    0x10, 0xe8, 0x10, 0xe8, 0x0f, 0xe0, 0x10, 0xe8, 0x10, 0xe8, 0x10, 0xe0,
    0x10, 0xe8, 0x10, 0xe8, 0x10, 0xe0, 0x10, 0xe8, 0x0f, 0xe8, 0x10, 0xe8,
    0x10, 0xe0, 0x10, 0xe8, 0x0f, 0xe8, 0x10, 0xe8, 0x10, 0xe8, 0x0f, 0xe0,
    0x10, 0xe8, 0x10, 0xe8, 0x0f, 0xe8, 0x10, 0xe8, 0x10, 0xe8, 0x10, 0xe8,
    0x0f, 0xe0, 0x10, 0xe8, 0x0f, 0xe8, 0x10, 0xe0, 0x10, 0xe0, 0x10, 0xe8,
    0x10, 0xe8, 0x10, 0xe0, 0x10, 0xe8, 0x10, 0xe8, 0x10, 0xe8, 0x10, 0xe0,
    0x0f, 0xe0, 0x10, 0xe8, 0x0f, 0xe8, 0x10, 0xe0, 0x10, 0xe8, 0x10, 0xe8,
    0x0f, 0xe0, 0x0f, 0xe0, 0x10, 0xe0, 0x0f, 0xe0, 0x10, 0xe0, 0x0f, 0xe0,
    0x0f, 0xe0, 0x0f, 0xe0, 0x0f, 0xe0, 0x0f, 0xe0, 0x0f, 0xe0, 0x0f, 0xe0,
    0x0f, 0xe0, 0x0f, 0xe0, 0x0f, 0xe0, 0x0f, 0xe0, 0x0f, 0xe0, 0x0f, 0xe0,
    0x0f, 0xe0, 0x0f, 0xd8, 0x0f, 0xd8, 0x0f, 0xd8, 0x0f, 0xd8, 0x0f, 0xd8,
    0x0f, 0xd8, 0x0f, 0xd8, 0x0f, 0xd8, 0x0f, 0xd8, 0x0f, 0xd8, 0x0f, 0xd8,
    0x0f, 0xd8, 0x0f, 0xd8, 0x0e, 0xd8, 0x0f, 0xd8, 0x0f, 0xd8, 0x0f, 0xd8,
    0x0e, 0xd0, 0x0f, 0xd0, 0x0f, 0xd0, 0x0f, 0xd8, 0x0f, 0xd8, 0x0e, 0xd0,
    0x0f, 0xd8, 0x0e, 0xd0, 0x0e, 0xd0, 0x0f, 0xd8, 0x0e, 0xd0, 0x0e, 0xd0,
    0x0e, 0xd0, 0x0e, 0xd0, 0x0e, 0xd0, 0x0e, 0xd0, 0x0e, 0xd0, 0x0e, 0xd0,
    0x0e, 0xd0, 0x0e, 0xc8, 0x0e, 0xd0, 0x0e, 0xc8, 0x0e, 0xd0, 0x0e, 0xc8,
    0x0e, 0xc8, 0x0e, 0xc8, 0x0e, 0xc8, 0x0d, 0xc8, 0x0e, 0xc8, 0x0e, 0xd0,
    0x0e, 0xd0, 0x0e, 0xd0, 0x0e, 0xd0, 0x0e, 0xd0, 0x0e, 0xd0, 0x0e, 0xd0,
    0x0e, 0xd0, 0x0e, 0xd0, 0x0f, 0xd8, 0x0e, 0xd0, 0x0e, 0xd0, 0x0f, 0xd0,
    0x0f, 0xd8, 0x0e, 0xd0, 0x0f, 0xd0, 0x0e, 0xd0, 0x0e, 0xd0, 0x0f, 0xd8,
    0x0e, 0xd8, 0x0e, 0xd8, 0x0f, 0xd8, 0x0f, 0xd8, 0x0f, 0xd8, 0x0f, 0xd8,
    0x0f, 0xd8, 0x0f, 0xd8, 0x0f, 0xd8, 0x0f, 0xd8, 0x0f, 0xd8, 0x0f, 0xe0,
    0x0f, 0xd8, 0x0f, 0xd8, 0x0f, 0xe0, 0x0f, 0xe0, 0x0f, 0xd8, 0x0f, 0xd8,
    0x0f, 0xe0, 0x10, 0xd8, 0x0f, 0xe0, 0x0f, 0xe0, 0x0f, 0xe0, 0x0f, 0xe0,
    0x0f, 0xe0, 0x10, 0xe0, 0x10, 0xe0, 0x0f, 0xe0, 0x10, 0xe0, 0x10, 0xe0,
    0x0f, 0xe0, 0x10, 0xe0, 0x0f, 0xe0, 0x0f, 0xe0, 0x10, 0xe8, 0x0f, 0xe8,
    0x10, 0xe8, 0x10, 0xe0, 0x10, 0xe0, 0x0f, 0xe0, 0x10, 0xe0, 0x10, 0xe8,
    0x10, 0xe0, 0x0f, 0xe8, 0x10, 0xe8, 0x10, 0xe0, 0x10, 0xe8, 0x0f, 0xe8,
    0x10, 0xe0, 0x10, 0xe8, 0x0f, 0xe8, 0x10, 0xe0, 0x10, 0xe0, 0x10, 0xe8,
    0x0f, 0xe8, 0x10, 0xe8, 0x10, 0xe8, 0x0f, 0xe0, 0x10, 0xe8, 0x10, 0xe8,
    0x0f, 0xe8, 0x10, 0xe8, 0x10, 0xe0, 0x0f, 0xe8, 0x10, 0xe8, 0x0f, 0xe8,
    0x10, 0xe0, 0x0f, 0xe8, 0x10, 0xe8, 0x10, 0xe8, 0x10, 0xe8, 0x10, 0xe0,
    0x10, 0xe8, 0x10, 0xe8, 0x10, 0xe0, 0x10, 0xe8, 0x0f, 0xe8, 0x10, 0xe8,
    0x10, 0xe8, 0x10, 0xe0, 0x0f, 0xe8, 0x10, 0xe8, 0x0f, 0xe0, 0x10, 0xe8,
    0x10, 0xe0, 0x0f, 0xe8, 0x10, 0xe8, 0x10, 0xe8, 0x10, 0xe0, 0x0f, 0xe8,
    0x10, 0xe0, 0x10, 0xe8, 0x10, 0xe0, 0x0f, 0xe8, 0x10, 0xe0, 0x0f, 0xe8,
    0x10, 0xe8, 0x10, 0xe0, 0x10, 0xe8, 0x10, 0xe8, 0x10, 0xe0, 0x10, 0xe8,
    0x10, 0xe8, 0x10, 0xe0, 0x0f, 0xe8, 0x10, 0xe8, 0x10, 0xe0, 0x10, 0xe8,
    0x0f, 0xe8, 0x10, 0xe8, 0x10, 0xe0, 0x10, 0xe8, 0x10, 0xe8, 0x10, 0xe8,
    0x0f, 0xe8, 0x10, 0xe8, 0x10, 0xe8, 0x10, 0xe8, 0x10, 0xe8, 0x0f, 0xe0,
    0x10, 0xe8, 0x10, 0xe8, 0x10, 0xe8, 0x10, 0xe0, 0x10, 0xe0, 0x10, 0xe8,
    0x10, 0xe0, 0x10, 0xe0, 0x10, 0xe8, 0x10, 0xe8, 0x0f, 0xe0, 0x10, 0xe8,
    0x0f, 0xe8, 0x10, 0xe0, 0x10, 0xe8, 0x0f, 0xe8, 0x10, 0xe0, 0x10, 0xe8,
    0x0f, 0xe8, 0x10, 0xe0, 0x10, 0xe8, 0x0f, 0xe8, 0x10, 0xe0, 0x10, 0xe8,
    0x10, 0xe8, 0x10, 0xe8, 0x10, 0xe8, 0x10, 0xe0, 0x10, 0xe8, 0x10, 0xe8,
    0x10, 0xe8, 0x0f, 0xe8, 0x10, 0xe0, 0x0f, 0xe8, 0x10, 0xe8, 0x10, 0xe0,
    0x0f, 0xe8, 0x10, 0xe8, 0x0f, 0xe8, 0x10, 0xe0, 0x10, 0xe8, 0x0f, 0xe8,
    0x10, 0xe0, 0x10, 0xe8, 0x10, 0xe8, 0x0f, 0xe0, 0x10, 0xe8, 0x10, 0xe8,
    0x10, 0xe0, 0x0f, 0xe8, 0x10, 0xe8, 0x10, 0xe0, 0x0f, 0xe8, 0x10, 0xe8,
    0x10, 0xe0, 0x10, 0xe8, 0x10, 0xe8, 0x10, 0xe0, 0x10, 0xe8, 0x10, 0xe8,
    0x10, 0xe8, 0x0f, 0xe8, 0x10, 0xe8, 0x0f, 0xe8, 0x10, 0xe8, 0x0f, 0xe8,
    0x10, 0xe8, 0x0f, 0xe8, 0x10, 0xe8, 0x10, 0xe8, 0x10, 0xe0, 0x10, 0xe0,
    0x10, 0xe0, 0x0f, 0xe0, 0x10, 0xe8, 0x10, 0xe0, 0x0f, 0xe0, 0x10, 0xe8,
    0x10, 0xe0, 0x0f, 0xe0, 0x10, 0xe0, 0x10, 0xe0, 0x0f, 0xe0, 0x10, 0xe0,
    0x10, 0xe0, 0x0f, 0xe0, 0x10, 0xe0, 0x0f, 0xe0, 0x0f, 0xe0, 0x10, 0xd8,
    0x0f, 0xe0, 0x0f, 0xe0, 0x10, 0xe0, 0x0f, 0xe0, 0x10, 0xe0, 0x10, 0xe0,
    0x0f, 0xe0, 0x0f, 0xe0, 0x0f, 0xd8, 0x0f, 0xe0, 0x0f, 0xd8, 0x0f, 0xd8,
    0x0f, 0xd8, 0x0f, 0xd8, 0x0f, 0xd8, 0x0f, 0xd8, 0x0f, 0xd8, 0x0f, 0xd8,
    0x0f, 0xd8, 0x0e, 0xd8, 0x0f, 0xd8, 0x0f, 0xd8, 0x0f, 0xd8, 0x0e, 0xd8,
    0x0f, 0xd8, 0x0f, 0xd0, 0x0e, 0xd8, 0x0f, 0xd8, 0x0f, 0xd0, 0x0e, 0xd8,
    0x0f, 0xd0, 0x0f, 0xd0, 0x0f, 0xd0, 0x0e, 0xd0, 0x0f, 0xd0, 0x0f, 0xd0,
    0x0e, 0xd0, 0x0f, 0xd0, 0x0e, 0xd0, 0x0f, 0xd0, 0x0e, 0xd0, 0x0e, 0xd0,
    0x0e, 0xd0, 0x0e, 0xd0, 0x0e, 0xd0, 0x0e, 0xd0, 0x0e, 0xd0, 0x0e, 0xd0,
    0x0e, 0xc8, 0x0e, 0xc8, 0x0e, 0xc8, 0x0e, 0xc8, 0x0e, 0xc8, 0x0e, 0xc8,
    0x0e, 0xc8, 0x0e, 0xd0, 0x0e, 0xd0, 0x0e, 0xd0, 0x0e, 0xd0, 0x0f, 0xd0,
    0x0e, 0xd0, 0x0e, 0xd0, 0x0e, 0xd0, 0x0e, 0xd0, 0x0e, 0xd0, 0x0e, 0xd8,
    0x0f, 0xd0, 0x0f, 0xd0, 0x0e, 0xd0, 0x0f, 0xd0, 0x0e, 0xd0, 0x0e, 0xd0,
    0x0f, 0xd8, 0x0e, 0xd8, 0x0e, 0xd8, 0x0e, 0xd8, 0x0f, 0xd8, 0x0f, 0xd8,
    0x0f, 0xd8, 0x0f, 0xd8, 0x0f, 0xd8, 0x0f, 0xd8, 0x0f, 0xd8, 0x0f, 0xd8,
    0x0f, 0xd8, 0x0f, 0xd8, 0x0f, 0xe0, 0x0f, 0xe0, 0x0f, 0xd8, 0x0f, 0xe0,
    0x10, 0xd8, 0x0f, 0xe0, 0x0f, 0xe0, 0x0f, 0xe0, 0x0f, 0xe0, 0x10, 0xe0,
    0x0f, 0xe0, 0x0f, 0xe0, 0x10, 0xe0, 0x0f, 0xe0, 0x10, 0xe0, 0x10, 0xe0,
    0x0f, 0xe0, 0x10, 0xe0, 0x0f, 0xe0, 0x0f, 0xe0, 0x10, 0xe8, 0x10, 0xe8,
    0x0f, 0xe8, 0x10, 0xe8, 0x10, 0xe0, 0x10, 0xe8, 0x10, 0xe0, 0x10, 0xe8,
    0x0f, 0xe8, 0x10, 0xe0, 0x10, 0xe8, 0x10, 0xe8, 0x10, 0xe8, 0x10, 0xe8,
    0x10, 0xe8, 0x0f, 0xe8, 0x10, 0xe8, 0x10, 0xe8, 0x10, 0xe0, 0x10, 0xe8,
    0x10, 0xe8, 0x0f, 0xe8, 0x10, 0xe0, 0x10, 0xe8, 0x10, 0xe8, 0x10, 0xe0,
    0x10, 0xe8, 0x10, 0xe8, 0x0f, 0xe8, 0x10, 0xe8, 0x10, 0xe0, 0x10, 0xe8,
    0x0f, 0xe0, 0x10, 0xe8, 0x0f, 0xe8, 0x10, 0xe8, 0x0f, 0xe8, 0x10, 0xe8,
    0x10, 0xe8, 0x10, 0xe8, 0x10, 0xe8, 0x0f, 0xe8, 0x10, 0xe0, 0x10, 0xe8,
    0x10, 0xe8, 0x0f, 0xe8, 0x10, 0xe8, 0x10, 0xe8, 0x0f, 0xe0, 0x10, 0xe8,
    0x10, 0xe8, 0x0f, 0xe8, 0x10, 0xe8, 0x10, 0xe8, 0x0f, 0xe8, 0x10, 0xe0,
    0x10, 0xe8, 0x10, 0xe8, 0x10, 0xe8, 0x0f, 0xe0, 0x10, 0xe8, 0x10, 0xe8,
    0x0f, 0xe8, 0x10, 0xe8, 0x0f, 0xe8, 0x10, 0xe8, 0x10, 0xe8, 0x10, 0xe0,
    0x10, 0xe8, 0x0f, 0xe8, 0x10, 0xe0, 0x10, 0xe8, 0x10, 0xe8, 0x0f, 0xe0,
    0x10, 0xe8, 0x10, 0xe8, 0x0f, 0xe8, 0x10, 0xe0, 0x10, 0xe8, 0x0f, 0xe8,
    0x10, 0xe0, 0x10, 0xe8, 0x0f, 0xe8, 0x10, 0xe8, 0x10, 0xe8, 0x0f, 0xe0,
    0x10, 0xe8, 0x0f, 0xe8, 0x10, 0xe8, 0x0f, 0xe8, 0x10, 0xe8, 0x0f, 0xe8,
    0x10, 0xe8, 0x10, 0xe0, 0x10, 0xe8, 0x10, 0xe8, 0x0f, 0xe8, 0x10, 0xe8,
    0x10, 0xe8, 0x10, 0xe8, 0x10, 0xe0, 0x10, 0xe8, 0x0f, 0xe8, 0x10, 0xe8,
    0x10, 0xe8, 0x10, 0xe0, 0x10, 0xe8, 0x0f, 0xe8, 0x10, 0xe0, 0x0f, 0xe8,
    0x10, 0xe8, 0x0f, 0xe8, 0x10, 0xe8, 0x10, 0xe0, 0x0f, 0xe8, 0x10, 0xe8,
    0x10, 0xe8, 0x10, 0xe0, 0x0f, 0xe8, 0x10, 0xe8, 0x10, 0xe8, 0x10, 0xe8,
    0x10, 0xe8, 0x0f, 0xe8, 0x10, 0xe8, 0x10, 0xe8, 0x0f, 0xe8, 0x10, 0xe8,
    0x10, 0xe8, 0x10, 0xe8, 0x0f, 0xe8, 0x10, 0xe0, 0x10, 0xe8, 0x10, 0xe8,
    0x10, 0xe8, 0x10, 0xe8, 0x0f, 0xe8, 0x10, 0xe0, 0x10, 0xe8, 0x0f, 0xe8,
    0x0f, 0xe0, 0x10, 0xe8, 0x10, 0xe8, 0x0f, 0xe0, 0x10, 0xe8, 0x10, 0xe8,
    0x10, 0xe0, 0x10, 0xe8, 0x0f, 0xe0, 0x10, 0xe8, 0x10, 0xe0, 0x10, 0xe0,
    0x0f, 0xe8, 0x10, 0xe8, 0x10, 0xe8, 0x0f, 0xe8, 0x10, 0xe8, 0x10, 0xe8,
    0x10, 0xe0, 0x10, 0xe8, 0x10, 0xe8, 0x10, 0xe8, 0x10, 0xe8, 0x0f, 0xe8,
    0x10, 0xe8, 0x10, 0xe0, 0x0f, 0xe0, 0x10, 0xe0, 0x10, 0xe0, 0x0f, 0xe0,
    0x10, 0xe0, 0x10, 0xe0, 0x10, 0xe0, 0x10, 0xe0, 0x0f, 0xe0, 0x10, 0xe0,
    0x0f, 0xd8, 0x0f, 0xe0, 0x0f, 0xe0, 0x0f, 0xe0, 0x0f, 0xe0, 0x10, 0xe0,
    0x0f, 0xe0, 0x0f, 0xe0, 0x0f, 0xe0, 0x0f, 0xd8, 0x0f, 0xe0, 0x0f, 0xe0,
    0x0f, 0xd8, 0x0f, 0xd8, 0x0f, 0xd8, 0x0f, 0xd8, 0x0f, 0xd8, 0x0f, 0xd8,
    0x0f, 0xd8, 0x0f, 0xd8, 0x0f, 0xd8, 0x0f, 0xd8, 0x0e, 0xd8, 0x0e, 0xd0,
    0x0f, 0xd8, 0x0f, 0xd8, 0x0e, 0xd0, 0x0e, 0xd8, 0x0f, 0xd8, 0x0e, 0xd0,
    0x0e, 0xd8, 0x0f, 0xd0, 0x0e, 0xd0, 0x0e, 0xd0, 0x0f, 0xd0, 0x0e, 0xd0,
    0x0e, 0xd0, 0x0e, 0xd0, 0x0f, 0xd0, 0x0e, 0xd0, 0x0e, 0xd0, 0x0e, 0xd0,
    0x0e, 0xd0, 0x0e, 0xc8, 0x0e, 0xc8, 0x0e, 0xd0, 0x0e, 0xd0, 0x0e, 0xc8,
    0x0e, 0xc8, 0x0e, 0xc8, 0x0e, 0xc8, 0x0e, 0xc8, 0x0e, 0xc8, 0x0e, 0xc8,
    0x0e, 0xc8, 0x0e, 0xd0, 0x0e, 0xd0, 0x0e, 0xd0, 0x0e, 0xd0, 0x0f, 0xd0,
    0x0e, 0xd0, 0x0e, 0xd0, 0x0e, 0xd0, 0x0f, 0xd0, 0x0e, 0xd8, 0x0e, 0xd0,
    0x0e, 0xd8, 0x0f, 0xd8, 0x0f, 0xd0, 0x0e, 0xd0, 0x0f, 0xd8, 0x0f, 0xd0,
    0x0e, 0xd8, 0x0f, 0xd8, 0x0e, 0xd8, 0x0f, 0xd8, 0x0f, 0xd8, 0x0f, 0xd8,
    0x0f, 0xd8, 0x0f, 0xd8, 0x0f, 0xd8, 0x0f, 0xd8, 0x0f, 0xd8, 0x0f, 0xd8,
    0x0f, 0xd8, 0x0f, 0xd8, 0x0f, 0xe0, 0x0f, 0xd8, 0x0f, 0xd8, 0x0f, 0xe0,
    0x10, 0xd8, 0x0f, 0xe0, 0x0f, 0xe0, 0x0f, 0xd8, 0x0f, 0xe0, 0x0f, 0xe0,
    0x0f, 0xe0, 0x0f, 0xe0, 0x0f, 0xe0, 0x10, 0xe0, 0x0f, 0xe0, 0x10, 0xe0,
    0x10, 0xe0, 0x0f, 0xe0, 0x0f, 0xe0, 0x0f, 0xe0, 0x10, 0xe0, 0x0f, 0xe0,
    0x0f, 0xe0, 0x10, 0xe8, 0x0f, 0xe0, 0x10, 0xe0, 0x10, 0xe8, 0x0f, 0xe8,
    0x10, 0xe0, 0x10, 0xe0, 0x0f, 0xe8, 0x10, 0xe0, 0x10, 0xe8, 0x10, 0xe8,
    0x0f, 0xe8, 0x10, 0xe0, 0x10, 0xe8, 0x0f, 0xe8, 0x10, 0xe0, 0x10, 0xe8,
    0x0f, 0xe8, 0x10, 0xe0, 0x10, 0xe8, 0x0f, 0xe8, 0x10, 0xe8, 0x10, 0xe0,
    0x10, 0xe8, 0x10, 0xe8, 0x10, 0xe8, 0x10, 0xe8, 0x10, 0xe8, 0x10, 0xe0,
    0x10, 0xe8, 0x0f, 0xe0, 0x10, 0xe8, 0x10, 0xe0, 0x0f, 0xe8, 0x10, 0xe0,
    0x10, 0xe8, 0x10, 0xe8, 0x0f, 0xe0, 0x10, 0xe8, 0x10, 0xe8, 0x10, 0xe0,
    0x10, 0xe8, 0x10, 0xe8, 0x10, 0xe8, 0x10, 0xe0, 0x10, 0xe8, 0x10, 0xe0,
    0x10, 0xe8, 0x10, 0xe8, 0x10, 0xe8, 0x0f, 0xe8, 0x10, 0xe8, 0x10, 0xe8,
    0x10, 0xe8, 0x10, 0xe8, 0x10, 0xe0, 0x0f, 0xe8, 0x10, 0xe8, 0x10, 0xe0,
    0x0f, 0xe8, 0x10, 0xe8, 0x0f, 0xe0, 0x10, 0xe8, 0x10, 0xe8, 0x10, 0xe8,
    0x0f, 0xe8, 0x10, 0xe8, 0x10, 0xe8, 0x10, 0xe8, 0x0f, 0xe8, 0x10, 0xe8,
    0x10, 0xe0, 0x10, 0xe8, 0x10, 0xe8, 0x10, 0xe0, 0x0f, 0xe8, 0x10, 0xe8,
    0x10, 0xe0, 0x10, 0xe8, 0x10, 0xe8, 0x10, 0xe0, 0x0f, 0xe8, 0x10, 0xe8,
    0x10, 0xe8, 0x10, 0xe0, 0x0f, 0xe8, 0x10, 0xe8, 0x10, 0xe8, 0x0f, 0xe8,
    0x10, 0xe8, 0x10, 0xe0, 0x10, 0xe8, 0x0f, 0xe8, 0x10, 0xe0, 0x0f, 0xe8,
    0x10, 0xe8, 0x10, 0xe8, 0x10, 0xe0, 0x0f, 0xe8, 0x10, 0xe8, 0x10, 0xe8,
    0x0f, 0xe8, 0x10, 0xe0, 0x10, 0xe8, 0x10, 0xe8, 0x0f, 0xe0, 0x10, 0xe8,
    0x10, 0xe8, 0x0f, 0xe0, 0x10, 0xe8, 0x10, 0xe8, 0x10, 0xe8, 0x10, 0xe8,
    0x10, 0xe0, 0x0f, 0xe8, 0x10, 0xe0, 0x10, 0xe0, 0x10, 0xe8, 0x10, 0xe0,
    0x10, 0xe8, 0x10, 0xe0, 0x0f, 0xe8, 0x10, 0xe0, 0x10, 0xe8, 0x10, 0xe8,
    0x10, 0xe0, 0x0f, 0xe8, 0x10, 0xe8, 0x0f, 0xe0, 0x10, 0xe8, 0x10, 0xe8,
    0x10, 0xe0, 0x10, 0xe8, 0x10, 0xe8, 0x10, 0xe8, 0x10, 0xe8, 0x0f, 0xe8,
    0x10, 0xe8, 0x10, 0xe0, 0x0f, 0xe8, 0x10, 0xe8, 0x10, 0xe0, 0x10, 0xe8,
    0x10, 0xe8, 0x10, 0xe8, 0x10, 0xe8, 0x10, 0xe8, 0x0f, 0xe8, 0x10, 0xe0,
    0x10, 0xe8, 0x0f, 0xe8, 0x10, 0xe8, 0x10, 0xe8, 0x0f, 0xe8, 0x10, 0xe0,
    0x10, 0xe8, 0x0f, 0xe0, 0x10, 0xe0, 0x10, 0xe8, 0x10, 0xe8, 0x10, 0xe8,
    0x10, 0xe8, 0x0f, 0xe0, 0x10, 0xe8, 0x0f, 0xe0, 0x0f, 0xe0, 0x0f, 0xe0,
    0x0f, 0xe0, 0x10, 0xe0, 0x0f, 0xe0, 0x10, 0xe0, 0x10, 0xe0, 0x10, 0xe0,
    0x10, 0xe0, 0x0f, 0xe0, 0x0f, 0xd8, 0x0f, 0xe0, 0x10, 0xe0, 0x0f, 0xd8,
    0x0f, 0xe0, 0x10, 0xe0, 0x0f, 0xe0, 0x0f, 0xe0, 0x0f, 0xe0, 0x0f, 0xe0,
    0x0f, 0xe0, 0x0f, 0xe0, 0x0f, 0xd8, 0x0f, 0xd8, 0x0f, 0xd8, 0x0e, 0xd8,
    0x0f, 0xd8, 0x0f, 0xd8, 0x0f, 0xd8, 0x0f, 0xd8, 0x0f, 0xd8, 0x0f, 0xd8,
    0x0f, 0xd8, 0x0f, 0xd8, 0x0f, 0xd8, 0x0e, 0xd0, 0x0f, 0xd8, 0x0f, 0xd8,
    0x0e, 0xd8, 0x0f, 0xd0, 0x0f, 0xd8, 0x0e, 0xd0, 0x0e, 0xd0, 0x0f, 0xd0,
    0x0e, 0xd0, 0x0e, 0xd0, 0x0f, 0xd0, 0x0f, 0xd0, 0x0e, 0xd0, 0x0e, 0xd0,
    0x0e, 0xd0, 0x0e, 0xd0, 0x0e, 0xd0, 0x0e, 0xd0, 0x0e, 0xc8, 0x0e, 0xc8,
    0x0e, 0xd0, 0x0e, 0xc8, 0x0e, 0xc8, 0x0e, 0xc8, 0x0e, 0xc8, 0x0e, 0xc8,
    0x0e, 0xc8, 0x0e, 0xc8, 0x0e, 0xd0, 0x0e, 0xc8, 0x0e, 0xd0, 0x0e, 0xd0,
    0x0e, 0xd0, 0x0e, 0xd0, 0x0e, 0xd0, 0x0e, 0xd0, 0x0e, 0xd0, 0x0e, 0xd0,
    0x0e, 0xd0, 0x0e, 0xd0, 0x0e, 0xd0, 0x0e, 0xd0, 0x0f, 0xd0, 0x0f, 0xd0,
    0x0e, 0xd0, 0x0e, 0xd0, 0x0e, 0xd8, 0x0e, 0xd8, 0x0f, 0xd8, 0x0e, 0xd8,
    0x0f, 0xd8, 0x0f, 0xd8, 0x0f, 0xd8, 0x0f, 0xd8, 0x0f, 0xd8, 0x0f, 0xd8,
    0x0f, 0xd8, 0x0f, 0xd8, 0x0f, 0xd8, 0x0f, 0xe0, 0x0f, 0xd8, 0x0f, 0xd8,
    0x10, 0xe0, 0x0f, 0xe0, 0x0f, 0xd8, 0x10, 0xe0, 0x0f, 0xe0, 0x0f, 0xe0,
    0x0f, 0xe0, 0x0f, 0xe0, 0x0f, 0xe0, 0x0f, 0xe0, 0x10, 0xe0, 0x10, 0xe0,
    0x0f, 0xe0, 0x10, 0xe0, 0x10, 0xe0, 0x0f, 0xe0, 0x0f, 0xe0, 0x10, 0xe0,
    0x10, 0xe0, 0x10, 0xe0, 0x10, 0xe8, 0x10, 0xe0, 0x0f, 0xe0, 0x10, 0xe8,
    0x10, 0xe0, 0x0f, 0xe0, 0x10, 0xe0, 0x10, 0xe8, 0x10, 0xe8, 0x0f, 0xe8,
    0x10, 0xe8, 0x10, 0xe8, 0x10, 0xe0, 0x10, 0xe8, 0x0f, 0xe8, 0x10, 0xe8,
    0x10, 0xe8, 0x0f, 0xe8, 0x10, 0xe0, 0x10, 0xe8, 0x0f, 0xe8, 0x10, 0xe0,
    0x0f, 0xe8, 0x0f, 0xe8, 0x10, 0xe8, 0x10, 0xe8, 0x10, 0xe8, 0x10, 0xe8,
    0x10, 0xe0, 0x10, 0xe8, 0x0f, 0xe8, 0x10, 0xe0, 0x10, 0xe8, 0x0f, 0xe8,
    0x10, 0xe8, 0x10, 0xe8, 0x0f, 0xe8, 0x10, 0xe0, 0x10, 0xe8, 0x0f, 0xe8,
    0x10, 0xe8, 0x0f, 0xe8, 0x10, 0xe8, 0x0f, 0xe0, 0x10, 0xe8, 0x10, 0xe0,
    0x10, 0xe0, 0x10, 0xe8, 0x0f, 0xe0, 0x10, 0xe0, 0x0f, 0xe8, 0x10, 0xe8,
    0x10, 0xe8, 0x10, 0xe0, 0x10, 0xe8, 0x10, 0xe8, 0x10, 0xe0, 0x10, 0xe8,
    0x10, 0xe8, 0x0f, 0xe8, 0x10, 0xe0, 0x10, 0xe8, 0x10, 0xe0, 0x0f, 0xe8,
    0x10, 0xe0, 0x10, 0xe8, 0x10, 0xe8, 0x0f, 0xe0, 0x10, 0xe8, 0x10, 0xe8,
    0x0f, 0xe8, 0x10, 0xe8, 0x10, 0xe8, 0x10, 0xe8, 0x0f, 0xe0, 0x10, 0xe8,
    0x10, 0xe8, 0x10, 0xe8, 0x10, 0xe0, 0x10, 0xe8, 0x10, 0xe8, 0x10, 0xe0,
    0x10, 0xe8, 0x10, 0xe0, 0x10, 0xe8, 0x0f, 0xe8, 0x10, 0xe0, 0x10, 0xe8,
    0x10, 0xe8, 0x10, 0xe0, 0x10, 0xe8, 0x0f, 0xe8, 0x10, 0xe8, 0x10, 0xe0,
    0x0f, 0xe8, 0x10, 0xe8, 0x10, 0xe0, 0x0f, 0xe8, 0x10, 0xe8, 0x10, 0xe8,
    0x10, 0xe8, 0x10, 0xe8, 0x10, 0xe0, 0x10, 0xe8, 0x10, 0xe8, 0x10, 0xe8,
    0x10, 0xe0, 0x0f, 0xe8, 0x10, 0xe8, 0x10, 0xe0, 0x0f, 0xe8, 0x10, 0xe8,
    0x10, 0xe8, 0x0f, 0xe8, 0x0f, 0xe8, 0x10, 0xe8, 0x10, 0xe0, 0x0f, 0xe8,
    0x10, 0xe8, 0x10, 0xe8, 0x0f, 0xe0, 0x10, 0xe8, 0x10, 0xe8, 0x10, 0xe8,
    0x10, 0xe8, 0x0f, 0xe0, 0x10, 0xe8, 0x10, 0xe8, 0x0f, 0xe0, 0x0f, 0xe8,
    0x10, 0xe8, 0x10, 0xe0, 0x10, 0xe8, 0x10, 0xe8, 0x10, 0xe0, 0x10, 0xe8,
    0x10, 0xe8, 0x0f, 0xe8, 0x10, 0xe8, 0x0f, 0xe8, 0x10, 0xe8, 0x0f, 0xe0,
    0x10, 0xe8, 0x10, 0xe8, 0x10, 0xe8, 0x10, 0xe8, 0x10, 0xe0, 0x10, 0xe8,
    0x10, 0xe0, 0x0f, 0xe8, 0x10, 0xe8, 0x10, 0xe8, 0x0f, 0xe8, 0x10, 0xe8,
    0x10, 0xe0, 0x10, 0xe0, 0x0f, 0xe8, 0x10, 0xe0, 0x10, 0xe0, 0x10, 0xe8,
    0x10, 0xe8, 0x10, 0xe8, 0x10, 0xe0, 0x10, 0xe0, 0x10, 0xe0, 0x0f, 0xe0,
    0x0f, 0xe0, 0x10, 0xe0, 0x0f, 0xe0, 0x0f, 0xe0, 0x10, 0xe0, 0x10, 0xe0,
    0x10, 0xe0, 0x0f, 0xe0, 0x10, 0xd8, 0x0f, 0xe0, 0x0f, 0xe0, 0x0f, 0xd8,
    0x0f, 0xe0, 0x0f, 0xe0, 0x0f, 0xd8, 0x0f, 0xe0, 0x0f, 0xe0, 0x0f, 0xd8,
    0x0f, 0xe0, 0x0f, 0xe0, 0x0f, 0xd8, 0x0f, 0xd8, 0x0f, 0xd8, 0x0f, 0xd8,
    0x0f, 0xd8, 0x0f, 0xd8, 0x0f, 0xd8, 0x0f, 0xd8, 0x0e, 0xd8, 0x0f, 0xd8,
    0x0f, 0xd0, 0x0f, 0xd8, 0x0f, 0xd8, 0x0e, 0xd8, 0x0f, 0xd8, 0x0f, 0xd0,
    0x0f, 0xd8, 0x0e, 0xd0, 0x0f, 0xd8, 0x0f, 0xd0, 0x0f, 0xd0, 0x0e, 0xd0,
    0x0e, 0xd0, 0x0f, 0xd0, 0x0e, 0xd0, 0x0e, 0xd0, 0x0f, 0xd0, 0x0e, 0xd0,
    0x0e, 0xd0, 0x0e, 0xd0, 0x0e, 0xc8, 0x0e, 0xc8, 0x0e, 0xc8, 0x0e, 0xd0,
    0x0e, 0xc8, 0x0e, 0xc8, 0x0e, 0xd0, 0x0e, 0xd0, 0x0e, 0xc8, 0x0e, 0xc8,
    0x0e, 0xd0, 0x0e, 0xc8, 0x0e, 0xd0, 0x0e, 0xd0, 0x0e, 0xd0, 0x0f, 0xd0,
    0x0e, 0xd0, 0x0f, 0xd0, 0x0f, 0xd0, 0x0e, 0xd0, 0x0f, 0xd8, 0x0f, 0xd8,
    0x0f, 0xd8, 0x0f, 0xd8, 0x0f, 0xd8, 0x0f, 0xd8, 0x0f, 0xd8, 0x0f, 0xd8,
    0x0f, 0xd8, 0x0f, 0xd8, 0x0f, 0xd8, 0x0f, 0xd8, 0x0f, 0xe0, 0x0f, 0xe0,
    0x0f, 0xe0, 0x0f, 0xe0, 0x0f, 0xe0, 0x0f, 0xe0, 0x0f, 0xe0, 0x10, 0xe0,
    0x10, 0xe0, 0x0f, 0xe0, 0x10, 0xe0, 0x10, 0xe0, 0x10, 0xe0, 0x10, 0xe0,
    0x10, 0xe0, 0x10, 0xe0, 0x10, 0xe0, 0x10, 0xe0, 0x10, 0xe0, 0x10, 0xe0,
    0x10, 0xe0, 0x10, 0xe0, 0x0f, 0xe8, 0x10, 0xe8, 0x10, 0xe8, 0x10, 0xe0,
    0x10, 0xe8, 0x10, 0xe8, 0x10, 0xe8, 0x10, 0xe8, 0x10, 0xe8, 0x0f, 0xe8,
    0x10, 0xe8, 0x10, 0xe8, 0x10, 0xe8, 0x10, 0xe8, 0x10, 0xe8, 0x0f, 0xe8,
    0x10, 0xe8, 0x10, 0xe8, 0x0f, 0xe0, 0x10, 0xe8, 0x10, 0xe8, 0x0f, 0xe0,
    0x10, 0xe8, 0x10, 0xe8, 0x10, 0xe8, 0x10, 0xe0, 0x10, 0xe8, 0x10, 0xe8,
    0x0f, 0xe0, 0x10, 0xe8, 0x10, 0xe8, 0x10, 0xe0, 0x10, 0xe8, 0x10, 0xe0,
    0x0f, 0xe0, 0x10, 0xe8, 0x0f, 0xe8, 0x10, 0xe8, 0x10, 0xe8, 0x0f, 0xe8,
    0x10, 0xe8, 0x10, 0xe8, 0x10, 0xe0, 0x10, 0xe8, 0x10, 0xe8, 0x10, 0xe0,
    0x0f, 0xe8, 0x10, 0xe8, 0x10, 0xe0, 0x0f, 0xe8, 0x10, 0xe0, 0x10, 0xe8,
    0x10, 0xe8, 0x0f, 0xe8, 0x10, 0xe8, 0x0f, 0xe8, 0x10, 0xe8, 0x10, 0xe8,
    0x10, 0xe8, 0x0f, 0xe8, 0x10, 0xe0, 0x10, 0xe8, 0x0f, 0xe8, 0x10, 0xe8,
    0x0f, 0xe8, 0x10, 0xe8, 0x10, 0xe8, 0x0f, 0xe0, 0x10, 0xe8, 0x10, 0xe8,
    0x0f, 0xe8, 0x10, 0xe8, 0x10, 0xe8, 0x10, 0xe0, 0x0f, 0xe8, 0x10, 0xe8,
    0x10, 0xe0, 0x10, 0xe8, 0x0f, 0xe8, 0x10, 0xe0, 0x10, 0xe8, 0x0f, 0xe0,
    0x10, 0xe8, 0x10, 0xe8, 0x0f, 0xe8, 0x10, 0xe0, 0x0f, 0xe8, 0x0f, 0xe8,
    0x10, 0xe8, 0x0f, 0xe8, 0x0f, 0xe8, 0x10, 0xe8, 0x10, 0xe8, 0x0f, 0xe8,
    0x10, 0xe0, 0x10, 0xe8, 0x0f, 0xe8, 0x10, 0xe8, 0x0f, 0xe8, 0x10, 0xe8,
    0x10, 0xe0, 0x10, 0xe8, 0x10, 0xe8, 0x10, 0xe8, 0x10, 0xe8, 0x10, 0xe8,
    0x10, 0xe0, 0x10, 0xe8, 0x10, 0xe8, 0x0f, 0xe0, 0x0f, 0xe8, 0x10, 0xe8,
    0x10, 0xe8, 0x0f, 0xe0, 0x10, 0xe8, 0x10, 0xe8, 0x0f, 0xe8, 0x10, 0xe0,
    0x10, 0xe8, 0x0f, 0xe8, 0x10, 0xe8, 0x10, 0xe8, 0x10, 0xe8, 0x10, 0xe8,
    0x10, 0xe8, 0x10, 0xe8, 0x0f, 0xe8, 0x10, 0xe8, 0x10, 0xe8, 0x10, 0xe8,
    0x0f, 0xe8, 0x10, 0xe0, 0x0f, 0xe8, 0x10, 0xe8, 0x10, 0xe0, 0x10, 0xe8,
    0x10, 0xe8, 0x10, 0xe8, 0x10, 0xe8, 0x10, 0xe8, 0x0f, 0xe0, 0x10, 0xe8,
    0x0f, 0xe8, 0x10, 0xe0, 0x0f, 0xe8, 0x10, 0xe8, 0x10, 0xe0, 0x10, 0xe8,
    0x10, 0xe8, 0x10, 0xe0, 0x0f, 0xe8, 0x10, 0xe8, 0x10, 0xe0, 0x0f, 0xe8,
    0x10, 0xe8, 0x0f, 0xe0, 0x10, 0xe8, 0x10, 0xe8, 0x0f, 0xe8, 0x10, 0xe0,
    0x10, 0xe8, 0x10, 0xe8, 0x10, 0xe0, 0x0f, 0xe8, 0x10, 0xe8, 0x10, 0xe8,
    0x0f, 0xe8, 0x10, 0xe0, 0x0f, 0xe8, 0x10, 0xe0, 0x10, 0xe0, 0x10, 0xe8,
    0x10, 0xe8, 0x10, 0xe8, 0x10, 0xe8, 0x10, 0xe0, 0x10, 0xe0, 0x0f, 0xe0,
    0x0f, 0xe0, 0x10, 0xe0, 0x0f, 0xe0, 0x0f, 0xe0, 0x10, 0xe0, 0x10, 0xe0,
    0x0f, 0xe0, 0x10, 0xe0, 0x10, 0xe0, 0x0f, 0xe0, 0x0f, 0xd8, 0x10, 0xe0,
    0x0f, 0xe0, 0x0f, 0xd8, 0x0f, 0xe0, 0x0f, 0xd8, 0x0f, 0xe0, 0x0f, 0xe0,
    0x0f, 0xe0, 0x0f, 0xe0, 0x0f, 0xe0, 0x0f, 0xd8, 0x0f, 0xd8, 0x0f, 0xd8,
    0x0f, 0xd8, 0x0f, 0xd8, 0x0f, 0xd8, 0x0f, 0xd8, 0x0e, 0xd8, 0x0f, 0xd8,
    0x0f, 0xd8, 0x0f, 0xd8, 0x0e, 0xd0, 0x0e, 0xd8, 0x0f, 0xd8, 0x0f, 0xd8,
    0x0e, 0xd0, 0x0e, 0xd8, 0x0f, 0xd8, 0x0f, 0xd0, 0x0e, 0xd8, 0x0f, 0xd0,
    0x0e, 0xd0, 0x0f, 0xd0, 0x0e, 0xd0, 0x0f, 0xd0, 0x0e, 0xd0, 0x0e, 0xd0,
    0x0f, 0xd8, 0x0f, 0xd8, 0x0f, 0xd8, 0x0f, 0xd8, 0x0f, 0xd8, 0x0f, 0xe0,
    0x0f, 0xd8, 0x0f, 0xe0, 0x0f, 0xe0, 0x10, 0xe0, 0x0f, 0xe0, 0x0f, 0xe0,
    0x10, 0xe0, 0x0f, 0xe0, 0x10, 0xe0, 0x10, 0xe0, 0x0f, 0xe0, 0x10, 0xe0,
    0x10, 0xe0, 0x0f, 0xe0, 0x10, 0xe0, 0x10, 0xe0, 0x0f, 0xe0, 0x10, 0xe8,
    0x10, 0xe0, 0x0f, 0xe0, 0x10, 0xe8, 0x10, 0xe8, 0x10, 0xe0, 0x10, 0xe8,
    0x10, 0xe0, 0x10, 0xe0, 0x10, 0xe8, 0x10, 0xe8, 0x10, 0xe0, 0x10, 0xe8,
    0x10, 0xe8, 0x10, 0xe8, 0x10, 0xe8, 0x10, 0xe8, 0x10, 0xe8, 0x10, 0xe8,
    0x10, 0xe8, 0x10, 0xe8, 0x0f, 0xe8, 0x10, 0xe8, 0x10, 0xe8, 0x10, 0xe8,
    0x10, 0xe8, 0x10, 0xe8, 0x10, 0xe8, 0x10, 0xe8, 0x10, 0xe8, 0x10, 0xe8,
    0x10, 0xe8, 0x10, 0xe8, 0x10, 0xe8, 0x0f, 0xe8, 0x10, 0xe8, 0x10, 0xe8,
    0x10, 0xe8, 0x0f, 0xe8, 0x10, 0xe8, 0x10, 0xe8, 0x0f, 0xe0, 0x10, 0xe8,
    0x0f, 0xe8, 0x10, 0xe0, 0x10, 0xe8, 0x10, 0xe8, 0x10, 0xe8, 0x0f, 0xe8,
    0x10, 0xe0, 0x10, 0xe8, 0x10, 0xe8, 0x0f, 0xe8, 0x10, 0xe8, 0x10, 0xe8,
    0x0f, 0xe0, 0x0f, 0xe8, 0x10, 0xe8, 0x10, 0xe8, 0x10, 0xe8, 0x0f, 0xe8,
    0x10, 0xe8, 0x10, 0xe8, 0x10, 0xe8, 0x10, 0xe8, 0x10, 0xe8, 0x10, 0xe0,
    0x0f, 0xe8, 0x10, 0xe0, 0x10, 0xe8, 0x10, 0xe8, 0x10, 0xe0, 0x0f, 0xe8,
    0x10, 0xe8, 0x0f, 0xe8, 0x10, 0xe0, 0x10, 0xe8, 0x10, 0xe8, 0x10, 0xe8,
    0x10, 0xe8, 0x10, 0xe8, 0x10, 0xe0, 0x10, 0xe8, 0x10, 0xe8, 0x10, 0xe0,
    0x10, 0xe8, 0x0f, 0xe8, 0x10, 0xe8, 0x10, 0xe0, 0x0f, 0xe8, 0x10, 0xe8,
    0x10, 0xe8, 0x10, 0xe0, 0x10, 0xe8, 0x0f, 0xe8, 0x10, 0xe0, 0x10, 0xe8,
    0x0f, 0xe8, 0x10, 0xe8, 0x10, 0xe0, 0x10, 0xe8, 0x10, 0xe8, 0x0f, 0xe0,
    0x10, 0xe8, 0x10, 0xe8, 0x10, 0xe8, 0x0f, 0xe8, 0x10, 0xe8, 0x10, 0xe8,
    0x10, 0xe8, 0x10, 0xe8, 0x10, 0xe0, 0x10, 0xe8, 0x10, 0xe8, 0x10, 0xe0,
    0x10, 0xe8, 0x10, 0xe8, 0x10, 0xe0, 0x10, 0xe8, 0x10, 0xe8, 0x10, 0xe0,
    0x10, 0xe0, 0x10, 0xe8, 0x0f, 0xe8, 0x10, 0xe8, 0x10, 0xe8, 0x10, 0xe0,
    0x10, 0xe8, 0x10, 0xe0, 0x10, 0xe8, 0x0f, 0xe8, 0x10, 0xe8, 0x0f, 0xe0,
    0x10, 0xe8, 0x0f, 0xe0, 0x10, 0xe8, 0x0f, 0xe8, 0x10, 0xe8, 0x10, 0xe0,
    0x10, 0xe8, 0x10, 0xe8, 0x10, 0xe0, 0x10, 0xe8, 0x0f, 0xe8, 0x10, 0xe8,
    0x10, 0xe0, 0x0f, 0xe8, 0x10, 0xe8, 0x10, 0xe8, 0x10, 0xe0, 0x10, 0xe8,
    0x10, 0xe8, 0x0f, 0xe0, 0x10, 0xe0, 0x10, 0xe8, 0x10, 0xe0, 0x0f, 0xe0,
    0x10, 0xe8, 0x10, 0xe0, 0x10, 0xe0, 0x0f, 0xe8, 0x10, 0xe8, 0x10, 0xe8,
    0x10, 0xe0, 0x0f, 0xe8, 0x10, 0xe8, 0x0f, 0xe8, 0x10, 0xe0, 0x0f, 0xe8,
    0x10, 0xe8, 0x10, 0xe0, 0x10, 0xe8, 0x10, 0xe8, 0x10, 0xe8, 0x0f, 0xe8,
    0x10, 0xe8, 0x10, 0xe8, 0x0f, 0xe0, 0x10, 0xe8, 0x10, 0xe8, 0x10, 0xe0,
    0x10, 0xe8, 0x10, 0xe8, 0x10, 0xe8, 0x0f, 0xe0, 0x10, 0xe8, 0x10, 0xe8,
    0x0f, 0xe8, 0x10, 0xe8, 0x10, 0xe8, 0x10, 0xe8, 0x0f, 0xe0, 0x10, 0xe8,
    0x10, 0xe8, 0x10, 0xe8, 0x10, 0xe8, 0x0f, 0xe8, 0x10, 0xe8, 0x10, 0xe8,
    0x10, 0xe8, 0x0f, 0xe8, 0x0f, 0xe8, 0x10, 0xe0, 0x0f, 0xe0, 0x0f, 0xe8,
    0x10, 0xe8, 0x10, 0xe8, 0x10, 0xe8, 0x10, 0xe8, 0x10, 0xe0, 0x10, 0xe0,
    0x10, 0xe0, 0x0f, 0xe0, 0x0f, 0xe0, 0x10, 0xe0, 0x0f, 0xe0, 0x10, 0xe0,
    0x10, 0xe0, 0x10, 0xe0, 0x10, 0xe0, 0x0f, 0xe0, 0x10, 0xe0, 0x0f, 0xe0,
    0x0f, 0xe0, 0x0f, 0xe0, 0x0f, 0xe0, 0x0f, 0xd8, 0x0f, 0xd8, 0x0f, 0xe0,
    0x0f, 0xe0, 0x0f, 0xe0, 0x0f, 0xe0, 0x0f, 0xd8, 0x0f, 0xd8, 0x0f, 0xd8,
    0x0f, 0xd8, 0x0f, 0xd8, 0x0f, 0xd8, 0x0f, 0xd8, 0x0f, 0xd8, 0x0f, 0xd8,
    0x0f, 0xd8, 0x0f, 0xd8, 0x0f, 0xd8, 0x0f, 0xd8, 0x0e, 0xd8, 0x0f, 0xd8,
    0x0f, 0xd8, 0x0f, 0xd0, 0x0e, 0xd8, 0x0f, 0xd0, 0x0f, 0xd8, 0x0e, 0xd0,
    0x0f, 0xd0, 0x0e, 0xd0, 0x0f, 0xd0, 0x0e, 0xd0, 0x0f, 0xe0, 0x0f, 0xe0,
    0x0f, 0xe0, 0x0f, 0xe0, 0x0f, 0xe0, 0x0f, 0xe0, 0x0f, 0xe0, 0x10, 0xe0,
    0x10, 0xe0, 0x0f, 0xe0, 0x0f, 0xe0, 0x10, 0xe0, 0x10, 0xe0, 0x0f, 0xe0,
    0x10, 0xe0, 0x0f, 0xe0, 0x0f, 0xe0, 0x10, 0xe0, 0x10, 0xe0, 0x0f, 0xe0,
    0x0f, 0xe0, 0x0f, 0xe0, 0x0f, 0xe0, 0x0f, 0xe0, 0x0f, 0xe0, 0x0f, 0xe0,
    0x10, 0xe0, 0x0f, 0xe0, 0x0f, 0xe0, 0x10, 0xe8, 0x10, 0xe8, 0x0f, 0xe0,
    0x0f, 0xe0, 0x10, 0xe0, 0x10, 0xe0, 0x0f, 0xe8, 0x10, 0xe0, 0x10, 0xe0,
    0x10, 0xe8, 0x0f, 0xe0, 0x10, 0xe8, 0x10, 0xe8, 0x0f, 0xe8, 0x10, 0xe8,
    0x10, 0xe8, 0x0f, 0xe8, 0x10, 0xe0, 0x0f, 0xe8, 0x10, 0xe8, 0x0f, 0xe8,
    0x10, 0xe8, 0x0f, 0xe8, 0x10, 0xe8, 0x0f, 0xe8, 0x10, 0xe0, 0x10, 0xe8,
    0x0f, 0xe0, 0x10, 0xe8, 0x10, 0xe8, 0x0f, 0xe0, 0x10, 0xe0, 0x10, 0xe8,
    0x10, 0xe0, 0x10, 0xe8, 0x10, 0xe8, 0x0f, 0xe0, 0x10, 0xe8, 0x10, 0xe8,
    0x0f, 0xe0, 0x10, 0xe8, 0x10, 0xe8, 0x10, 0xe0, 0x10, 0xe8, 0x10, 0xe8,
    0x0f, 0xe0, 0x10, 0xe8, 0x10, 0xe8, 0x10, 0xe0, 0x10, 0xe8, 0x10, 0xe8,
    0x0f, 0xe0, 0x10, 0xe8, 0x10, 0xe0, 0x10, 0xe8, 0x0f, 0xe8, 0x0f, 0xe0,
    0x10, 0xe8, 0x0f, 0xe8, 0x10, 0xe8, 0x10, 0xe8, 0x10, 0xe8, 0x0f, 0xe0,
    0x10, 0xe8, 0x10, 0xe8, 0x0f, 0xe0, 0x10, 0xe8, 0x10, 0xe8, 0x10, 0xe8,
    0x0f, 0xe8, 0x10, 0xe0, 0x0f, 0xe8, 0x10, 0xe0, 0x0f, 0xe8, 0x10, 0xe8,
    0x0f, 0xe8, 0x0f, 0xe8, 0x10, 0xe0, 0x10, 0xe8, 0x10, 0xe8, 0x10, 0xe0,
    0x10, 0xe8, 0x0f, 0xe8, 0x10, 0xe0, 0x10, 0xe8, 0x0f, 0xe8, 0x10, 0xe8,
    0x10, 0xe0, 0x10, 0xe8, 0x10, 0xe8, 0x10, 0xe0, 0x10, 0xe8, 0x10, 0xe8,
    0x0f, 0xe8, 0x10, 0xe0, 0x10, 0xe8, 0x10, 0xe8, 0x0f, 0xe0, 0x10, 0xe8,
    0x10, 0xe8, 0x10, 0xe0, 0x0f, 0xe8, 0x10, 0xe0, 0x10, 0xe8, 0x0f, 0xe8,
    0x0f, 0xe8, 0x10, 0xe8, 0x0f, 0xe8, 0x10, 0xe0, 0x10, 0xe8, 0x0f, 0xe8,
    0x10, 0xe8, 0x10, 0xe8, 0x10, 0xe0, 0x10, 0xe8, 0x10, 0xe8, 0x0f, 0xe0,
    0x10, 0xe8, 0x10, 0xe8, 0x0f, 0xe0, 0x10, 0xe8, 0x10, 0xe8, 0x0f, 0xe8,
    0x10, 0xe0, 0x10, 0xe8, 0x10, 0xe8, 0x10, 0xe8, 0x0f, 0xe8, 0x10, 0xe0,
    0x10, 0xe8, 0x10, 0xe8, 0x0f, 0xe0, 0x0f, 0xe8, 0x10, 0xe8, 0x10, 0xe8,
    0x10, 0xe0, 0x0f, 0xe8, 0x10, 0xe8, 0x10, 0xe8, 0x10, 0xe8, 0x10, 0xe0,
    0x10, 0xe8, 0x0f, 0xe8, 0x10, 0xe8, 0x10, 0xe0, 0x0f, 0xe8, 0x10, 0xe8,
    0x10, 0xe8, 0x0f, 0xe8, 0x10, 0xe8, 0x10, 0xe8, 0x10, 0xe8, 0x10, 0xe8,
    0x0f, 0xe8, 0x10, 0xe0, 0x10, 0xe8, 0x10, 0xe8, 0x10, 0xe8, 0x10, 0xe8,
    0x10, 0xe8, 0x10, 0xe0, 0x0f, 0xe8, 0x10, 0xe8, 0x10, 0xe0, 0x0f, 0xe8,
    0x10, 0xe8, 0x10, 0xe0, 0x10, 0xe8, 0x10, 0xe8, 0x10, 0xe0, 0x10, 0xe8,
    0x0f, 0xe8, 0x10, 0xe8, 0x0f, 0xe8, 0x0f, 0xe8, 0x10, 0xe0, 0x10, 0xe8,
    0x0f, 0xe8, 0x10, 0xe8, 0x10, 0xe0, 0x10, 0xe8, 0x10, 0xe0, 0x0f, 0xe8,
    0x10, 0xe8, 0x10, 0xe0, 0x0f, 0xe8, 0x10, 0xe8, 0x10, 0xe0, 0x0f, 0xe8,
    0x10, 0xe0, 0x10, 0xe0, 0x10, 0xe8, 0x10, 0xe8, 0x10, 0xe8, 0x10, 0xe8,
    0x10, 0xe8, 0x10, 0xe8, 0x10, 0xe8, 0x10, 0xe0, 0x10, 0xe0, 0x0f, 0xe0,
    0x10, 0xe8, 0x10, 0xe8, 0x10, 0xe8, 0x10, 0xe8, 0x10, 0xe8, 0x10, 0xe0,
    0x10, 0xe0, 0x0f, 0xe0, 0x0f, 0xe0, 0x0f, 0xe0, 0x0f, 0xe0, 0x0f, 0xe0,
    0x10, 0xe0, 0x0f, 0xe0, 0x10, 0xe0, 0x10, 0xe0, 0x10, 0xe0, 0x10, 0xe0,
    0x0f, 0xe0, 0x0f, 0xe0, 0x10, 0xe0, 0x0f, 0xe0, 0x0f, 0xd8, 0x0f, 0xe0,
    0x0f, 0xe0, 0x0f, 0xe0, 0x0f, 0xe0, 0x0f, 0xe0, 0x0f, 0xe0, 0x0f, 0xd8,
    0x0f, 0xd8, 0x0f, 0xd8, 0x0f, 0xd8, 0x0f, 0xd8, 0x0f, 0xd8, 0x0f, 0xd8,
    0x0f, 0xd8, 0x0f, 0xd8, 0x0f, 0xd8, 0x0f, 0xd8, 0x0f, 0xd8, 0x0e, 0xd8,
    0x0f, 0xd0, 0x0f, 0xd8, 0x0e, 0xd8, 0x0e, 0xd0, 0x0f, 0xd8, 0x0e, 0xd8,
    0x0f, 0xd0, 0x0f, 0xd0, 0x0f, 0xd8, 0x0f, 0xe0, 0x0f, 0xd8, 0x0f, 0xe0,
    0x0f, 0xe0, 0x0f, 0xd8, 0x0f, 0xe0, 0x0f, 0xe0, 0x0f, 0xd8, 0x0f, 0xd8,
    0x0f, 0xe0, 0x0f, 0xd8, 0x0f, 0xd8, 0x0f, 0xe0, 0x0f, 0xe0, 0x0f, 0xd8,
    0x0f, 0xe0, 0x0f, 0xe0, 0x0f, 0xe0, 0x0f, 0xe0, 0x10, 0xe0, 0x10, 0xe0,
    0x10, 0xe0, 0x10, 0xe0, 0x0f, 0xe0, 0x10, 0xe0, 0x10, 0xe0, 0x0f, 0xe0,
    0x0f, 0xe0, 0x10, 0xe0, 0x0f, 0xe0, 0x0f, 0xe0, 0x0f, 0xe0, 0x10, 0xe8,
    0x0f, 0xe0, 0x10, 0xe8, 0x10, 0xe8, 0x10, 0xe0, 0x0f, 0xe8, 0x10, 0xe0,
    0x10, 0xe0, 0x0f, 0xe0, 0x10, 0xe0, 0x10, 0xe0, 0x10, 0xe8, 0x10, 0xe0,
    0x10, 0xe0, 0x10, 0xe8, 0x0f, 0xe8, 0x10, 0xe0, 0x10, 0xe0, 0x10, 0xe8,
    0x10, 0xe8, 0x10, 0xe0, 0x0f, 0xe8, 0x10, 0xe8, 0x10, 0xe8, 0x10, 0xe0,
    0x10, 0xe8, 0x10, 0xe8, 0x0f, 0xe8, 0x10, 0xe8, 0x0f, 0xe8, 0x10, 0xe8,
    0x10, 0xe8, 0x10, 0xe8, 0x10, 0xe8, 0x10, 0xe8, 0x0f, 0xe8, 0x10, 0xe0,
    0x0f, 0xe8, 0x10, 0xe8, 0x10, 0xe8, 0x0f, 0xe8, 0x10, 0xe0, 0x10, 0xe8,
    0x0f, 0xe8, 0x10, 0xe0, 0x10, 0xe8, 0x10, 0xe8, 0x10, 0xe8, 0x0f, 0xe0,
    0x10, 0xe8, 0x10, 0xe8, 0x10, 0xe0, 0x10, 0xe8, 0x10, 0xe8, 0x10, 0xe0,
    0x0f, 0xe8, 0x10, 0xe8, 0x10, 0xe8, 0x10, 0xe8, 0x0f, 0xe8, 0x10, 0xe8,
    0x10, 0xe8, 0x10, 0xe0, 0x10, 0xe8, 0x10, 0xe8, 0x10, 0xe0, 0x0f, 0xe8,
    0x10, 0xe8, 0x10, 0xe8, 0x10, 0xe0, 0x10, 0xe8, 0x10, 0xe8, 0x10, 0xe0,
    0x0f, 0xe8, 0x10, 0xe8, 0x0f, 0xe8, 0x10, 0xe0, 0x10, 0xe8, 0x10, 0xe8,
    0x10, 0xe8, 0x10, 0xe8, 0x10, 0xe8, 0x0f, 0xe8, 0x10, 0xe8, 0x10, 0xe8,
    0x0f, 0xe8, 0x0f, 0xe0, 0x10, 0xe8, 0x10, 0xe8, 0x0f, 0xe0, 0x10, 0xe8,
    0x10, 0xe8, 0x10, 0xe8, 0x10, 0xe8, 0x0f, 0xe8, 0x10, 0xe0, 0x10, 0xe8,
    0x10, 0xe8, 0x0f, 0xe0, 0x10, 0xe8, 0x10, 0xe8, 0x10, 0xe0, 0x10, 0xe8,
    0x10, 0xe8, 0x0f, 0xe8, 0x10, 0xe8, 0x10, 0xe0, 0x0f, 0xe8, 0x10, 0xe8,
    0x0f, 0xe8, 0x0f, 0xe8, 0x10, 0xe8, 0x10, 0xe8, 0x10, 0xe0, 0x10, 0xe8,
    0x0f, 0xe8, 0x10, 0xe8, 0x10, 0xe8, 0x0f, 0xe8, 0x10, 0xe8, 0x10, 0xe0,
    0x0f, 0xe8, 0x10, 0xe8, 0x10, 0xe8, 0x10, 0xe8, 0x10, 0xe8, 0x10, 0xe0,
    0x10, 0xe8, 0x10, 0xe8, 0x0f, 0xe8, 0x10, 0xe0, 0x10, 0xe8, 0x0f, 0xe8,
    0x10, 0xe0, 0x10, 0xe8, 0x0f, 0xe8, 0x10, 0xe0, 0x10, 0xe8, 0x0f, 0xe8,
    0x10, 0xe8, 0x10, 0xe8, 0x0f, 0xe8, 0x10, 0xe8, 0x10, 0xe0, 0x10, 0xe8,
    0x0f, 0xe8, 0x10, 0xe8, 0x10, 0xe0, 0x0f, 0xe8, 0x10, 0xe8, 0x10, 0xe8,
    0x0f, 0xe0, 0x10, 0xe8, 0x0f, 0xe8, 0x10, 0xe0, 0x10, 0xe8, 0x10, 0xe8,
    0x10, 0xe8, 0x10, 0xe8, 0x10, 0xe8, 0x0f, 0xe8, 0x10, 0xe8, 0x0f, 0xe0,
    0x0f, 0xe8, 0x10, 0xe8, 0x10, 0xe0, 0x0f, 0xe8, 0x10, 0xe8, 0x10, 0xe0,
    0x10, 0xe8, 0x10, 0xe8, 0x10, 0xe8, 0x0f, 0xe0, 0x10, 0xe8, 0x10, 0xe8,
    0x10, 0xe8, 0x0f, 0xe8, 0x10, 0xe8, 0x10, 0xe0, 0x10, 0xe8, 0x10, 0xe8,
    0x10, 0xe8, 0x10, 0xe8, 0x0f, 0xe8, 0x10, 0xe8, 0x10, 0xe8, 0x0f, 0xe8,
    0x10, 0xe0, 0x0f, 0xe8, 0x10, 0xe0, 0x10, 0xe0, 0x0f, 0xe8, 0x10, 0xe8,
    0x10, 0xe8, 0x10, 0xe8, 0x0f, 0xe8, 0x10, 0xe8, 0x10, 0xe0, 0x0f, 0xe0,
    0x0f, 0xe0, 0x10, 0xe8, 0x0f, 0xe8, 0x10, 0xe8, 0x10, 0xe8, 0x10, 0xe0,
    0x10, 0xe8, 0x10, 0xe0, 0x0f, 0xe0, 0x10, 0xe0, 0x0f, 0xe0, 0x0f, 0xe0,
    0x10, 0xe0, 0x0f, 0xe0, 0x10, 0xe0, 0x10, 0xe0, 0x10, 0xe0, 0x0f, 0xe0,
    0x0f, 0xe0, 0x10, 0xd8, 0x0f, 0xe0, 0x0f, 0xe0, 0x0f, 0xd8, 0x0f, 0xe0,
    0x0f, 0xe0, 0x0f, 0xe0, 0x0f, 0xe0, 0x0f, 0xe0, 0x0f, 0xe0, 0x0f, 0xd8,
    0x0f, 0xe0, 0x0f, 0xd8, 0x0e, 0xd8, 0x0f, 0xd8, 0x0f, 0xd8, 0x0e, 0xd8,
    0x0f, 0xd8, 0x0f, 0xd8, 0x0e, 0xd8, 0x0f, 0xd8, 0x0f, 0xd8, 0x0e, 0xd8,
    0x0f, 0xd8, 0x0f, 0xd8, 0x0f, 0xd8, 0x0e, 0xd0, 0x0e, 0xd8, 0x0f, 0xd0,
    0x0f, 0xd8, 0x0f, 0xd8, 0x0f, 0xd8, 0x0f, 0xd8, 0x0f, 0xd8, 0x0f, 0xd8,
    0x0f, 0xd8, 0x0f, 0xd8, 0x0f, 0xe0, 0x10, 0xe0, 0x0f, 0xd8, 0x0f, 0xe0,
    0x0f, 0xe0, 0x10, 0xd8, 0x0f, 0xe0, 0x0f, 0xe0, 0x10, 0xe0, 0x0f, 0xe0,
    0x0f, 0xe0, 0x0f, 0xe0, 0x0f, 0xe0, 0x0f, 0xe0, 0x0f, 0xe0, 0x10, 0xe0,
    0x10, 0xe0, 0x0f, 0xe0, 0x10, 0xe0, 0x10, 0xe0, 0x0f, 0xe0, 0x10, 0xe0,
    0x10, 0xe0, 0x10, 0xe8, 0x10, 0xe0, 0x0f, 0xe0, 0x0f, 0xe0, 0x0f, 0xe0,
    0x0f, 0xe0, 0x10, 0xe0, 0x0f, 0xe0, 0x10, 0xe8, 0x10, 0xe0, 0x10, 0xe8,
    0x0f, 0xe8, 0x10, 0xe0, 0x0f, 0xe0, 0x10, 0xe8, 0x10, 0xe0, 0x10, 0xe0,
    0x10, 0xe8, 0x10, 0xe8, 0x10, 0xe0, 0x0f, 0xe8, 0x10, 0xe8, 0x10, 0xe8,
    0x10, 0xe8, 0x0f, 0xe8, 0x10, 0xe8, 0x10, 0xe8, 0x0f, 0xe8, 0x10, 0xe8,
    0x10, 0xe0, 0x10, 0xe8, 0x10, 0xe8, 0x0f, 0xe0, 0x10, 0xe0, 0x0f, 0xe8,
    0x10, 0xe0, 0x10, 0xe8, 0x10, 0xe8, 0x10, 0xe8, 0x10, 0xe0, 0x0f, 0xe8,
    0x10, 0xe8, 0x10, 0xe0, 0x10, 0xe8, 0x10, 0xe8, 0x0f, 0xe8, 0x10, 0xe8,
    0x0f, 0xe8, 0x10, 0xe8, 0x10, 0xe8, 0x10, 0xe8, 0x0f, 0xe8, 0x10, 0xe8,
    0x10, 0xe8, 0x10, 0xe8, 0x0f, 0xe8, 0x10, 0xe0, 0x10, 0xe8, 0x0f, 0xe0,
    0x10, 0xe0, 0x10, 0xe8, 0x10, 0xe0, 0x0f, 0xe8, 0x10, 0xe8, 0x0f, 0xe8,
    0x0f, 0xe0, 0x10, 0xe8, 0x10, 0xe8, 0x10, 0xe8, 0x10, 0xe8, 0x0f, 0xe8,
    0x10, 0xe8, 0x10, 0xe0, 0x10, 0xe8, 0x10, 0xe8, 0x10, 0xe8, 0x10, 0xe8,
    0x0f, 0xe0, 0x10, 0xe8, 0x10, 0xe8, 0x0f, 0xe0, 0x10, 0xe8, 0x10, 0xe0,
    0x0f, 0xe0, 0x10, 0xe8, 0x10, 0xe0, 0x10, 0xe8, 0x10, 0xe8, 0x10, 0xe8,
    0x10, 0xe8, 0x10, 0xe0, 0x10, 0xe8, 0x0f, 0xe8, 0x10, 0xe0, 0x10, 0xe8,
    0x0f, 0xe8, 0x10, 0xe0, 0x10, 0xe8, 0x0f, 0xe8, 0x10, 0xe8, 0x10, 0xe8,
    0x10, 0xe8, 0x10, 0xe0, 0x0f, 0xe8, 0x10, 0xe8, 0x10, 0xe0, 0x10, 0xe8,
    0x10, 0xe8, 0x10, 0xe0, 0x10, 0xe8, 0x10, 0xe8, 0x10, 0xe0, 0x10, 0xe8,
    0x10, 0xe8, 0x0f, 0xe8, 0x10, 0xe8, 0x10, 0xe0, 0x10, 0xe8, 0x10, 0xe0,
    0x10, 0xe8, 0x10, 0xe8, 0x10, 0xe0, 0x10, 0xe8, 0x0f, 0xe8, 0x10, 0xe0,
    0x10, 0xe0, 0x0f, 0xe8, 0x0f, 0xe8, 0x10, 0xe8, 0x10, 0xe8, 0x10, 0xe8,
    0x10, 0xe0, 0x0f, 0xe8, 0x10, 0xe8, 0x10, 0xe8, 0x10, 0xe0, 0x10, 0xe8,
    0x0f, 0xe8, 0x10, 0xe8, 0x10, 0xe0, 0x10, 0xe8, 0x10, 0xe0, 0x10, 0xe8,
    0x10, 0xe8, 0x10, 0xe0, 0x10, 0xe8, 0x0f, 0xe8, 0x10, 0xe0, 0x10, 0xe8,
    0x0f, 0xe8, 0x10, 0xe0, 0x10, 0xe8, 0x10, 0xe8, 0x10, 0xe8, 0x10, 0xe0,
    0x10, 0xe8, 0x0f, 0xe8, 0x0f, 0xe0, 0x10, 0xe8, 0x10, 0xe0, 0x0f, 0xe8,
    0x10, 0xe8, 0x10, 0xe0, 0x10, 0xe8, 0x10, 0xe8, 0x10, 0xe8, 0x10, 0xe8,
    0x0f, 0xe8, 0x10, 0xe8, 0x10, 0xe0, 0x10, 0xe8, 0x10, 0xe8, 0x10, 0xe0,
    0x10, 0xe8, 0x10, 0xe8, 0x10, 0xe0, 0x10, 0xe8, 0x0f, 0xe8, 0x10, 0xe0,
    0x10, 0xe8, 0x0f, 0xe8, 0x10, 0xe0, 0x0f, 0xe8, 0x10, 0xe8, 0x10, 0xe0,
    0x10, 0xe8, 0x10, 0xe8, 0x10, 0xe8, 0x10, 0xe8, 0x0f, 0xe8, 0x10, 0xe8,
    0x10, 0xe8, 0x0f, 0xe8, 0x10, 0xe0, 0x10, 0xe8, 0x0f, 0xe8, 0x10, 0xe0,
    0x10, 0xe8, 0x10, 0xe8, 0x10, 0xe8, 0x10, 0xe8, 0x10, 0xe8, 0x10, 0xe0,
    0x10, 0xe0, 0x0f, 0xe0, 0x10, 0xe8, 0x10, 0xe8, 0x10, 0xe0, 0x10, 0xe8,
    0x10, 0xe8, 0x10, 0xe8, 0x10, 0xe0, 0x0f, 0xe0, 0x10, 0xe0, 0x0f, 0xe0,
    0x0f, 0xe0, 0x0f, 0xe0, 0x10, 0xe0, 0x10, 0xe0, 0x0f, 0xe0, 0x10, 0xe0,
    0x10, 0xe0, 0x0f, 0xe0, 0x10, 0xe0, 0x0f, 0xd8, 0x0f, 0xe0, 0x0f, 0xd8,
    0x0f, 0xe0, 0x0f, 0xd8, 0x0f, 0xe0, 0x0f, 0xe0, 0x0f, 0xe0, 0x0f, 0xe0,
    0x0f, 0xd8, 0x0f, 0xd8, 0x0f, 0xd8, 0x0f, 0xd8, 0x0f, 0xd8, 0x0f, 0xd8,
    0x0f, 0xd8, 0x0f, 0xd8, 0x0f, 0xd8, 0x0f, 0xd8, 0x0f, 0xd8, 0x0f, 0xd0,
    0x0f, 0xd8, 0x0f, 0xd8, 0x0e, 0xd8, 0x0f, 0xd8, 0x0f, 0xd8, 0x0f, 0xd8,
    0x0f, 0xd8, 0x0f, 0xd8, 0x0f, 0xd8, 0x0f, 0xd8, 0x0f, 0xd8, 0x0f, 0xe0,
    0x0f, 0xd8, 0x0f, 0xd8, 0x0f, 0xe0, 0x10, 0xe0, 0x0f, 0xd8, 0x0f, 0xd8,
    0x10, 0xe0, 0x0f, 0xd8, 0x0f, 0xe0, 0x10, 0xd8, 0x0f, 0xe0, 0x10, 0xe0,
    0x0f, 0xe0, 0x0f, 0xe0, 0x0f, 0xe0, 0x0f, 0xe0, 0x0f, 0xe0, 0x0f, 0xe0,
    0x0f, 0xe0, 0x0f, 0xe0, 0x10, 0xe0, 0x0f, 0xe0, 0x0f, 0xe0, 0x10, 0xe0,
    0x0f, 0xe0, 0x10, 0xe0, 0x10, 0xe0, 0x10, 0xe0, 0x0f, 0xe0, 0x0f, 0xe0,
    0x10, 0xe0, 0x0f, 0xe0, 0x0f, 0xe0, 0x0f, 0xe0, 0x10, 0xe0, 0x10, 0xe8,
    0x10, 0xe0, 0x0f, 0xe8, 0x10, 0xe8, 0x0f, 0xe0, 0x10, 0xe0, 0x10, 0xe8,
    0x0f, 0xe0, 0x10, 0xe0, 0x10, 0xe0, 0x0f, 0xe0, 0x10, 0xe0, 0x10, 0xe0,
    0x10, 0xe0, 0x0f, 0xe8, 0x10, 0xe8, 0x10, 0xe0, 0x10, 0xe8, 0x0f, 0xe8,
    0x10, 0xe8, 0x10, 0xe8, 0x10, 0xe8, 0x10, 0xe8, 0x0f, 0xe8, 0x10, 0xe0,
    0x10, 0xe8, 0x0f, 0xe8, 0x10, 0xe8, 0x10, 0xe8, 0x0f, 0xe0, 0x10, 0xe8,
    0x10, 0xe8, 0x10, 0xe0, 0x10, 0xe8, 0x10, 0xe8, 0x10, 0xe0, 0x0f, 0xe0,
    0x10, 0xe8, 0x10, 0xe0, 0x10, 0xe8, 0x0f, 0xe0, 0x10, 0xe8, 0x10, 0xe8,
    0x0f, 0xe0, 0x10, 0xe8, 0x10, 0xe8, 0x10, 0xe8, 0x0f, 0xe8, 0x10, 0xe8,
    0x10, 0xe8, 0x10, 0xe0, 0x10, 0xe8, 0x10, 0xe8, 0x10, 0xe8, 0x0f, 0xe0,
    0x10, 0xe8, 0x10, 0xe8, 0x0f, 0xe0, 0x10, 0xe8, 0x10, 0xe8, 0x0f, 0xe8,
    0x0f, 0xe0, 0x10, 0xe8, 0x10, 0xe8, 0x10, 0xe0, 0x10, 0xe8, 0x0f, 0xe8,
    0x10, 0xe8, 0x10, 0xe8, 0x0f, 0xe8, 0x10, 0xe8, 0x10, 0xe8, 0x10, 0xe8,
    0x0f, 0xe0, 0x10, 0xe8, 0x10, 0xe8, 0x0f, 0xe0, 0x10, 0xe8, 0x10, 0xe8,
    0x0f, 0xe8, 0x10, 0xe8, 0x10, 0xe8, 0x0f, 0xe0, 0x10, 0xe8, 0x10, 0xe8,
    0x10, 0xe8, 0x10, 0xe0, 0x0f, 0xe8, 0x10, 0xe8, 0x10, 0xe0, 0x0f, 0xe8,
    0x10, 0xe8, 0x10, 0xe8, 0x0f, 0xe0, 0x10, 0xe8, 0x0f, 0xe8, 0x10, 0xe8,
    0x0f, 0xe8, 0x10, 0xe0, 0x10, 0xe8, 0x10, 0xe8, 0x0f, 0xe0, 0x10, 0xe8,
    0x10, 0xe8, 0x0f, 0xe8, 0x10, 0xe8, 0x0f, 0xe8, 0x10, 0xe0, 0x0f, 0xe8,
    0x10, 0xe8, 0x10, 0xe8, 0x10, 0xe8, 0x10, 0xe8, 0x10, 0xe8, 0x10, 0xe0,
    0x10, 0xe8, 0x0f, 0xe8, 0x10, 0xe0, 0x10, 0xe8, 0x0f, 0xe8, 0x10, 0xe8,
    0x10, 0xe8, 0x0f, 0xe0, 0x10, 0xe8, 0x10, 0xe8, 0x10, 0xe8, 0x0f, 0xe8,
    0x10, 0xe8, 0x0f, 0xe8, 0x10, 0xe0, 0x0f, 0xe8, 0x10, 0xe8, 0x10, 0xe0,
    0x0f, 0xe8, 0x10, 0xe8, 0x10, 0xe0, 0x10, 0xe8, 0x10, 0xe8, 0x10, 0xe8,
    0x0f, 0xe8, 0x10, 0xe8, 0x10, 0xe8, 0x0f, 0xe8, 0x10, 0xe8, 0x10, 0xe8,
    0x10, 0xe8, 0x10, 0xe8, 0x0f, 0xe0, 0x10, 0xe8, 0x10, 0xe8, 0x10, 0xe0,
    0x0f, 0xe8, 0x10, 0xe8, 0x10, 0xe0, 0x10, 0xe8, 0x10, 0xe8, 0x10, 0xe0,
    0x0f, 0xe8, 0x10, 0xe8, 0x0f, 0xe8, 0x0f, 0xe0, 0x10, 0xe8, 0x0f, 0xe8,
    0x10, 0xe8, 0x10, 0xe8, 0x0f, 0xe0, 0x10, 0xe0, 0x10, 0xe0, 0x10, 0xe8,
    0x10, 0xe0, 0x0f, 0xe0, 0x10, 0xe0, 0x10, 0xe0, 0x0f, 0xe0, 0x0f, 0xe0,
    0x10, 0xe0, 0x10, 0xe0, 0x10, 0xe0, 0x10, 0xe0, 0x10, 0xe8, 0x10, 0xe8,
    0x10, 0xe0, 0x10, 0xe8, 0x0f, 0xe8, 0x10, 0xe0, 0x10, 0xe8, 0x0f, 0xe8,
    0x10, 0xe8, 0x10, 0xe8, 0x0f, 0xe8, 0x10, 0xe8, 0x10, 0xe8, 0x10, 0xe8,
    0x0f, 0xe8, 0x10, 0xe0, 0x0f, 0xe0, 0x10, 0xe8, 0x10, 0xe0, 0x10, 0xe8,
    0x10, 0xe8, 0x10, 0xe0, 0x10, 0xe0, 0x10, 0xe0, 0x0f, 0xe0, 0x0f, 0xe0,
    0x10, 0xe0, 0x0f, 0xe0, 0x0f, 0xe0, 0x10, 0xe0, 0x0f, 0xe0, 0x10, 0xe0,
    0x10, 0xe0, 0x10, 0xe0, 0x10, 0xe0, 0x0f, 0xe0, 0x0f, 0xe0, 0x10, 0xe0,
    0x0f, 0xd8, 0x0f, 0xe0, 0x0f, 0xe0, 0x0f, 0xe0, 0x0f, 0xe0, 0x0f, 0xe0,
    0x0f, 0xe0, 0x0f, 0xd8, 0x0f, 0xd8, 0x0f, 0xd8, 0x0f, 0xd8, 0x0f, 0xd8,
    0x0f, 0xd8, 0x0f, 0xd8, 0x0f, 0xd8, 0x0e, 0xd8, 0x0f, 0xd8, 0x0f, 0xd8,
    0x0f, 0xd8, 0x0e, 0xd8, 0x0f, 0xd8, 0x0f, 0xd8, 0x0f, 0xd8, 0x0f, 0xd8,
    0x0f, 0xd8, 0x0f, 0xd8, 0x0f, 0xd8, 0x0f, 0xd8, 0x0f, 0xd8, 0x0f, 0xd8,
    0x0f, 0xd8, 0x0f, 0xd8, 0x0f, 0xd8, 0x0f, 0xd8, 0x0f, 0xe0, 0x0f, 0xd8,
    0x0f, 0xd8, 0x0f, 0xe0, 0x0f, 0xd8, 0x0f, 0xd8, 0x10, 0xe0, 0x0f, 0xe0,
    0x0f, 0xd8, 0x0f, 0xe0, 0x0f, 0xe0, 0x0f, 0xe0, 0x0f, 0xe0, 0x0f, 0xe0,
    0x0f, 0xe0, 0x0f, 0xe0, 0x0f, 0xe0, 0x0f, 0xe0, 0x0f, 0xe0, 0x0f, 0xe0,
    0x0f, 0xe0, 0x10, 0xe0, 0x10, 0xe0, 0x0f, 0xe0, 0x10, 0xe0, 0x10, 0xe0,
    0x0f, 0xe0, 0x0f, 0xe0, 0x10, 0xe0, 0x0f, 0xe0, 0x0f, 0xe0, 0x0f, 0xe0,
    0x0f, 0xe0, 0x0f, 0xe0, 0x10, 0xe8, 0x0f, 0xe0, 0x0f, 0xe0, 0x10, 0xe8,
    0x10, 0xe8, 0x10, 0xe0, 0x0f, 0xe8, 0x10, 0xe8, 0x10, 0xe0, 0x10, 0xe0,
    0x10, 0xe0, 0x0f, 0xe8, 0x10, 0xe0, 0x10, 0xe0, 0x0f, 0xe8, 0x10, 0xe8,
    0x10, 0xe0, 0x10, 0xe8, 0x0f, 0xe8, 0x10, 0xe8, 0x10, 0xe0, 0x0f, 0xe8,
    0x10, 0xe8, 0x10, 0xe0, 0x10, 0xe8, 0x0f, 0xe8, 0x10, 0xe8, 0x0f, 0xe8,
    0x10, 0xe0, 0x10, 0xe8, 0x10, 0xe8, 0x0f, 0xe8, 0x10, 0xe8, 0x10, 0xe8,
    0x10, 0xe0, 0x0f, 0xe8, 0x10, 0xe8, 0x10, 0xe0, 0x10, 0xe8, 0x10, 0xe8,
    0x10, 0xe8, 0x10, 0xe8, 0x10, 0xe8, 0x0f, 0xe8, 0x10, 0xe8, 0x10, 0xe0,
    0x0f, 0xe8, 0x10, 0xe8, 0x10, 0xe8, 0x10, 0xe8, 0x10, 0xe0, 0x0f, 0xe8,
    0x10, 0xe8, 0x10, 0xe0, 0x10, 0xe8, 0x10, 0xe8, 0x10, 0xe8, 0x0f, 0xe0,
    0x0f, 0xe8, 0x10, 0xe8, 0x10, 0xe8, 0x10, 0xe8, 0x10, 0xe0, 0x10, 0xe8,
    0x10, 0xe8, 0x0f, 0xe0, 0x10, 0xe8, 0x10, 0xe8, 0x0f, 0xe8, 0x10, 0xe8,
    0x10, 0xe0, 0x0f, 0xe8, 0x10, 0xe8, 0x10, 0xe0, 0x0f, 0xe8, 0x10, 0xe8,
    0x10, 0xe8, 0x10, 0xe8, 0x10, 0xe0, 0x0f, 0xe8, 0x10, 0xe8, 0x10, 0xe0,
    0x10, 0xe8, 0x0f, 0xe8, 0x10, 0xe8, 0x10, 0xe8, 0x10, 0xe8, 0x10, 0xe0,
    0x10, 0xe8, 0x0f, 0xe8, 0x10, 0xe0, 0x10, 0xe8, 0x10, 0xe8, 0x0f, 0xe8,
    0x10, 0xe8, 0x10, 0xe0, 0x0f, 0xe8, 0x10, 0xe8, 0x10, 0xe0, 0x10, 0xe8,
    0x10, 0xe8, 0x10, 0xe8, 0x0f, 0xe0, 0x10, 0xe8, 0x10, 0xe8, 0x0f, 0xe0,
    0x10, 0xe8, 0x0f, 0xe8, 0x10, 0xe8, 0x10, 0xe8, 0x10, 0xe0, 0x10, 0xe8,
    0x0f, 0xe8, 0x10, 0xe0, 0x10, 0xe8, 0x10, 0xe8, 0x10, 0xe0, 0x0f, 0xe8,
    0x10, 0xe8, 0x10, 0xe0, 0x0f, 0xe0, 0x10, 0xe8, 0x10, 0xe8, 0x10, 0xe8,
    0x10, 0xe8, 0x0f, 0xe8, 0x10, 0xe8, 0x10, 0xe8, 0x0f, 0xe8, 0x10, 0xe8,
    0x10, 0xe8, 0x0f, 0xe8, 0x10, 0xe0, 0x10, 0xe8, 0x0f, 0xe0, 0x10, 0xe0,
    0x10, 0xe8, 0x0f, 0xe0, 0x10, 0xe8, 0x10, 0xe0, 0x10, 0xe8, 0x10, 0xe8,
    0x10, 0xe8, 0x0f, 0xe8, 0x10, 0xe8, 0x10, 0xe8, 0x0f, 0xe8, 0x10, 0xe0,
    0x10, 0xe8, 0x0f, 0xe8, 0x10, 0xe0, 0x10, 0xe8, 0x10, 0xe8, 0x10, 0xe8,
    0x10, 0xe8, 0x10, 0xe8, 0x10, 0xe8, 0x0f, 0xe0, 0x10, 0xe8, 0x10, 0xe8,
    0x10, 0xe8, 0x10, 0xe8, 0x0f, 0xe8, 0x10, 0xe8, 0x10, 0xe8, 0x10, 0xe0,
    0x10, 0xe8, 0x10, 0xe8, 0x0f, 0xe0, 0x0f, 0xe0, 0x0f, 0xe0, 0x0f, 0xe0,
    0x0f, 0xe0, 0x0f, 0xe0, 0x0f, 0xe0, 0x0f, 0xe0, 0x0f, 0xe0, 0x0f, 0xe0,
    0x0f, 0xe0, 0x0f, 0xe0, 0x0f, 0xe0, 0x0f, 0xe0, 0x0f, 0xe0, 0x10, 0xe0,
    0x0f, 0xe0, 0x0f, 0xe0, 0x10, 0xe0, 0x0f, 0xe8, 0x10, 0xe8, 0x10, 0xe8,
    0x10, 0xe8, 0x0f, 0xe8, 0x10, 0xe0, 0x0f, 0xe8, 0x10, 0xe8, 0x10, 0xe8,
    0x10, 0xe8, 0x10, 0xe8, 0x10, 0xe8, 0x10, 0xe0, 0x0f, 0xe0, 0x10, 0xe0,
    0x10, 0xe0, 0x0f, 0xe0, 0x0f, 0xe0, 0x10, 0xe0, 0x0f, 0xe0, 0x0f, 0xe0,
    0x10, 0xe0, 0x10, 0xe0, 0x0f, 0xe0, 0x10, 0xe0, 0x0f, 0xe0, 0x0f, 0xd8,
    0x0f, 0xe0, 0x0f, 0xd8, 0x0f, 0xd8, 0x0f, 0xe0, 0x0f, 0xe0, 0x0f, 0xe0,
    0x0f, 0xe0, 0x0f, 0xd8, 0x0f, 0xd8, 0x0f, 0xe0, 0x0f, 0xd8, 0x0f, 0xd8,
    0x0f, 0xd8, 0x0f, 0xd8, 0x0f, 0xd8, 0x0f, 0xd8, 0x0f, 0xd8, 0x0f, 0xd8,
    0x0e, 0xd8, 0x0f, 0xd8, 0x0f, 0xd8, 0x0f, 0xd8, 0x0f, 0xd8, 0x0f, 0xd8,
    0x0f, 0xd8, 0x0f, 0xd8, 0x0f, 0xd8, 0x0f, 0xd8, 0x0f, 0xd8, 0x0f, 0xd8,
    0x0f, 0xd8, 0x0f, 0xd8, 0x0f, 0xd8, 0x0f, 0xd8, 0x0f, 0xd8, 0x0f, 0xd8,
    0x0f, 0xd8, 0x0f, 0xe0, 0x0f, 0xd8, 0x0f, 0xd8, 0x10, 0xe0, 0x10, 0xe0,
    0x0f, 0xd8, 0x10, 0xe0, 0x0f, 0xe0, 0x0f, 0xd8, 0x10, 0xe0, 0x0f, 0xe0,
    0x0f, 0xe0, 0x10, 0xe0, 0x0f, 0xe0, 0x0f, 0xe0, 0x0f, 0xe0, 0x0f, 0xe0,
    0x0f, 0xe0, 0x0f, 0xe0, 0x10, 0xe0, 0x10, 0xe0, 0x0f, 0xe0, 0x10, 0xe0,
    0x10, 0xe0, 0x0f, 0xe0, 0x10, 0xe0, 0x10, 0xe0, 0x10, 0xe0, 0x10, 0xe0,
    0x0f, 0xe0, 0x10, 0xe0, 0x0f, 0xe0, 0x10, 0xe0, 0x10, 0xe0, 0x0f, 0xe0,
    0x10, 0xe8, 0x10, 0xe0, 0x0f, 0xe8, 0x10, 0xe8, 0x10, 0xe0, 0x0f, 0xe8,
    0x10, 0xe0, 0x10, 0xe0, 0x10, 0xe0, 0x0f, 0xe0, 0x10, 0xe0, 0x10, 0xe8,
    0x10, 0xe8, 0x10, 0xe0, 0x10, 0xe8, 0x10, 0xe8, 0x10, 0xe0, 0x10, 0xe8,
    0x10, 0xe8, 0x10, 0xe8, 0x10, 0xe0, 0x0f, 0xe8, 0x10, 0xe8, 0x10, 0xe8,
    0x0f, 0xe8, 0x10, 0xe0, 0x10, 0xe8, 0x0f, 0xe8, 0x10, 0xe8, 0x10, 0xe8,
    0x10, 0xe8, 0x0f, 0xe8, 0x10, 0xe8, 0x0f, 0xe0, 0x0f, 0xe0, 0x10, 0xe8,
    0x10, 0xe0, 0x10, 0xe0, 0x0f, 0xe8, 0x10, 0xe8, 0x10, 0xe0, 0x0f, 0xe8,
    0x10, 0xe8, 0x10, 0xe0, 0x10, 0xe8, 0x10, 0xe8, 0x10, 0xe8, 0x0f, 0xe0,
    0x10, 0xe8, 0x10, 0xe8, 0x10, 0xe8, 0x10, 0xe8, 0x10, 0xe0, 0x0f, 0xe8,
    0x10, 0xe8, 0x10, 0xe0, 0x0f, 0xe8, 0x10, 0xe8, 0x10, 0xe0, 0x10, 0xe8,
    0x10, 0xe8, 0x10, 0xe0, 0x10, 0xe8, 0x10, 0xe8, 0x10, 0xe8, 0x10, 0xe8,
    0x10, 0xe8, 0x10, 0xe0, 0x10, 0xe8, 0x10, 0xe0, 0x0f, 0xe8, 0x10, 0xe8,
    0x10, 0xe8, 0x0f, 0xe8, 0x10, 0xe8, 0x10, 0xe8, 0x10, 0xe0, 0x10, 0xe8,
    0x0f, 0xe8, 0x10, 0xe0, 0x0f, 0xe8, 0x10, 0xe8, 0x10, 0xe8, 0x10, 0xe8,
    0x10, 0xe0, 0x10, 0xe8, 0x10, 0xe8, 0x0f, 0xe0, 0x10, 0xe8, 0x10, 0xe8,
    0x10, 0xe8, 0x10, 0xe8, 0x0f, 0xe0, 0x10, 0xe8, 0x10, 0xe8, 0x10, 0xe0,
    0x10, 0xe8, 0x10, 0xe8, 0x10, 0xe8, 0x10, 0xe0, 0x0f, 0xe8, 0x10, 0xe0,
    0x10, 0xe8, 0x0f, 0xe8, 0x10, 0xe8, 0x10, 0xe8, 0x10, 0xe8, 0x0f, 0xe0,
    0x10, 0xe8, 0x10, 0xe8, 0x10, 0xe8, 0x10, 0xe8, 0x10, 0xe8, 0x10, 0xe8,
    0x10, 0xe8, 0x10, 0xe0, 0x10, 0xe8, 0x10, 0xe0, 0x10, 0xe8, 0x10, 0xe0,
    0x10, 0xe0, 0x10, 0xe8, 0x10, 0xe8, 0x10, 0xe0, 0x10, 0xe8, 0x0f, 0xe8,
    0x10, 0xe8, 0x10, 0xe8, 0x10, 0xe8, 0x10, 0xe8, 0x10, 0xe8, 0x10, 0xe8,
    0x10, 0xe0, 0x0f, 0xe8, 0x0f, 0xe8, 0x10, 0xe0, 0x10, 0xe8, 0x10, 0xe0,
    0x10, 0xe8, 0x10, 0xe8, 0x10, 0xe0, 0x10, 0xe8, 0x0f, 0xe8, 0x10, 0xe8,
    0x0f, 0xe8, 0x10, 0xe8, 0x10, 0xe0, 0x0f, 0xe0, 0x10, 0xe8, 0x10, 0xe8,
    0x10, 0xe0, 0x10, 0xe8, 0x0f, 0xe8, 0x10, 0xe0, 0x10, 0xe8, 0x0f, 0xe8,
    0x10, 0xe8, 0x10, 0xe8, 0x0f, 0xe0, 0x10, 0xe8, 0x10, 0xe8, 0x10, 0xe0,
    0x10, 0xe8, 0x10, 0xe8, 0x10, 0xe8, 0x10, 0xe0, 0x10, 0xe0, 0x0f, 0xe0,
    0x10, 0xe0, 0x10, 0xe0, 0x0f, 0xe0, 0x10, 0xe0, 0x10, 0xe0, 0x0f, 0xe0,
    0x0f, 0xe0, 0x0f, 0xe0, 0x0f, 0xd8, 0x0f, 0xe0, 0x0f, 0xe0, 0x0f, 0xd8,
    0x0f, 0xe0, 0x0f, 0xd8, 0x0f, 0xd8, 0x0f, 0xe0, 0x0f, 0xe0, 0x0f, 0xe0,
    0x0f, 0xe0, 0x0f, 0xe0, 0x0f, 0xd8, 0x0f, 0xe0, 0x0f, 0xe0, 0x0f, 0xe0,
    0x0f, 0xe0, 0x10, 0xe8, 0x10, 0xe0, 0x10, 0xe8, 0x10, 0xe0, 0x0f, 0xe0,
    0x10, 0xe0, 0x0f, 0xe0, 0x10, 0xe0, 0x10, 0xe0, 0x0f, 0xe0, 0x0f, 0xe0,
    0x10, 0xe0, 0x10, 0xe0, 0x10, 0xe0, 0x0f, 0xe0, 0x10, 0xe0, 0x0f, 0xe0,
    0x10, 0xe0, 0x0f, 0xe0, 0x0f, 0xd8, 0x0f, 0xe0, 0x0f, 0xe0, 0x0f, 0xe0,
    0x0f, 0xe0, 0x0f, 0xe0, 0x0f, 0xd8, 0x0f, 0xe0, 0x0f, 0xd8, 0x0f, 0xd8,
    0x0f, 0xd8, 0x0f, 0xd8, 0x0f, 0xd8, 0x0f, 0xd8, 0x0e, 0xd0, 0x0e, 0xd8,
    0x0e, 0xd8, 0x0f, 0xd8, 0x0e, 0xd8, 0x0f, 0xd8, 0x0f, 0xd8, 0x0e, 0xd8,
    0x0f, 0xd8, 0x0f, 0xd8, 0x0f, 0xd8, 0x0f, 0xd8, 0x0f, 0xd8, 0x0f, 0xd8,
    0x0f, 0xd8, 0x0f, 0xd8, 0x0f, 0xd8, 0x0f, 0xe0, 0x0f, 0xd8, 0x0f, 0xd8,
    0x0f, 0xd8, 0x0f, 0xd8, 0x0f, 0xd8, 0x0f, 0xe0, 0x0f, 0xd8, 0x0f, 0xd8,
    0x0f, 0xd8, 0x0f, 0xe0, 0x10, 0xd8, 0x0f, 0xe0, 0x0f, 0xd8, 0x10, 0xe0,
    0x0f, 0xe0, 0x0f, 0xe0, 0x10, 0xe0, 0x0f, 0xe0, 0x0f, 0xe0, 0x0f, 0xe0,
    0x0f, 0xe0, 0x0f, 0xe0, 0x0f, 0xe0, 0x0f, 0xe0, 0x0f, 0xe0, 0x10, 0xe0,
    0x0f, 0xe0, 0x10, 0xe0, 0x0f, 0xe0, 0x0f, 0xe0, 0x10, 0xe0, 0x10, 0xe0,
    0x0f, 0xe0, 0x0f, 0xe0, 0x0f, 0xe0, 0x0f, 0xe0, 0x10, 0xe0, 0x0f, 0xe0,
    0x0f, 0xe0, 0x10, 0xe0, 0x0f, 0xe8, 0x10, 0xe0, 0x10, 0xe8, 0x10, 0xe8,
    0x10, 0xe8, 0x10, 0xe8, 0x0f, 0xe0, 0x10, 0xe0, 0x0f, 0xe0, 0x10, 0xe0,
    0x0f, 0xe8, 0x10, 0xe0, 0x0f, 0xe8, 0x0f, 0xe8, 0x10, 0xe8, 0x10, 0xe0,
    0x10, 0xe8, 0x10, 0xe8, 0x10, 0xe0, 0x0f, 0xe8, 0x10, 0xe8, 0x10, 0xe0,
    0x10, 0xe8, 0x10, 0xe8, 0x0f, 0xe0, 0x10, 0xe8, 0x10, 0xe0, 0x10, 0xe8,
    0x10, 0xe8, 0x10, 0xe8, 0x10, 0xe8, 0x0f, 0xe8, 0x10, 0xe8, 0x10, 0xe8,
    0x10, 0xe8, 0x10, 0xe8, 0x10, 0xe8, 0x10, 0xe0, 0x0f, 0xe8, 0x10, 0xe8,
    0x0f, 0xe8, 0x10, 0xe8, 0x10, 0xe0, 0x0f, 0xe8, 0x10, 0xe8, 0x0f, 0xe0,
    0x10, 0xe8, 0x10, 0xe8, 0x10, 0xe8, 0x10, 0xe0, 0x0f, 0xe8, 0x10, 0xe8,
    0x10, 0xe8, 0x0f, 0xe8, 0x10, 0xe8, 0x0f, 0xe8, 0x10, 0xe8, 0x0f, 0xe0,
    0x10, 0xe8, 0x0f, 0xe8, 0x0f, 0xe0, 0x10, 0xe8, 0x0f, 0xe8, 0x10, 0xe8,
    0x10, 0xe8, 0x0f, 0xe8, 0x10, 0xe0, 0x10, 0xe8, 0x10, 0xe0, 0x10, 0xe8,
    0x0f, 0xe8, 0x10, 0xe8, 0x10, 0xe0, 0x0f, 0xe8, 0x10, 0xe8, 0x10, 0xe0,
    0x10, 0xe8, 0x0f, 0xe8, 0x10, 0xe0, 0x10, 0xe8, 0x0f, 0xe8, 0x10, 0xe8,
    0x10, 0xe0, 0x10, 0xe8, 0x0f, 0xe8, 0x10, 0xe0, 0x10, 0xe8, 0x0f, 0xe8,
    0x10, 0xe8, 0x10, 0xe0, 0x0f, 0xe8, 0x0f, 0xe8, 0x10, 0xe8, 0x0f, 0xe8,
    0x10, 0xe0, 0x10, 0xe8, 0x10, 0xe8, 0x10, 0xe8, 0x10, 0xe0, 0x0f, 0xe8,
    0x10, 0xe0, 0x10, 0xe8, 0x10, 0xe8, 0x10, 0xe8, 0x0f, 0xe0, 0x10, 0xe8,
    0x0f, 0xe8, 0x10, 0xe0, 0x0f, 0xe8, 0x10, 0xe8, 0x0f, 0xe8, 0x0f, 0xe8,
    0x10, 0xe8, 0x0f, 0xe8, 0x0f, 0xe8, 0x10, 0xe8, 0x0f, 0xe8, 0x10, 0xe8,
    0x0f, 0xe0, 0x10, 0xe8, 0x10, 0xe8, 0x10, 0xe0, 0x0f, 0xe8, 0x10, 0xe8,
    0x10, 0xe0, 0x0f, 0xe8, 0x10, 0xe8, 0x10, 0xe8, 0x10, 0xe8, 0x10, 0xe8,
    0x10, 0xe8, 0x0f, 0xe8, 0x10, 0xe0, 0x0f, 0xe8, 0x10, 0xe8, 0x0f, 0xe0,
    0x10, 0xe8, 0x10, 0xe8, 0x10, 0xe0, 0x10, 0xe8, 0x10, 0xe8, 0x0f, 0xe8,
    0x10, 0xe8, 0x10, 0xe8, 0x0f, 0xe8, 0x10, 0xe0, 0x10, 0xe8, 0x10, 0xe8,
    0x10, 0xe8, 0x0f, 0xe8, 0x10, 0xe0, 0x10, 0xe8, 0x10, 0xe8, 0x10, 0xe0,
    0x0f, 0xe8, 0x10, 0xe8, 0x0f, 0xe8, 0x10, 0xe0, 0x10, 0xe0, 0x10, 0xe8,
    0x10, 0xe8, 0x10, 0xe8, 0x10, 0xe8, 0x10, 0xe0, 0x0f, 0xe0, 0x10, 0xe0,
    0x10, 0xe0, 0x0f, 0xe0, 0x10, 0xe0, 0x10, 0xe0, 0x10, 0xe0, 0x10, 0xe0,
    0x0f, 0xe0, 0x0f, 0xe0, 0x10, 0xe0, 0x0f, 0xe0, 0x0f, 0xe0, 0x0f, 0xe0,
    0x0f, 0xd8, 0x0f, 0xd8, 0x0f, 0xd8, 0x0f, 0xd8, 0x0f, 0xd8, 0x0f, 0xd8,
    0x0f, 0xd8, 0x0f, 0xd8, 0x0f, 0xd8, 0x0f, 0xd8, 0x0f, 0xd8, 0x0f, 0xd8,
    0x0f, 0xd8, 0x0f, 0xd8, 0x0f, 0xd8, 0x0f, 0xd8, 0x0f, 0xe0, 0x0f, 0xd8,
    0x0f, 0xd8, 0x0f, 0xe0, 0x0f, 0xe0, 0x0f, 0xe0, 0x0f, 0xe0, 0x0f, 0xe0,
    0x0f, 0xe0, 0x10, 0xe0, 0x10, 0xe0, 0x10, 0xe0, 0x0f, 0xe0, 0x10, 0xe0,
    0x10, 0xe0, 0x0f, 0xe0, 0x10, 0xe0, 0x0f, 0xe0, 0x0f, 0xe0, 0x0f, 0xe0,
    0x0f, 0xe0, 0x0f, 0xe0, 0x0f, 0xe0, 0x0f, 0xe0, 0x0f, 0xe0, 0x0f, 0xd8,
    0x0f, 0xd8, 0x0f, 0xd8, 0x0f, 0xd0, 0x0e, 0xd0, 0x0f, 0xd0, 0x0e, 0xd0,
    0x0e, 0xd8, 0x0e, 0xd0, 0x0f, 0xd8, 0x0f, 0xd8, 0x0e, 0xd8, 0x0f, 0xd8,
    0x0e, 0xd8, 0x0f, 0xd8, 0x0e, 0xd8, 0x0f, 0xd8, 0x0f, 0xd8, 0x0f, 0xd8,
    0x0f, 0xd8, 0x0f, 0xd8, 0x0f, 0xd8, 0x0f, 0xd8, 0x0f, 0xd8, 0x0f, 0xd8,
    0x0f, 0xd8, 0x0f, 0xd8, 0x0f, 0xd8, 0x0f, 0xd8, 0x0f, 0xd8, 0x0f, 0xd8,
    0x0f, 0xd8, 0x0f, 0xe0, 0x0f, 0xd8, 0x0f, 0xd8, 0x0f, 0xd8, 0x0f, 0xd8,
    0x10, 0xe0, 0x0f, 0xd8, 0x10, 0xe0, 0x0f, 0xe0, 0x0f, 0xe0, 0x0f, 0xe0,
    0x10, 0xe0, 0x0f, 0xe0, 0x0f, 0xe0, 0x0f, 0xe0, 0x0f, 0xe0, 0x0f, 0xe0,
    0x0f, 0xe0, 0x0f, 0xe0, 0x0f, 0xe0, 0x10, 0xe0, 0x10, 0xe0, 0x0f, 0xe0,
    0x10, 0xe0, 0x10, 0xe0, 0x0f, 0xe0, 0x10, 0xe0, 0x10, 0xe0, 0x0f, 0xe0,
    0x0f, 0xe0, 0x10, 0xe0, 0x0f, 0xe0, 0x0f, 0xe0, 0x0f, 0xe0, 0x10, 0xe8,
    0x10, 0xe8, 0x10, 0xe8, 0x10, 0xe8, 0x0f, 0xe8, 0x10, 0xe8, 0x10, 0xe0,
    0x10, 0xe8, 0x10, 0xe8, 0x0f, 0xe0, 0x10, 0xe8, 0x0f, 0xe8, 0x10, 0xe8,
    0x10, 0xe0, 0x10, 0xe8, 0x10, 0xe8, 0x0f, 0xe8, 0x10, 0xe8, 0x10, 0xe0,
    0x10, 0xe8, 0x0f, 0xe8, 0x10, 0xe8, 0x10, 0xe0, 0x0f, 0xe8, 0x10, 0xe8,
    0x10, 0xe0, 0x10, 0xe8, 0x0f, 0xe8, 0x10, 0xe0, 0x10, 0xe8, 0x0f, 0xe8,
    0x10, 0xe8, 0x10, 0xe8, 0x10, 0xe0, 0x10, 0xe8, 0x0f, 0xe8, 0x10, 0xe0,
    0x10, 0xe8, 0x10, 0xe8, 0x10, 0xe8, 0x10, 0xe0, 0x0f, 0xe8, 0x10, 0xe8,
    0x10, 0xe8, 0x0f, 0xe8, 0x10, 0xe0, 0x10, 0xe8, 0x10, 0xe0, 0x10, 0xe8,
    0x0f, 0xe0, 0x10, 0xe8, 0x10, 0xe8, 0x10, 0xe8, 0x10, 0xe8, 0x10, 0xe0,
    0x10, 0xe8, 0x10, 0xe8, 0x0f, 0xe0, 0x10, 0xe8, 0x10, 0xe8, 0x10, 0xe0,
    0x10, 0xe8, 0x0f, 0xe8, 0x10, 0xe8, 0x10, 0xe0, 0x10, 0xe8, 0x0f, 0xe8,
    0x10, 0xe8, 0x10, 0xe8, 0x10, 0xe8, 0x10, 0xe8, 0x10, 0xe8, 0x10, 0xe0,
    0x0f, 0xe8, 0x10, 0xe8, 0x10, 0xe8, 0x0f, 0xe0, 0x10, 0xe8, 0x10, 0xe8,
    0x10, 0xe8, 0x0f, 0xe0, 0x10, 0xe8, 0x10, 0xe8, 0x10, 0xe0, 0x10, 0xe8,
    0x10, 0xe8, 0x10, 0xe0, 0x10, 0xe8, 0x10, 0xe8, 0x0f, 0xe8, 0x10, 0xe8,
    0x10, 0xe8, 0x0f, 0xe8, 0x10, 0xe8, 0x10, 0xe8, 0x0f, 0xe0, 0x10, 0xe8,
    0x0f, 0xe8, 0x10, 0xe8, 0x10, 0xe8, 0x10, 0xe0, 0x10, 0xe8, 0x0f, 0xe8,
    0x10, 0xe0, 0x10, 0xe8, 0x10, 0xe0, 0x10, 0xe8, 0x10, 0xe0, 0x10, 0xe8,
    0x10, 0xe8, 0x10, 0xe0, 0x10, 0xe8, 0x0f, 0xe8, 0x10, 0xe8, 0x10, 0xe8,
    0x0f, 0xe0, 0x10, 0xe8, 0x10, 0xe8, 0x10, 0xe0, 0x0f, 0xe8, 0x10, 0xe8,
    0x0f, 0xe0, 0x0f, 0xe0, 0x10, 0xe8, 0x10, 0xe0, 0x10, 0xe8, 0x10, 0xe8,
    0x10, 0xe8, 0x10, 0xe8, 0x0f, 0xe8, 0x10, 0xe8, 0x10, 0xe8, 0x0f, 0xe8,
    0x10, 0xe0, 0x10, 0xe8, 0x10, 0xe0, 0x10, 0xe8, 0x10, 0xe8, 0x10, 0xe8,
    0x0f, 0xe0, 0x10, 0xe8, 0x0f, 0xe8, 0x10, 0xe0, 0x10, 0xe8, 0x10, 0xe8,
    0x10, 0xe8, 0x0f, 0xe0, 0x10, 0xe8, 0x10, 0xe8, 0x10, 0xe8, 0x10, 0xe8,
    0x10, 0xe8, 0x0f, 0xe8, 0x10, 0xe8, 0x0f, 0xe0, 0x10, 0xe0, 0x10, 0xe0,
    0x0f, 0xe8, 0x10, 0xe8, 0x10, 0xe8, 0x0f, 0xe0, 0x0f, 0xe0, 0x10, 0xe0,
    0x0f, 0xe0, 0x0f, 0xe0, 0x10, 0xe0, 0x10, 0xe0, 0x10, 0xe0, 0x0f, 0xd8,
    0x0f, 0xe0, 0x10, 0xe0, 0x0f, 0xd8, 0x10, 0xe0, 0x0f, 0xe0, 0x0f, 0xe0,
    0x0f, 0xe0, 0x0f, 0xd8, 0x0f, 0xd8, 0x0f, 0xd8, 0x0f, 0xd8, 0x0f, 0xd8,
    0x0f, 0xd8, 0x0f, 0xd8, 0x0f, 0xd8, 0x0e, 0xd8, 0x0e, 0xd8, 0x0e, 0xd8,
    0x0f, 0xd0, 0x0e, 0xd0, 0x0e, 0xd8, 0x0f, 0xd0, 0x0e, 0xd0, 0x0e, 0xd0,
    0x0f, 0xd0, 0x0f, 0xd0, 0x0e, 0xd0, 0x0e, 0xd0, 0x0e, 0xd0, 0x0f, 0xd0,
    0x0e, 0xd0, 0x0f, 0xd0, 0x0f, 0xd0, 0x0f, 0xd8, 0x0f, 0xd8, 0x0f, 0xd8,
    0x0f, 0xd8, 0x0f, 0xd8, 0x0f, 0xd8, 0x0f, 0xd8, 0x0f, 0xd8, 0x0f, 0xe0,
    0x0f, 0xd8, 0x0f, 0xe0, 0x0f, 0xe0, 0x0f, 0xe0, 0x0f, 0xe0, 0x0f, 0xe0,
    0x0e, 0xd0, 0x0f, 0xd0, 0x0e, 0xd0, 0x0f, 0xd0, 0x0f, 0xd0, 0x0e, 0xd0,
    0x0e, 0xd0, 0x0f, 0xd0, 0x0e, 0xd0, 0x0e, 0xd8, 0x0f, 0xd0, 0x0e, 0xd8,
    0x0f, 0xd8, 0x0e, 0xd8, 0x0e, 0xd8, 0x0f, 0xd8, 0x0e, 0xd8, 0x0f, 0xd8,
    0x0f, 0xd8, 0x0f, 0xd8, 0x0f, 0xd8, 0x0f, 0xd8, 0x0f, 0xd8, 0x0f, 0xd8,
    0x0f, 0xd8, 0x0f, 0xe0, 0x0f, 0xd8, 0x0f, 0xd8, 0x0f, 0xd8, 0x0f, 0xd8,
    0x0f, 0xd8, 0x0f, 0xe0, 0x0f, 0xd8, 0x0f, 0xd8, 0x0f, 0xd8, 0x0f, 0xd8,
    0x0f, 0xd8, 0x10, 0xe0, 0x0f, 0xd8, 0x0f, 0xd8, 0x10, 0xe0, 0x0f, 0xe0,
    0x0f, 0xe0, 0x10, 0xe0, 0x0f, 0xe0, 0x0f, 0xe0, 0x10, 0xe0, 0x0f, 0xe0,
    0x0f, 0xe0, 0x0f, 0xe0, 0x0f, 0xe0, 0x0f, 0xe0, 0x10, 0xe0, 0x0f, 0xe0,
    0x0f, 0xe0, 0x10, 0xe0, 0x10, 0xe0, 0x0f, 0xe0, 0x10, 0xe8, 0x10, 0xe0,
    0x10, 0xe8, 0x10, 0xe8, 0x10, 0xe0, 0x10, 0xe8, 0x0f, 0xe8, 0x10, 0xe8,
    0x10, 0xe8, 0x10, 0xe8, 0x10, 0xe8, 0x10, 0xe8, 0x10, 0xe8, 0x10, 0xe0,
    0x10, 0xe8, 0x10, 0xe8, 0x0f, 0xe8, 0x10, 0xe8, 0x10, 0xe8, 0x0f, 0xe0,
    0x10, 0xe8, 0x10, 0xe8, 0x0f, 0xe0, 0x10, 0xe8, 0x10, 0xe8, 0x10, 0xe8,
    0x0f, 0xe8, 0x10, 0xe0, 0x10, 0xe8, 0x0f, 0xe8, 0x10, 0xe0, 0x10, 0xe8,
    0x10, 0xe8, 0x0f, 0xe0, 0x10, 0xe8, 0x10, 0xe0, 0x0f, 0xe8, 0x10, 0xe8,
    0x10, 0xe8, 0x10, 0xe0, 0x10, 0xe8, 0x0f, 0xe8, 0x10, 0xe8, 0x10, 0xe8,
    0x0f, 0xe0, 0x10, 0xe8, 0x10, 0xe8, 0x0f, 0xe0, 0x10, 0xe8, 0x10, 0xe8,
    0x10, 0xe8, 0x0f, 0xe8, 0x10, 0xe8, 0x10, 0xe0, 0x10, 0xe8, 0x10, 0xe8,
    0x0f, 0xe0, 0x10, 0xe8, 0x10, 0xe8, 0x0f, 0xe8, 0x10, 0xe8, 0x10, 0xe0,
    0x10, 0xe8, 0x0f, 0xe8, 0x10, 0xe0, 0x10, 0xe8, 0x0f, 0xe8, 0x10, 0xe8,
    0x10, 0xe8, 0x0f, 0xe0, 0x10, 0xe8, 0x10, 0xe0, 0x10, 0xe8, 0x0f, 0xe0,
    0x10, 0xe8, 0x0f, 0xe8, 0x10, 0xe0, 0x10, 0xe8, 0x10, 0xe8, 0x10, 0xe8,
    0x10, 0xe0, 0x0f, 0xe8, 0x10, 0xe8, 0x10, 0xe8, 0x0f, 0xe8, 0x10, 0xe8,
    0x10, 0xe8, 0x0f, 0xe0, 0x10, 0xe8, 0x0f, 0xe8, 0x10, 0xe8, 0x10, 0xe0,
    0x10, 0xe8, 0x10, 0xe8, 0x0f, 0xe0, 0x10, 0xe0, 0x10, 0xe8, 0x0f, 0xe0,
    0x10, 0xe8, 0x10, 0xe8, 0x10, 0xe8, 0x10, 0xe0, 0x10, 0xe8, 0x0f, 0xe0,
    0x10, 0xe8, 0x10, 0xe8, 0x10, 0xe8, 0x10, 0xe8, 0x10, 0xe8, 0x10, 0xe8,
    0x10, 0xe8, 0x0f, 0xe0, 0x10, 0xe8, 0x10, 0xe8, 0x0f, 0xe0, 0x10, 0xe8,
    0x10, 0xe8, 0x10, 0xe0, 0x10, 0xe8, 0x10, 0xe8, 0x0f, 0xe8, 0x10, 0xe8,
    0x10, 0xe8, 0x0f, 0xe0, 0x10, 0xe8, 0x10, 0xe8, 0x10, 0xe8, 0x10, 0xe8,
    0x0f, 0xe8, 0x10, 0xe8, 0x0f, 0xe0, 0x10, 0xe8, 0x10, 0xe8, 0x10, 0xe0,
    0x10, 0xe8, 0x10, 0xe0, 0x10, 0xe8, 0x0f, 0xe8, 0x10, 0xe8, 0x0f, 0xe8,
    0x0f, 0xe8, 0x10, 0xe0, 0x10, 0xe8, 0x0f, 0xe0, 0x10, 0xe8, 0x10, 0xe8,
    0x10, 0xe8, 0x0f, 0xe8, 0x10, 0xe0, 0x10, 0xe8, 0x0f, 0xe8, 0x10, 0xe8,
    0x10, 0xe0, 0x0f, 0xe8, 0x10, 0xe0, 0x10, 0xe0, 0x10, 0xe8, 0x10, 0xe8,
    0x10, 0xe8, 0x0f, 0xe8, 0x10, 0xe8, 0x10, 0xe8, 0x0f, 0xe0, 0x10, 0xe8,
    0x10, 0xe8, 0x10, 0xe8, 0x10, 0xe8, 0x10, 0xe0, 0x0f, 0xe0, 0x0f, 0xe0,
    0x0f, 0xe0, 0x0f, 0xe0, 0x10, 0xe0, 0x10, 0xe0, 0x0f, 0xe0, 0x0f, 0xe0,
    0x0f, 0xe0, 0x0f, 0xe0, 0x10, 0xe0, 0x0f, 0xe0, 0x0f, 0xd8, 0x0f, 0xe0,
    0x0f, 0xe0, 0x0f, 0xd8, 0x0f, 0xd8, 0x0f, 0xd8, 0x0f, 0xd8, 0x0f, 0xd8,
    0x0f, 0xd8, 0x0f, 0xd8, 0x0f, 0xd8, 0x0f, 0xd8, 0x0f, 0xd8, 0x0f, 0xd8,
    0x0f, 0xd8, 0x0f, 0xd8, 0x0e, 0xd0, 0x0f, 0xd8, 0x0f, 0xd0, 0x0e, 0xd0,
    0x0f, 0xd0, 0x0e, 0xd0, 0x0e, 0xd0, 0x0e, 0xd0, 0x0e, 0xd0, 0x0e, 0xd0,
    0x0e, 0xd0, 0x0e, 0xc8, 0x0e, 0xc8, 0x0e, 0xc8, 0x0e, 0xc8, 0x0e, 0xc8,
    0x0e, 0xc8, 0x0e, 0xd0, 0x0e, 0xd0, 0x0e, 0xc8, 0x0e, 0xd0, 0x0e, 0xd0,
    0x0e, 0xd0, 0x0e, 0xd0, 0x0e, 0xd0, 0x0e, 0xd0, 0x0e, 0xd0, 0x0e, 0xd0,
    0x0e, 0xd8, 0x0e, 0xd8, 0x0f, 0xd0, 0x0e, 0xd0, 0x0e, 0xd0, 0x0f, 0xd8,
    0x0e, 0xd0, 0x0f, 0xd0, 0x0f, 0xd0, 0x0e, 0xd0, 0x0f, 0xd0, 0x0e, 0xd0,
    0x0e, 0xd8, 0x0f, 0xd0, 0x0e, 0xd8, 0x0e, 0xd8, 0x0f, 0xd8, 0x0e, 0xd8,
    0x0e, 0xd8, 0x0f, 0xd8, 0x0f, 0xd8, 0x0e, 0xd8, 0x0f, 0xd8, 0x0f, 0xd8,
    0x0f, 0xd8, 0x0f, 0xd8, 0x0f, 0xd8, 0x0f, 0xd8, 0x0f, 0xd8, 0x0f, 0xd8,
    0x0f, 0xe0, 0x0f, 0xd8, 0x0f, 0xd8, 0x0f, 0xe0, 0x0f, 0xd8, 0x0f, 0xd8,
    0x0f, 0xd8, 0x0f, 0xd8, 0x0f, 0xd8, 0x0f, 0xd8, 0x0f, 0xd8, 0x0f, 0xd8,
    0x0f, 0xe0, 0x0f, 0xd8, 0x10, 0xe0, 0x0f, 0xe0, 0x0f, 0xe0, 0x0f, 0xe0,
    0x10, 0xe0, 0x0f, 0xe0, 0x0f, 0xe0, 0x10, 0xe8, 0x10, 0xe8, 0x10, 0xe8,
    0x10, 0xe8, 0x10, 0xe8, 0x10, 0xe8, 0x10, 0xe8, 0x0f, 0xe8, 0x10, 0xe8,
    0x10, 0xe8, 0x10, 0xe8, 0x0f, 0xe0, 0x10, 0xe0, 0x10, 0xe8, 0x0f, 0xe0,
    0x10, 0xe0, 0x0f, 0xe8, 0x0f, 0xe8, 0x10, 0xe8, 0x10, 0xe8, 0x10, 0xe0,
    0x10, 0xe0, 0x0f, 0xe8, 0x10, 0xe8, 0x10, 0xe8, 0x10, 0xe0, 0x10, 0xe8,
    0x10, 0xe8, 0x0f, 0xe8, 0x10, 0xe0, 0x10, 0xe8, 0x10, 0xe8, 0x10, 0xe8,
    0x10, 0xe8, 0x10, 0xe8, 0x0f, 0xe8, 0x10, 0xe8, 0x10, 0xe8, 0x10, 0xe8,
    0x10, 0xe8, 0x10, 0xe8, 0x0f, 0xe0, 0x10, 0xe8, 0x0f, 0xe8, 0x10, 0xe8,
    0x10, 0xe0, 0x10, 0xe8, 0x0f, 0xe8, 0x10, 0xe0, 0x10, 0xe8, 0x10, 0xe8,
    0x10, 0xe8, 0x10, 0xe0, 0x0f, 0xe8, 0x10, 0xe8, 0x10, 0xe0, 0x0f, 0xe8,
    0x10, 0xe8, 0x10, 0xe8, 0x0f, 0xe8, 0x10, 0xe8, 0x10, 0xe0, 0x0f, 0xe8,
    0x10, 0xe8, 0x10, 0xe0, 0x0f, 0xe8, 0x10, 0xe8, 0x10, 0xe8, 0x10, 0xe8,
    0x0f, 0xe8, 0x10, 0xe8, 0x10, 0xe0, 0x10, 0xe8, 0x10, 0xe8, 0x0f, 0xe8,
    0x10, 0xe8, 0x10, 0xe8, 0x0f, 0xe0, 0x10, 0xe8, 0x10, 0xe8, 0x10, 0xe0,
    0x0f, 0xe8, 0x10, 0xe8, 0x0f, 0xe8, 0x10, 0xe0, 0x10, 0xe8, 0x10, 0xe8,
    0x0f, 0xe0, 0x10, 0xe8, 0x10, 0xe0, 0x10, 0xe8, 0x10, 0xe8, 0x10, 0xe8,
    0x10, 0xe8, 0x0f, 0xe8, 0x10, 0xe8, 0x0f, 0xe8, 0x10, 0xe8, 0x10, 0xe8,
    0x10, 0xe8, 0x10, 0xe8, 0x10, 0xe8, 0x10, 0xe0, 0x10, 0xe8, 0x0f, 0xe8,
    0x10, 0xe0, 0x10, 0xe8, 0x10, 0xe8, 0x10, 0xe8, 0x0f, 0xe0, 0x10, 0xe8,
    0x0f, 0xe0, 0x10, 0xe8, 0x0f, 0xe0, 0x10, 0xe8, 0x10, 0xe8, 0x0f, 0xe8,
    0x10, 0xe8, 0x10, 0xe8, 0x0f, 0xe8, 0x10, 0xe8, 0x10, 0xe8, 0x0f, 0xe0,
    0x10, 0xe8, 0x10, 0xe0, 0x10, 0xe8, 0x10, 0xe8, 0x10, 0xe0, 0x10, 0xe8,
    0x10, 0xe8, 0x10, 0xe8, 0x10, 0xe0, 0x10, 0xe8, 0x10, 0xe8, 0x10, 0xe8,
    0x0f, 0xe8, 0x10, 0xe0, 0x0f, 0xe8, 0x0f, 0xe8, 0x10, 0xe0, 0x10, 0xe8,
    0x0f, 0xe8, 0x10, 0xe0, 0x10, 0xe8, 0x10, 0xe8, 0x10, 0xe8, 0x10, 0xe8,
    0x0f, 0xe8, 0x10, 0xe8, 0x10, 0xe8, 0x10, 0xe0, 0x10, 0xe8, 0x0f, 0xe8,
    0x10, 0xe8, 0x10, 0xe0, 0x0f, 0xe8, 0x10, 0xe8, 0x10, 0xe8, 0x0f, 0xe8,
    0x10, 0xe8, 0x0f, 0xe8, 0x0f, 0xe0, 0x10, 0xe8, 0x10, 0xe8, 0x10, 0xe0,
    0x10, 0xe8, 0x10, 0xe8, 0x10, 0xe8, 0x10, 0xe0, 0x10, 0xe0, 0x10, 0xe0,
    0x10, 0xe8, 0x10, 0xe8, 0x10, 0xe0, 0x10, 0xe0, 0x10, 0xe0, 0x0f, 0xe0,
    0x0f, 0xe0, 0x10, 0xe0, 0x10, 0xe0, 0x10, 0xe0, 0x10, 0xe0, 0x0f, 0xe0,
    0x0f, 0xd8, 0x10, 0xe0, 0x0f, 0xe0, 0x10, 0xe0, 0x0f, 0xe0, 0x0f, 0xe0,
    0x0f, 0xe0, 0x0f, 0xe0, 0x0f, 0xd8, 0x0f, 0xd8, 0x0f, 0xd8, 0x0f, 0xd8,
    0x0f, 0xd8, 0x0f, 0xd8, 0x0f, 0xd8, 0x0e, 0xd8, 0x0f, 0xd8, 0x0f, 0xd8,
    0x0e, 0xd8, 0x0f, 0xd8, 0x0e, 0xd8, 0x0e, 0xd0, 0x0f, 0xd8, 0x0f, 0xd0,
    0x0e, 0xd0, 0x0f, 0xd0, 0x0e, 0xd0, 0x0e, 0xd0, 0x0e, 0xd0, 0x0e, 0xd0,
    0x0e, 0xd0, 0x0e, 0xd0, 0x0e, 0xc8, 0x0e, 0xd0, 0x0e, 0xc8, 0x0e, 0xc8,
    0x0e, 0xc8, 0x0e, 0xc8, 0x0e, 0xc8, 0x0e, 0xc8, 0x0e, 0xc8, 0x0e, 0xc8,
    0x0e, 0xc8, 0x0e, 0xc8, 0x0e, 0xd0, 0x0e, 0xd0, 0x0e, 0xd0, 0x0e, 0xd0,
    0x0e, 0xd0, 0x0e, 0xd0, 0x0f, 0xd8, 0x0e, 0xd0, 0x0e, 0xd0, 0x0e, 0xd0,
    0x0e, 0xd8, 0x0e, 0xd0, 0x0f, 0xd0, 0x0f, 0xd0, 0x0f, 0xd0, 0x0e, 0xd0,
    0x0f, 0xd0, 0x0e, 0xd0, 0x0f, 0xd0, 0x0e, 0xd0, 0x0f, 0xd8, 0x0e, 0xd8,
    0x0e, 0xd8, 0x0f, 0xd8, 0x0e, 0xd8, 0x0f, 0xd8, 0x0f, 0xd8, 0x0e, 0xd8,
    0x0f, 0xd8, 0x0f, 0xd8, 0x0f, 0xd8, 0x0f, 0xd8, 0x0f, 0xd8, 0x0f, 0xd8,
    0x0f, 0xd8, 0x0f, 0xd8, 0x0f, 0xd8, 0x0f, 0xd8, 0x0f, 0xd8, 0x0f, 0xd8,
    0x0f, 0xe0, 0x0f, 0xd8, 0x0f, 0xe0, 0x10, 0xe0, 0x10, 0xd8, 0x0f, 0xe0,
    0x10, 0xe0, 0x10, 0xe0, 0x10, 0xe0, 0x10, 0xe8, 0x10, 0xe8, 0x10, 0xe8,
    0x10, 0xe8, 0x10, 0xe8, 0x10, 0xe8, 0x0f, 0xe8, 0x10, 0xe8, 0x0f, 0xe8,
    0x10, 0xe8, 0x10, 0xe8, 0x0f, 0xe0, 0x10, 0xe8, 0x10, 0xe8, 0x0f, 0xe8,
    0x10, 0xe8, 0x10, 0xe8, 0x10, 0xe8, 0x0f, 0xe8, 0x10, 0xe8, 0x10, 0xe8,
    0x10, 0xe0, 0x0f, 0xe8, 0x10, 0xe8, 0x10, 0xe8, 0x0f, 0xe8, 0x10, 0xe8,
    0x10, 0xe0, 0x0f, 0xe8, 0x10, 0xe8, 0x10, 0xe8, 0x0f, 0xe8, 0x10, 0xe0,
    0x10, 0xe8, 0x0f, 0xe8, 0x10, 0xe0, 0x0f, 0xe8, 0x10, 0xe0, 0x10, 0xe8,
    0x10, 0xe0, 0x0f, 0xe8, 0x10, 0xe0, 0x10, 0xe8, 0x0f, 0xe8, 0x10, 0xe8,
    0x10, 0xe0, 0x10, 0xe8, 0x10, 0xe8, 0x0f, 0xe8, 0x10, 0xe8, 0x10, 0xe0,
    0x10, 0xe8, 0x0f, 0xe8, 0x10, 0xe8, 0x10, 0xe8, 0x0f, 0xe0, 0x10, 0xe8,
    0x10, 0xe8, 0x10, 0xe0, 0x10, 0xe8, 0x10, 0xe8, 0x10, 0xe0, 0x0f, 0xe8,
    0x10, 0xe8, 0x10, 0xe0, 0x10, 0xe8, 0x10, 0xe8, 0x10, 0xe0, 0x10, 0xe8,
    0x10, 0xe8, 0x0f, 0xe0, 0x10, 0xe8, 0x10, 0xe0, 0x10, 0xe8, 0x0f, 0xe8,
    0x10, 0xe0, 0x10, 0xe8, 0x0f, 0xe8, 0x10, 0xe0, 0x10, 0xe8, 0x10, 0xe8,
    0x10, 0xe8, 0x10, 0xe8, 0x10, 0xe8, 0x10, 0xe8, 0x10, 0xe8, 0x0f, 0xe0,
    0x10, 0xe8, 0x10, 0xe8, 0x0f, 0xe8, 0x10, 0xe8, 0x10, 0xe8, 0x10, 0xe8,
    0x0f, 0xe0, 0x10, 0xe8, 0x0f, 0xe8, 0x10, 0xe0, 0x10, 0xe0, 0x10, 0xe8,
    0x10, 0xe0, 0x10, 0xe8, 0x0f, 0xe0, 0x10, 0xe8, 0x0f, 0xe8, 0x10, 0xe8,
    0x0f, 0xe8, 0x10, 0xe8, 0x10, 0xe8, 0x0f, 0xe8, 0x10, 0xe8, 0x0f, 0xe8,
    0x10, 0xe8, 0x10, 0xe8, 0x10, 0xe8, 0x10, 0xe8, 0x10, 0xe8, 0x0f, 0xe0,
    0x10, 0xe8, 0x10, 0xe8, 0x10, 0xe0, 0x10, 0xe8, 0x10, 0xe0, 0x10, 0xe8,
    0x10, 0xe0, 0x10, 0xe8, 0x0f, 0xe8, 0x10, 0xe8, 0x10, 0xe8, 0x0f, 0xe8,
    0x10, 0xe0, 0x0f, 0xe8, 0x10, 0xe8, 0x10, 0xe8, 0x0f, 0xe8, 0x0f, 0xe0,
    0x10, 0xe8, 0x0f, 0xe8, 0x10, 0xe0, 0x10, 0xe8, 0x10, 0xe8, 0x10, 0xe8,
    0x10, 0xe8, 0x10, 0xe8, 0x10, 0xe8, 0x0f, 0xe8, 0x10, 0xe8, 0x10, 0xe0,
    0x10, 0xe8, 0x10, 0xe0, 0x10, 0xe0, 0x0f, 0xe8, 0x10, 0xe8, 0x10, 0xe0,
    0x0f, 0xe8, 0x10, 0xe8, 0x10, 0xe0, 0x10, 0xe8, 0x10, 0xe8, 0x10, 0xe8,
    0x10, 0xe0, 0x10, 0xe8, 0x10, 0xe8, 0x10, 0xe0, 0x10, 0xe8, 0x10, 0xe8,
    0x10, 0xe8, 0x10, 0xe8, 0x0f, 0xe0, 0x10, 0xe8, 0x0f, 0xe8, 0x10, 0xe8,
    0x10, 0xe8, 0x0f, 0xe8, 0x0f, 0xe8, 0x10, 0xe0, 0x0f, 0xe0, 0x10, 0xe8,
    0x10, 0xe8, 0x10, 0xe8, 0x10, 0xe8, 0x10, 0xe0, 0x0f, 0xe0, 0x0f, 0xe0,
    0x0f, 0xe0, 0x10, 0xe0, 0x10, 0xe0, 0x0f, 0xe0, 0x10, 0xe0, 0x0f, 0xe0,
    0x0f, 0xe0, 0x0f, 0xd8, 0x10, 0xe0, 0x0f, 0xe0, 0x0f, 0xe0, 0x0f, 0xe0,
    0x0f, 0xe0, 0x0f, 0xe0, 0x0f, 0xd8, 0x0f, 0xd8, 0x0f, 0xd8, 0x0f, 0xd8,
    0x0f, 0xd8, 0x0e, 0xd8, 0x0f, 0xd8, 0x0f, 0xd8, 0x0e, 0xd0, 0x0f, 0xd8,
    0x0f, 0xd8, 0x0f, 0xd8, 0x0e, 0xd0, 0x0f, 0xd8, 0x0f, 0xd0, 0x0e, 0xd0,
    0x0f, 0xd0, 0x0e, 0xd0, 0x0e, 0xd0, 0x0e, 0xd0, 0x0e, 0xd0, 0x0e, 0xd0,
    0x0e, 0xd0, 0x0e, 0xd0, 0x0e, 0xd0, 0x0e, 0xd0, 0x0e, 0xc8, 0x0e, 0xc8,
    0x0e, 0xc8, 0x0e, 0xc8, 0x0e, 0xc8, 0x0e, 0xc8, 0x0e, 0xc8, 0x0e, 0xc8,
    0x0e, 0xd0, 0x0e, 0xd0, 0x0e, 0xd0, 0x0f, 0xd0, 0x0e, 0xd0, 0x0e, 0xd0,
    0x0e, 0xd0, 0x0e, 0xd0, 0x0e, 0xd0, 0x0e, 0xd0, 0x0e, 0xd0, 0x0e, 0xd0,
    0x0e, 0xd8, 0x0e, 0xd0, 0x0e, 0xd0, 0x0e, 0xd8, 0x0f, 0xd0, 0x0e, 0xd0,
    0x0e, 0xd8, 0x0f, 0xd0, 0x0f, 0xd0, 0x0e, 0xd0, 0x0f, 0xd0, 0x0e, 0xd0,
    0x0e, 0xd0, 0x0e, 0xd8, 0x0e, 0xd8, 0x0f, 0xd8, 0x0e, 0xd8, 0x0e, 0xd8,
    0x0f, 0xd8, 0x0e, 0xd8, 0x0f, 0xd8, 0x0f, 0xd8, 0x0f, 0xd8, 0x0f, 0xd8,
    0x0f, 0xd8, 0x0f, 0xe0, 0x0f, 0xe0, 0x0f, 0xe0, 0x10, 0xe0, 0x10, 0xe0,
    0x10, 0xe8, 0x10, 0xe8, 0x10, 0xe8, 0x10, 0xe8, 0x10, 0xe8, 0x10, 0xe8,
    0x10, 0xe0, 0x10, 0xe8, 0x10, 0xe8, 0x10, 0xe0, 0x10, 0xe8, 0x10, 0xe8,
    0x0f, 0xe0, 0x10, 0xe0, 0x10, 0xe8, 0x10, 0xe0, 0x0f, 0xe8, 0x10, 0xe8,
    0x10, 0xe0, 0x10, 0xe8, 0x10, 0xe8, 0x10, 0xe0, 0x10, 0xe8, 0x10, 0xe8,
    0x0f, 0xe0, 0x10, 0xe8, 0x10, 0xe8, 0x10, 0xe8, 0x10, 0xe0, 0x10, 0xe8,
    0x0f, 0xe8, 0x10, 0xe0, 0x10, 0xe8, 0x10, 0xe8, 0x10, 0xe8, 0x0f, 0xe0,
    0x10, 0xe8, 0x10, 0xe8, 0x0f, 0xe0, 0x10, 0xe8, 0x10, 0xe8, 0x10, 0xe8,
    0x0f, 0xe8, 0x10, 0xe0, 0x10, 0xe8, 0x0f, 0xe8, 0x10, 0xe8, 0x10, 0xe8,
    0x0f, 0xe0, 0x10, 0xe8, 0x10, 0xe8, 0x0f, 0xe0, 0x10, 0xe8, 0x10, 0xe8,
    0x10, 0xe0, 0x0f, 0xe8, 0x10, 0xe8, 0x10, 0xe8, 0x10, 0xe0, 0x10, 0xe8,
    0x0f, 0xe8, 0x10, 0xe0, 0x10, 0xe8, 0x0f, 0xe8, 0x10, 0xe8, 0x10, 0xe8,
    0x0f, 0xe8, 0x10, 0xe8, 0x10, 0xe0, 0x10, 0xe8, 0x10, 0xe8, 0x0f, 0xe8,
    0x10, 0xe8, 0x0f, 0xe8, 0x10, 0xe8, 0x10, 0xe8, 0x0f, 0xe8, 0x10, 0xe8,
    0x10, 0xe0, 0x10, 0xe8, 0x10, 0xe8, 0x10, 0xe8, 0x0f, 0xe8, 0x10, 0xe0,
    0x10, 0xe8, 0x10, 0xe8, 0x0f, 0xe0, 0x10, 0xe8, 0x10, 0xe8, 0x0f, 0xe0,
    0x0f, 0xe8, 0x10, 0xe8, 0x10, 0xe0, 0x10, 0xe8, 0x10, 0xe8, 0x10, 0xe0,
    0x0f, 0xe8, 0x10, 0xe0, 0x10, 0xe8, 0x0f, 0xe8, 0x10, 0xe8, 0x10, 0xe8,
    0x10, 0xe8, 0x0f, 0xe8, 0x10, 0xe8, 0x10, 0xe8, 0x0f, 0xe8, 0x10, 0xe0,
    0x10, 0xe8, 0x10, 0xe0, 0x10, 0xe0, 0x0f, 0xe8, 0x10, 0xe0, 0x10, 0xe8,
    0x10, 0xe0, 0x10, 0xe8, 0x10, 0xe0, 0x10, 0xe8, 0x0f, 0xe0, 0x10, 0xe0,
    0x0f, 0xe8, 0x10, 0xe8, 0x10, 0xe8, 0x10, 0xe8, 0x10, 0xe8, 0x0f, 0xe8,
    0x0f, 0xe8, 0x10, 0xe0, 0x0f, 0xe8, 0x10, 0xe8, 0x10, 0xe8, 0x0f, 0xe0,
    0x10, 0xe8, 0x10, 0xe8, 0x10, 0xe0, 0x10, 0xe8, 0x0f, 0xe8, 0x10, 0xe0,
    0x10, 0xe8, 0x10, 0xe8, 0x10, 0xe0, 0x10, 0xe8, 0x10, 0xe8, 0x10, 0xe8,
    0x0f, 0xe0, 0x10, 0xe8, 0x10, 0xe0, 0x0f, 0xe8, 0x10, 0xe0, 0x10, 0xe8,
    0x10, 0xe0, 0x10, 0xe8, 0x10, 0xe8, 0x0f, 0xe8, 0x0f, 0xe8, 0x10, 0xe8,
    0x10, 0xe8, 0x10, 0xe8, 0x10, 0xe0, 0x10, 0xe8, 0x0f, 0xe8, 0x10, 0xe8,
    0x10, 0xe8, 0x0f, 0xe0, 0x0f, 0xe8, 0x10, 0xe0, 0x10, 0xe8, 0x0f, 0xe8,
    0x10, 0xe0, 0x10, 0xe8, 0x0f, 0xe8, 0x10, 0xe0, 0x10, 0xe8, 0x10, 0xe8,
    0x10, 0xe8, 0x0f, 0xe8, 0x10, 0xe0, 0x10, 0xe0, 0x10, 0xe8, 0x10, 0xe8,
    0x10, 0xe8, 0x10, 0xe8, 0x0f, 0xe8, 0x10, 0xe0, 0x10, 0xe0, 0x0f, 0xe8,
    0x10, 0xe8, 0x10, 0xe8, 0x10, 0xe0, 0x10, 0xe0, 0x0f, 0xe0, 0x0f, 0xe0,
    0x0f, 0xe0, 0x10, 0xe0, 0x10, 0xe0, 0x10, 0xe0, 0x10, 0xe0, 0x0f, 0xd8,
    0x0f, 0xe0, 0x0f, 0xd8, 0x10, 0xe0, 0x0f, 0xe0, 0x0f, 0xd8, 0x0f, 0xe0,
    0x0f, 0xe0, 0x0f, 0xd8, 0x0f, 0xe0, 0x0f, 0xd8, 0x0f, 0xd8, 0x0f, 0xd8,
    0x0f, 0xd8, 0x0f, 0xd8, 0x0f, 0xd8, 0x0f, 0xd8, 0x0f, 0xd8, 0x0e, 0xd8,
    0x0f, 0xd0, 0x0e, 0xd8, 0x0e, 0xd8, 0x0f, 0xd8, 0x0f, 0xd8, 0x0f, 0xd8,
    0x0e, 0xd0, 0x0f, 0xd0, 0x0e, 0xd0, 0x0e, 0xd0, 0x0e, 0xd0, 0x0f, 0xd0,
    0x0e, 0xd0, 0x0e, 0xd0, 0x0e, 0xd0, 0x0e, 0xd0, 0x0e, 0xc8, 0x0e, 0xc8,
    0x0e, 0xc8, 0x0e, 0xc8, 0x0e, 0xc8, 0x0d, 0xc8, 0x0e, 0xc8, 0x0e, 0xc8,
    0x0e, 0xc8, 0x0e, 0xd0, 0x0e, 0xd0, 0x0e, 0xd0, 0x0e, 0xd0, 0x0e, 0xd0,
    0x0f, 0xd0, 0x0e, 0xd0, 0x0f, 0xd0, 0x0e, 0xd0, 0x0e, 0xd0, 0x0e, 0xd0,
    0x0e, 0xd0, 0x0e, 0xd0, 0x0f, 0xd0, 0x0e, 0xd8, 0x0e, 0xd0, 0x0e, 0xd0,
    0x0e, 0xd0, 0x0e, 0xd0, 0x0f, 0xd0, 0x0f, 0xd0, 0x0e, 0xd0, 0x0f, 0xd0,
    0x0e, 0xd0, 0x0f, 0xd0, 0x0f, 0xd8, 0x0f, 0xd8, 0x0f, 0xd8, 0x0f, 0xd8,
    0x0f, 0xe0, 0x0f, 0xe0, 0x0f, 0xe0, 0x0f, 0xe8, 0x10, 0xe8, 0x10, 0xe8,
    0x10, 0xe8, 0x10, 0xe8, 0x10, 0xe8, 0x10, 0xe8, 0x10, 0xe8, 0x0f, 0xe0,
    0x10, 0xe8, 0x10, 0xe8, 0x0f, 0xe8, 0x10, 0xe8, 0x0f, 0xe8, 0x10, 0xe8,
    0x0f, 0xe0, 0x10, 0xe8, 0x0f, 0xe8, 0x10, 0xe8, 0x10, 0xe8, 0x10, 0xe8,
    0x10, 0xe8, 0x10, 0xe0, 0x10, 0xe8, 0x0f, 0xe8, 0x10, 0xe8, 0x0f, 0xe8,
    0x10, 0xe0, 0x0f, 0xe8, 0x10, 0xe8, 0x10, 0xe0, 0x10, 0xe8, 0x10, 0xe8,
    0x0f, 0xe0, 0x10, 0xe8, 0x10, 0xe8, 0x10, 0xe8, 0x10, 0xe0, 0x0f, 0xe8,
    0x10, 0xe8, 0x10, 0xe0, 0x0f, 0xe8, 0x10, 0xe8, 0x10, 0xe8, 0x10, 0xe0,
    0x10, 0xe8, 0x10, 0xe8, 0x10, 0xe0, 0x10, 0xe8, 0x10, 0xe8, 0x10, 0xe8,
    0x10, 0xe8, 0x0f, 0xe0, 0x10, 0xe8, 0x10, 0xe8, 0x10, 0xe8, 0x10, 0xe8,
    0x10, 0xe0, 0x10, 0xe8, 0x0f, 0xe8, 0x10, 0xe8, 0x10, 0xe0, 0x10, 0xe8,
    0x0f, 0xe8, 0x10, 0xe8, 0x10, 0xe8, 0x0f, 0xe0, 0x10, 0xe8, 0x10, 0xe8,
    0x10, 0xe8, 0x10, 0xe0, 0x0f, 0xe8, 0x10, 0xe8, 0x10, 0xe0, 0x0f, 0xe8,
    0x10, 0xe8, 0x10, 0xe0, 0x0f, 0xe8, 0x10, 0xe8, 0x10, 0xe0, 0x10, 0xe8,
    0x0f, 0xe0, 0x10, 0xe8, 0x10, 0xe8, 0x10, 0xe0, 0x0f, 0xe8, 0x0f, 0xe8,
    0x10, 0xe0, 0x10, 0xe8, 0x10, 0xe8, 0x10, 0xe8, 0x10, 0xe8, 0x0f, 0xe8,
    0x10, 0xe0, 0x10, 0xe8, 0x10, 0xe8, 0x10, 0xe0, 0x10, 0xe8, 0x0f, 0xe8,
    0x10, 0xe0, 0x10, 0xe8, 0x0f, 0xe8, 0x10, 0xe8, 0x10, 0xe8, 0x10, 0xe8,
    0x10, 0xe0, 0x10, 0xe8, 0x10, 0xe0, 0x10, 0xe8, 0x10, 0xe0, 0x10, 0xe8,
    0x0f, 0xe8, 0x10, 0xe0, 0x10, 0xe8, 0x0f, 0xe8, 0x10, 0xe8, 0x10, 0xe8,
    0x10, 0xe8, 0x10, 0xe8, 0x10, 0xe8, 0x0f, 0xe0, 0x10, 0xe8, 0x10, 0xe8,
    0x0f, 0xe8, 0x10, 0xe8, 0x10, 0xe8, 0x10, 0xe8, 0x0f, 0xe0, 0x10, 0xe8,
    0x10, 0xe0, 0x0f, 0xe8, 0x10, 0xe0, 0x10, 0xe8, 0x10, 0xe8, 0x10, 0xe8,
    0x10, 0xe8, 0x0f, 0xe8, 0x10, 0xe8, 0x10, 0xe0, 0x10, 0xe8, 0x0f, 0xe8,
    0x10, 0xe0, 0x10, 0xe8, 0x10, 0xe8, 0x10, 0xe8, 0x0f, 0xe8, 0x10, 0xe0,
    0x10, 0xe8, 0x0f, 0xe8, 0x10, 0xe8, 0x10, 0xe0, 0x10, 0xe8, 0x10, 0xe8,
    0x0f, 0xe8, 0x10, 0xe8, 0x10, 0xe8, 0x0f, 0xe0, 0x0f, 0xe8, 0x10, 0xe8,
    0x10, 0xe0, 0x10, 0xe8, 0x10, 0xe8, 0x0f, 0xe0, 0x10, 0xe8, 0x10, 0xe8,
    0x0f, 0xe8, 0x10, 0xe8, 0x10, 0xe0, 0x10, 0xe8, 0x10, 0xe8, 0x10, 0xe8,
    0x10, 0xe8, 0x10, 0xe8, 0x0f, 0xe0, 0x10, 0xe8, 0x10, 0xe0, 0x0f, 0xe8,
    0x10, 0xe8, 0x10, 0xe8, 0x0f, 0xe0, 0x10, 0xe8, 0x10, 0xe8, 0x10, 0xe8,
    0x10, 0xe8, 0x0f, 0xe8, 0x10, 0xe0, 0x10, 0xe8, 0x10, 0xe8, 0x10, 0xe8,
    0x10, 0xe8, 0x10, 0xe8, 0x0f, 0xe0, 0x10, 0xe0, 0x10, 0xe0, 0x10, 0xe8,
    0x10, 0xe8, 0x10, 0xe8, 0x10, 0xe0, 0x0f, 0xe0, 0x10, 0xe0, 0x0f, 0xe0,
    0x0f, 0xe0, 0x0f, 0xe0, 0x10, 0xe0, 0x10, 0xe0, 0x0f, 0xe0, 0x0f, 0xe0,
    0x0f, 0xd8, 0x10, 0xe0, 0x0f, 0xe0, 0x0f, 0xd8, 0x0f, 0xe0, 0x0f, 0xe0,
    0x0f, 0xe0, 0x0f, 0xe0, 0x0f, 0xd8, 0x0f, 0xd8, 0x0f, 0xd8, 0x0f, 0xd8,
    0x0f, 0xd8, 0x0e, 0xd8, 0x0f, 0xd8, 0x0f, 0xd8, 0x0f, 0xd8, 0x0f, 0xd0,
    0x0e, 0xd8, 0x0e, 0xd0, 0x0e, 0xd0, 0x0f, 0xd0, 0x0f, 0xd8, 0x0e, 0xd0,
    0x0f, 0xd0, 0x0f, 0xd0, 0x0e, 0xd0, 0x0e, 0xd0, 0x0e, 0xd0, 0x0f, 0xd0,
    0x0e, 0xd0, 0x0e, 0xd0, 0x0e, 0xd0, 0x0e, 0xd0, 0x0e, 0xd0, 0x0e, 0xd0,
    0x0e, 0xc8, 0x0e, 0xc8, 0x0e, 0xc8, 0x0e, 0xc8, 0x0e, 0xc8, 0x0e, 0xc8,
    0x0e, 0xc8, 0x0e, 0xc8, 0x0e, 0xc8, 0x0e, 0xc8, 0x0e, 0xd0, 0x0e, 0xd0,
    0x0e, 0xd0, 0x0e, 0xd0, 0x0e, 0xd0, 0x0f, 0xd0, 0x0e, 0xd0, 0x0e, 0xd0,
    0x0e, 0xd0, 0x0e, 0xd0, 0x0e, 0xd0, 0x0f, 0xd0, 0x0e, 0xd0, 0x0e, 0xd8,
    0x0f, 0xd8, 0x0f, 0xd8, 0x0f, 0xd8, 0x0f, 0xd8, 0x0f, 0xe0, 0x0f, 0xe0,
    0x0f, 0xe0, 0x10, 0xe0, 0x10, 0xe0, 0x10, 0xe8, 0x10, 0xe8, 0x10, 0xe8,
    0x10, 0xe8, 0x10, 0xe8, 0x10, 0xe8, 0x10, 0xe0, 0x10, 0xe8, 0x10, 0xe8,
    0x0f, 0xe8, 0x10, 0xe8, 0x10, 0xe8, 0x0f, 0xe0, 0x10, 0xe8, 0x10, 0xe0,
    0x10, 0xe0, 0x0f, 0xe8, 0x10, 0xe8, 0x10, 0xe0, 0x10, 0xe8, 0x10, 0xe8,
    0x10, 0xe0, 0x0f, 0xe8, 0x10, 0xe8, 0x0f, 0xe8, 0x0f, 0xe8, 0x10, 0xe8,
    0x10, 0xe0, 0x10, 0xe8, 0x10, 0xe8, 0x10, 0xe0, 0x0f, 0xe8, 0x10, 0xe8,
    0x10, 0xe8, 0x0f, 0xe8, 0x10, 0xe8, 0x10, 0xe8, 0x0f, 0xe0, 0x10, 0xe8,
    0x0f, 0xe8, 0x10, 0xe8, 0x10, 0xe8, 0x10, 0xe8, 0x0f, 0xe8, 0x10, 0xe8,
    0x10, 0xe0, 0x10, 0xe8, 0x0f, 0xe8, 0x10, 0xe8, 0x10, 0xe8, 0x0f, 0xe8,
    0x0f, 0xe0, 0x10, 0xe8, 0x10, 0xe8, 0x0f, 0xe0, 0x10, 0xe8, 0x10, 0xe8,
    0x10, 0xe0, 0x0f, 0xe8, 0x10, 0xe8, 0x0f, 0xe0, 0x10, 0xe8, 0x10, 0xe8,
    0x10, 0xe8, 0x0f, 0xe8, 0x10, 0xe8, 0x10, 0xe0, 0x0f, 0xe8, 0x10, 0xe0,
    0x10, 0xe8, 0x10, 0xe8, 0x10, 0xe8, 0x0f, 0xe8, 0x10, 0xe0, 0x10, 0xe8,
    0x10, 0xe8, 0x10, 0xe0, 0x10, 0xe8, 0x0f, 0xe8, 0x10, 0xe8, 0x10, 0xe8,
    0x0f, 0xe0, 0x10, 0xe8, 0x10, 0xe8, 0x10, 0xe0, 0x10, 0xe8, 0x0f, 0xe8,
    0x10, 0xe0, 0x10, 0xe8, 0x10, 0xe8, 0x10, 0xe8, 0x0f, 0xe8, 0x10, 0xe0,
    0x10, 0xe8, 0x0f, 0xe0, 0x10, 0xe8, 0x10, 0xe8, 0x10, 0xe8, 0x0f, 0xe8,
    0x0f, 0xe8, 0x10, 0xe8, 0x10, 0xe8, 0x10, 0xe8, 0x0f, 0xe8, 0x10, 0xe8,
    0x10, 0xe0, 0x0f, 0xe8, 0x10, 0xe8, 0x10, 0xe8, 0x0f, 0xe8, 0x10, 0xe8,
    0x0f, 0xe8, 0x0f, 0xe0, 0x10, 0xe8, 0x10, 0xe8, 0x10, 0xe0, 0x10, 0xe8,
    0x10, 0xe8, 0x10, 0xe8, 0x0f, 0xe8, 0x10, 0xe8, 0x0f, 0xe0, 0x10, 0xe8,
    0x10, 0xe8, 0x0f, 0xe8, 0x10, 0xe8, 0x10, 0xe0, 0x0f, 0xe8, 0x10, 0xe8,
    0x10, 0xe8, 0x10, 0xe8, 0x10, 0xe8, 0x10, 0xe8, 0x0f, 0xe8, 0x10, 0xe0,
    0x10, 0xe8, 0x10, 0xe8, 0x10, 0xe0, 0x10, 0xe8, 0x10, 0xe0, 0x10, 0xe8,
    0x0f, 0xe8, 0x10, 0xe8, 0x10, 0xe8, 0x10, 0xe8, 0x0f, 0xe8, 0x10, 0xe8,
    0x10, 0xe0, 0x0f, 0xe8, 0x10, 0xe8, 0x10, 0xe8, 0x0f, 0xe8, 0x10, 0xe0,
    0x10, 0xe8, 0x0f, 0xe8, 0x10, 0xe8, 0x10, 0xe8, 0x10, 0xe0, 0x10, 0xe8,
    0x10, 0xe8, 0x10, 0xe8, 0x10, 0xe8, 0x10, 0xe8, 0x0f, 0xe0, 0x10, 0xe8,
    0x10, 0xe8, 0x10, 0xe0, 0x0f, 0xe8, 0x10, 0xe8, 0x10, 0xe0, 0x0f, 0xe8,
    0x10, 0xe8, 0x0f, 0xe0, 0x10, 0xe8, 0x10, 0xe8, 0x0f, 0xe0, 0x10, 0xe8,
    0x10, 0xe8, 0x10, 0xe0, 0x10, 0xe0, 0x10, 0xe0, 0x10, 0xe0, 0x10, 0xe0,
    0x0f, 0xe0, 0x0f, 0xe0, 0x10, 0xe0, 0x10, 0xe0, 0x0f, 0xe8, 0x10, 0xe8,
    0x0f, 0xe0, 0x0f, 0xe8, 0x10, 0xe0, 0x0f, 0xe8, 0x10, 0xe8, 0x10, 0xe8,
    0x10, 0xe8, 0x0f, 0xe8, 0x10, 0xe8, 0x0f, 0xe0, 0x10, 0xe0, 0x10, 0xe8,
    0x10, 0xe8, 0x10, 0xe8, 0x10, 0xe8, 0x10, 0xe0, 0x0f, 0xe0, 0x0f, 0xe0,
    0x10, 0xe0, 0x0f, 0xe0, 0x10, 0xe0, 0x10, 0xe0, 0x0f, 0xe0, 0x0f, 0xe0,
    0x0f, 0xe0, 0x10, 0xe0, 0x0f, 0xe0, 0x0f, 0xd8, 0x0f, 0xd8, 0x0f, 0xe0,
    0x0f, 0xe0, 0x0f, 0xd8, 0x0f, 0xd8, 0x0f, 0xd8, 0x0f, 0xd8, 0x0f, 0xd8,
    0x0f, 0xd8, 0x0f, 0xd8, 0x0f, 0xd8, 0x0f, 0xd8, 0x0f, 0xd8, 0x0f, 0xd8,
    0x0f, 0xd8, 0x0e, 0xd0, 0x0e, 0xd8, 0x0f, 0xd8, 0x0e, 0xd0, 0x0e, 0xd8,
    0x0f, 0xd0, 0x0e, 0xd0, 0x0f, 0xd0, 0x0e, 0xd0, 0x0e, 0xd0, 0x0e, 0xd0,
    0x0e, 0xd0, 0x0e, 0xc8, 0x0e, 0xd0, 0x0e, 0xd0, 0x0e, 0xc8, 0x0e, 0xc8,
    0x0e, 0xc8, 0x0e, 0xd0, 0x0e, 0xc8, 0x0e, 0xc8, 0x0e, 0xc8, 0x0e, 0xc8,
    0x0e, 0xc8, 0x0e, 0xc8, 0x0e, 0xc8, 0x0e, 0xc8, 0x0e, 0xc8, 0x0e, 0xc8,
    0x0e, 0xc8, 0x0e, 0xd0, 0x0e, 0xd0, 0x0e, 0xd0, 0x0f, 0xd0, 0x0f, 0xd8,
    0x0f, 0xd8, 0x0f, 0xe0, 0x0f, 0xe0, 0x10, 0xe0, 0x10, 0xe0, 0x10, 0xe0,
    0x10, 0xe8, 0x10, 0xe8, 0x10, 0xe8, 0x10, 0xe8, 0x10, 0xe0, 0x0f, 0xe8,
    0x10, 0xe0, 0x0f, 0xe0, 0x10, 0xe0, 0x10, 0xe0, 0x10, 0xe0, 0x0f, 0xe0,
    0x10, 0xe0, 0x0f, 0xe0, 0x10, 0xe0, 0x10, 0xe0, 0x0f, 0xe0, 0x10, 0xe0,
    0x10, 0xe8, 0x10, 0xe8, 0x0f, 0xe0, 0x10, 0xe8, 0x10, 0xe8, 0x10, 0xe0,
    0x10, 0xe0, 0x0f, 0xe8, 0x10, 0xe8, 0x10, 0xe0, 0x10, 0xe0, 0x10, 0xe0,
    0x10, 0xe0, 0x10, 0xe0, 0x10, 0xe8, 0x0f, 0xe8, 0x10, 0xe8, 0x10, 0xe0,
    0x0f, 0xe8, 0x10, 0xe8, 0x10, 0xe8, 0x10, 0xe0, 0x10, 0xe8, 0x0f, 0xe8,
    0x10, 0xe0, 0x10, 0xe8, 0x10, 0xe8, 0x10, 0xe0, 0x10, 0xe8, 0x0f, 0xe0,
    0x10, 0xe8, 0x10, 0xe0, 0x10, 0xe8, 0x0f, 0xe8, 0x10, 0xe8, 0x10, 0xe0,
    0x0f, 0xe8, 0x10, 0xe8, 0x10, 0xe0, 0x10, 0xe8, 0x10, 0xe8, 0x0f, 0xe8,
    0x10, 0xe0, 0x10, 0xe8, 0x0f, 0xe8, 0x10, 0xe8, 0x10, 0xe8, 0x10, 0xe0,
    0x10, 0xe8, 0x10, 0xe8, 0x0f, 0xe8, 0x10, 0xe0, 0x10, 0xe8, 0x10, 0xe8,
    0x0f, 0xe0, 0x10, 0xe8, 0x10, 0xe8, 0x10, 0xe8, 0x0f, 0xe0, 0x10, 0xe8,
    0x10, 0xe8, 0x0f, 0xe0, 0x10, 0xe8, 0x10, 0xe8, 0x0f, 0xe8, 0x10, 0xe8,
    0x10, 0xe8, 0x10, 0xe0, 0x10, 0xe8, 0x10, 0xe8, 0x10, 0xe8, 0x0f, 0xe8,
    0x10, 0xe8, 0x10, 0xe8, 0x0f, 0xe8, 0x10, 0xe8, 0x10, 0xe8, 0x0f, 0xe8,
    0x10, 0xe0, 0x10, 0xe8, 0x10, 0xe8, 0x0f, 0xe8, 0x10, 0xe8, 0x10, 0xe0,
    0x0f, 0xe8, 0x10, 0xe8, 0x10, 0xe0, 0x10, 0xe0, 0x10, 0xe8, 0x10, 0xe0,
    0x0f, 0xe8, 0x10, 0xe0, 0x10, 0xe8, 0x10, 0xe8, 0x10, 0xe0, 0x10, 0xe8,
    0x0f, 0xe0, 0x10, 0xe0, 0x10, 0xe8, 0x10, 0xe8, 0x10, 0xe8, 0x10, 0xe8,
    0x0f, 0xe8, 0x10, 0xe8, 0x10, 0xe8, 0x0f, 0xe8, 0x10, 0xe0, 0x10, 0xe0,
    0x10, 0xe8, 0x10, 0xe8, 0x0f, 0xe0, 0x10, 0xe8, 0x10, 0xe8, 0x10, 0xe0,
    0x10, 0xe8, 0x10, 0xe8, 0x10, 0xe0, 0x0f, 0xe0, 0x10, 0xe8, 0x0f, 0xe0,
    0x10, 0xe8, 0x10, 0xe8, 0x10, 0xe8, 0x10, 0xe8, 0x0f, 0xe8, 0x0f, 0xe8,
    0x10, 0xe8, 0x0f, 0xe0, 0x10, 0xe8, 0x10, 0xe8, 0x10, 0xe0, 0x0f, 0xe8,
    0x10, 0xe0, 0x10, 0xe0, 0x10, 0xe8, 0x0f, 0xe8, 0x10, 0xe0, 0x10, 0xe8,
    0x10, 0xe8, 0x10, 0xe0, 0x0f, 0xe8, 0x10, 0xe8, 0x10, 0xe0, 0x0f, 0xe8,
    0x10, 0xe8, 0x10, 0xe0, 0x0f, 0xe8, 0x10, 0xe8, 0x0f, 0xe0, 0x10, 0xe8,
    0x10, 0xe8, 0x10, 0xe0, 0x0f, 0xe8, 0x10, 0xe8, 0x10, 0xe8, 0x10, 0xe8,
    0x10, 0xe8, 0x10, 0xe0, 0x10, 0xe8, 0x10, 0xe8, 0x10, 0xe8, 0x10, 0xe8,
    0x0f, 0xe0, 0x10, 0xe8, 0x10, 0xe8, 0x0f, 0xe8, 0x10, 0xe8, 0x0f, 0xe8,
    0x10, 0xe8, 0x0f, 0xe8, 0x10, 0xe8, 0x10, 0xe8, 0x10, 0xe8, 0x10, 0xe0,
    0x0f, 0xe0, 0x0f, 0xe0, 0x0f, 0xe0, 0x10, 0xe0, 0x10, 0xe0, 0x0f, 0xe0,
    0x10, 0xe0, 0x10, 0xe0, 0x0f, 0xe8, 0x10, 0xe8, 0x10, 0xe8, 0x10, 0xe8,
    0x10, 0xe8, 0x0f, 0xe8, 0x10, 0xe8, 0x10, 0xe0, 0x0f, 0xe0, 0x10, 0xe8,
    0x10, 0xe8, 0x10, 0xe8, 0x10, 0xe0, 0x10, 0xe0, 0x0f, 0xe0, 0x0f, 0xe0,
    0x10, 0xe0, 0x10, 0xe0, 0x10, 0xe0, 0x0f, 0xe0, 0x10, 0xe0, 0x0f, 0xd8,
    0x0f, 0xe0, 0x10, 0xe0, 0x0f, 0xe0, 0x0f, 0xe0, 0x0f, 0xe0, 0x0f, 0xe0,
    0x0f, 0xe0, 0x0f, 0xd8, 0x0f, 0xd8, 0x0f, 0xd8, 0x0f, 0xd8, 0x0e, 0xd8,
    0x0f, 0xd8, 0x0e, 0xd8, 0x0f, 0xd8, 0x0f, 0xd8, 0x0e, 0xd0, 0x0f, 0xd8,
    0x0f, 0xd8, 0x0e, 0xd0, 0x0f, 0xd0, 0x0e, 0xd8, 0x0e, 0xd0, 0x0f, 0xd0,
    0x0e, 0xd0, 0x0e, 0xd0, 0x0f, 0xd0, 0x0e, 0xd0, 0x0e, 0xd0, 0x0e, 0xc8,
    0x0e, 0xd0, 0x0e, 0xd0, 0x0e, 0xd0, 0x0e, 0xd0, 0x0e, 0xc8, 0x0e, 0xc8,
    0x0e, 0xc8, 0x0e, 0xc8, 0x0e, 0xc8, 0x0e, 0xc8, 0x0e, 0xc8, 0x0e, 0xc8,
    0x0e, 0xd0, 0x0e, 0xd0, 0x0f, 0xd0, 0x0f, 0xd8, 0x0f, 0xd8, 0x0f, 0xd8,
    0x0f, 0xe0, 0x10, 0xe0, 0x10, 0xe0, 0x10, 0xe0, 0x10, 0xe0, 0x10, 0xe8,
    0x10, 0xe0, 0x10, 0xe0, 0x0f, 0xe8, 0x0f, 0xe0, 0x0f, 0xe0, 0x10, 0xe0,
    0x10, 0xe0, 0x0f, 0xe0, 0x10, 0xe0, 0x10, 0xe8, 0x10, 0xe8, 0x10, 0xe8,
    0x0f, 0xe8, 0x10, 0xe0, 0x0f, 0xe8, 0x10, 0xe8, 0x10, 0xe8, 0x0f, 0xe8,
    0x10, 0xe8, 0x10, 0xe8, 0x10, 0xe0, 0x0f, 0xe0, 0x10, 0xe8, 0x10, 0xe0,
    0x10, 0xe0, 0x0f, 0xe8, 0x10, 0xe8, 0x10, 0xe0, 0x0f, 0xe0, 0x10, 0xe8,
    0x10, 0xe0, 0x0f, 0xe8, 0x0f, 0xe8, 0x10, 0xe8, 0x10, 0xe0, 0x10, 0xe0,
    0x10, 0xe0, 0x10, 0xe0, 0x0f, 0xe0, 0x10, 0xe8, 0x10, 0xe0, 0x10, 0xe0,
    0x0f, 0xe0, 0x10, 0xe0, 0x10, 0xe0, 0x10, 0xe0, 0x0f, 0xe0, 0x10, 0xe0,
    0x10, 0xe8, 0x0f, 0xe8, 0x10, 0xe0, 0x10, 0xe0, 0x0f, 0xe8, 0x10, 0xe8,
    0x10, 0xe0, 0x10, 0xe8, 0x10, 0xe8, 0x10, 0xe8, 0x10, 0xe0, 0x0f, 0xe8,
    0x10, 0xe8, 0x10, 0xe0, 0x10, 0xe8, 0x10, 0xe8, 0x10, 0xe8, 0x10, 0xe8,
    0x10, 0xe0, 0x0f, 0xe8, 0x10, 0xe8, 0x10, 0xe8, 0x0f, 0xe8, 0x10, 0xe8,
    0x10, 0xe0, 0x0f, 0xe8, 0x10, 0xe8, 0x10, 0xe0, 0x10, 0xe8, 0x10, 0xe8,
    0x10, 0xe8, 0x0f, 0xe8, 0x10, 0xe8, 0x10, 0xe0, 0x10, 0xe8, 0x10, 0xe8,
    0x10, 0xe8, 0x0f, 0xe0, 0x10, 0xe8, 0x10, 0xe8, 0x0f, 0xe0, 0x10, 0xe8,
    0x0f, 0xe8, 0x10, 0xe0, 0x10, 0xe8, 0x10, 0xe0, 0x0f, 0xe8, 0x10, 0xe0,
    0x10, 0xe8, 0x10, 0xe0, 0x10, 0xe8, 0x10, 0xe8, 0x0f, 0xe0, 0x10, 0xe8,
    0x10, 0xe8, 0x10, 0xe0, 0x10, 0xe8, 0x10, 0xe8, 0x10, 0xe8, 0x0f, 0xe8,
    0x10, 0xe8, 0x10, 0xe8, 0x10, 0xe8, 0x0f, 0xe8, 0x10, 0xe0, 0x10, 0xe8,
    0x10, 0xe8, 0x0f, 0xe8, 0x10, 0xe8, 0x10, 0xe8, 0x10, 0xe8, 0x0f, 0xe8,
    0x10, 0xe0, 0x10, 0xe8, 0x10, 0xe0, 0x10, 0xe8, 0x10, 0xe0, 0x0f, 0xe8,
    0x10, 0xe8, 0x10, 0xe8, 0x0f, 0xe8, 0x10, 0xe8, 0x10, 0xe8, 0x10, 0xe8,
    0x10, 0xe8, 0x0f, 0xe8, 0x10, 0xe0, 0x0f, 0xe8, 0x10, 0xe8, 0x10, 0xe8,
    0x0f, 0xe8, 0x10, 0xe8, 0x10, 0xe8, 0x10, 0xe8, 0x0f, 0xe0, 0x10, 0xe0,
    0x10, 0xe8, 0x10, 0xe8, 0x10, 0xe0, 0x10, 0xe8, 0x10, 0xe8, 0x0f, 0xe8,
    0x10, 0xe8, 0x10, 0xe8, 0x0f, 0xe0, 0x10, 0xe8, 0x10, 0xe8, 0x0f, 0xe8,
    0x10, 0xe8, 0x10, 0xe8, 0x10, 0xe8, 0x0f, 0xe8, 0x10, 0xe0, 0x10, 0xe8,
    0x10, 0xe8, 0x10, 0xe8, 0x10, 0xe8, 0x10, 0xe8, 0x10, 0xe0, 0x0f, 0xe8,
    0x10, 0xe8, 0x10, 0xe8, 0x10, 0xe0, 0x0f, 0xe8, 0x10, 0xe8, 0x10, 0xe8,
    0x10, 0xe8, 0x0f, 0xe0, 0x10, 0xe8, 0x0f, 0xe8, 0x10, 0xe0, 0x0f, 0xe8,
    0x10, 0xe8, 0x10, 0xe0, 0x0f, 0xe8, 0x10, 0xe8, 0x10, 0xe8, 0x10, 0xe0,
    0x10, 0xe8, 0x10, 0xe8, 0x10, 0xe0, 0x10, 0xe8, 0x0f, 0xe8, 0x10, 0xe8,
    0x10, 0xe0, 0x0f, 0xe0, 0x10, 0xe8, 0x10, 0xe8, 0x10, 0xe8, 0x0f, 0xe0,
    0x10, 0xe0, 0x10, 0xe0, 0x0f, 0xe0, 0x10, 0xe0, 0x0f, 0xe0, 0x0f, 0xe0,
    0x0f, 0xe0, 0x0f, 0xe0, 0x10, 0xe0, 0x10, 0xe0, 0x10, 0xe8, 0x10, 0xe8,
    0x0f, 0xe8, 0x10, 0xe8, 0x10, 0xe8, 0x0f, 0xe0, 0x10, 0xe0, 0x10, 0xe8,
    0x10, 0xe8, 0x10, 0xe8, 0x10, 0xe0, 0x0f, 0xe8, 0x0f, 0xe0, 0x0f, 0xe0,
    0x10, 0xe0, 0x10, 0xe0, 0x0f, 0xe0, 0x10, 0xe0, 0x0f, 0xe0, 0x0f, 0xe0,
    0x10, 0xe0, 0x0f, 0xd8, 0x0f, 0xe0, 0x0f, 0xe0, 0x0f, 0xe0, 0x0f, 0xe0,
    0x0f, 0xe0, 0x0f, 0xd8, 0x0f, 0xd8, 0x0f, 0xd8, 0x0f, 0xd8, 0x0f, 0xd8,
    0x0f, 0xd8, 0x0f, 0xd8, 0x0f, 0xd8, 0x0f, 0xd8, 0x0f, 0xd8, 0x0f, 0xd8,
    0x0f, 0xd8, 0x0f, 0xd0, 0x0e, 0xd0, 0x0f, 0xd8, 0x0f, 0xd0, 0x0e, 0xd0,
    0x0f, 0xd0, 0x0f, 0xd0, 0x0e, 0xd0, 0x0e, 0xd0, 0x0e, 0xd0, 0x0e, 0xd0,
    0x0e, 0xd0, 0x0e, 0xd0, 0x0e, 0xc8, 0x0e, 0xc8, 0x0e, 0xd0, 0x0e, 0xd0,
    0x0e, 0xd0, 0x0f, 0xd8, 0x0f, 0xd8, 0x0f, 0xe0, 0x0f, 0xe0, 0x10, 0xe0,
    0x10, 0xe0, 0x0f, 0xe0, 0x10, 0xe0, 0x10, 0xe0, 0x10, 0xe0, 0x0f, 0xe0,
    0x0f, 0xe0, 0x0f, 0xe0, 0x0f, 0xe0, 0x10, 0xe0, 0x0f, 0xe0, 0x0f, 0xe0,
    0x10, 0xe0, 0x0f, 0xe8, 0x0f, 0xe0, 0x10, 0xe0, 0x0f, 0xe0, 0x0f, 0xe0,
    0x0f, 0xe0, 0x0f, 0xe0, 0x10, 0xe0, 0x0f, 0xe0, 0x10, 0xe0, 0x0f, 0xe0,
    0x10, 0xe0, 0x10, 0xe0, 0x0f, 0xe0, 0x10, 0xe0, 0x0f, 0xe0, 0x10, 0xe0,
    0x0f, 0xe0, 0x10, 0xe0, 0x0f, 0xe0, 0x10, 0xe0, 0x0f, 0xe0, 0x10, 0xe0,
    0x0f, 0xe0, 0x10, 0xe8, 0x0f, 0xe0, 0x10, 0xe0, 0x10, 0xe0, 0x0f, 0xe0,
    0x10, 0xe8, 0x0f, 0xe0, 0x0f, 0xe8, 0x0f, 0xe8, 0x10, 0xe0, 0x0f, 0xe0,
    0x10, 0xe8, 0x10, 0xe8, 0x10, 0xe0, 0x0f, 0xe8, 0x10, 0xe8, 0x10, 0xe8,
    0x0f, 0xe8, 0x10, 0xe8, 0x10, 0xe8, 0x10, 0xe0, 0x0f, 0xe0, 0x10, 0xe8,
    0x10, 0xe8, 0x10, 0xe8, 0x10, 0xe8, 0x0f, 0xe8, 0x10, 0xe8, 0x10, 0xe0,
    0x0f, 0xe8, 0x10, 0xe8, 0x10, 0xe8, 0x10, 0xe8, 0x0f, 0xe8, 0x10, 0xe8,
    0x0f, 0xe0, 0x10, 0xe8, 0x0f, 0xe8, 0x10, 0xe0, 0x10, 0xe8, 0x10, 0xe8,
    0x0f, 0xe0, 0x10, 0xe8, 0x10, 0xe8, 0x10, 0xe0, 0x10, 0xe8, 0x10, 0xe8,
    0x0f, 0xe8, 0x10, 0xe8, 0x10, 0xe8, 0x0f, 0xe0, 0x10, 0xe0, 0x10, 0xe8,
    0x10, 0xe8, 0x0f, 0xe8, 0x0f, 0xe8, 0x10, 0xe8, 0x10, 0xe0, 0x10, 0xe8,
    0x10, 0xe8, 0x0f, 0xe0, 0x10, 0xe8, 0x10, 0xe8, 0x0f, 0xe8, 0x10, 0xe8,
    0x10, 0xe0, 0x10, 0xe8, 0x10, 0xe8, 0x0f, 0xe8, 0x10, 0xe8, 0x10, 0xe0,
    0x0f, 0xe8, 0x10, 0xe8, 0x10, 0xe8, 0x0f, 0xe8, 0x10, 0xe0, 0x10, 0xe8,
    0x0f, 0xe8, 0x10, 0xe0, 0x10, 0xe8, 0x10, 0xe0, 0x0f, 0xe8, 0x10, 0xe8,
    0x10, 0xe0, 0x10, 0xe8, 0x10, 0xe8, 0x0f, 0xe8, 0x10, 0xe0, 0x10, 0xe8,
    0x0f, 0xe8, 0x10, 0xe0, 0x10, 0xe8, 0x10, 0xe8, 0x0f, 0xe8, 0x0f, 0xe8,
    0x10, 0xe8, 0x10, 0xe0, 0x0f, 0xe8, 0x10, 0xe0, 0x10, 0xe8, 0x10, 0xe0,
    0x0f, 0xe8, 0x10, 0xe8, 0x0f, 0xe0, 0x10, 0xe0, 0x10, 0xe8, 0x10, 0xe8,
    0x10, 0xe8, 0x0f, 0xe8, 0x10, 0xe0, 0x10, 0xe8, 0x10, 0xe8, 0x10, 0xe0,
    0x10, 0xe8, 0x10, 0xe8, 0x0f, 0xe8, 0x10, 0xe8, 0x0f, 0xe8, 0x0f, 0xe0,
    0x10, 0xe8, 0x10, 0xe8, 0x10, 0xe0, 0x10, 0xe8, 0x0f, 0xe8, 0x10, 0xe0,
    0x10, 0xe8, 0x10, 0xe8, 0x10, 0xe8, 0x10, 0xe8, 0x0f, 0xe0, 0x10, 0xe8,
    0x10, 0xe8, 0x0f, 0xe0, 0x10, 0xe8, 0x10, 0xe8, 0x0f, 0xe0, 0x10, 0xe8,
    0x0f, 0xe8, 0x10, 0xe0, 0x10, 0xe8, 0x10, 0xe8, 0x0f, 0xe8, 0x10, 0xe0,
    0x10, 0xe8, 0x10, 0xe8, 0x0f, 0xe0, 0x10, 0xe8, 0x10, 0xe8, 0x10, 0xe0,
    0x10, 0xe8, 0x10, 0xe8, 0x0f, 0xe8, 0x10, 0xe8, 0x10, 0xe8, 0x0f, 0xe0,
    0x10, 0xe8, 0x10, 0xe8, 0x0f, 0xe8, 0x10, 0xe8, 0x0f, 0xe0, 0x10, 0xe8,
    0x10, 0xe8, 0x10, 0xe0, 0x10, 0xe8, 0x10, 0xe8, 0x10, 0xe8, 0x0f, 0xe8,
    0x10, 0xe0, 0x10, 0xe0, 0x10, 0xe8, 0x10, 0xe8, 0x10, 0xe0, 0x0f, 0xe0,
    0x0f, 0xe0, 0x10, 0xe0, 0x10, 0xe0, 0x10, 0xe0, 0x10, 0xe0, 0x0f, 0xe0,
    0x0f, 0xe0, 0x0f, 0xe0, 0x0f, 0xe0, 0x0f, 0xe0, 0x0f, 0xe0, 0x0f, 0xe0,
    0x10, 0xe0, 0x10, 0xe8, 0x0f, 0xe8, 0x10, 0xe0, 0x0f, 0xe0, 0x10, 0xe8,
    0x10, 0xe8, 0x10, 0xe0, 0x10, 0xe0, 0x0f, 0xe0, 0x0f, 0xe0, 0x10, 0xe0,
    0x0f, 0xe0, 0x10, 0xe0, 0x10, 0xe0, 0x0f, 0xe0, 0x10, 0xe0, 0x10, 0xe0,
    0x0f, 0xd8, 0x0f, 0xe0, 0x10, 0xd8, 0x0f, 0xe0, 0x0f, 0xe0, 0x0f, 0xe0,
    0x0f, 0xe0, 0x0f, 0xe0, 0x0f, 0xd8, 0x0f, 0xd8, 0x0f, 0xd8, 0x0f, 0xd8,
    0x0f, 0xd8, 0x0f, 0xd8, 0x0e, 0xd8, 0x0f, 0xd8, 0x0f, 0xd8, 0x0e, 0xd8,
    0x0f, 0xd0, 0x0f, 0xd8, 0x0e, 0xd8, 0x0e, 0xd0, 0x0f, 0xd0, 0x0f, 0xd0,
    0x0e, 0xd0, 0x0f, 0xd0, 0x0f, 0xd0, 0x0e, 0xd0, 0x0e, 0xd0, 0x0e, 0xd0,
    0x0f, 0xd8, 0x0f, 0xd8, 0x0f, 0xe0, 0x0f, 0xe0, 0x10, 0xe0, 0x0f, 0xe0,
    0x10, 0xe0, 0x10, 0xe0, 0x0f, 0xe0, 0x10, 0xe0, 0x0f, 0xe0, 0x0f, 0xe0,
    0x10, 0xe0, 0x0f, 0xe0, 0x10, 0xe0, 0x10, 0xe0, 0x0f, 0xe0, 0x10, 0xe0,
    0x10, 0xe0, 0x0f, 0xe0, 0x0f, 0xe0, 0x10, 0xe0, 0x10, 0xe0, 0x10, 0xe0,
    0x0f, 0xe0, 0x10, 0xe0, 0x10, 0xe8, 0x10, 0xe0, 0x0f, 0xe0, 0x10, 0xe0,
    0x0f, 0xe0, 0x0f, 0xe0, 0x10, 0xe0, 0x0f, 0xe0, 0x0f, 0xe0, 0x10, 0xe0,
    0x0f, 0xe0, 0x0f, 0xe0, 0x10, 0xe0, 0x0f, 0xe0, 0x0f, 0xe0, 0x10, 0xe0,
    0x0f, 0xe0, 0x0f, 0xe0, 0x10, 0xe0, 0x0f, 0xe0, 0x10, 0xe0, 0x0f, 0xe0,
    0x0f, 0xe8, 0x10, 0xe0, 0x0f, 0xe0, 0x0f, 0xe0, 0x10, 0xe0, 0x10, 0xe0,
    0x0f, 0xe0, 0x0f, 0xe0, 0x10, 0xe0, 0x0f, 0xe0, 0x0f, 0xe0, 0x10, 0xe0,
    0x0f, 0xe0, 0x10, 0xe0, 0x10, 0xe0, 0x0f, 0xe0, 0x10, 0xe0, 0x10, 0xe8,
    0x10, 0xe0, 0x0f, 0xe8, 0x10, 0xe8, 0x10, 0xe8, 0x0f, 0xe8, 0x10, 0xe0,
    0x10, 0xe8, 0x10, 0xe8, 0x0f, 0xe0, 0x10, 0xe8, 0x10, 0xe8, 0x0f, 0xe0,
    0x10, 0xe8, 0x10, 0xe0, 0x10, 0xe8, 0x10, 0xe8, 0x10, 0xe8, 0x0f, 0xe0,
    0x10, 0xe8, 0x10, 0xe8, 0x0f, 0xe8, 0x10, 0xe8, 0x10, 0xe0, 0x10, 0xe8,
    0x0f, 0xe8, 0x10, 0xe0, 0x10, 0xe8, 0x0f, 0xe8, 0x10, 0xe0, 0x10, 0xe8,
    0x0f, 0xe8, 0x10, 0xe8, 0x10, 0xe8, 0x10, 0xe8, 0x10, 0xe0, 0x10, 0xe8,
    0x10, 0xe8, 0x0f, 0xe0, 0x10, 0xe8, 0x10, 0xe8, 0x0f, 0xe8, 0x10, 0xe8,
    0x10, 0xe8, 0x10, 0xe0, 0x10, 0xe8, 0x0f, 0xe8, 0x10, 0xe8, 0x10, 0xe8,
    0x0f, 0xe0, 0x10, 0xe8, 0x10, 0xe8, 0x0f, 0xe8, 0x10, 0xe8, 0x10, 0xe0,
    0x10, 0xe8, 0x10, 0xe8, 0x0f, 0xe8, 0x10, 0xe8, 0x10, 0xe8, 0x0f, 0xe8,
    0x10, 0xe0, 0x10, 0xe8, 0x0f, 0xe8, 0x10, 0xe0, 0x10, 0xe8, 0x0f, 0xe8,
    0x10, 0xe8, 0x10, 0xe0, 0x10, 0xe8, 0x10, 0xe8, 0x0f, 0xe0, 0x10, 0xe8,
    0x10, 0xe8, 0x10, 0xe0, 0x10, 0xe8, 0x10, 0xe8, 0x10, 0xe8, 0x0f, 0xe8,
    0x10, 0xe8, 0x10, 0xe8, 0x10, 0xe8, 0x0f, 0xe0, 0x10, 0xe8, 0x10, 0xe8,
    0x10, 0xe8, 0x0f, 0xe8, 0x10, 0xe0, 0x10, 0xe8, 0x10, 0xe8, 0x10, 0xe0,
    0x0f, 0xe8, 0x10, 0xe8, 0x0f, 0xe0, 0x10, 0xe8, 0x0f, 0xe8, 0x10, 0xe0,
    0x10, 0xe8, 0x10, 0xe8, 0x10, 0xe8, 0x10, 0xe0, 0x0f, 0xe8, 0x10, 0xe8,
    0x10, 0xe0, 0x0f, 0xe8, 0x10, 0xe8, 0x10, 0xe8, 0x10, 0xe8, 0x0f, 0xe0,
    0x10, 0xe8, 0x10, 0xe8, 0x10, 0xe0, 0x10, 0xe8, 0x10, 0xe8, 0x10, 0xe8,
    0x10, 0xe8, 0x0f, 0xe8, 0x10, 0xe0, 0x10, 0xe8, 0x10, 0xe8, 0x0f, 0xe8,
    0x10, 0xe8, 0x10, 0xe8, 0x10, 0xe0, 0x0f, 0xe8, 0x10, 0xe8, 0x10, 0xe8,
    0x10, 0xe0, 0x0f, 0xe8, 0x10, 0xe8, 0x10, 0xe8, 0x0f, 0xe0, 0x10, 0xe8,
    0x10, 0xe8, 0x10, 0xe0, 0x10, 0xe8, 0x10, 0xe8, 0x10, 0xe0, 0x10, 0xe8,
    0x10, 0xe8, 0x0f, 0xe0, 0x10, 0xe8, 0x10, 0xe8, 0x0f, 0xe8, 0x0f, 0xe8,
    0x10, 0xe8, 0x10, 0xe0, 0x0f, 0xe8, 0x10, 0xe8, 0x10, 0xe8, 0x0f, 0xe0,
    0x10, 0xe0, 0x10, 0xe8, 0x10, 0xe8, 0x0f, 0xe0, 0x10, 0xe0, 0x0f, 0xe8,
    0x0f, 0xe0, 0x10, 0xe0, 0x0f, 0xe0, 0x0f, 0xe0, 0x0f, 0xe0, 0x0f, 0xd8,
    0x0f, 0xe0, 0x0f, 0xd8, 0x0f, 0xd8, 0x0f, 0xe0, 0x0f, 0xe0, 0x0f, 0xe0,
    0x0f, 0xe0, 0x0f, 0xe0, 0x0f, 0xe0, 0x10, 0xe0, 0x10, 0xe8, 0x10, 0xe8,
    0x10, 0xe8, 0x10, 0xe8, 0x10, 0xe8, 0x10, 0xe0, 0x0f, 0xe0, 0x0f, 0xe0,
    0x10, 0xe0, 0x0f, 0xe0, 0x10, 0xe0, 0x10, 0xe0, 0x0f, 0xe0, 0x10, 0xe0,
    0x0f, 0xe0, 0x0f, 0xd8, 0x0f, 0xe0, 0x0f, 0xe0, 0x0f, 0xd8, 0x0f, 0xe0,
    0x0f, 0xe0, 0x0f, 0xd8, 0x0f, 0xd8, 0x0e, 0xd8, 0x0f, 0xd8, 0x0f, 0xd8,
    0x0f, 0xd8, 0x0f, 0xd8, 0x0e, 0xd8, 0x0f, 0xd8, 0x0f, 0xd8, 0x0e, 0xd8,
    0x0f, 0xd8, 0x0e, 0xd8, 0x0e, 0xd8, 0x0f, 0xd0, 0x0e, 0xd8, 0x0e, 0xd0,
    0x0f, 0xd0, 0x0f, 0xd0, 0x0e, 0xd0, 0x0e, 0xd0, 0x0f, 0xe0, 0x0f, 0xe0,
    0x0f, 0xe0, 0x0f, 0xe0, 0x0f, 0xe0, 0x0f, 0xe0, 0x0f, 0xe0, 0x0f, 0xe0,
    0x0f, 0xe0, 0x0f, 0xe0, 0x0f, 0xe0, 0x0f, 0xe0, 0x0f, 0xe0, 0x0f, 0xe0,
    0x0f, 0xe0, 0x0f, 0xe0, 0x0f, 0xe0, 0x10, 0xe0, 0x0f, 0xe0, 0x0f, 0xe0,
    0x10, 0xe0, 0x0f, 0xe0, 0x0f, 0xe0, 0x0f, 0xe0, 0x0f, 0xe0, 0x0f, 0xe0,
    0x0f, 0xe0, 0x0f, 0xe0, 0x10, 0xe0, 0x10, 0xe0, 0x10, 0xe0, 0x0f, 0xe0,
    0x10, 0xe0, 0x10, 0xe0, 0x0f, 0xe0, 0x10, 0xe0, 0x10, 0xe0, 0x0f, 0xe0,
    0x10, 0xe0, 0x10, 0xe0, 0x0f, 0xe0, 0x10, 0xe0, 0x10, 0xe0, 0x0f, 0xe0,
    0x10, 0xe0, 0x0f, 0xe0, 0x10, 0xe0, 0x10, 0xe0, 0x0f, 0xe0, 0x10, 0xe0,
    0x0f, 0xe0, 0x10, 0xe0, 0x0f, 0xe0, 0x10, 0xe0, 0x10, 0xe0, 0x10, 0xe0,
    0x0f, 0xe0, 0x10, 0xe0, 0x0f, 0xe0, 0x0f, 0xe0, 0x10, 0xe0, 0x0f, 0xe0,
    0x10, 0xe8, 0x10, 0xe8, 0x10, 0xe8, 0x0f, 0xe8, 0x10, 0xe8, 0x10, 0xe8,
    0x10, 0xe8, 0x10, 0xe0, 0x10, 0xe8, 0x0f, 0xe8, 0x10, 0xe0, 0x10, 0xe8,
    0x10, 0xe8, 0x10, 0xe8, 0x10, 0xe8, 0x0f, 0xe8, 0x10, 0xe0, 0x10, 0xe8,
    0x0f, 0xe8, 0x10, 0xe0, 0x10, 0xe8, 0x10, 0xe8, 0x10, 0xe8, 0x10, 0xe0,
    0x0f, 0xe8, 0x10, 0xe8, 0x10, 0xe8, 0x0f, 0xe8, 0x10, 0xe8, 0x10, 0xe8,
    0x0f, 0xe8, 0x10, 0xe0, 0x10, 0xe8, 0x10, 0xe8, 0x10, 0xe0, 0x0f, 0xe8,
    0x10, 0xe8, 0x0f, 0xe0, 0x0f, 0xe8, 0x10, 0xe8, 0x10, 0xe0, 0x10, 0xe8,
    0x0f, 0xe8, 0x10, 0xe0, 0x10, 0xe8, 0x10, 0xe8, 0x0f, 0xe0, 0x10, 0xe8,
    0x10, 0xe8, 0x10, 0xe0, 0x0f, 0xe8, 0x10, 0xe8, 0x10, 0xe0, 0x10, 0xe8,
    0x10, 0xe8, 0x10, 0xe0, 0x10, 0xe8, 0x0f, 0xe8, 0x10, 0xe0, 0x10, 0xe8,
    0x10, 0xe8, 0x10, 0xe0, 0x10, 0xe8, 0x0f, 0xe8, 0x10, 0xe8, 0x10, 0xe8,
    0x10, 0xe8, 0x10, 0xe8, 0x0f, 0xe8, 0x10, 0xe8, 0x10, 0xe0, 0x0f, 0xe8,
    0x10, 0xe8, 0x10, 0xe8, 0x10, 0xe8, 0x0f, 0xe8, 0x10, 0xe8, 0x0f, 0xe0,
    0x10, 0xe8, 0x10, 0xe0, 0x10, 0xe8, 0x10, 0xe8, 0x10, 0xe0, 0x0f, 0xe8,
    0x10, 0xe8, 0x10, 0xe8, 0x10, 0xe0, 0x10, 0xe8, 0x10, 0xe8, 0x0f, 0xe8,
    0x10, 0xe8, 0x0f, 0xe0, 0x10, 0xe8, 0x10, 0xe8, 0x10, 0xe8, 0x10, 0xe8,
    0x10, 0xe8, 0x0f, 0xe8, 0x10, 0xe8, 0x10, 0xe0, 0x10, 0xe8, 0x0f, 0xe8,
    0x10, 0xe0, 0x10, 0xe8, 0x10, 0xe8, 0x10, 0xe8, 0x0f, 0xe8, 0x10, 0xe0,
    0x10, 0xe8, 0x10, 0xe8, 0x0f, 0xe0, 0x10, 0xe8, 0x10, 0xe8, 0x0f, 0xe8,
    0x10, 0xe8, 0x0f, 0xe0, 0x10, 0xe8, 0x10, 0xe0, 0x0f, 0xe8, 0x10, 0xe8,
    0x10, 0xe8, 0x10, 0xe0, 0x10, 0xe8, 0x0f, 0xe8, 0x10, 0xe0, 0x10, 0xe8,
    0x10, 0xe8, 0x10, 0xe8, 0x0f, 0xe8, 0x10, 0xe8, 0x10, 0xe8, 0x10, 0xe8,
    0x0f, 0xe8, 0x10, 0xe8, 0x10, 0xe8, 0x0f, 0xe0, 0x10, 0xe8, 0x10, 0xe8,
    0x0f, 0xe8, 0x10, 0xe8, 0x0f, 0xe8, 0x10, 0xe0, 0x10, 0xe8, 0x10, 0xe8,
    0x10, 0xe8, 0x10, 0xe0, 0x10, 0xe8, 0x10, 0xe8, 0x10, 0xe0, 0x0f, 0xe8,
    0x10, 0xe8, 0x10, 0xe8, 0x10, 0xe8, 0x0f, 0xe8, 0x10, 0xe8, 0x10, 0xe0,
    0x0f, 0xe8, 0x10, 0xe8, 0x10, 0xe8, 0x10, 0xe0, 0x0f, 0xe0, 0x0f, 0xe0,
    0x10, 0xe0, 0x10, 0xe0, 0x10, 0xe0, 0x10, 0xe0, 0x10, 0xe0, 0x0f, 0xe0,
    0x10, 0xe0, 0x0f, 0xe0, 0x0f, 0xd8, 0x0f, 0xd8, 0x0f, 0xd8, 0x0f, 0xd8,
    0x0f, 0xd8, 0x0f, 0xd8, 0x0f, 0xd8, 0x0f, 0xe0, 0x0f, 0xe0, 0x10, 0xe0,
    0x10, 0xe0, 0x0f, 0xe8, 0x10, 0xe0, 0x10, 0xe0, 0x0f, 0xe0, 0x0f, 0xe0,
    0x10, 0xe0, 0x0f, 0xe0, 0x10, 0xe0, 0x10, 0xe0, 0x0f, 0xe0, 0x0f, 0xe0,
    0x10, 0xe0, 0x0f, 0xd8, 0x0f, 0xe0, 0x0f, 0xe0, 0x0f, 0xe0, 0x0f, 0xe0,
    0x0f, 0xe0, 0x0f, 0xd8, 0x0f, 0xd8, 0x0f, 0xd8, 0x0f, 0xd8, 0x0f, 0xd8,
    0x0f, 0xd8, 0x0f, 0xd8, 0x0f, 0xd8, 0x0f, 0xd8, 0x0f, 0xd0, 0x0f, 0xd8,
    0x0f, 0xd8, 0x0e, 0xd0, 0x0f, 0xd0, 0x0e, 0xd8, 0x0e, 0xd0, 0x0e, 0xd0,
    0x0f, 0xd0, 0x0e, 0xd0, 0x0f, 0xe0, 0x0f, 0xd8, 0x0f, 0xe0, 0x0f, 0xe0,
    0x0f, 0xd8, 0x0f, 0xe0, 0x0f, 0xe0, 0x0f, 0xd8, 0x10, 0xd8, 0x0f, 0xe0,
    0x0f, 0xd8, 0x10, 0xe0, 0x0f, 0xe0, 0x0f, 0xd8, 0x0f, 0xe0, 0x0f, 0xe0,
    0x0f, 0xe0, 0x0f, 0xe0, 0x0f, 0xe0, 0x0f, 0xe0, 0x0f, 0xe0, 0x0f, 0xe0,
    0x0f, 0xe0, 0x0f, 0xe0, 0x10, 0xe0, 0x0f, 0xe0, 0x0f, 0xe0, 0x0f, 0xe0,
    0x0f, 0xe0, 0x0f, 0xe0, 0x0f, 0xe0, 0x0f, 0xe0, 0x0f, 0xe0, 0x0f, 0xe0,
    0x0f, 0xe0, 0x0f, 0xe0, 0x0f, 0xe0, 0x0f, 0xe0, 0x0f, 0xe0, 0x0f, 0xe0,
    0x0f, 0xe0, 0x0f, 0xe0, 0x0f, 0xe0, 0x0f, 0xe0, 0x0f, 0xe0, 0x0f, 0xe0,
    0x0f, 0xe0, 0x0f, 0xe0, 0x0f, 0xe0, 0x0f, 0xe0, 0x10, 0xe0, 0x0f, 0xe0,
    0x0f, 0xe0, 0x0f, 0xe0, 0x0f, 0xe0, 0x0f, 0xe0, 0x0f, 0xe0, 0x10, 0xe0,
    0x10, 0xe0, 0x10, 0xe8, 0x10, 0xe8, 0x10, 0xe8, 0x0f, 0xe8, 0x10, 0xe8,
    0x10, 0xe0, 0x10, 0xe8, 0x0f, 0xe8, 0x10, 0xe0, 0x10, 0xe8, 0x0f, 0xe8,
    0x10, 0xe8, 0x10, 0xe8, 0x0f, 0xe8, 0x10, 0xe0, 0x0f, 0xe8, 0x10, 0xe0,
    0x10, 0xe8, 0x10, 0xe8, 0x10, 0xe8, 0x0f, 0xe8, 0x10, 0xe8, 0x10, 0xe8,
    0x0f, 0xe0, 0x10, 0xe8, 0x10, 0xe8, 0x0f, 0xe0, 0x10, 0xe8, 0x10, 0xe8,
    0x10, 0xe0, 0x10, 0xe0, 0x10, 0xe8, 0x10, 0xe8, 0x10, 0xe0, 0x10, 0xe8,
    0x0f, 0xe8, 0x10, 0xe8, 0x10, 0xe0, 0x10, 0xe8, 0x10, 0xe8, 0x10, 0xe8,
    0x10, 0xe8, 0x10, 0xe8, 0x10, 0xe8, 0x10, 0xe8, 0x10, 0xe8, 0x0f, 0xe0,
    0x10, 0xe8, 0x10, 0xe8, 0x10, 0xe8, 0x0f, 0xe8, 0x10, 0xe8, 0x10, 0xe0,
    0x10, 0xe8, 0x0f, 0xe8, 0x10, 0xe8, 0x10, 0xe8, 0x0f, 0xe0, 0x10, 0xe8,
    0x10, 0xe8, 0x0f, 0xe8, 0x10, 0xe8, 0x10, 0xe0, 0x0f, 0xe8, 0x10, 0xe8,
    0x10, 0xe0, 0x10, 0xe8, 0x0f, 0xe8, 0x10, 0xe0, 0x10, 0xe8, 0x0f, 0xe0,
    0x10, 0xe8, 0x10, 0xe8, 0x10, 0xe8, 0x0f, 0xe8, 0x10, 0xe0, 0x10, 0xe8,
    0x0f, 0xe0, 0x10, 0xe8, 0x10, 0xe8, 0x10, 0xe8, 0x0f, 0xe8, 0x10, 0xe8,
    0x0f, 0xe0, 0x10, 0xe8, 0x10, 0xe8, 0x0f, 0xe0, 0x10, 0xe8, 0x10, 0xe8,
    0x0f, 0xe8, 0x10, 0xe0, 0x10, 0xe8, 0x10, 0xe8, 0x10, 0xe8, 0x10, 0xe8,
    0x0f, 0xe0, 0x10, 0xe8, 0x10, 0xe8, 0x0f, 0xe0, 0x10, 0xe8, 0x10, 0xe8,
    0x10, 0xe0, 0x10, 0xe8, 0x0f, 0xe8, 0x10, 0xe8, 0x10, 0xe8, 0x0f, 0xe8,
    0x10, 0xe0, 0x10, 0xe8, 0x10, 0xe8, 0x10, 0xe8, 0x0f, 0xe0, 0x10, 0xe8,
    0x10, 0xe8, 0x10, 0xe8, 0x0f, 0xe0, 0x10, 0xe8, 0x10, 0xe8, 0x0f, 0xe8,
    0x10, 0xe8, 0x10, 0xe0, 0x0f, 0xe8, 0x10, 0xe8, 0x10, 0xe8, 0x0f, 0xe8,
    0x10, 0xe0, 0x10, 0xe8, 0x0f, 0xe8, 0x10, 0xe0, 0x10, 0xe8, 0x0f, 0xe0,
    0x10, 0xe8, 0x10, 0xe0, 0x0f, 0xe8, 0x10, 0xe0, 0x10, 0xe0, 0x10, 0xe8,
    0x10, 0xe8, 0x10, 0xe8, 0x10, 0xe0, 0x0f, 0xe8, 0x10, 0xe0, 0x10, 0xe8,
    0x0f, 0xe8, 0x10, 0xe8, 0x10, 0xe0, 0x0f, 0xe8, 0x10, 0xe8, 0x0f, 0xe0,
    0x10, 0xe8, 0x10, 0xe8, 0x10, 0xe8, 0x10, 0xe8, 0x10, 0xe0, 0x10, 0xe8,
    0x10, 0xe8, 0x10, 0xe8, 0x10, 0xe8, 0x0f, 0xe8, 0x10, 0xe0, 0x10, 0xe0,
    0x10, 0xe8, 0x10, 0xe8, 0x10, 0xe0, 0x0f, 0xe0, 0x10, 0xe0, 0x0f, 0xe0,
    0x0f, 0xe0, 0x10, 0xe0, 0x0f, 0xe0, 0x10, 0xe0, 0x0f, 0xe0, 0x0f, 0xe0,
    0x10, 0xe0, 0x0f, 0xe0, 0x0f, 0xe0, 0x10, 0xe0, 0x0f, 0xe0, 0x0f, 0xd8,
    0x0f, 0xd8, 0x0f, 0xd8, 0x0f, 0xd8, 0x0e, 0xd8, 0x0f, 0xd8, 0x0f, 0xd8,
    0x0f, 0xe0, 0x0f, 0xe0, 0x0f, 0xe0, 0x10, 0xe0, 0x10, 0xe0, 0x0f, 0xe0,
    0x0f, 0xe0, 0x10, 0xe0, 0x10, 0xe0, 0x10, 0xe0, 0x0f, 0xe0, 0x0f, 0xe0,
    0x10, 0xe0, 0x0f, 0xd8, 0x0f, 0xe0, 0x0f, 0xd8, 0x0f, 0xe0, 0x0f, 0xe0,
    0x0f, 0xe0, 0x0f, 0xd8, 0x0f, 0xd8, 0x0f, 0xd8, 0x0f, 0xd8, 0x0f, 0xd8,
    0x0f, 0xd8, 0x0e, 0xd8, 0x0f, 0xd8, 0x0f, 0xd8, 0x0e, 0xd8, 0x0f, 0xd8,
    0x0f, 0xd8, 0x0f, 0xd0, 0x0e, 0xd8, 0x0f, 0xd0, 0x0f, 0xd0, 0x0e, 0xd0,
    0x0f, 0xd8, 0x0f, 0xd8, 0x0f, 0xd8, 0x10, 0xd8, 0x0f, 0xd8, 0x0f, 0xd8,
    0x0f, 0xe0, 0x0f, 0xd8, 0x10, 0xe0, 0x0f, 0xe0, 0x0f, 0xd8, 0x10, 0xd8,
    0x0f, 0xe0, 0x0f, 0xe0, 0x10, 0xd8, 0x10, 0xe0, 0x0f, 0xd8, 0x0f, 0xe0,
    0x10, 0xe0, 0x0f, 0xd8, 0x0f, 0xe0, 0x10, 0xe0, 0x0f, 0xd8, 0x0f, 0xe0,
    0x10, 0xe0, 0x0f, 0xd8, 0x0f, 0xe0, 0x10, 0xe0, 0x0f, 0xd8, 0x0f, 0xe0,
    0x0f, 0xe0, 0x0f, 0xe0, 0x0f, 0xe0, 0x0f, 0xe0, 0x0f, 0xe0, 0x0f, 0xe0,
    0x0f, 0xe0, 0x0f, 0xe0, 0x0f, 0xe0, 0x0f, 0xe0, 0x0f, 0xe0, 0x0f, 0xe0,
    0x10, 0xe0, 0x0f, 0xe0, 0x0f, 0xe0, 0x10, 0xe0, 0x0f, 0xe0, 0x0f, 0xe0,
    0x10, 0xe0, 0x0f, 0xe0, 0x0f, 0xe0, 0x0f, 0xe0, 0x0f, 0xe0, 0x0f, 0xe0,
    0x10, 0xe0, 0x10, 0xe0, 0x10, 0xe8, 0x10, 0xe8, 0x10, 0xe8, 0x10, 0xe8,
    0x10, 0xe8, 0x10, 0xe8, 0x10, 0xe8, 0x0f, 0xe0, 0x10, 0xe8, 0x10, 0xe8,
    0x10, 0xe0, 0x0f, 0xe8, 0x10, 0xe8, 0x10, 0xe0, 0x10, 0xe8, 0x10, 0xe8,
    0x10, 0xe0, 0x10, 0xe8, 0x0f, 0xe8, 0x10, 0xe8, 0x10, 0xe0, 0x0f, 0xe8,
    0x10, 0xe8, 0x10, 0xe0, 0x10, 0xe8, 0x10, 0xe8, 0x0f, 0xe8, 0x10, 0xe8,
    0x10, 0xe8, 0x10, 0xe8, 0x10, 0xe8, 0x0f, 0xe8, 0x10, 0xe8, 0x10, 0xe8,
    0x0f, 0xe8, 0x0f, 0xe0, 0x10, 0xe8, 0x10, 0xe8, 0x0f, 0xe8, 0x10, 0xe8,
    0x10, 0xe8, 0x0f, 0xe0, 0x10, 0xe8, 0x10, 0xe8, 0x0f, 0xe0, 0x10, 0xe0,
    0x0f, 0xe8, 0x10, 0xe8, 0x10, 0xe0, 0x10, 0xe8, 0x0f, 0xe8, 0x10, 0xe0,
    0x10, 0xe8, 0x10, 0xe8, 0x0f, 0xe0, 0x10, 0xe8, 0x10, 0xe8, 0x10, 0xe0,
    0x0f, 0xe8, 0x10, 0xe8, 0x10, 0xe8, 0x0f, 0xe8, 0x10, 0xe0, 0x10, 0xe8,
    0x10, 0xe8, 0x0f, 0xe8, 0x10, 0xe8, 0x10, 0xe8, 0x0f, 0xe0, 0x10, 0xe8,
    0x10, 0xe8, 0x10, 0xe0, 0x0f, 0xe8, 0x10, 0xe8, 0x10, 0xe0, 0x10, 0xe8,
    0x0f, 0xe8, 0x10, 0xe0, 0x10, 0xe8, 0x10, 0xe8, 0x10, 0xe8, 0x10, 0xe0,
    0x10, 0xe8, 0x10, 0xe8, 0x10, 0xe0, 0x0f, 0xe8, 0x10, 0xe8, 0x10, 0xe8,
    0x10, 0xe8, 0x10, 0xe8, 0x10, 0xe0, 0x0f, 0xe8, 0x10, 0xe8, 0x10, 0xe8,
    0x0f, 0xe0, 0x10, 0xe0, 0x10, 0xe8, 0x10, 0xe8, 0x0f, 0xe8, 0x10, 0xe0,
    0x10, 0xe8, 0x0f, 0xe8, 0x10, 0xe0, 0x10, 0xe8, 0x0f, 0xe8, 0x10, 0xe8,
    0x10, 0xe0, 0x10, 0xe8, 0x10, 0xe8, 0x0f, 0xe0, 0x10, 0xe8, 0x10, 0xe8,
    0x0f, 0xe0, 0x10, 0xe8, 0x10, 0xe8, 0x0f, 0xe8, 0x10, 0xe8, 0x10, 0xe0,
    0x10, 0xe8, 0x10, 0xe8, 0x10, 0xe0, 0x10, 0xe8, 0x10, 0xe8, 0x10, 0xe8,
    0x10, 0xe0, 0x10, 0xe8, 0x0f, 0xe8, 0x10, 0xe0, 0x10, 0xe8, 0x10, 0xe8,
    0x10, 0xe8, 0x0f, 0xe8, 0x10, 0xe8, 0x10, 0xe8, 0x10, 0xe0, 0x10, 0xe8,
    0x0f, 0xe8, 0x10, 0xe8, 0x10, 0xe8, 0x0f, 0xe0, 0x10, 0xe8, 0x10, 0xe8,
    0x0f, 0xe8, 0x10, 0xe8, 0x10, 0xe8, 0x10, 0xe0, 0x10, 0xe8, 0x10, 0xe8,
    0x0f, 0xe0, 0x10, 0xe8, 0x10, 0xe8, 0x10, 0xe8, 0x0f, 0xe8, 0x10, 0xe0,
    0x0f, 0xe8, 0x10, 0xe8, 0x0f, 0xe0, 0x0f, 0xe8, 0x10, 0xe0, 0x10, 0xe0,
    0x0f, 0xe8, 0x10, 0xe8, 0x10, 0xe8, 0x10, 0xe0, 0x0f, 0xe0, 0x10, 0xe8,
    0x10, 0xe8, 0x10, 0xe8, 0x0f, 0xe0, 0x10, 0xe0, 0x0f, 0xe0, 0x0f, 0xe0,
    0x10, 0xe0, 0x0f, 0xe0, 0x0f, 0xe0, 0x0f, 0xd8, 0x10, 0xe0, 0x0f, 0xe0,
    0x0f, 0xd8, 0x0f, 0xe0, 0x0f, 0xe0, 0x0f, 0xd8, 0x0f, 0xd8, 0x0f, 0xd8,
    0x0f, 0xd8, 0x0f, 0xd8, 0x0f, 0xd8, 0x0f, 0xd8, 0x0f, 0xd8, 0x0f, 0xd8,
    0x0f, 0xd8, 0x0f, 0xd8, 0x0f, 0xd8, 0x0f, 0xd8, 0x0f, 0xe0, 0x0f, 0xe0,
    0x0f, 0xe0, 0x10, 0xe0, 0x10, 0xe0, 0x10, 0xe0, 0x0f, 0xe0, 0x10, 0xe0,
    0x0f, 0xe0, 0x10, 0xe0, 0x0f, 0xd8, 0x0f, 0xe0, 0x0f, 0xe0, 0x0f, 0xe0,
    0x0f, 0xe0, 0x0f, 0xd8, 0x0f, 0xe0, 0x0f, 0xd8, 0x0f, 0xd8, 0x0f, 0xd8,
    0x0f, 0xd8, 0x0f, 0xd8, 0x0f, 0xd8, 0x0f, 0xd8, 0x0e, 0xd8, 0x0f, 0xd8,
    0x0f, 0xd8, 0x0e, 0xd8, 0x0f, 0xd0, 0x0e, 0xd8, 0x0f, 0xd8, 0x0f, 0xd8,
    0x0f, 0xe0, 0x0f, 0xd8, 0x0f, 0xd8, 0x0f, 0xd8, 0x0f, 0xd8, 0x0f, 0xd8,
    0x0f, 0xd8, 0x0f, 0xd8, 0x0f, 0xe0, 0x0f, 0xd8, 0x0f, 0xd8, 0x0f, 0xd8,
    0x0f, 0xd8, 0x0f, 0xd8, 0x0f, 0xd8, 0x0f, 0xd8, 0x0f, 0xd8, 0x0f, 0xd8,
    0x0f, 0xd8, 0x0f, 0xd8, 0x0f, 0xd8, 0x0f, 0xd8, 0x0f, 0xe0, 0x0f, 0xd8,
    0x0f, 0xd8, 0x0f, 0xd8, 0x0f, 0xe0, 0x0f, 0xd8, 0x0f, 0xd8, 0x10, 0xd8,
    0x0f, 0xd8, 0x0f, 0xd8, 0x10, 0xd8, 0x0f, 0xd8, 0x0f, 0xd8, 0x10, 0xe0,
    0x10, 0xd8, 0x0f, 0xd8, 0x10, 0xe0, 0x0f, 0xe0, 0x0f, 0xe0, 0x10, 0xe0,
    0x0f, 0xe0, 0x0f, 0xe0, 0x10, 0xe0, 0x0f, 0xd8, 0x0f, 0xe0, 0x10, 0xe0,
    0x10, 0xe0, 0x10, 0xe0, 0x10, 0xe0, 0x10, 0xe8, 0x10, 0xe8, 0x10, 0xe8,
    0x10, 0xe8, 0x0f, 0xe8, 0x10, 0xe8, 0x0f, 0xe8, 0x0f, 0xe0, 0x10, 0xe8,
    0x10, 0xe8, 0x10, 0xe8, 0x0f, 0xe8, 0x10, 0xe8, 0x10, 0xe8, 0x10, 0xe8,
    0x0f, 0xe8, 0x10, 0xe0, 0x0f, 0xe8, 0x10, 0xe8, 0x10, 0xe8, 0x10, 0xe8,
    0x10, 0xe8, 0x10, 0xe8, 0x0f, 0xe8, 0x10, 0xe0, 0x10, 0xe8, 0x0f, 0xe8,
    0x10, 0xe0, 0x10, 0xe8, 0x10, 0xe0, 0x0f, 0xe8, 0x10, 0xe0, 0x10, 0xe8,
    0x0f, 0xe0, 0x10, 0xe8, 0x10, 0xe8, 0x10, 0xe0, 0x10, 0xe8, 0x10, 0xe8,
    0x10, 0xe8, 0x10, 0xe0, 0x10, 0xe8, 0x10, 0xe8, 0x0f, 0xe0, 0x10, 0xe8,
    0x10, 0xe8, 0x0f, 0xe8, 0x10, 0xe8, 0x10, 0xe8, 0x0f, 0xe8, 0x10, 0xe0,
    0x10, 0xe8, 0x10, 0xe8, 0x10, 0xe8, 0x0f, 0xe0, 0x10, 0xe8, 0x10, 0xe8,
    0x10, 0xe8, 0x0f, 0xe8, 0x10, 0xe8, 0x10, 0xe0, 0x10, 0xe8, 0x10, 0xe8,
    0x10, 0xe0, 0x10, 0xe8, 0x0f, 0xe8, 0x10, 0xe0, 0x10, 0xe8, 0x10, 0xe0,
    0x10, 0xe8, 0x10, 0xe8, 0x0f, 0xe8, 0x10, 0xe8, 0x10, 0xe8, 0x10, 0xe8,
    0x10, 0xe8, 0x10, 0xe8, 0x10, 0xe0, 0x0f, 0xe8, 0x10, 0xe8, 0x10, 0xe8,
    0x0f, 0xe8, 0x10, 0xe8, 0x0f, 0xe8, 0x10, 0xe0, 0x0f, 0xe8, 0x10, 0xe8,
    0x10, 0xe0, 0x10, 0xe8, 0x10, 0xe8, 0x0f, 0xe0, 0x10, 0xe8, 0x10, 0xe8,
    0x0f, 0xe8, 0x10, 0xe0, 0x10, 0xe8, 0x10, 0xe8, 0x0f, 0xe8, 0x10, 0xe8,
    0x10, 0xe0, 0x0f, 0xe8, 0x10, 0xe8, 0x10, 0xe8, 0x10, 0xe8, 0x10, 0xe8,
    0x10, 0xe8, 0x10, 0xe0, 0x0f, 0xe8, 0x10, 0xe8, 0x10, 0xe0, 0x0f, 0xe8,
    0x10, 0xe8, 0x10, 0xe8, 0x10, 0xe8, 0x0f, 0xe8, 0x10, 0xe8, 0x10, 0xe0,
    0x10, 0xe8, 0x10, 0xe8, 0x0f, 0xe0, 0x10, 0xe8, 0x10, 0xe8, 0x0f, 0xe8,
    0x10, 0xe0, 0x0f, 0xe8, 0x10, 0xe8, 0x0f, 0xe8, 0x10, 0xe0, 0x10, 0xe8,
    0x10, 0xe8, 0x10, 0xe8, 0x0f, 0xe8, 0x10, 0xe0, 0x10, 0xe8, 0x10, 0xe8,
    0x0f, 0xe0, 0x10, 0xe8, 0x10, 0xe8, 0x0f, 0xe8, 0x10, 0xe8, 0x10, 0xe8,
    0x10, 0xe8, 0x0f, 0xe8, 0x10, 0xe0, 0x10, 0xe8, 0x10, 0xe8, 0x10, 0xe0,
    0x0f, 0xe8, 0x10, 0xe8, 0x10, 0xe8, 0x0f, 0xe8, 0x10, 0xe8, 0x10, 0xe0,
    0x10, 0xe0, 0x10, 0xe0, 0x10, 0xe8, 0x0f, 0xe0, 0x10, 0xe8, 0x10, 0xe8,
    0x10, 0xe8, 0x10, 0xe8, 0x10, 0xe8, 0x0f, 0xe8, 0x10, 0xe0, 0x10, 0xe8,
    0x10, 0xe8, 0x0f, 0xe8, 0x10, 0xe8, 0x10, 0xe0, 0x10, 0xe0, 0x10, 0xe8,
    0x10, 0xe8, 0x10, 0xe0, 0x10, 0xe0, 0x0f, 0xe0, 0x10, 0xe0, 0x10, 0xe0,
    0x10, 0xe0, 0x0f, 0xe0, 0x0f, 0xe0, 0x10, 0xd8, 0x0f, 0xe0, 0x0f, 0xe0,
    0x0f, 0xe0, 0x0f, 0xe0, 0x0f, 0xe0, 0x0f, 0xd8, 0x0f, 0xd8, 0x0f, 0xd8,
    0x0f, 0xd8, 0x0f, 0xd8, 0x0e, 0xd8, 0x0f, 0xd8, 0x0f, 0xd8, 0x0e, 0xd8,
    0x0e, 0xd0, 0x0f, 0xd8, 0x0f, 0xd0, 0x0e, 0xd8, 0x0f, 0xd8, 0x0f, 0xd8,
    0x0f, 0xd8, 0x0f, 0xd8, 0x0f, 0xe0, 0x0f, 0xe0, 0x10, 0xe0, 0x10, 0xe0,
    0x0f, 0xe0, 0x0f, 0xe0, 0x10, 0xd8, 0x0f, 0xe0, 0x0f, 0xe0, 0x0f, 0xe0,
    0x0f, 0xd8, 0x0f, 0xd8, 0x0f, 0xd8, 0x0f, 0xd8, 0x0f, 0xd8, 0x0f, 0xd8,
    0x0f, 0xd8, 0x0f, 0xd8, 0x0f, 0xd8, 0x0f, 0xd0, 0x0f, 0xd8, 0x0e, 0xd8,
    0x0f, 0xd8, 0x0f, 0xd0, 0x0f, 0xd8, 0x0f, 0xd8, 0x0f, 0xd8, 0x0f, 0xd8,
    0x0f, 0xd8, 0x0f, 0xe0, 0x0f, 0xd8, 0x0f, 0xd8, 0x0f, 0xd8, 0x0f, 0xd8,
    0x0f, 0xd8, 0x0f, 0xd8, 0x0f, 0xd8, 0x0f, 0xd8, 0x0f, 0xd8, 0x0f, 0xd8,
    0x0f, 0xd8, 0x0f, 0xd8, 0x0f, 0xd8, 0x0f, 0xd8, 0x0f, 0xd8, 0x0f, 0xd8,
    0x0f, 0xd8, 0x0f, 0xe0, 0x0f, 0xd8, 0x0f, 0xd8, 0x0f, 0xe0, 0x0f, 0xd8,
    0x0f, 0xd8, 0x0f, 0xe0, 0x0f, 0xd8, 0x0f, 0xd8, 0x0f, 0xe0, 0x0f, 0xd8,
    0x0f, 0xd8, 0x0f, 0xe0, 0x0f, 0xd8, 0x0f, 0xd8, 0x0f, 0xe0, 0x0f, 0xd8,
    0x0f, 0xd8, 0x0f, 0xd8, 0x0f, 0xd8, 0x0f, 0xd8, 0x0f, 0xd8, 0x0f, 0xd8,
    0x0f, 0xd8, 0x0f, 0xe0, 0x10, 0xe0, 0x10, 0xe0, 0x10, 0xe8, 0x10, 0xe8,
    0x10, 0xe8, 0x10, 0xe8, 0x0f, 0xe8, 0x10, 0xe8, 0x10, 0xe0, 0x0f, 0xe8,
    0x10, 0xe8, 0x10, 0xe0, 0x10, 0xe8, 0x10, 0xe8, 0x0f, 0xe0, 0x10, 0xe8,
    0x10, 0xe0, 0x0f, 0xe8, 0x10, 0xe0, 0x10, 0xe8, 0x10, 0xe8, 0x10, 0xe8,
    0x10, 0xe0, 0x0f, 0xe8, 0x0f, 0xe0, 0x10, 0xe8, 0x10, 0xe0, 0x0f, 0xe8,
    0x10, 0xe8, 0x10, 0xe8, 0x10, 0xe8, 0x0f, 0xe8, 0x10, 0xe8, 0x10, 0xe0,
    0x0f, 0xe8, 0x10, 0xe8, 0x10, 0xe8, 0x0f, 0xe0, 0x10, 0xe8, 0x10, 0xe8,
    0x0f, 0xe0, 0x10, 0xe8, 0x10, 0xe8, 0x0f, 0xe8, 0x10, 0xe0, 0x0f, 0xe8,
    0x10, 0xe8, 0x10, 0xe0, 0x10, 0xe8, 0x10, 0xe8, 0x10, 0xe0, 0x10, 0xe8,
    0x10, 0xe8, 0x10, 0xe0, 0x10, 0xe8, 0x0f, 0xe8, 0x10, 0xe8, 0x10, 0xe8,
    0x0f, 0xe8, 0x10, 0xe8, 0x10, 0xe0, 0x0f, 0xe8, 0x10, 0xe8, 0x10, 0xe0,
    0x0f, 0xe8, 0x10, 0xe8, 0x10, 0xe8, 0x0f, 0xe0, 0x10, 0xe8, 0x10, 0xe8,
    0x10, 0xe8, 0x0f, 0xe8, 0x10, 0xe8, 0x10, 0xe0, 0x0f, 0xe8, 0x10, 0xe8,
    0x10, 0xe0, 0x0f, 0xe0, 0x10, 0xe8, 0x0f, 0xe8, 0x10, 0xe0, 0x10, 0xe8,
    0x0f, 0xe8, 0x10, 0xe0, 0x10, 0xe8, 0x10, 0xe0, 0x10, 0xe0, 0x0f, 0xe8,
    0x10, 0xe8, 0x10, 0xe8, 0x0f, 0xe8, 0x10, 0xe8, 0x10, 0xe8, 0x0f, 0xe8,
    0x10, 0xe0, 0x10, 0xe8, 0x0f, 0xe8, 0x10, 0xe0, 0x10, 0xe8, 0x10, 0xe8,
    0x10, 0xe0, 0x0f, 0xe8, 0x10, 0xe8, 0x10, 0xe8, 0x0f, 0xe8, 0x10, 0xe0,
    0x10, 0xe8, 0x0f, 0xe8, 0x10, 0xe0, 0x10, 0xe8, 0x0f, 0xe8, 0x10, 0xe8,
    0x10, 0xe8, 0x10, 0xe8, 0x10, 0xe8, 0x0f, 0xe0, 0x10, 0xe8, 0x10, 0xe0,
    0x10, 0xe8, 0x10, 0xe8, 0x10, 0xe0, 0x0f, 0xe8, 0x10, 0xe8, 0x10, 0xe0,
    0x10, 0xe8, 0x0f, 0xe8, 0x10, 0xe8, 0x10, 0xe0, 0x0f, 0xe8, 0x10, 0xe8,
    0x10, 0xe0, 0x10, 0xe8, 0x0f, 0xe8, 0x10, 0xe0, 0x10, 0xe8, 0x0f, 0xe8,
    0x10, 0xe0, 0x10, 0xe8, 0x0f, 0xe8, 0x10, 0xe0, 0x10, 0xe8, 0x10, 0xe8,
    0x0f, 0xe8, 0x10, 0xe0, 0x10, 0xe0, 0x10, 0xe8, 0x10, 0xe8, 0x10, 0xe0,
    0x0f, 0xe8, 0x10, 0xe8, 0x10, 0xe0, 0x0f, 0xe8, 0x10, 0xe8, 0x10, 0xe0,
    0x0f, 0xe8, 0x10, 0xe8, 0x10, 0xe8, 0x0f, 0xe8, 0x0f, 0xe8, 0x10, 0xe8,
    0x10, 0xe0, 0x10, 0xe0, 0x10, 0xe0, 0x10, 0xe0, 0x0f, 0xe8, 0x10, 0xe8,
    0x10, 0xe8, 0x10, 0xe8, 0x10, 0xe8, 0x10, 0xe0, 0x0f, 0xe8, 0x10, 0xe8,
    0x10, 0xe8, 0x0f, 0xe8, 0x10, 0xe8, 0x0f, 0xe0, 0x10, 0xe8, 0x10, 0xe8,
    0x0f, 0xe0, 0x10, 0xe0, 0x0f, 0xe0, 0x10, 0xe0, 0x10, 0xe0, 0x0f, 0xe0,
    0x10, 0xe0, 0x0f, 0xe0, 0x0f, 0xe0, 0x10, 0xd8, 0x10, 0xe0, 0x0f, 0xe0,
    0x0f, 0xe0, 0x0f, 0xe0, 0x0f, 0xd8, 0x0f, 0xe0, 0x0f, 0xd8, 0x0f, 0xd8,
    0x0f, 0xd8, 0x0e, 0xd8, 0x0f, 0xd8, 0x0f, 0xd8, 0x0e, 0xd8, 0x0f, 0xd8,
    0x0f, 0xd0, 0x0e, 0xd0, 0x0e, 0xd0, 0x0e, 0xd0, 0x0e, 0xd0, 0x0e, 0xd0,
    0x0f, 0xd0, 0x0f, 0xd0, 0x0f, 0xd8, 0x0f, 0xd8, 0x0f, 0xd8, 0x0f, 0xe0,
    0x10, 0xe0, 0x0f, 0xe0, 0x0f, 0xe0, 0x0f, 0xe0, 0x0f, 0xe0, 0x0f, 0xe0,
    0x0f, 0xe0, 0x0f, 0xd8, 0x0f, 0xd8, 0x0e, 0xd8, 0x0f, 0xd8, 0x0f, 0xd8,
    0x0f, 0xd8, 0x0e, 0xd8, 0x0f, 0xd8, 0x0f, 0xd8, 0x0e, 0xd8, 0x0f, 0xd0,
    0x0f, 0xd8, 0x0f, 0xd8, 0x0f, 0xd8, 0x0f, 0xd8, 0x0f, 0xd8, 0x0f, 0xd8,
    0x0f, 0xd8, 0x0f, 0xd8, 0x0f, 0xd8, 0x0f, 0xd8, 0x0f, 0xd8, 0x0f, 0xd8,
    0x0f, 0xd8, 0x0f, 0xd8, 0x0f, 0xd8, 0x0f, 0xd8, 0x0f, 0xd8, 0x0f, 0xd8,
    0x0f, 0xd8, 0x0f, 0xd8, 0x0f, 0xd8, 0x0f, 0xd8, 0x0f, 0xd8, 0x0f, 0xd8,
    0x0f, 0xd8, 0x0f, 0xd8, 0x0f, 0xd8, 0x0f, 0xd8, 0x0f, 0xd8, 0x0f, 0xd8,
    0x0f, 0xd8, 0x0f, 0xd8, 0x0f, 0xd8, 0x0f, 0xd8, 0x0f, 0xd8, 0x0f, 0xd8,
    0x0f, 0xd8, 0x0f, 0xd8, 0x0f, 0xd8, 0x0f, 0xd8, 0x0f, 0xd8, 0x0f, 0xd8,
    0x0f, 0xd8, 0x0f, 0xe0, 0x0f, 0xe0, 0x10, 0xe0, 0x10, 0xe8, 0x10, 0xe8,
    0x10, 0xe8, 0x0f, 0xe0, 0x0f, 0xe8, 0x10, 0xe8, 0x0f, 0xe0, 0x10, 0xe8,
    0x10, 0xe8, 0x0f, 0xe0, 0x10, 0xe8, 0x10, 0xe8, 0x10, 0xe8, 0x10, 0xe0,
    0x10, 0xe8, 0x10, 0xe8, 0x0f, 0xe8, 0x10, 0xe0, 0x10, 0xe8, 0x10, 0xe8,
    0x0f, 0xe8, 0x10, 0xe0, 0x10, 0xe8, 0x0f, 0xe8, 0x10, 0xe8, 0x10, 0xe8,
    0x10, 0xe8, 0x10, 0xe0, 0x0f, 0xe0, 0x10, 0xe8, 0x10, 0xe8, 0x10, 0xe0,
    0x0f, 0xe0, 0x10, 0xe8, 0x10, 0xe8, 0x10, 0xe8, 0x10, 0xe8, 0x10, 0xe8,
    0x10, 0xe8, 0x10, 0xe8, 0x10, 0xe8, 0x10, 0xe8, 0x0f, 0xe8, 0x10, 0xe0,
    0x10, 0xe8, 0x0f, 0xe8, 0x10, 0xe8, 0x10, 0xe8, 0x0f, 0xe8, 0x10, 0xe8,
    0x0f, 0xe8, 0x10, 0xe8, 0x0f, 0xe0, 0x10, 0xe8, 0x0f, 0xe8, 0x10, 0xe0,
    0x10, 0xe8, 0x10, 0xe8, 0x0f, 0xe0, 0x10, 0xe0, 0x10, 0xe8, 0x10, 0xe8,
    0x10, 0xe8, 0x10, 0xe0, 0x10, 0xe8, 0x10, 0xe8, 0x10, 0xe0, 0x0f, 0xe8,
    0x10, 0xe8, 0x10, 0xe8, 0x0f, 0xe8, 0x10, 0xe0, 0x10, 0xe8, 0x10, 0xe8,
    0x0f, 0xe8, 0x10, 0xe8, 0x10, 0xe0, 0x10, 0xe8, 0x10, 0xe8, 0x10, 0xe8,
    0x10, 0xe8, 0x0f, 0xe0, 0x10, 0xe8, 0x10, 0xe8, 0x0f, 0xe8, 0x10, 0xe8,
    0x10, 0xe8, 0x0f, 0xe8, 0x10, 0xe8, 0x10, 0xe0, 0x10, 0xe8, 0x10, 0xe0,
    0x10, 0xe8, 0x10, 0xe0, 0x0f, 0xe8, 0x10, 0xe8, 0x10, 0xe8, 0x10, 0xe8,
    0x10, 0xe8, 0x0f, 0xe0, 0x10, 0xe8, 0x10, 0xe8, 0x0f, 0xe8, 0x10, 0xe0,
    0x10, 0xe8, 0x10, 0xe8, 0x10, 0xe8, 0x10, 0xe8, 0x10, 0xe0, 0x0f, 0xe8,
    0x10, 0xe8, 0x10, 0xe0, 0x0f, 0xe8, 0x10, 0xe0, 0x10, 0xe8, 0x0f, 0xe8,
    0x10, 0xe0, 0x10, 0xe8, 0x10, 0xe8, 0x0f, 0xe8, 0x0f, 0xe0, 0x10, 0xe8,
    0x10, 0xe8, 0x0f, 0xe8, 0x10, 0xe8, 0x10, 0xe8, 0x10, 0xe8, 0x10, 0xe0,
    0x10, 0xe8, 0x10, 0xe8, 0x10, 0xe8, 0x10, 0xe8, 0x10, 0xe0, 0x10, 0xe8,
    0x0f, 0xe8, 0x10, 0xe8, 0x10, 0xe8, 0x0f, 0xe0, 0x10, 0xe8, 0x10, 0xe8,
    0x10, 0xe8, 0x0f, 0xe8, 0x10, 0xe8, 0x10, 0xe0, 0x10, 0xe8, 0x10, 0xe8,
    0x0f, 0xe8, 0x0f, 0xe8, 0x10, 0xe0, 0x10, 0xe8, 0x10, 0xe8, 0x0f, 0xe8,
    0x10, 0xe8, 0x10, 0xe8, 0x10, 0xe8, 0x10, 0xe0, 0x10, 0xe8, 0x10, 0xe0,
    0x10, 0xe0, 0x10, 0xe8, 0x10, 0xe8, 0x0f, 0xe8, 0x10, 0xe8, 0x10, 0xe8,
    0x0f, 0xe0, 0x0f, 0xe0, 0x0f, 0xe0, 0x0f, 0xe0, 0x10, 0xe0, 0x0f, 0xe0,
    0x10, 0xe8, 0x10, 0xe8, 0x10, 0xe8, 0x10, 0xe0, 0x10, 0xe8, 0x10, 0xe8,
    0x0f, 0xe8, 0x10, 0xe0, 0x10, 0xe0, 0x10, 0xe8, 0x10, 0xe8, 0x10, 0xe8,
    0x0f, 0xe8, 0x0f, 0xe0, 0x0f, 0xe0, 0x10, 0xe0, 0x10, 0xe0, 0x0f, 0xe0,
    0x0f, 0xe0, 0x0f, 0xe0, 0x0f, 0xd8, 0x0f, 0xe0, 0x0f, 0xd8, 0x0f, 0xe0,
    0x0f, 0xe0, 0x0f, 0xd8, 0x0f, 0xe0, 0x0f, 0xd8, 0x0f, 0xd8, 0x0f, 0xd8,
    0x0f, 0xd8, 0x0f, 0xd8, 0x0f, 0xd8, 0x0f, 0xd8, 0x0f, 0xd8, 0x0f, 0xd0,
    0x0e, 0xd0, 0x0f, 0xd8, 0x0f, 0xd0, 0x0e, 0xd0, 0x0e, 0xd0, 0x0e, 0xd0,
    0x0e, 0xd0, 0x0e, 0xd0, 0x0e, 0xd0, 0x0e, 0xd0, 0x0f, 0xd0, 0x0f, 0xd8,
    0x0f, 0xd8, 0x0f, 0xd8, 0x0f, 0xe0, 0x0f, 0xe0, 0x0f, 0xe0, 0x0f, 0xe0,
    0x0f, 0xd8, 0x0f, 0xe0, 0x0f, 0xd8, 0x0f, 0xd8, 0x0f, 0xd8, 0x0f, 0xd8,
    0x0f, 0xd8, 0x0f, 0xd8, 0x0f, 0xd8, 0x0e, 0xd8, 0x0e, 0xd8, 0x0e, 0xd8,
    0x0f, 0xd8, 0x0e, 0xd8, 0x0e, 0xd8, 0x0f, 0xd8, 0x0e, 0xd8, 0x0f, 0xd8,
    0x0e, 0xd8, 0x0e, 0xd8, 0x0f, 0xd8, 0x0e, 0xd8, 0x0e, 0xd8, 0x0f, 0xd8,
    0x0e, 0xd8, 0x0f, 0xd8, 0x0f, 0xd8, 0x0f, 0xd8, 0x0f, 0xd8, 0x0f, 0xd8,
    0x0f, 0xd8, 0x0f, 0xd8, 0x0f, 0xd8, 0x0f, 0xd8, 0x0f, 0xd8, 0x0f, 0xd8,
    0x0f, 0xd8, 0x0f, 0xd8, 0x0f, 0xd8, 0x0f, 0xd8, 0x0f, 0xd8, 0x0f, 0xd8,
    0x0f, 0xd8, 0x0f, 0xd8, 0x0f, 0xd8, 0x0f, 0xd8, 0x0f, 0xd8, 0x0f, 0xd8,
    0x0f, 0xd8, 0x0f, 0xe0, 0x0f, 0xe0, 0x0f, 0xe0, 0x10, 0xe0, 0x10, 0xe8,
    0x10, 0xe8, 0x10, 0xe8, 0x10, 0xe8, 0x10, 0xe8, 0x10, 0xe0, 0x10, 0xe8,
    0x10, 0xe8, 0x10, 0xe0, 0x10, 0xe8, 0x10, 0xe8, 0x10, 0xe0, 0x10, 0xe8,
    0x10, 0xe8, 0x0f, 0xe8, 0x10, 0xe0, 0x0f, 0xe8, 0x10, 0xe8, 0x10, 0xe8,
    0x10, 0xe8, 0x10, 0xe8, 0x10, 0xe8, 0x10, 0xe8, 0x10, 0xe8, 0x0f, 0xe0,
    0x10, 0xe0, 0x10, 0xe8, 0x10, 0xe0, 0x10, 0xe0, 0x10, 0xe8, 0x10, 0xe0,
    0x10, 0xe8, 0x10, 0xe8, 0x0f, 0xe8, 0x10, 0xe8, 0x10, 0xe8, 0x10, 0xe0,
    0x0f, 0xe8, 0x10, 0xe8, 0x0f, 0xe0, 0x10, 0xe0, 0x0f, 0xe8, 0x10, 0xe8,
    0x10, 0xe0, 0x0f, 0xe8, 0x10, 0xe8, 0x10, 0xe8, 0x10, 0xe0, 0x10, 0xe8,
    0x10, 0xe0, 0x10, 0xe8, 0x10, 0xe0, 0x10, 0xe8, 0x10, 0xe8, 0x0f, 0xe0,
    0x10, 0xe8, 0x10, 0xe8, 0x10, 0xe8, 0x0f, 0xe8, 0x10, 0xe8, 0x10, 0xe8,
    0x10, 0xe8, 0x0f, 0xe8, 0x10, 0xe0, 0x0f, 0xe8, 0x10, 0xe8, 0x10, 0xe8,
    0x0f, 0xe8, 0x10, 0xe8, 0x10, 0xe8, 0x10, 0xe0, 0x10, 0xe8, 0x10, 0xe8,
    0x0f, 0xe0, 0x10, 0xe8, 0x10, 0xe0, 0x10, 0xe8, 0x10, 0xe8, 0x0f, 0xe0,
    0x10, 0xe8, 0x0f, 0xe8, 0x10, 0xe8, 0x10, 0xe8, 0x10, 0xe0, 0x10, 0xe8,
    0x10, 0xe8, 0x10, 0xe0, 0x10, 0xe8, 0x10, 0xe8, 0x10, 0xe0, 0x0f, 0xe8,
    0x10, 0xe8, 0x10, 0xe8, 0x0f, 0xe8, 0x10, 0xe8, 0x10, 0xe0, 0x0f, 0xe8,
    0x10, 0xe8, 0x10, 0xe0, 0x0f, 0xe8, 0x10, 0xe8, 0x10, 0xe0, 0x10, 0xe8,
    0x0f, 0xe8, 0x10, 0xe8, 0x10, 0xe8, 0x10, 0xe8, 0x0f, 0xe0, 0x10, 0xe8,
    0x10, 0xe0, 0x0f, 0xe8, 0x10, 0xe8, 0x10, 0xe8, 0x10, 0xe8, 0x10, 0xe8,
    0x10, 0xe0, 0x10, 0xe8, 0x0f, 0xe8, 0x10, 0xe0, 0x10, 0xe8, 0x10, 0xe8,
    0x10, 0xe8, 0x10, 0xe8, 0x10, 0xe8, 0x10, 0xe0, 0x10, 0xe8, 0x10, 0xe8,
    0x0f, 0xe0, 0x10, 0xe8, 0x0f, 0xe8, 0x10, 0xe0, 0x0f, 0xe8, 0x10, 0xe8,
    0x10, 0xe0, 0x0f, 0xe8, 0x10, 0xe8, 0x10, 0xe8, 0x10, 0xe0, 0x10, 0xe8,
    0x10, 0xe8, 0x10, 0xe8, 0x10, 0xe8, 0x10, 0xe0, 0x10, 0xe8, 0x10, 0xe8,
    0x0f, 0xe0, 0x10, 0xe8, 0x10, 0xe8, 0x10, 0xe8, 0x10, 0xe8, 0x10, 0xe0,
    0x0f, 0xe8, 0x10, 0xe8, 0x10, 0xe8, 0x10, 0xe0, 0x0f, 0xe8, 0x10, 0xe8,
    0x10, 0xe0, 0x0f, 0xe8, 0x10, 0xe8, 0x0f, 0xe8, 0x10, 0xe8, 0x10, 0xe8,
    0x10, 0xe0, 0x10, 0xe8, 0x0f, 0xe8, 0x10, 0xe0, 0x10, 0xe8, 0x10, 0xe8,
    0x10, 0xe0, 0x0f, 0xe0, 0x0f, 0xe0, 0x0f, 0xe0, 0x0f, 0xe0, 0x10, 0xe0,
    0x0f, 0xe8, 0x10, 0xe8, 0x10, 0xe0, 0x10, 0xe8, 0x10, 0xe8, 0x10, 0xe8,
    0x0f, 0xe8, 0x10, 0xe0, 0x10, 0xe0, 0x10, 0xe8, 0x10, 0xe8, 0x10, 0xe0,
    0x0f, 0xe0, 0x10, 0xe0, 0x10, 0xe0, 0x10, 0xe0, 0x10, 0xe0, 0x10, 0xe0,
    0x0f, 0xe0, 0x10, 0xe0, 0x0f, 0xe0, 0x0f, 0xd8, 0x0f, 0xe0, 0x0f, 0xe0,
    0x0f, 0xe0, 0x0f, 0xd8, 0x0f, 0xd8, 0x0f, 0xd8, 0x0f, 0xd8, 0x0f, 0xd8,
    0x0e, 0xd8, 0x0f, 0xd8, 0x0f, 0xd8, 0x0e, 0xd8, 0x0f, 0xd8, 0x0f, 0xd0,
    0x0e, 0xd8, 0x0f, 0xd8, 0x0e, 0xd0, 0x0e, 0xd0, 0x0e, 0xd0, 0x0e, 0xd0,
    0x0e, 0xd0, 0x0e, 0xd0, 0x0e, 0xc8, 0x0e, 0xc8, 0x0e, 0xc8, 0x0e, 0xd0,
    0x0e, 0xd0, 0x0f, 0xd0, 0x0f, 0xd8, 0x0f, 0xd8, 0x0f, 0xe0, 0x0f, 0xe0,
    0x0f, 0xe0, 0x0f, 0xd8, 0x0f, 0xd8, 0x0f, 0xd8, 0x0f, 0xd8, 0x0f, 0xd8,
    0x0f, 0xd8, 0x0f, 0xd8, 0x0e, 0xd0, 0x0f, 0xd0, 0x0e, 0xd8, 0x0e, 0xd0,
    0x0f, 0xd8, 0x0e, 0xd0, 0x0e, 0xd8, 0x0f, 0xd8, 0x0e, 0xd0, 0x0f, 0xd8,
    0x0e, 0xd8, 0x0f, 0xd0, 0x0e, 0xd8, 0x0f, 0xd8, 0x0f, 0xd8, 0x0e, 0xd8,
    0x0e, 0xd8, 0x0f, 0xd8, 0x0e, 0xd8, 0x0e, 0xd8, 0x0f, 0xd8, 0x0e, 0xd8,
    0x0f, 0xd8, 0x0e, 0xd8, 0x0f, 0xd8, 0x0f, 0xd8, 0x0e, 0xd8, 0x0f, 0xd8,
    0x0f, 0xd8, 0x0e, 0xd8, 0x0f, 0xd8, 0x0f, 0xd8, 0x0e, 0xd8, 0x0e, 0xd8,
    0x0f, 0xd8, 0x0f, 0xd8, 0x0f, 0xd8, 0x0f, 0xe0, 0x0f, 0xe0, 0x10, 0xe8,
    0x10, 0xe8, 0x10, 0xe8, 0x10, 0xe8, 0x10, 0xe8, 0x10, 0xe0, 0x10, 0xe8,
    0x0f, 0xe8, 0x10, 0xe0, 0x10, 0xe8, 0x10, 0xe8, 0x10, 0xe8, 0x0f, 0xe8,
    0x10, 0xe8, 0x0f, 0xe8, 0x10, 0xe8, 0x10, 0xe0, 0x0f, 0xe8, 0x10, 0xe8,
    0x10, 0xe8, 0x10, 0xe8, 0x0f, 0xe0, 0x10, 0xe0, 0x0f, 0xe0, 0x10, 0xe8,
    0x0f, 0xe0, 0x10, 0xe0, 0x10, 0xe0, 0x10, 0xe8, 0x0f, 0xe0, 0x10, 0xe0,
    0x0f, 0xe8, 0x0f, 0xe0, 0x10, 0xe8, 0x0f, 0xe8, 0x10, 0xe8, 0x10, 0xe0,
    0x0f, 0xe8, 0x10, 0xe8, 0x10, 0xe8, 0x10, 0xe8, 0x10, 0xe0, 0x0f, 0xe8,
    0x10, 0xe8, 0x10, 0xe8, 0x10, 0xe8, 0x0f, 0xe0, 0x10, 0xe8, 0x10, 0xe0,
    0x10, 0xe8, 0x0f, 0xe8, 0x10, 0xe8, 0x10, 0xe8, 0x0f, 0xe8, 0x10, 0xe0,
    0x0f, 0xe8, 0x10, 0xe8, 0x10, 0xe0, 0x10, 0xe8, 0x10, 0xe8, 0x10, 0xe0,
    0x10, 0xe8, 0x0f, 0xe8, 0x10, 0xe0, 0x10, 0xe8, 0x10, 0xe8, 0x10, 0xe8,
    0x10, 0xe8, 0x0f, 0xe0, 0x10, 0xe8, 0x10, 0xe8, 0x0f, 0xe0, 0x10, 0xe8,
    0x0f, 0xe8, 0x10, 0xe8, 0x10, 0xe0, 0x0f, 0xe8, 0x10, 0xe8, 0x10, 0xe8,
    0x0f, 0xe8, 0x10, 0xe0, 0x10, 0xe8, 0x10, 0xe8, 0x10, 0xe8, 0x0f, 0xe0,
    0x10, 0xe8, 0x0f, 0xe8, 0x0f, 0xe0, 0x10, 0xe8, 0x0f, 0xe8, 0x10, 0xe8,
    0x0f, 0xe0, 0x10, 0xe8, 0x10, 0xe8, 0x10, 0xe0, 0x10, 0xe8, 0x10, 0xe8,
    0x0f, 0xe0, 0x10, 0xe8, 0x10, 0xe8, 0x10, 0xe8, 0x10, 0xe8, 0x10, 0xe0,
    0x0f, 0xe8, 0x10, 0xe8, 0x10, 0xe8, 0x10, 0xe8, 0x10, 0xe0, 0x0f, 0xe8,
    0x10, 0xe8, 0x10, 0xe0, 0x0f, 0xe8, 0x10, 0xe8, 0x10, 0xe8, 0x0f, 0xe0,
    0x10, 0xe8, 0x10, 0xe0, 0x0f, 0xe8, 0x10, 0xe8, 0x10, 0xe8, 0x0f, 0xe8,
    0x10, 0xe8, 0x10, 0xe8, 0x0f, 0xe8, 0x0f, 0xe0, 0x10, 0xe8, 0x10, 0xe8,
    0x0f, 0xe0, 0x10, 0xe8, 0x10, 0xe8, 0x0f, 0xe0, 0x10, 0xe8, 0x10, 0xe8,
    0x10, 0xe8, 0x0f, 0xe8, 0x10, 0xe8, 0x10, 0xe8, 0x0f, 0xe0, 0x10, 0xe8,
    0x0f, 0xe8, 0x10, 0xe8, 0x0f, 0xe8, 0x10, 0xe0, 0x0f, 0xe8, 0x10, 0xe8,
    0x0f, 0xe0, 0x0f, 0xe8, 0x10, 0xe8, 0x10, 0xe0, 0x10, 0xe8, 0x0f, 0xe8,
    0x10, 0xe0, 0x0f, 0xe8, 0x10, 0xe8, 0x10, 0xe0, 0x10, 0xe8, 0x0f, 0xe8,
    0x10, 0xe0, 0x10, 0xe8, 0x10, 0xe8, 0x0f, 0xe0, 0x10, 0xe8, 0x10, 0xe8,
    0x0f, 0xe8, 0x10, 0xe8, 0x10, 0xe8, 0x0f, 0xe0, 0x10, 0xe8, 0x10, 0xe8,
    0x10, 0xe8, 0x10, 0xe0, 0x10, 0xe8, 0x10, 0xe8, 0x10, 0xe0, 0x10, 0xe8,
    0x10, 0xe0, 0x10, 0xe0, 0x0f, 0xe0, 0x0f, 0xe0, 0x0f, 0xe0, 0x0f, 0xe0,
    0x0f, 0xe0, 0x0f, 0xe8, 0x10, 0xe8, 0x10, 0xe8, 0x0f, 0xe8, 0x10, 0xe8,
    0x0f, 0xe0, 0x10, 0xe0, 0x10, 0xe8, 0x10, 0xe8, 0x10, 0xe0, 0x0f, 0xe0,
    0x0f, 0xe0, 0x0f, 0xe0, 0x10, 0xe0, 0x0f, 0xe0, 0x10, 0xe0, 0x10, 0xe0,
    0x0f, 0xe0, 0x0f, 0xe0, 0x10, 0xd8, 0x0f, 0xe0, 0x0f, 0xe0, 0x0f, 0xe0,
    0x0f, 0xd8, 0x0f, 0xe0, 0x0f, 0xd8, 0x0f, 0xd8, 0x0f, 0xd8, 0x0e, 0xd8,
    0x0f, 0xd8, 0x0f, 0xd8, 0x0e, 0xd8, 0x0f, 0xd8, 0x0e, 0xd0, 0x0f, 0xd0,
    0x0f, 0xd8, 0x0e, 0xd0, 0x0f, 0xd0, 0x0e, 0xd0, 0x0e, 0xd0, 0x0f, 0xd0,
    0x0e, 0xd0, 0x0e, 0xd0, 0x0e, 0xd0, 0x0e, 0xc8, 0x0e, 0xc8, 0x0e, 0xc8,
    0x0e, 0xc8, 0x0e, 0xc8, 0x0e, 0xc8, 0x0e, 0xd0, 0x0e, 0xd0, 0x0f, 0xd8,
    0x0f, 0xd8, 0x0f, 0xd8, 0x0f, 0xe0, 0x0f, 0xd8, 0x0f, 0xd8, 0x0f, 0xd8,
    0x0f, 0xd0, 0x0f, 0xd0, 0x0e, 0xd0, 0x0f, 0xd0, 0x0f, 0xd0, 0x0f, 0xd0,
    0x0e, 0xd0, 0x0e, 0xd0, 0x0f, 0xd0, 0x0f, 0xd0, 0x0e, 0xd0, 0x0f, 0xd0,
    0x0f, 0xd0, 0x0e, 0xd0, 0x0e, 0xd0, 0x0f, 0xd0, 0x0e, 0xd0, 0x0e, 0xd0,
    0x0f, 0xd0, 0x0e, 0xd0, 0x0e, 0xd0, 0x0f, 0xd0, 0x0e, 0xd0, 0x0e, 0xd0,
    0x0e, 0xd0, 0x0e, 0xd0, 0x0e, 0xd0, 0x0f, 0xd0, 0x0e, 0xd0, 0x0e, 0xd0,
    0x0f, 0xd0, 0x0e, 0xd8, 0x0f, 0xd8, 0x0f, 0xd8, 0x0f, 0xe0, 0x0f, 0xe0,
    0x10, 0xe8, 0x10, 0xe8, 0x10, 0xe8, 0x10, 0xe8, 0x10, 0xe0, 0x10, 0xe8,
    0x0f, 0xe8, 0x10, 0xe8, 0x10, 0xe0, 0x0f, 0xe8, 0x10, 0xe8, 0x10, 0xe8,
    0x0f, 0xe8, 0x0f, 0xe0, 0x10, 0xe8, 0x10, 0xe0, 0x10, 0xe0, 0x0f, 0xe8,
    0x10, 0xe0, 0x10, 0xe8, 0x10, 0xe0, 0x10, 0xe0, 0x10, 0xe0, 0x10, 0xe0,
    0x10, 0xe8, 0x0f, 0xe0, 0x10, 0xe8, 0x10, 0xe0, 0x10, 0xe0, 0x0f, 0xe8,
    0x10, 0xe8, 0x0f, 0xe0, 0x10, 0xe0, 0x10, 0xe8, 0x10, 0xe8, 0x10, 0xe8,
    0x10, 0xe8, 0x0f, 0xe8, 0x10, 0xe0, 0x10, 0xe8, 0x10, 0xe0, 0x0f, 0xe8,
    0x10, 0xe0, 0x10, 0xe8, 0x10, 0xe8, 0x10, 0xe8, 0x10, 0xe8, 0x10, 0xe8,
    0x10, 0xe0, 0x10, 0xe8, 0x0f, 0xe8, 0x10, 0xe8, 0x10, 0xe0, 0x0f, 0xe8,
    0x10, 0xe8, 0x10, 0xe0, 0x0f, 0xe8, 0x10, 0xe8, 0x10, 0xe8, 0x0f, 0xe8,
    0x10, 0xe8, 0x10, 0xe8, 0x0f, 0xe8, 0x10, 0xe0, 0x10, 0xe8, 0x10, 0xe8,
    0x0f, 0xe0, 0x10, 0xe8, 0x0f, 0xe0, 0x10, 0xe8, 0x10, 0xe8, 0x10, 0xe8,
    0x10, 0xe0, 0x10, 0xe8, 0x10, 0xe8, 0x10, 0xe0, 0x10, 0xe8, 0x0f, 0xe8,
    0x10, 0xe8, 0x10, 0xe8, 0x10, 0xe8, 0x10, 0xe0, 0x0f, 0xe8, 0x10, 0xe8,
    0x10, 0xe8, 0x0f, 0xe8, 0x10, 0xe0, 0x10, 0xe8, 0x10, 0xe8, 0x10, 0xe8,
    0x10, 0xe8, 0x10, 0xe8, 0x10, 0xe8, 0x0f, 0xe8, 0x10, 0xe8, 0x10, 0xe8,
    0x0f, 0xe8, 0x10, 0xe8, 0x10, 0xe8, 0x0f, 0xe0, 0x10, 0xe8, 0x10, 0xe8,
    0x0f, 0xe8, 0x10, 0xe0, 0x10, 0xe8, 0x0f, 0xe8, 0x10, 0xe0, 0x10, 0xe8,
    0x0f, 0xe8, 0x10, 0xe0, 0x10, 0xe8, 0x10, 0xe8, 0x10, 0xe0, 0x10, 0xe8,
    0x10, 0xe8, 0x10, 0xe8, 0x10, 0xe8, 0x10, 0xe8, 0x10, 0xe8, 0x0f, 0xe0,
    0x10, 0xe8, 0x10, 0xe8, 0x0f, 0xe0, 0x10, 0xe8, 0x10, 0xe0, 0x10, 0xe8,
    0x10, 0xe8, 0x10, 0xe0, 0x10, 0xe8, 0x0f, 0xe8, 0x10, 0xe8, 0x10, 0xe8,
    0x0f, 0xe8, 0x10, 0xe8, 0x10, 0xe0, 0x10, 0xe8, 0x10, 0xe0, 0x10, 0xe8,
    0x10, 0xe8, 0x10, 0xe0, 0x10, 0xe8, 0x10, 0xe8, 0x10, 0xe0, 0x10, 0xe8,
    0x10, 0xe8, 0x0f, 0xe0, 0x10, 0xe8, 0x10, 0xe8, 0x10, 0xe0, 0x10, 0xe8,
    0x0f, 0xe8, 0x10, 0xe8, 0x10, 0xe8, 0x10, 0xe8, 0x10, 0xe0, 0x10, 0xe8,
    0x0f, 0xe8, 0x10, 0xe8, 0x10, 0xe8, 0x10, 0xe8, 0x0f, 0xe8, 0x10, 0xe8,
    0x10, 0xe8, 0x10, 0xe8, 0x10, 0xe8, 0x10, 0xe0, 0x10, 0xe8, 0x10, 0xe0,
    0x10, 0xe8, 0x0f, 0xe8, 0x10, 0xe8, 0x10, 0xe0, 0x0f, 0xe8, 0x10, 0xe8,
    0x0f, 0xe8, 0x10, 0xe0, 0x10, 0xe0, 0x10, 0xe8, 0x10, 0xe8, 0x10, 0xe0,
    0x10, 0xe0, 0x10, 0xe0, 0x10, 0xe0, 0x10, 0xe0, 0x0f, 0xe0, 0x0f, 0xe0,
    0x0f, 0xe0, 0x10, 0xe0, 0x10, 0xe0, 0x10, 0xe8, 0x10, 0xe8, 0x0f, 0xe8,
    0x10, 0xe0, 0x10, 0xe8, 0x10, 0xe8, 0x10, 0xe8, 0x0f, 0xe0, 0x0f, 0xe0,
    0x10, 0xe0, 0x0f, 0xe0, 0x0f, 0xe0, 0x10, 0xe0, 0x10, 0xe0, 0x0f, 0xe0,
    0x0f, 0xd8, 0x0f, 0xe0, 0x0f, 0xe0, 0x0f, 0xd8, 0x0f, 0xe0, 0x0f, 0xe0,
    0x0f, 0xd8, 0x0f, 0xd8, 0x0f, 0xd8, 0x0f, 0xd8, 0x0f, 0xd8, 0x0f, 0xd8,
    0x0f, 0xd8, 0x0f, 0xd8, 0x0f, 0xd0, 0x0e, 0xd8, 0x0f, 0xd8, 0x0f, 0xd0,
    0x0f, 0xd8, 0x0e, 0xd0, 0x0e, 0xd0, 0x0e, 0xd0, 0x0e, 0xd0, 0x0e, 0xd0,
    0x0e, 0xd0, 0x0e, 0xd0, 0x0e, 0xd0, 0x0e, 0xc8, 0x0e, 0xc8, 0x0e, 0xc8,
    0x0e, 0xc8, 0x0e, 0xc8, 0x0e, 0xc8, 0x0d, 0xc8, 0x0e, 0xc8, 0x0e, 0xc8,
    0x0e, 0xd0, 0x0e, 0xd0, 0x0e, 0xd8, 0x0e, 0xd8, 0x0e, 0xd0, 0x0e, 0xd0,
    0x0e, 0xd0, 0x0e, 0xd0, 0x0e, 0xd0, 0x0e, 0xd0, 0x0e, 0xd0, 0x0f, 0xd0,
    0x0e, 0xd0, 0x0e, 0xd0, 0x0e, 0xd0, 0x0e, 0xd8, 0x0e, 0xd0, 0x0e, 0xd0,
    0x0f, 0xd0, 0x0e, 0xd0, 0x0f, 0xd0, 0x0e, 0xd0, 0x0f, 0xd0, 0x0e, 0xd0,
    0x0e, 0xd0, 0x0f, 0xd0, 0x0e, 0xd0, 0x0f, 0xd0, 0x0f, 0xd0, 0x0e, 0xd0,
    0x0e, 0xd0, 0x0f, 0xd0, 0x0e, 0xd8, 0x0f, 0xd8, 0x0f, 0xd8, 0x0f, 0xe0,
    0x10, 0xe0, 0x10, 0xe8, 0x10, 0xe8, 0x10, 0xe8, 0x10, 0xe8, 0x0f, 0xe8,
    0x10, 0xe8, 0x0f, 0xe8, 0x10, 0xe8, 0x10, 0xe0, 0x0f, 0xe8, 0x10, 0xe0,
    0x10, 0xe8, 0x10, 0xe0, 0x10, 0xe0, 0x10, 0xe8, 0x10, 0xe0, 0x10, 0xe0,
    0x10, 0xe0, 0x10, 0xe8, 0x10, 0xe0, 0x10, 0xe0, 0x0f, 0xe8, 0x10, 0xe0,
    0x0f, 0xe8, 0x10, 0xe8, 0x0f, 0xe0, 0x0f, 0xe0, 0x10, 0xe8, 0x10, 0xe0,
    0x0f, 0xe0, 0x0f, 0xe0, 0x0f, 0xe0, 0x10, 0xe0, 0x10, 0xe0, 0x0f, 0xe0,
    0x10, 0xe8, 0x10, 0xe8, 0x10, 0xe8, 0x10, 0xe0, 0x10, 0xe8, 0x10, 0xe8,
    0x0f, 0xe8, 0x10, 0xe8, 0x10, 0xe8, 0x10, 0xe8, 0x0f, 0xe8, 0x10, 0xe0,
    0x0f, 0xe8, 0x10, 0xe0, 0x0f, 0xe8, 0x0f, 0xe8, 0x10, 0xe0, 0x10, 0xe8,
    0x10, 0xe8, 0x10, 0xe8, 0x10, 0xe8, 0x10, 0xe0, 0x10, 0xe8, 0x10, 0xe8,
    0x10, 0xe0, 0x10, 0xe8, 0x10, 0xe8, 0x10, 0xe0, 0x0f, 0xe8, 0x10, 0xe8,
    0x10, 0xe0, 0x0f, 0xe8, 0x10, 0xe8, 0x10, 0xe8, 0x10, 0xe8, 0x10, 0xe8,
    0x0f, 0xe8, 0x10, 0xe0, 0x10, 0xe8, 0x0f, 0xe8, 0x10, 0xe8, 0x0f, 0xe8,
    0x10, 0xe8, 0x10, 0xe0, 0x0f, 0xe8, 0x10, 0xe8, 0x10, 0xe0, 0x0f, 0xe8,
    0x10, 0xe8, 0x10, 0xe0, 0x10, 0xe8, 0x0f, 0xe8, 0x10, 0xe0, 0x10, 0xe8,
    0x0f, 0xe8, 0x10, 0xe8, 0x10, 0xe0, 0x10, 0xe0, 0x10, 0xe8, 0x10, 0xe0,
    0x10, 0xe0, 0x10, 0xe8, 0x10, 0xe0, 0x10, 0xe8, 0x0f, 0xe0, 0x10, 0xe8,
    0x10, 0xe8, 0x10, 0xe8, 0x10, 0xe8, 0x10, 0xe8, 0x0f, 0xe0, 0x10, 0xe8,
    0x10, 0xe8, 0x10, 0xe8, 0x10, 0xe8, 0x10, 0xe0, 0x0f, 0xe8, 0x10, 0xe8,
    0x10, 0xe8, 0x0f, 0xe8, 0x10, 0xe8, 0x0f, 0xe8, 0x10, 0xe0, 0x0f, 0xe0,
    0x10, 0xe8, 0x10, 0xe8, 0x0f, 0xe8, 0x10, 0xe8, 0x10, 0xe8, 0x10, 0xe0,
    0x10, 0xe8, 0x10, 0xe8, 0x0f, 0xe0, 0x10, 0xe8, 0x10, 0xe8, 0x10, 0xe8,
    0x0f, 0xe0, 0x10, 0xe8, 0x10, 0xe0, 0x10, 0xe8, 0x10, 0xe8, 0x10, 0xe0,
    0x0f, 0xe8, 0x10, 0xe8, 0x0f, 0xe8, 0x10, 0xe0, 0x0f, 0xe8, 0x10, 0xe8,
    0x10, 0xe8, 0x0f, 0xe8, 0x10, 0xe0, 0x10, 0xe8, 0x10, 0xe8, 0x10, 0xe8,
    0x10, 0xe8, 0x10, 0xe8, 0x10, 0xe8, 0x10, 0xe8, 0x10, 0xe0, 0x0f, 0xe8,
    0x10, 0xe8, 0x10, 0xe0, 0x0f, 0xe8, 0x10, 0xe8, 0x10, 0xe0, 0x0f, 0xe8,
    0x10, 0xe0, 0x10, 0xe8, 0x10, 0xe0, 0x0f, 0xe8, 0x10, 0xe0, 0x10, 0xe8,
    0x0f, 0xe8, 0x10, 0xe8, 0x0f, 0xe0, 0x10, 0xe8, 0x10, 0xe8, 0x10, 0xe8,
    0x10, 0xe0, 0x0f, 0xe8, 0x10, 0xe8, 0x10, 0xe8, 0x10, 0xe8, 0x0f, 0xe8,
    0x10, 0xe8, 0x0f, 0xe0, 0x10, 0xe8, 0x10, 0xe8, 0x0f, 0xe8, 0x0f, 0xe0,
    0x10, 0xe0, 0x10, 0xe0, 0x10, 0xe0, 0x0f, 0xe0, 0x0f, 0xe0, 0x0f, 0xe0,
    0x0f, 0xe0, 0x0f, 0xe0, 0x10, 0xe0, 0x10, 0xe8, 0x0f, 0xe8, 0x10, 0xe0,
    0x10, 0xe0, 0x10, 0xe8, 0x10, 0xe8, 0x10, 0xe0, 0x10, 0xe0, 0x0f, 0xe0,
    0x0f, 0xe0, 0x10, 0xe0, 0x0f, 0xe0, 0x10, 0xe0, 0x10, 0xe0, 0x0f, 0xe0,
    0x10, 0xe0, 0x0f, 0xe0, 0x0f, 0xd8, 0x0f, 0xe0, 0x0f, 0xe0, 0x0f, 0xd8,
    0x0f, 0xd8, 0x0f, 0xd8, 0x0f, 0xd8, 0x0f, 0xd8, 0x0f, 0xd8, 0x0e, 0xd8,
    0x0f, 0xd8, 0x0f, 0xd8, 0x0e, 0xd8, 0x0f, 0xd8, 0x0e, 0xd0, 0x0f, 0xd0,
    0x0f, 0xd8, 0x0e, 0xd0, 0x0f, 0xd0, 0x0f, 0xd0, 0x0e, 0xd0, 0x0e, 0xd0,
    0x0e, 0xd0, 0x0e, 0xd0, 0x0e, 0xd0, 0x0e, 0xc8, 0x0e, 0xd0, 0x0e, 0xc8,
    0x0e, 0xc8, 0x0e, 0xc8, 0x0d, 0xc8, 0x0d, 0xc8, 0x0d, 0xc8, 0x0d, 0xc0,
    0x0e, 0xc8, 0x0e, 0xc8, 0x0e, 0xd0, 0x0e, 0xd0, 0x0e, 0xd0, 0x0e, 0xd0,
    0x0e, 0xd0, 0x0e, 0xd0, 0x0e, 0xd0, 0x0e, 0xd0, 0x0e, 0xd0, 0x0e, 0xd0,
    0x0f, 0xd0, 0x0e, 0xd0, 0x0e, 0xd0, 0x0e, 0xd0, 0x0e, 0xd0, 0x0e, 0xd0,
    0x0e, 0xd8, 0x0e, 0xd0, 0x0e, 0xd0, 0x0e, 0xd8, 0x0e, 0xd0, 0x0e, 0xd0,
    0x0e, 0xd0, 0x0e, 0xd0, 0x0e, 0xd0, 0x0f, 0xd8, 0x0f, 0xd8, 0x0f, 0xe0,
    0x10, 0xe8, 0x10, 0xe8, 0x10, 0xe8, 0x10, 0xe8, 0x10, 0xe8, 0x10, 0xe8,
    0x10, 0xe8, 0x10, 0xe0, 0x10, 0xe8, 0x10, 0xe0, 0x0f, 0xe0, 0x10, 0xe0,
    0x10, 0xe0, 0x10, 0xe8, 0x10, 0xe0, 0x0f, 0xe0, 0x10, 0xe8, 0x10, 0xe8,
    0x0f, 0xe0, 0x10, 0xe0, 0x10, 0xe8, 0x0f, 0xe0, 0x0f, 0xe8, 0x0f, 0xe0,
    0x0f, 0xe0, 0x10, 0xe8, 0x10, 0xe0, 0x0f, 0xe0, 0x10, 0xe0, 0x0f, 0xe0,
    0x0f, 0xe0, 0x0f, 0xe0, 0x10, 0xe0, 0x0f, 0xe0, 0x10, 0xe0, 0x10, 0xe0,
    0x10, 0xe8, 0x10, 0xe8, 0x10, 0xe8, 0x10, 0xe8, 0x0f, 0xe8, 0x10, 0xe8,
    0x0f, 0xe8, 0x0f, 0xe0, 0x10, 0xe8, 0x10, 0xe8, 0x10, 0xe0, 0x0f, 0xe8,
    0x10, 0xe8, 0x10, 0xe0, 0x10, 0xe8, 0x10, 0xe8, 0x10, 0xe8, 0x10, 0xe8,
    0x10, 0xe0, 0x10, 0xe8, 0x0f, 0xe8, 0x10, 0xe8, 0x10, 0xe0, 0x0f, 0xe8,
    0x0f, 0xe8, 0x10, 0xe8, 0x0f, 0xe8, 0x10, 0xe8, 0x0f, 0xe8, 0x10, 0xe8,
    0x10, 0xe0, 0x0f, 0xe8, 0x10, 0xe8, 0x10, 0xe0, 0x10, 0xe8, 0x0f, 0xe8,
    0x10, 0xe0, 0x10, 0xe8, 0x0f, 0xe8, 0x10, 0xe0, 0x10, 0xe8, 0x10, 0xe8,
    0x0f, 0xe0, 0x10, 0xe8, 0x10, 0xe0, 0x0f, 0xe8, 0x10, 0xe8, 0x10, 0xe8,
    0x10, 0xe8, 0x10, 0xe0, 0x10, 0xe8, 0x0f, 0xe8, 0x10, 0xe8, 0x10, 0xe8,
    0x10, 0xe8, 0x10, 0xe0, 0x10, 0xe8, 0x10, 0xe8, 0x10, 0xe8, 0x0f, 0xe8,
    0x10, 0xe8, 0x0f, 0xe8, 0x0f, 0xe8, 0x10, 0xe8, 0x0f, 0xe8, 0x10, 0xe8,
    0x10, 0xe8, 0x0f, 0xe0, 0x10, 0xe8, 0x10, 0xe8, 0x0f, 0xe0, 0x10, 0xe8,
    0x10, 0xe8, 0x0f, 0xe0, 0x10, 0xe8, 0x10, 0xe8, 0x0f, 0xe0, 0x10, 0xe8,
    0x10, 0xe8, 0x0f, 0xe8, 0x10, 0xe0, 0x10, 0xe8, 0x0f, 0xe0, 0x10, 0xe8,
    0x10, 0xe8, 0x10, 0xe8, 0x0f, 0xe8, 0x10, 0xe8, 0x10, 0xe0, 0x0f, 0xe8,
    0x10, 0xe0, 0x10, 0xe8, 0x0f, 0xe8, 0x10, 0xe8, 0x10, 0xe8, 0x0f, 0xe8,
    0x10, 0xe8, 0x10, 0xe8, 0x0f, 0xe8, 0x10, 0xe0, 0x10, 0xe8, 0x10, 0xe8,
    0x0f, 0xe8, 0x10, 0xe0, 0x10, 0xe8, 0x0f, 0xe8, 0x10, 0xe8, 0x10, 0xe8,
    0x10, 0xe8, 0x0f, 0xe8, 0x10, 0xe0, 0x10, 0xe8, 0x0f, 0xe8, 0x10, 0xe8,
    0x0f, 0xe8, 0x10, 0xe0, 0x0f, 0xe8, 0x10, 0xe8, 0x0f, 0xe0, 0x0f, 0xe8,
    0x10, 0xe8, 0x10, 0xe0, 0x0f, 0xe8, 0x10, 0xe8, 0x10, 0xe0, 0x0f, 0xe8,
    0x10, 0xe8, 0x10, 0xe8, 0x10, 0xe8, 0x10, 0xe8, 0x0f, 0xe8, 0x10, 0xe0,
    0x10, 0xe8, 0x10, 0xe8, 0x0f, 0xe8, 0x10, 0xe0, 0x10, 0xe8, 0x0f, 0xe0,
    0x10, 0xe8, 0x10, 0xe8, 0x0f, 0xe0, 0x10, 0xe8, 0x10, 0xe8, 0x10, 0xe8,
    0x10, 0xe0, 0x10, 0xe0, 0x0f, 0xe8, 0x10, 0xe8, 0x10, 0xe0, 0x10, 0xe0,
    0x0f, 0xe0, 0x10, 0xe8, 0x10, 0xe8, 0x0f, 0xe0, 0x0f, 0xe0, 0x0f, 0xe0,
    0x10, 0xe0, 0x10, 0xe0, 0x10, 0xe0, 0x0f, 0xd8, 0x0f, 0xe0, 0x0f, 0xe0,
    0x0f, 0xe0, 0x0f, 0xe0, 0x0f, 0xe0, 0x0f, 0xe0, 0x10, 0xe0, 0x10, 0xe8,
    0x0f, 0xe8, 0x10, 0xe8, 0x10, 0xe8, 0x10, 0xe0, 0x10, 0xe0, 0x0f, 0xe0,
    0x0f, 0xe0, 0x10, 0xe0, 0x0f, 0xe0, 0x0f, 0xe0, 0x0f, 0xd8, 0x10, 0xe0,
    0x0f, 0xe0, 0x0f, 0xe0, 0x0f, 0xe0, 0x0f, 0xe0, 0x0f, 0xe0, 0x0f, 0xd8,
    0x0f, 0xd8, 0x0f, 0xd8, 0x0f, 0xd8, 0x0e, 0xd8, 0x0f, 0xd8, 0x0f, 0xd8,
    0x0e, 0xd0, 0x0f, 0xd8, 0x0e, 0xd0, 0x0f, 0xd0, 0x0f, 0xd8, 0x0e, 0xd8,
    0x0e, 0xd0, 0x0f, 0xd0, 0x0e, 0xd0, 0x0f, 0xd0, 0x0e, 0xd0, 0x0e, 0xd0,
    0x0e, 0xd0, 0x0e, 0xd0, 0x0e, 0xc8, 0x0e, 0xc8, 0x0e, 0xc8, 0x0e, 0xd0,
    0x0e, 0xc8, 0x0e, 0xc8, 0x0e, 0xc8, 0x0e, 0xc8, 0x0e, 0xc0, 0x0d, 0xc0,
    0x0e, 0xd0, 0x0e, 0xd0, 0x0e, 0xd0, 0x0e, 0xd0, 0x0e, 0xd0, 0x0e, 0xd0,
    0x0e, 0xd0, 0x0e, 0xd0, 0x0e, 0xd0, 0x0e, 0xd0, 0x0e, 0xd0, 0x0e, 0xd0,
    0x0e, 0xd0, 0x0e, 0xd0, 0x0e, 0xd0, 0x0e, 0xd0, 0x0e, 0xd0, 0x0e, 0xd0,
    0x0e, 0xd0, 0x0e, 0xd0, 0x0e, 0xd0, 0x0f, 0xd0, 0x0f, 0xd8, 0x0f, 0xe0,
    0x0f, 0xe0, 0x10, 0xe8, 0x10, 0xe8, 0x10, 0xe8, 0x10, 0xe8, 0x10, 0xe0,
    0x10, 0xe0, 0x10, 0xe8, 0x0f, 0xe0, 0x10, 0xe0, 0x0f, 0xe0, 0x0f, 0xe8,
    0x10, 0xe0, 0x10, 0xe8, 0x10, 0xe8, 0x10, 0xe0, 0x0f, 0xe8, 0x10, 0xe0,
    0x10, 0xe0, 0x10, 0xe8, 0x0f, 0xe0, 0x0f, 0xe0, 0x0f, 0xe0, 0x0f, 0xe0,
    0x0f, 0xe0, 0x10, 0xe0, 0x0f, 0xe0, 0x10, 0xe0, 0x0f, 0xe0, 0x0f, 0xe0,
    0x10, 0xe0, 0x0f, 0xe0, 0x10, 0xe0, 0x10, 0xe0, 0x10, 0xe0, 0x10, 0xe0,
    0x0f, 0xe0, 0x0f, 0xe0, 0x10, 0xe0, 0x10, 0xe8, 0x0f, 0xe8, 0x10, 0xe8,
    0x10, 0xe8, 0x0f, 0xe8, 0x10, 0xe0, 0x10, 0xe8, 0x10, 0xe8, 0x10, 0xe8,
    0x10, 0xe8, 0x0f, 0xe0, 0x10, 0xe8, 0x10, 0xe8, 0x0f, 0xe0, 0x10, 0xe8,
    0x10, 0xe8, 0x0f, 0xe8, 0x10, 0xe0, 0x10, 0xe8, 0x10, 0xe8, 0x10, 0xe8,
    0x10, 0xe8, 0x0f, 0xe0, 0x10, 0xe8, 0x10, 0xe8, 0x10, 0xe0, 0x10, 0xe8,
    0x10, 0xe0, 0x0f, 0xe8, 0x10, 0xe8, 0x10, 0xe0, 0x0f, 0xe8, 0x10, 0xe8,
    0x10, 0xe8, 0x10, 0xe8, 0x0f, 0xe8, 0x10, 0xe8, 0x10, 0xe0, 0x10, 0xe8,
    0x0f, 0xe8, 0x10, 0xe0, 0x10, 0xe8, 0x10, 0xe8, 0x10, 0xe8, 0x10, 0xe8,
    0x10, 0xe0, 0x10, 0xe8, 0x0f, 0xe8, 0x10, 0xe0, 0x10, 0xe8, 0x0f, 0xe8,
    0x10, 0xe0, 0x10, 0xe8, 0x0f, 0xe0, 0x10, 0xe8, 0x0f, 0xe8, 0x10, 0xe8,
    0x0f, 0xe8, 0x10, 0xe0, 0x10, 0xe0, 0x10, 0xe8, 0x10, 0xe8, 0x10, 0xe0,
    0x10, 0xe8, 0x10, 0xe8, 0x0f, 0xe8, 0x10, 0xe8, 0x10, 0xe8, 0x10, 0xe8,
    0x10, 0xe8, 0x10, 0xe8, 0x0f, 0xe0, 0x10, 0xe8, 0x10, 0xe8, 0x10, 0xe0,
    0x10, 0xe8, 0x10, 0xe8, 0x0f, 0xe8, 0x10, 0xe0, 0x10, 0xe8, 0x10, 0xe8,
    0x10, 0xe8, 0x10, 0xe8, 0x10, 0xe8, 0x10, 0xe0, 0x10, 0xe0, 0x10, 0xe8,
    0x10, 0xe8, 0x10, 0xe8, 0x10, 0xe8, 0x10, 0xe8, 0x10, 0xe0, 0x10, 0xe8,
    0x0f, 0xe8, 0x10, 0xe0, 0x10, 0xe8, 0x10, 0xe0, 0x10, 0xe8, 0x10, 0xe8,
    0x0f, 0xe0, 0x10, 0xe8, 0x10, 0xe8, 0x0f, 0xe8, 0x10, 0xe8, 0x10, 0xe8,
    0x0f, 0xe0, 0x10, 0xe8, 0x10, 0xe0, 0x10, 0xe8, 0x10, 0xe8, 0x10, 0xe0,
    0x10, 0xe8, 0x10, 0xe8, 0x10, 0xe0, 0x10, 0xe8, 0x10, 0xe8, 0x10, 0xe8,
    0x10, 0xe0, 0x10, 0xe8, 0x10, 0xe8, 0x10, 0xe0, 0x10, 0xe8, 0x0f, 0xe8,
    0x10, 0xe8, 0x10, 0xe8, 0x10, 0xe8, 0x10, 0xe8, 0x10, 0xe0, 0x0f, 0xe8,
    0x10, 0xe8, 0x10, 0xe0, 0x10, 0xe8, 0x0f, 0xe8, 0x10, 0xe8, 0x10, 0xe8,
    0x10, 0xe8, 0x10, 0xe8, 0x10, 0xe8, 0x10, 0xe8, 0x10, 0xe0, 0x10, 0xe8,
    0x0f, 0xe8, 0x10, 0xe0, 0x10, 0xe8, 0x0f, 0xe8, 0x10, 0xe8, 0x10, 0xe8,
    0x10, 0xe8, 0x10, 0xe8, 0x10, 0xe8, 0x10, 0xe8, 0x10, 0xe8, 0x10, 0xe0,
    0x10, 0xe0, 0x10, 0xe8, 0x0f, 0xe0, 0x0f, 0xe0, 0x0f, 0xe0, 0x10, 0xe0,
    0x0f, 0xe0, 0x10, 0xe0, 0x0f, 0xe0, 0x0f, 0xd8, 0x0f, 0xd8, 0x0f, 0xe0,
    0x0f, 0xe0, 0x0f, 0xd8, 0x0f, 0xe0, 0x0f, 0xe0, 0x10, 0xe0, 0x10, 0xe0,
    0x0f, 0xe8, 0x10, 0xe8, 0x10, 0xe8, 0x0f, 0xe0, 0x10, 0xe0, 0x10, 0xe0,
    0x0f, 0xe0, 0x10, 0xe0, 0x10, 0xe0, 0x0f, 0xe0, 0x0f, 0xd8, 0x10, 0xe0,
    0x0f, 0xd8, 0x0f, 0xe0, 0x0f, 0xe0, 0x0f, 0xe0, 0x0f, 0xd8, 0x0f, 0xd8,
    0x0f, 0xd8, 0x0f, 0xd8, 0x0f, 0xd8, 0x0f, 0xd8, 0x0f, 0xd8, 0x0f, 0xd8,
    0x0e, 0xd8, 0x0f, 0xd0, 0x0e, 0xd0, 0x0e, 0xd8, 0x0f, 0xd0, 0x0e, 0xd8,
    0x0e, 0xd0, 0x0e, 0xd0, 0x0f, 0xd0, 0x0e, 0xd0, 0x0e, 0xd0, 0x0e, 0xc8,
    0x0e, 0xd0, 0x0e, 0xd0, 0x0e, 0xc8, 0x0e, 0xc8, 0x0e, 0xc8, 0x0e, 0xc8,
    0x0e, 0xc8, 0x0e, 0xc8, 0x0e, 0xc8, 0x0d, 0xc8, 0x0e, 0xc8, 0x0e, 0xc8,
    0x0e, 0xc8, 0x0e, 0xc8, 0x0e, 0xc8, 0x0e, 0xc8, 0x0e, 0xd0, 0x0e, 0xd0,
    0x0e, 0xd0, 0x0e, 0xd0, 0x0e, 0xd0, 0x0e, 0xd0, 0x0e, 0xc8, 0x0e, 0xd0,
    0x0e, 0xc8, 0x0e, 0xc8, 0x0e, 0xd0, 0x0f, 0xd0, 0x0f, 0xd0, 0x0f, 0xd8,
    0x0f, 0xe0, 0x10, 0xe0, 0x10, 0xe8, 0x10, 0xe8, 0x10, 0xe8, 0x10, 0xe0,
    0x10, 0xe0, 0x0f, 0xe0, 0x10, 0xe0, 0x0f, 0xe8, 0x10, 0xe0, 0x10, 0xe8,
    0x10, 0xe0, 0x10, 0xe0, 0x10, 0xe8, 0x10, 0xe0, 0x0f, 0xe0, 0x0f, 0xe0,
    0x10, 0xe0, 0x0f, 0xe0, 0x0f, 0xe0, 0x0f, 0xe0, 0x0f, 0xe0, 0x0f, 0xe0,
    0x10, 0xe0, 0x10, 0xe0, 0x10, 0xe0, 0x0f, 0xe0, 0x10, 0xe0, 0x10, 0xe0,
    0x0f, 0xe0, 0x10, 0xe0, 0x10, 0xe0, 0x0f, 0xe0, 0x0f, 0xe0, 0x10, 0xe0,
    0x0f, 0xe0, 0x0f, 0xe0, 0x0f, 0xe0, 0x0f, 0xe0, 0x10, 0xe0, 0x10, 0xe8,
    0x10, 0xe8, 0x0f, 0xe8, 0x10, 0xe8, 0x10, 0xe0, 0x0f, 0xe8, 0x10, 0xe8,
    0x10, 0xe0, 0x10, 0xe8, 0x10, 0xe8, 0x10, 0xe0, 0x0f, 0xe8, 0x10, 0xe8,
    0x10, 0xe8, 0x10, 0xe8, 0x10, 0xe8, 0x0f, 0xe8, 0x10, 0xe0, 0x10, 0xe8,
    0x0f, 0xe8, 0x0f, 0xe0, 0x10, 0xe8, 0x0f, 0xe8, 0x10, 0xe0, 0x10, 0xe8,
    0x10, 0xe8, 0x10, 0xe8, 0x0f, 0xe8, 0x10, 0xe0, 0x10, 0xe8, 0x10, 0xe8,
    0x10, 0xe0, 0x10, 0xe8, 0x10, 0xe8, 0x10, 0xe0, 0x10, 0xe8, 0x0f, 0xe8,
    0x10, 0xe0, 0x10, 0xe8, 0x10, 0xe8, 0x0f, 0xe8, 0x10, 0xe8, 0x10, 0xe8,
    0x0f, 0xe8, 0x10, 0xe0, 0x0f, 0xe8, 0x10, 0xe8, 0x10, 0xe8, 0x10, 0xe8,
    0x0f, 0xe0, 0x10, 0xe8, 0x10, 0xe8, 0x0f, 0xe8, 0x10, 0xe8, 0x10, 0xe8,
    0x10, 0xe0, 0x10, 0xe8, 0x10, 0xe8, 0x0f, 0xe0, 0x10, 0xe8, 0x10, 0xe8,
    0x0f, 0xe8, 0x10, 0xe8, 0x10, 0xe0, 0x0f, 0xe8, 0x10, 0xe8, 0x10, 0xe0,
    0x10, 0xe0, 0x0f, 0xe8, 0x10, 0xe0, 0x10, 0xe8, 0x0f, 0xe8, 0x10, 0xe0,
    0x10, 0xe8, 0x0f, 0xe8, 0x10, 0xe8, 0x10, 0xe8, 0x0f, 0xe8, 0x10, 0xe8,
    0x10, 0xe8, 0x10, 0xe8, 0x0f, 0xe0, 0x10, 0xe8, 0x0f, 0xe8, 0x10, 0xe0,
    0x0f, 0xe8, 0x0f, 0xe8, 0x10, 0xe8, 0x0f, 0xe0, 0x10, 0xe8, 0x0f, 0xe0,
    0x10, 0xe8, 0x0f, 0xe8, 0x10, 0xe8, 0x10, 0xe8, 0x10, 0xe0, 0x0f, 0xe8,
    0x10, 0xe8, 0x10, 0xe0, 0x0f, 0xe8, 0x10, 0xe8, 0x10, 0xe8, 0x10, 0xe8,
    0x10, 0xe0, 0x10, 0xe8, 0x10, 0xe8, 0x10, 0xe0, 0x10, 0xe8, 0x10, 0xe8,
    0x0f, 0xe8, 0x10, 0xe0, 0x0f, 0xe8, 0x10, 0xe8, 0x0f, 0xe8, 0x10, 0xe8,
    0x10, 0xe0, 0x0f, 0xe8, 0x10, 0xe8, 0x10, 0xe8, 0x0f, 0xe8, 0x10, 0xe8,
    0x10, 0xe8, 0x10, 0xe0, 0x0f, 0xe8, 0x10, 0xe8, 0x10, 0xe0, 0x0f, 0xe8,
    0x10, 0xe8, 0x10, 0xe0, 0x0f, 0xe8, 0x10, 0xe8, 0x10, 0xe0, 0x0f, 0xe8,
    0x10, 0xe8, 0x10, 0xe8, 0x0f, 0xe0, 0x10, 0xe0, 0x10, 0xe8, 0x0f, 0xe8,
    0x10, 0xe0, 0x0f, 0xe8, 0x10, 0xe0, 0x10, 0xe0, 0x10, 0xe8, 0x0f, 0xe0,
    0x10, 0xe8, 0x10, 0xe8, 0x0f, 0xe0, 0x10, 0xe8, 0x0f, 0xe0, 0x0f, 0xe8,
    0x10, 0xe8, 0x0f, 0xe8, 0x10, 0xe8, 0x0f, 0xe8, 0x10, 0xe0, 0x10, 0xe8,
    0x10, 0xe8, 0x10, 0xe0, 0x10, 0xe0, 0x0f, 0xe0, 0x0f, 0xe0, 0x10, 0xe0,
    0x10, 0xe0, 0x0f, 0xe0, 0x10, 0xe0, 0x10, 0xe0, 0x0f, 0xd8, 0x0f, 0xe0,
    0x0f, 0xd8, 0x0f, 0xd8, 0x0f, 0xd8, 0x0f, 0xd8, 0x0f, 0xe0, 0x10, 0xe0,
    0x10, 0xe0, 0x10, 0xe8, 0x10, 0xe0, 0x0f, 0xe0, 0x10, 0xe0, 0x10, 0xe0,
    0x0f, 0xe0, 0x10, 0xe0, 0x0f, 0xe0, 0x0f, 0xe0, 0x10, 0xe0, 0x0f, 0xd8,
    0x0f, 0xd8, 0x0f, 0xe0, 0x0f, 0xe0, 0x0f, 0xe0, 0x0f, 0xd8, 0x0f, 0xd8,
    0x0f, 0xd8, 0x0f, 0xd8, 0x0f, 0xd8, 0x0f, 0xd8, 0x0f, 0xd8, 0x0e, 0xd8,
    0x0f, 0xd8, 0x0f, 0xd0, 0x0f, 0xd0, 0x0f, 0xd8, 0x0e, 0xd0, 0x0f, 0xd0,
    0x0e, 0xd0, 0x0e, 0xd0, 0x0f, 0xd0, 0x0e, 0xd0, 0x0e, 0xd0, 0x0e, 0xd0,
    0x0e, 0xd0, 0x0e, 0xc8, 0x0e, 0xd0, 0x0e, 0xc8, 0x0e, 0xc8, 0x0e, 0xd0,
    0x0e, 0xc8, 0x0e, 0xc8, 0x0e, 0xc8, 0x0e, 0xc8, 0x0e, 0xc8, 0x0e, 0xc8,
    0x0e, 0xc8, 0x0e, 0xc8, 0x0e, 0xc8, 0x0e, 0xc8, 0x0e, 0xc8, 0x0e, 0xc8,
    0x0e, 0xc8, 0x0e, 0xc8, 0x0e, 0xc8, 0x0e, 0xc8, 0x0f, 0xd0, 0x0f, 0xd0,
    0x0f, 0xd8, 0x0f, 0xe0, 0x10, 0xe0, 0x10, 0xe0, 0x10, 0xe8, 0x10, 0xe8,
    0x10, 0xe0, 0x10, 0xe0, 0x0f, 0xe0, 0x10, 0xe8, 0x10, 0xe8, 0x0f, 0xe0,
    0x10, 0xe0, 0x0f, 0xe8, 0x0f, 0xe0, 0x10, 0xe0, 0x0f, 0xe0, 0x0f, 0xe8,
    0x0f, 0xe0, 0x10, 0xe0, 0x0f, 0xe0, 0x0f, 0xe8, 0x10, 0xe0, 0x10, 0xe0,
    0x10, 0xe0, 0x10, 0xe0, 0x0f, 0xe0, 0x10, 0xe0, 0x0f, 0xe0, 0x0f, 0xe0,
    0x10, 0xe0, 0x0f, 0xe0, 0x10, 0xe0, 0x0f, 0xe0, 0x0f, 0xe0, 0x0f, 0xe0,
    0x10, 0xe0, 0x0f, 0xe0, 0x0f, 0xe0, 0x0f, 0xe0, 0x0f, 0xe0, 0x10, 0xe0,
    0x10, 0xe0, 0x10, 0xe8, 0x10, 0xe8, 0x10, 0xe8, 0x0f, 0xe8, 0x10, 0xe8,
    0x10, 0xe0, 0x10, 0xe8, 0x10, 0xe8, 0x10, 0xe8, 0x0f, 0xe8, 0x0f, 0xe8,
    0x10, 0xe0, 0x10, 0xe8, 0x10, 0xe8, 0x10, 0xe0, 0x0f, 0xe8, 0x10, 0xe0,
    0x10, 0xe8, 0x10, 0xe8, 0x10, 0xe0, 0x10, 0xe8, 0x10, 0xe8, 0x10, 0xe8,
    0x10, 0xe8, 0x10, 0xe0, 0x0f, 0xe8, 0x10, 0xe8, 0x10, 0xe0, 0x0f, 0xe8,
    0x10, 0xe8, 0x10, 0xe8, 0x0f, 0xe8, 0x10, 0xe8, 0x10, 0xe8, 0x0f, 0xe8,
    0x10, 0xe8, 0x10, 0xe0, 0x0f, 0xe8, 0x10, 0xe8, 0x10, 0xe0, 0x10, 0xe8,
    0x0f, 0xe8, 0x10, 0xe0, 0x10, 0xe8, 0x10, 0xe8, 0x10, 0xe0, 0x0f, 0xe8,
    0x10, 0xe8, 0x0f, 0xe0, 0x10, 0xe8, 0x10, 0xe8, 0x10, 0xe8, 0x10, 0xe0,
    0x10, 0xe8, 0x10, 0xe0, 0x10, 0xe8, 0x0f, 0xe8, 0x10, 0xe8, 0x10, 0xe8,
    0x10, 0xe0, 0x10, 0xe8, 0x10, 0xe8, 0x10, 0xe8, 0x0f, 0xe8, 0x10, 0xe0,
    0x10, 0xe8, 0x0f, 0xe8, 0x10, 0xe8, 0x10, 0xe8, 0x10, 0xe8, 0x10, 0xe8,
    0x0f, 0xe0, 0x10, 0xe8, 0x10, 0xe8, 0x10, 0xe8, 0x10, 0xe8, 0x10, 0xe0,
    0x0f, 0xe8, 0x10, 0xe0, 0x10, 0xe8, 0x0f, 0xe0, 0x10, 0xe8, 0x10, 0xe8,
    0x10, 0xe0, 0x0f, 0xe8, 0x10, 0xe8, 0x10, 0xe0, 0x10, 0xe8, 0x10, 0xe8,
    0x10, 0xe8, 0x10, 0xe8, 0x0f, 0xe8, 0x10, 0xe8, 0x10, 0xe0, 0x10, 0xe8,
    0x0f, 0xe8, 0x10, 0xe0, 0x10, 0xe8, 0x10, 0xe8, 0x0f, 0xe8, 0x10, 0xe8,
    0x10, 0xe0, 0x0f, 0xe8, 0x10, 0xe8, 0x0f, 0xe0, 0x10, 0xe8, 0x0f, 0xe8,
    0x10, 0xe0, 0x0f, 0xe8, 0x10, 0xe8, 0x10, 0xe8, 0x10, 0xe8, 0x0f, 0xe8,
    0x10, 0xe0, 0x10, 0xe8, 0x10, 0xe8, 0x0f, 0xe0, 0x10, 0xe8, 0x10, 0xe8,
    0x0f, 0xe0, 0x10, 0xe0, 0x10, 0xe8, 0x0f, 0xe8, 0x10, 0xe0, 0x10, 0xe8,
    0x0f, 0xe8, 0x10, 0xe8, 0x10, 0xe0, 0x10, 0xe8, 0x0f, 0xe8, 0x10, 0xe8,
    0x10, 0xe8, 0x10, 0xe8, 0x10, 0xe8, 0x10, 0xe8, 0x10, 0xe0, 0x10, 0xe8,
    0x10, 0xe8, 0x0f, 0xe8, 0x10, 0xe8, 0x10, 0xe0, 0x0f, 0xe8, 0x10, 0xe8,
    0x10, 0xe8, 0x0f, 0xe8, 0x10, 0xe0, 0x10, 0xe0, 0x0f, 0xe0, 0x10, 0xe0,
    0x10, 0xe8, 0x10, 0xe8, 0x10, 0xe8, 0x10, 0xe0, 0x10, 0xe8, 0x10, 0xe0,
    0x0f, 0xe8, 0x10, 0xe8, 0x10, 0xe0, 0x10, 0xe8, 0x10, 0xe8, 0x10, 0xe0,
    0x10, 0xe0, 0x0f, 0xe8, 0x10, 0xe0, 0x0f, 0xe0, 0x10, 0xe0, 0x0f, 0xe0,
    0x0f, 0xe0, 0x0f, 0xe0, 0x0f, 0xe0, 0x10, 0xe0, 0x0f, 0xe0, 0x0f, 0xe0,
    0x0f, 0xd8, 0x0f, 0xd8, 0x0f, 0xd8, 0x0f, 0xd8, 0x0f, 0xd8, 0x0f, 0xe0,
    0x0f, 0xe0, 0x10, 0xe8, 0x0f, 0xe0, 0x0f, 0xe0, 0x10, 0xe0, 0x10, 0xe0,
    0x10, 0xe0, 0x0f, 0xe0, 0x0f, 0xe0, 0x10, 0xe0, 0x0f, 0xe0, 0x0f, 0xe0,
    0x0f, 0xe0, 0x0f, 0xe0, 0x0f, 0xd8, 0x0f, 0xd8, 0x0f, 0xd8, 0x0f, 0xd8,
    0x0f, 0xd8, 0x0f, 0xd8, 0x0f, 0xd8, 0x0f, 0xd8, 0x0e, 0xd8, 0x0f, 0xd8,
    0x0e, 0xd8, 0x0e, 0xd0, 0x0f, 0xd8, 0x0f, 0xd0, 0x0e, 0xd0, 0x0e, 0xd0,
    0x0e, 0xd0, 0x0f, 0xd0, 0x0e, 0xd0, 0x0e, 0xd0, 0x0e, 0xd0, 0x0e, 0xd0,
    0x0e, 0xc8, 0x0e, 0xd0, 0x0e, 0xd0, 0x0e, 0xc8, 0x0e, 0xc8, 0x0e, 0xc8,
    0x0e, 0xc8, 0x0e, 0xc8, 0x0e, 0xd0, 0x0e, 0xd0, 0x0e, 0xc8, 0x0e, 0xc8,
    0x0e, 0xc8, 0x0e, 0xc8, 0x0e, 0xc8, 0x0e, 0xc8, 0x0e, 0xc8, 0x0f, 0xd0,
    0x0f, 0xd8, 0x0f, 0xe0, 0x10, 0xe0, 0x10, 0xe8, 0x10, 0xe8, 0x10, 0xe8,
    0x10, 0xe0, 0x0f, 0xe0, 0x10, 0xe0, 0x0f, 0xe0, 0x0f, 0xe0, 0x0f, 0xe0,
    0x0f, 0xe0, 0x0f, 0xe0, 0x0f, 0xe0, 0x10, 0xe0, 0x0f, 0xe0, 0x10, 0xe0,
    0x0f, 0xe0, 0x0f, 0xe0, 0x10, 0xe0, 0x0f, 0xe0, 0x10, 0xe0, 0x10, 0xe0,
    0x0f, 0xe0, 0x10, 0xe0, 0x0f, 0xe0, 0x0f, 0xe0, 0x0f, 0xe0, 0x0f, 0xe0,
    0x10, 0xe0, 0x0f, 0xe0, 0x0f, 0xe0, 0x0f, 0xe0, 0x0f, 0xe0, 0x0f, 0xe0,
    0x0f, 0xe0, 0x0f, 0xe0, 0x0f, 0xe0, 0x0f, 0xe0, 0x0f, 0xe0, 0x0f, 0xe0,
    0x10, 0xe0, 0x10, 0xe0, 0x0f, 0xe0, 0x10, 0xe8, 0x10, 0xe8, 0x10, 0xe8,
    0x0f, 0xe8, 0x10, 0xe8, 0x10, 0xe8, 0x10, 0xe0, 0x0f, 0xe8, 0x10, 0xe8,
    0x10, 0xe0, 0x10, 0xe8, 0x10, 0xe8, 0x10, 0xe0, 0x0f, 0xe8, 0x10, 0xe8,
    0x10, 0xe8, 0x0f, 0xe8, 0x10, 0xe0, 0x10, 0xe8, 0x0f, 0xe8, 0x10, 0xe0,
    0x0f, 0xe8, 0x10, 0xe0, 0x10, 0xe8, 0x0f, 0xe8, 0x10, 0xe8, 0x10, 0xe8,
    0x10, 0xe8, 0x0f, 0xe8, 0x10, 0xe8, 0x10, 0xe0, 0x10, 0xe8, 0x10, 0xe8,
    0x0f, 0xe0, 0x10, 0xe8, 0x10, 0xe0, 0x0f, 0xe8, 0x10, 0xe8, 0x10, 0xe8,
    0x0f, 0xe8, 0x10, 0xe8, 0x10, 0xe8, 0x0f, 0xe8, 0x10, 0xe0, 0x10, 0xe8,
    0x10, 0xe8, 0x0f, 0xe0, 0x10, 0xe8, 0x10, 0xe8, 0x10, 0xe8, 0x10, 0xe0,
    0x0f, 0xe8, 0x10, 0xe8, 0x0f, 0xe0, 0x10, 0xe8, 0x0f, 0xe8, 0x10, 0xe8,
    0x10, 0xe0, 0x0f, 0xe8, 0x10, 0xe8, 0x0f, 0xe0, 0x10, 0xe8, 0x0f, 0xe8,
    0x10, 0xe0, 0x10, 0xe8, 0x10, 0xe8, 0x10, 0xe0, 0x10, 0xe8, 0x10, 0xe8,
    0x0f, 0xe0, 0x10, 0xe8, 0x10, 0xe8, 0x0f, 0xe8, 0x10, 0xe8, 0x10, 0xe0,
    0x0f, 0xe8, 0x10, 0xe8, 0x10, 0xe0, 0x0f, 0xe8, 0x10, 0xe8, 0x10, 0xe8,
    0x10, 0xe0, 0x10, 0xe8, 0x0f, 0xe8, 0x10, 0xe8, 0x10, 0xe8, 0x10, 0xe8,
    0x10, 0xe8, 0x10, 0xe8, 0x10, 0xe8, 0x0f, 0xe0, 0x10, 0xe8, 0x10, 0xe8,
    0x10, 0xe0, 0x10, 0xe8, 0x10, 0xe8, 0x10, 0xe0, 0x10, 0xe8, 0x0f, 0xe8,
    0x10, 0xe8, 0x10, 0xe0, 0x10, 0xe8, 0x10, 0xe8, 0x10, 0xe8, 0x10, 0xe0,
    0x10, 0xe8, 0x10, 0xe8, 0x0f, 0xe8, 0x10, 0xe8, 0x10, 0xe8, 0x10, 0xe8,
    0x0f, 0xe0, 0x10, 0xe8, 0x10, 0xe8, 0x10, 0xe0, 0x10, 0xe8, 0x10, 0xe8,
    0x10, 0xe8, 0x0f, 0xe8, 0x10, 0xe8, 0x10, 0xe8, 0x10, 0xe8, 0x10, 0xe8,
    0x10, 0xe0, 0x0f, 0xe8, 0x10, 0xe8, 0x10, 0xe8, 0x10, 0xe8, 0x10, 0xe0,
    0x10, 0xe8, 0x10, 0xe8, 0x10, 0xe0, 0x0f, 0xe8, 0x10, 0xe0, 0x0f, 0xe8,
    0x10, 0xe8, 0x0f, 0xe0, 0x10, 0xe8, 0x10, 0xe8, 0x0f, 0xe8, 0x10, 0xe8,
    0x10, 0xe0, 0x10, 0xe8, 0x10, 0xe8, 0x10, 0xe8, 0x10, 0xe8, 0x0f, 0xe8,
    0x10, 0xe0, 0x10, 0xe8, 0x10, 0xe8, 0x0f, 0xe0, 0x0f, 0xe0, 0x10, 0xe0,
    0x10, 0xe8, 0x0f, 0xe8, 0x10, 0xe8, 0x10, 0xe8, 0x10, 0xe0, 0x10, 0xe8,
    0x0f, 0xe8, 0x10, 0xe0, 0x0f, 0xe0, 0x10, 0xe8, 0x10, 0xe8, 0x10, 0xe0,
    0x0f, 0xe0, 0x10, 0xe0, 0x0f, 0xe0, 0x10, 0xe0, 0x0f, 0xe0, 0x0f, 0xd8,
    0x0f, 0xe0, 0x0f, 0xe0, 0x0f, 0xd8, 0x0f, 0xe0, 0x0f, 0xe0, 0x0f, 0xd8,
    0x0f, 0xd8, 0x0f, 0xd8, 0x0f, 0xd8, 0x0f, 0xd8, 0x0f, 0xd8, 0x0f, 0xd8,
    0x0f, 0xe0, 0x0f, 0xe0, 0x10, 0xe8, 0x0f, 0xe0, 0x0f, 0xe0, 0x10, 0xe0,
    0x10, 0xe0, 0x0f, 0xe0, 0x0f, 0xe0, 0x10, 0xd8, 0x0f, 0xe0, 0x0f, 0xe0,
    0x0f, 0xe0, 0x0f, 0xe0, 0x0f, 0xd8, 0x0f, 0xe0, 0x0f, 0xd8, 0x0f, 0xd8,
    0x0f, 0xd8, 0x0f, 0xd8, 0x0f, 0xd8, 0x0f, 0xd8, 0x0f, 0xd8, 0x0e, 0xd8,
    0x0f, 0xd0, 0x0f, 0xd8, 0x0f, 0xd8, 0x0e, 0xd0, 0x0f, 0xd0, 0x0e, 0xd0,
    0x0e, 0xd0, 0x0e, 0xd0, 0x0e, 0xd0, 0x0e, 0xd0, 0x0e, 0xc8, 0x0e, 0xc8,
    0x0e, 0xd0, 0x0e, 0xc8, 0x0e, 0xc8, 0x0e, 0xc8, 0x0e, 0xc8, 0x0e, 0xc8,
    0x0e, 0xc8, 0x0e, 0xc8, 0x0e, 0xc8, 0x0e, 0xc8, 0x0e, 0xc8, 0x0e, 0xd0,
    0x0f, 0xd0, 0x0f, 0xd8, 0x0f, 0xe0, 0x10, 0xe0, 0x10, 0xe8, 0x10, 0xe0,
    0x0f, 0xe0, 0x0f, 0xe0, 0x0f, 0xe0, 0x10, 0xe0, 0x0f, 0xe0, 0x0f, 0xe0,
    0x10, 0xe8, 0x0f, 0xe0, 0x10, 0xe0, 0x10, 0xe0, 0x10, 0xe0, 0x10, 0xe0,
    0x0f, 0xe0, 0x10, 0xe0, 0x10, 0xe0, 0x0f, 0xe0, 0x10, 0xe0, 0x10, 0xe0,
    0x0f, 0xe0, 0x0f, 0xe0, 0x0f, 0xe0, 0x0f, 0xe0, 0x0f, 0xe0, 0x0f, 0xe0,
    0x0f, 0xe0, 0x0f, 0xe0, 0x0f, 0xe0, 0x0f, 0xe0, 0x0f, 0xe0, 0x0f, 0xe0,
    0x10, 0xe0, 0x0f, 0xe0, 0x0f, 0xe0, 0x10, 0xe0, 0x0f, 0xe0, 0x0f, 0xe0,
    0x10, 0xe0, 0x0f, 0xd8, 0x0f, 0xe0, 0x10, 0xe0, 0x10, 0xe0, 0x10, 0xe0,
    0x10, 0xe8, 0x10, 0xe8, 0x0f, 0xe8, 0x10, 0xe0, 0x10, 0xe8, 0x0f, 0xe8,
    0x10, 0xe0, 0x10, 0xe8, 0x0f, 0xe8, 0x10, 0xe8, 0x0f, 0xe0, 0x10, 0xe8,
    0x10, 0xe8, 0x10, 0xe8, 0x10, 0xe8, 0x0f, 0xe0, 0x10, 0xe8, 0x10, 0xe0,
    0x10, 0xe8, 0x10, 0xe8, 0x10, 0xe0, 0x0f, 0xe0, 0x10, 0xe8, 0x10, 0xe8,
    0x0f, 0xe0, 0x10, 0xe8, 0x10, 0xe0, 0x0f, 0xe8, 0x10, 0xe0, 0x10, 0xe8,
    0x10, 0xe8, 0x0f, 0xe8, 0x10, 0xe0, 0x10, 0xe8, 0x10, 0xe8, 0x10, 0xe0,
    0x10, 0xe8, 0x10, 0xe8, 0x10, 0xe0, 0x10, 0xe8, 0x10, 0xe0, 0x10, 0xe8,
    0x10, 0xe8, 0x10, 0xe0, 0x10, 0xe8, 0x10, 0xe8, 0x0f, 0xe8, 0x10, 0xe8,
    0x10, 0xe8, 0x10, 0xe8, 0x10, 0xe0, 0x10, 0xe8, 0x10, 0xe8, 0x10, 0xe8,
    0x10, 0xe8, 0x0f, 0xe8, 0x10, 0xe8, 0x10, 0xe8, 0x10, 0xe8, 0x10, 0xe0,
    0x10, 0xe8, 0x10, 0xe8, 0x0f, 0xe8, 0x10, 0xe8, 0x10, 0xe0, 0x0f, 0xe8,
    0x10, 0xe8, 0x0f, 0xe8, 0x10, 0xe8, 0x10, 0xe8, 0x10, 0xe0, 0x0f, 0xe8,
    0x10, 0xe0, 0x10, 0xe8, 0x10, 0xe8, 0x10, 0xe8, 0x0f, 0xe0, 0x10, 0xe8,
    0x10, 0xe8, 0x10, 0xe8, 0x10, 0xe8, 0x0f, 0xe8, 0x10, 0xe8, 0x10, 0xe8,
    0x10, 0xe0, 0x0f, 0xe8, 0x10, 0xe0, 0x10, 0xe8, 0x0f, 0xe0, 0x10, 0xe8,
    0x0f, 0xe8, 0x10, 0xe0, 0x10, 0xe8, 0x0f, 0xe8, 0x10, 0xe0, 0x0f, 0xe8,
    0x0f, 0xe8, 0x10, 0xe8, 0x10, 0xe8, 0x10, 0xe8, 0x0f, 0xe0, 0x10, 0xe8,
    0x0f, 0xe8, 0x10, 0xe8, 0x0f, 0xe8, 0x10, 0xe8, 0x10, 0xe0, 0x10, 0xe8,
    0x10, 0xe0, 0x10, 0xe8, 0x10, 0xe8, 0x10, 0xe0, 0x0f, 0xe8, 0x10, 0xe8,
    0x10, 0xe0, 0x0f, 0xe8, 0x10, 0xe8, 0x0f, 0xe0, 0x10, 0xe8, 0x10, 0xe0,
    0x10, 0xe8, 0x0f, 0xe0, 0x10, 0xe8, 0x10, 0xe8, 0x0f, 0xe8, 0x10, 0xe8,
    0x10, 0xe0, 0x0f, 0xe8, 0x10, 0xe8, 0x0f, 0xe8, 0x0f, 0xe8, 0x10, 0xe8,
    0x10, 0xe8, 0x10, 0xe0, 0x10, 0xe8, 0x10, 0xe8, 0x0f, 0xe0, 0x10, 0xe8,
    0x10, 0xe8, 0x0f, 0xe0, 0x10, 0xe8, 0x10, 0xe8, 0x0f, 0xe0, 0x10, 0xe8,
    0x10, 0xe8, 0x0f, 0xe0, 0x10, 0xe8, 0x10, 0xe8, 0x10, 0xe8, 0x10, 0xe0,
    0x10, 0xe8, 0x10, 0xe8, 0x10, 0xe0, 0x0f, 0xe0, 0x0f, 0xe0, 0x10, 0xe0,
    0x10, 0xe8, 0x0f, 0xe8, 0x10, 0xe8, 0x10, 0xe8, 0x10, 0xe8, 0x0f, 0xe8,
    0x10, 0xe0, 0x10, 0xe8, 0x0f, 0xe8, 0x10, 0xe0, 0x10, 0xe8, 0x0f, 0xe0,
    0x10, 0xe0, 0x10, 0xe0, 0x10, 0xe0, 0x10, 0xe0, 0x10, 0xe0, 0x0f, 0xd8,
    0x0f, 0xe0, 0x10, 0xe0, 0x0f, 0xe0, 0x0f, 0xe0, 0x0f, 0xe0, 0x0f, 0xd8,
    0x0f, 0xd8, 0x0f, 0xd8, 0x0f, 0xd8, 0x0f, 0xd8, 0x0f, 0xd8, 0x0f, 0xd8,
    0x0f, 0xd8, 0x0f, 0xe0, 0x10, 0xe0, 0x10, 0xe0, 0x0f, 0xe0, 0x10, 0xe0,
    0x0f, 0xe0, 0x0f, 0xd8, 0x10, 0xe0, 0x0f, 0xe0, 0x0f, 0xe0, 0x0f, 0xe0,
    0x0f, 0xe0, 0x0f, 0xd8, 0x0f, 0xd8, 0x0f, 0xe0, 0x0e, 0xd8, 0x0f, 0xd8,
    0x0f, 0xd8, 0x0f, 0xd8, 0x0f, 0xd8, 0x0e, 0xd8, 0x0f, 0xd0, 0x0e, 0xd8,
    0x0e, 0xd0, 0x0f, 0xd0, 0x0e, 0xd8, 0x0f, 0xd0, 0x0f, 0xd0, 0x0e, 0xd0,
    0x0f, 0xd0, 0x0e, 0xd0, 0x0e, 0xd0, 0x0e, 0xd0, 0x0e, 0xd0, 0x0e, 0xc8,
    0x0e, 0xc8, 0x0e, 0xd0, 0x0d, 0xc0, 0x0d, 0xc0, 0x0d, 0xc8, 0x0e, 0xc8,
    0x0e, 0xc8, 0x0e, 0xd0, 0x0f, 0xe0, 0x0f, 0xe0, 0x10, 0xe0, 0x10, 0xe8,
    0x0f, 0xe0, 0x0f, 0xe0, 0x0f, 0xe0, 0x10, 0xe0, 0x0f, 0xe0, 0x10, 0xe0,
    0x0f, 0xe0, 0x10, 0xe0, 0x0f, 0xe0, 0x10, 0xe0, 0x10, 0xe0, 0x0f, 0xe0,
    0x0f, 0xe0, 0x0f, 0xe0, 0x0f, 0xe0, 0x0f, 0xe0, 0x0f, 0xe0, 0x0f, 0xe0,
    0x0f, 0xe0, 0x0f, 0xe0, 0x0f, 0xe0, 0x0f, 0xe0, 0x0f, 0xe0, 0x0f, 0xe0,
    0x0f, 0xe0, 0x0f, 0xe0, 0x10, 0xe0, 0x0f, 0xe0, 0x10, 0xe0, 0x10, 0xe0,
    0x0f, 0xe0, 0x10, 0xe0, 0x0f, 0xe0, 0x0f, 0xe0, 0x0f, 0xd8, 0x0f, 0xd8,
    0x0f, 0xd8, 0x0f, 0xd8, 0x0f, 0xd8, 0x0f, 0xd8, 0x0f, 0xe0, 0x10, 0xe0,
    0x10, 0xe0, 0x10, 0xe8, 0x10, 0xe8, 0x0f, 0xe8, 0x10, 0xe8, 0x10, 0xe8,
    0x10, 0xe0, 0x10, 0xe8, 0x10, 0xe8, 0x10, 0xe0, 0x10, 0xe8, 0x10, 0xe8,
    0x10, 0xe8, 0x10, 0xe8, 0x10, 0xe8, 0x0f, 0xe0, 0x0f, 0xe8, 0x10, 0xe8,
    0x10, 0xe0, 0x10, 0xe0, 0x0f, 0xe0, 0x10, 0xe8, 0x0f, 0xe0, 0x10, 0xe0,
    0x10, 0xe8, 0x10, 0xe8, 0x10, 0xe8, 0x10, 0xe8, 0x10, 0xe8, 0x10, 0xe8,
    0x10, 0xe8, 0x0f, 0xe0, 0x10, 0xe8, 0x10, 0xe8, 0x0f, 0xe0, 0x10, 0xe8,
    0x10, 0xe8, 0x0f, 0xe8, 0x10, 0xe8, 0x0f, 0xe8, 0x0f, 0xe8, 0x10, 0xe8,
    0x0f, 0xe8, 0x10, 0xe0, 0x0f, 0xe8, 0x10, 0xe8, 0x0f, 0xe0, 0x10, 0xe8,
    0x10, 0xe8, 0x0f, 0xe0, 0x10, 0xe8, 0x10, 0xe0, 0x0f, 0xe8, 0x0f, 0xe8,
    0x10, 0xe8, 0x0f, 0xe8, 0x10, 0xe0, 0x10, 0xe8, 0x10, 0xe8, 0x10, 0xe0,
    0x10, 0xe0, 0x0f, 0xe8, 0x10, 0xe8, 0x10, 0xe8, 0x0f, 0xe0, 0x10, 0xe8,
    0x10, 0xe8, 0x10, 0xe8, 0x10, 0xe8, 0x10, 0xe0, 0x0f, 0xe8, 0x10, 0xe8,
    0x10, 0xe0, 0x0f, 0xe8, 0x10, 0xe8, 0x10, 0xe8, 0x10, 0xe8, 0x0f, 0xe0,
    0x10, 0xe8, 0x10, 0xe8, 0x10, 0xe8, 0x0f, 0xe0, 0x10, 0xe8, 0x10, 0xe0,
    0x0f, 0xe0, 0x10, 0xe8, 0x10, 0xe8, 0x0f, 0xe0, 0x10, 0xe8, 0x10, 0xe8,
    0x10, 0xe8, 0x0f, 0xe0, 0x10, 0xe8, 0x10, 0xe8, 0x10, 0xe8, 0x10, 0xe8,
    0x10, 0xe8, 0x10, 0xe8, 0x10, 0xe8, 0x10, 0xe8, 0x10, 0xe0, 0x0f, 0xe8,
    0x10, 0xe8, 0x10, 0xe0, 0x10, 0xe8, 0x10, 0xe8, 0x10, 0xe0, 0x0f, 0xe0,
    0x10, 0xe8, 0x10, 0xe8, 0x0f, 0xe8, 0x0f, 0xe8, 0x10, 0xe0, 0x0f, 0xe8,
    0x10, 0xe8, 0x10, 0xe0, 0x10, 0xe8, 0x10, 0xe8, 0x0f, 0xe8, 0x10, 0xe8,
    0x10, 0xe8, 0x10, 0xe8, 0x0f, 0xe0, 0x10, 0xe8, 0x10, 0xe8, 0x0f, 0xe8,
    0x10, 0xe0, 0x10, 0xe8, 0x0f, 0xe8, 0x10, 0xe0, 0x10, 0xe8, 0x10, 0xe8,
    0x10, 0xe0, 0x10, 0xe8, 0x10, 0xe0, 0x10, 0xe8, 0x0f, 0xe8, 0x10, 0xe8,
    0x10, 0xe8, 0x10, 0xe8, 0x10, 0xe8, 0x10, 0xe8, 0x10, 0xe8, 0x10, 0xe0,
    0x10, 0xe8, 0x10, 0xe8, 0x0f, 0xe8, 0x10, 0xe8, 0x10, 0xe0, 0x0f, 0xe8,
    0x10, 0xe8, 0x10, 0xe0, 0x0f, 0xe8, 0x0f, 0xe8, 0x10, 0xe0, 0x10, 0xe0,
    0x10, 0xe8, 0x0f, 0xe0, 0x0f, 0xe0, 0x10, 0xe0, 0x0f, 0xe0, 0x10, 0xe0,
    0x10, 0xe8, 0x0f, 0xe0, 0x10, 0xe8, 0x10, 0xe8, 0x10, 0xe8, 0x10, 0xe0,
    0x0f, 0xe0, 0x10, 0xe8, 0x10, 0xe8, 0x0f, 0xe0, 0x0f, 0xe0, 0x0f, 0xe0,
    0x0f, 0xe0, 0x10, 0xe0, 0x10, 0xe0, 0x0f, 0xe0, 0x0f, 0xe0, 0x10, 0xd8,
    0x0f, 0xd8, 0x0f, 0xe0, 0x0f, 0xe0, 0x0f, 0xd8, 0x0f, 0xe0, 0x0f, 0xd8,
    0x0f, 0xd8, 0x0e, 0xd8, 0x0f, 0xd8, 0x0f, 0xd8, 0x0f, 0xd0, 0x0f, 0xd8,
    0x0f, 0xd8, 0x0f, 0xd8, 0x0f, 0xd8, 0x10, 0xe0, 0x10, 0xe0, 0x0f, 0xe0,
    0x10, 0xe0, 0x0f, 0xd8, 0x0f, 0xd8, 0x10, 0xe0, 0x0f, 0xe0, 0x0f, 0xe0,
    0x0f, 0xd8, 0x0f, 0xd8, 0x0f, 0xd8, 0x0f, 0xd8, 0x0f, 0xd8, 0x0f, 0xd8,
    0x0e, 0xd8, 0x0f, 0xd8, 0x0f, 0xd8, 0x0f, 0xd8, 0x0f, 0xd0, 0x0e, 0xd0,
    0x0e, 0xd8, 0x0f, 0xd8, 0x0e, 0xd0, 0x0e, 0xd0, 0x0e, 0xd0, 0x0e, 0xd0,
    0x0e, 0xd0, 0x0e, 0xd0, 0x0e, 0xd0, 0x0e, 0xd0, 0x0e, 0xd0, 0x0e, 0xc8,
    0x0e, 0xc8, 0x0e, 0xd0, 0x0f, 0xd8, 0x0f, 0xe0, 0x10, 0xe0, 0x10, 0xe0,
    0x0f, 0xe0, 0x0f, 0xe0, 0x10, 0xe0, 0x0f, 0xe0, 0x10, 0xe0, 0x10, 0xe0,
    0x0f, 0xe0, 0x0f, 0xe0, 0x10, 0xe0, 0x0f, 0xe0, 0x0f, 0xe0, 0x0f, 0xe0,
    0x0f, 0xe0, 0x0f, 0xe0, 0x0f, 0xe0, 0x0f, 0xe0, 0x0f, 0xe0, 0x0f, 0xe0,
    0x0f, 0xe0, 0x10, 0xe0, 0x0f, 0xe0, 0x0f, 0xe0, 0x0f, 0xe0, 0x0f, 0xe0,
    0x0f, 0xe0, 0x10, 0xe0, 0x0f, 0xe0, 0x10, 0xd8, 0x10, 0xe0, 0x0f, 0xd8,
    0x0f, 0xd8, 0x0f, 0xe0, 0x0f, 0xd8, 0x0f, 0xd8, 0x0f, 0xd8, 0x0f, 0xd8,
    0x0f, 0xd8, 0x0f, 0xd8, 0x0f, 0xd8, 0x0f, 0xd8, 0x0f, 0xd8, 0x0f, 0xd8,
    0x0f, 0xe0, 0x10, 0xe0, 0x10, 0xe0, 0x10, 0xe8, 0x10, 0xe8, 0x10, 0xe8,
    0x0f, 0xe8, 0x10, 0xe0, 0x10, 0xe8, 0x0f, 0xe8, 0x10, 0xe8, 0x0f, 0xe8,
    0x10, 0xe8, 0x0f, 0xe8, 0x10, 0xe8, 0x0f, 0xe0, 0x10, 0xe0, 0x10, 0xe8,
    0x10, 0xe0, 0x10, 0xe8, 0x10, 0xe0, 0x0f, 0xe0, 0x10, 0xe8, 0x0f, 0xe0,
    0x10, 0xe0, 0x10, 0xe8, 0x10, 0xe8, 0x0f, 0xe8, 0x10, 0xe8, 0x10, 0xe8,
    0x0f, 0xe8, 0x10, 0xe0, 0x0f, 0xe8, 0x10, 0xe8, 0x10, 0xe8, 0x10, 0xe8,
    0x10, 0xe8, 0x10, 0xe8, 0x10, 0xe0, 0x10, 0xe8, 0x10, 0xe8, 0x10, 0xe0,
    0x10, 0xe8, 0x10, 0xe0, 0x10, 0xe8, 0x10, 0xe8, 0x10, 0xe0, 0x0f, 0xe8,
    0x10, 0xe8, 0x10, 0xe8, 0x0f, 0xe8, 0x10, 0xe8, 0x10, 0xe8, 0x0f, 0xe8,
    0x10, 0xe8, 0x10, 0xe0, 0x10, 0xe8, 0x10, 0xe8, 0x10, 0xe0, 0x10, 0xe8,
    0x0f, 0xe8, 0x0f, 0xe0, 0x10, 0xe8, 0x10, 0xe8, 0x0f, 0xe8, 0x10, 0xe0,
    0x10, 0xe8, 0x0f, 0xe8, 0x10, 0xe8, 0x10, 0xe0, 0x10, 0xe8, 0x0f, 0xe8,
    0x10, 0xe0, 0x10, 0xe8, 0x10, 0xe8, 0x10, 0xe0, 0x10, 0xe8, 0x0f, 0xe8,
    0x10, 0xe8, 0x10, 0xe0, 0x0f, 0xe8, 0x10, 0xe8, 0x10, 0xe0, 0x0f, 0xe8,
    0x10, 0xe8, 0x10, 0xe8, 0x0f, 0xe8, 0x10, 0xe8, 0x10, 0xe8, 0x10, 0xe8,
    0x10, 0xe0, 0x10, 0xe8, 0x0f, 0xe8, 0x10, 0xe8, 0x10, 0xe8, 0x10, 0xe8,
    0x10, 0xe8, 0x0f, 0xe0, 0x10, 0xe8, 0x0f, 0xe0, 0x10, 0xe8, 0x10, 0xe0,
    0x0f, 0xe8, 0x10, 0xe8, 0x10, 0xe0, 0x10, 0xe8, 0x0f, 0xe8, 0x10, 0xe8,
    0x10, 0xe8, 0x0f, 0xe8, 0x10, 0xe8, 0x10, 0xe8, 0x10, 0xe0, 0x10, 0xe8,
    0x10, 0xe8, 0x10, 0xe8, 0x10, 0xe8, 0x10, 0xe8, 0x0f, 0xe8, 0x10, 0xe8,
    0x10, 0xe8, 0x0f, 0xe0, 0x10, 0xe8, 0x10, 0xe0, 0x10, 0xe8, 0x10, 0xe8,
    0x10, 0xe8, 0x10, 0xe8, 0x10, 0xe8, 0x10, 0xe8, 0x10, 0xe8, 0x10, 0xe0,
    0x10, 0xe8, 0x10, 0xe8, 0x0f, 0xe8, 0x10, 0xe8, 0x10, 0xe0, 0x0f, 0xe8,
    0x10, 0xe8, 0x10, 0xe0, 0x0f, 0xe8, 0x10, 0xe0, 0x0f, 0xe8, 0x10, 0xe0,
    0x10, 0xe8, 0x0f, 0xe8, 0x10, 0xe0, 0x0f, 0xe8, 0x10, 0xe8, 0x10, 0xe0,
    0x10, 0xe8, 0x10, 0xe8, 0x10, 0xe8, 0x10, 0xe8, 0x10, 0xe8, 0x10, 0xe0,
    0x10, 0xe8, 0x10, 0xe8, 0x0f, 0xe0, 0x10, 0xe8, 0x10, 0xe8, 0x10, 0xe8,
    0x0f, 0xe0, 0x10, 0xe0, 0x0f, 0xe0, 0x0f, 0xe0, 0x0f, 0xe0, 0x0f, 0xe0,
    0x10, 0xe0, 0x10, 0xe8, 0x0f, 0xe8, 0x10, 0xe8, 0x10, 0xe8, 0x10, 0xe0,
    0x10, 0xe8, 0x10, 0xe8, 0x10, 0xe0, 0x0f, 0xe0, 0x0f, 0xe0, 0x10, 0xe0,
    0x0f, 0xe0, 0x10, 0xe0, 0x0f, 0xe0, 0x0f, 0xe0, 0x0f, 0xe0, 0x0f, 0xd8,
    0x0f, 0xe0, 0x0f, 0xe0, 0x0f, 0xd8, 0x0f, 0xd8, 0x0f, 0xd8, 0x0f, 0xd8,
    0x0f, 0xd8, 0x0e, 0xd8, 0x0f, 0xd8, 0x0e, 0xd8, 0x0e, 0xd0, 0x0e, 0xd0,
    0x0e, 0xd0, 0x0f, 0xd8, 0x0f, 0xd8, 0x0f, 0xe0, 0x0f, 0xe0, 0x10, 0xe0,
    0x10, 0xe0, 0x0f, 0xe0, 0x0f, 0xd8, 0x0f, 0xe0, 0x0f, 0xe0, 0x0f, 0xe0,
    0x0f, 0xe0, 0x0f, 0xd8, 0x0f, 0xd8, 0x0f, 0xd8, 0x0f, 0xd8, 0x0f, 0xd8,
    0x0f, 0xd8, 0x0f, 0xd8, 0x0f, 0xd8, 0x0f, 0xd8, 0x0e, 0xd0, 0x0f, 0xd0,
    0x0f, 0xd8, 0x0f, 0xd0, 0x0e, 0xd0, 0x0f, 0xd0, 0x0e, 0xd0, 0x0e, 0xd0,
    0x0e, 0xd0, 0x0e, 0xd0, 0x0e, 0xd0, 0x0e, 0xc8, 0x0f, 0xe0, 0x10, 0xe0,
    0x10, 0xe0, 0x0f, 0xe0, 0x0f, 0xe0, 0x10, 0xe0, 0x10, 0xe0, 0x0f, 0xe0,
    0x0f, 0xe0, 0x0f, 0xe0, 0x0f, 0xe0, 0x10, 0xe0, 0x0f, 0xe0, 0x0f, 0xe0,
    0x0f, 0xe0, 0x0f, 0xe0, 0x10, 0xe0, 0x0f, 0xe0, 0x0f, 0xe0, 0x10, 0xe0,
    0x0f, 0xe0, 0x10, 0xe0, 0x10, 0xe0, 0x0f, 0xe0, 0x10, 0xe0, 0x0f, 0xd8,
    0x0f, 0xe0, 0x10, 0xe0, 0x10, 0xd8, 0x0f, 0xd8, 0x0f, 0xd8, 0x0f, 0xd8,
    0x0f, 0xd8, 0x0f, 0xe0, 0x0f, 0xd8, 0x0f, 0xd8, 0x0f, 0xd8, 0x0f, 0xd8,
    0x0f, 0xd8, 0x0f, 0xd8, 0x0f, 0xd8, 0x0f, 0xd8, 0x0f, 0xd8, 0x0f, 0xd8,
    0x0f, 0xd8, 0x0f, 0xe0, 0x0f, 0xe0, 0x10, 0xe0, 0x10, 0xe8, 0x10, 0xe8,
    0x10, 0xe8, 0x10, 0xe8, 0x0f, 0xe8, 0x10, 0xe0, 0x10, 0xe8, 0x10, 0xe8,
    0x10, 0xe0, 0x10, 0xe8, 0x0f, 0xe0, 0x10, 0xe8, 0x10, 0xe0, 0x10, 0xe8,
    0x0f, 0xe0, 0x10, 0xe8, 0x10, 0xe8, 0x0f, 0xe0, 0x0f, 0xe0, 0x10, 0xe8,
    0x10, 0xe0, 0x10, 0xe0, 0x0f, 0xe0, 0x10, 0xe0, 0x10, 0xe8, 0x10, 0xe8,
    0x10, 0xe8, 0x0f, 0xe0, 0x10, 0xe8, 0x10, 0xe8, 0x0f, 0xe0, 0x10, 0xe8,
    0x10, 0xe8, 0x0f, 0xe0, 0x10, 0xe0, 0x10, 0xe8, 0x0f, 0xe8, 0x10, 0xe0,
    0x0f, 0xe8, 0x10, 0xe8, 0x0f, 0xe8, 0x10, 0xe8, 0x10, 0xe0, 0x0f, 0xe8,
    0x10, 0xe8, 0x10, 0xe0, 0x10, 0xe8, 0x10, 0xe8, 0x10, 0xe8, 0x10, 0xe0,
    0x10, 0xe8, 0x10, 0xe0, 0x10, 0xe8, 0x10, 0xe8, 0x10, 0xe8, 0x10, 0xe8,
    0x0f, 0xe0, 0x10, 0xe8, 0x10, 0xe8, 0x10, 0xe8, 0x10, 0xe8, 0x10, 0xe8,
    0x10, 0xe0, 0x0f, 0xe8, 0x10, 0xe8, 0x10, 0xe8, 0x10, 0xe0, 0x10, 0xe8,
    0x10, 0xe8, 0x0f, 0xe8, 0x10, 0xe0, 0x10, 0xe8, 0x0f, 0xe8, 0x10, 0xe8,
    0x0f, 0xe8, 0x10, 0xe8, 0x10, 0xe8, 0x10, 0xe0, 0x10, 0xe8, 0x10, 0xe8,
    0x10, 0xe8, 0x10, 0xe8, 0x10, 0xe8, 0x0f, 0xe0, 0x10, 0xe8, 0x10, 0xe8,
    0x10, 0xe0, 0x10, 0xe8, 0x0f, 0xe8, 0x10, 0xe8, 0x10, 0xe8, 0x0f, 0xe8,
    0x10, 0xe0, 0x10, 0xe0, 0x0f, 0xe8, 0x10, 0xe8, 0x10, 0xe0, 0x10, 0xe8,
    0x0f, 0xe8, 0x10, 0xe8, 0x10, 0xe0, 0x0f, 0xe8, 0x10, 0xe8, 0x10, 0xe8,
    0x10, 0xe8, 0x10, 0xe0, 0x10, 0xe8, 0x0f, 0xe0, 0x10, 0xe8, 0x10, 0xe8,
    0x0f, 0xe8, 0x10, 0xe8, 0x10, 0xe8, 0x0f, 0xe0, 0x10, 0xe8, 0x10, 0xe0,
    0x10, 0xe8, 0x10, 0xe0, 0x0f, 0xe8, 0x10, 0xe8, 0x10, 0xe0, 0x10, 0xe8,
    0x10, 0xe8, 0x0f, 0xe8, 0x0f, 0xe0, 0x10, 0xe8, 0x0f, 0xe8, 0x10, 0xe0,
    0x0f, 0xe0, 0x10, 0xe8, 0x0f, 0xe8, 0x10, 0xe8, 0x10, 0xe0, 0x0f, 0xe8,
    0x10, 0xe8, 0x10, 0xe0, 0x0f, 0xe8, 0x10, 0xe8, 0x10, 0xe8, 0x10, 0xe8,
    0x10, 0xe8, 0x10, 0xe8, 0x10, 0xe0, 0x0f, 0xe8, 0x10, 0xe8, 0x10, 0xe0,
    0x0f, 0xe8, 0x10, 0xe8, 0x10, 0xe0, 0x0f, 0xe8, 0x10, 0xe8, 0x0f, 0xe0,
    0x10, 0xe8, 0x0f, 0xe8, 0x10, 0xe0, 0x0f, 0xe8, 0x10, 0xe8, 0x10, 0xe8,
    0x10, 0xe8, 0x0f, 0xe0, 0x10, 0xe0, 0x10, 0xe8, 0x10, 0xe0, 0x0f, 0xe0,
    0x10, 0xe0, 0x10, 0xe0, 0x10, 0xe0, 0x0f, 0xe0, 0x0f, 0xe0, 0x10, 0xe0,
    0x10, 0xe8, 0x10, 0xe8, 0x10, 0xe8, 0x0f, 0xe0, 0x10, 0xe0, 0x10, 0xe8,
    0x10, 0xe8, 0x10, 0xe0, 0x10, 0xe0, 0x0f, 0xe0, 0x0f, 0xe0, 0x10, 0xe0,
    0x10, 0xe0, 0x0f, 0xe0, 0x0f, 0xe0, 0x10, 0xe0, 0x0f, 0xd8, 0x0f, 0xe0,
    0x0f, 0xe0, 0x0f, 0xe0, 0x0f, 0xd8, 0x0f, 0xd8, 0x0f, 0xd8, 0x0f, 0xd8,
    0x0f, 0xd8, 0x0f, 0xd8, 0x0f, 0xd8, 0x0f, 0xd0, 0x0e, 0xd8, 0x0e, 0xd0,
    0x0e, 0xd0, 0x0f, 0xd0, 0x0f, 0xd8, 0x0f, 0xd8, 0x0f, 0xe0, 0x0f, 0xe0,
    0x10, 0xe0, 0x0f, 0xe0, 0x0f, 0xe0, 0x0f, 0xe0, 0x0f, 0xe0, 0x0f, 0xd8,
    0x0f, 0xd8, 0x0f, 0xd8, 0x0f, 0xd8, 0x0f, 0xd8, 0x0f, 0xd8, 0x0e, 0xd8,
    0x0f, 0xd8, 0x0e, 0xd8, 0x0f, 0xd8, 0x0f, 0xd8, 0x0e, 0xd0, 0x0f, 0xd8,
    0x0f, 0xd0, 0x0e, 0xd0, 0x0f, 0xd0, 0x0e, 0xd0, 0x0e, 0xd0, 0x0e, 0xd0,
    0x0e, 0xd0, 0x0e, 0xd0, 0x0f, 0xe0, 0x0f, 0xe0, 0x0f, 0xe0, 0x0f, 0xe0,
    0x0f, 0xe0, 0x0f, 0xe0, 0x0f, 0xe0, 0x0f, 0xe0, 0x10, 0xe0, 0x0f, 0xe0,
    0x0f, 0xe0, 0x0f, 0xe0, 0x0f, 0xe0, 0x10, 0xd8, 0x0f, 0xe0, 0x0f, 0xe0,
    0x10, 0xd8, 0x0f, 0xe0, 0x0f, 0xe0, 0x10, 0xd8, 0x0f, 0xd8, 0x0f, 0xd8,
    0x0f, 0xd8, 0x0f, 0xd8, 0x0f, 0xd8, 0x0f, 0xd8, 0x0f, 0xd8, 0x0f, 0xd8,
    0x0f, 0xd8, 0x0f, 0xd8, 0x0f, 0xd8, 0x0f, 0xd8, 0x0f, 0xd8, 0x0f, 0xd8,
    0x0f, 0xd8, 0x0f, 0xd8, 0x0f, 0xd8, 0x0f, 0xd8, 0x0f, 0xd8, 0x0f, 0xe0,
    0x0f, 0xd8, 0x0f, 0xd8, 0x0f, 0xd8, 0x0f, 0xd8, 0x0f, 0xe0, 0x10, 0xe8,
    0x10, 0xe8, 0x10, 0xe8, 0x10, 0xe8, 0x10, 0xe8, 0x0f, 0xe8, 0x10, 0xe8,
    0x10, 0xe0, 0x0f, 0xe8, 0x10, 0xe8, 0x0f, 0xe8, 0x10, 0xe8, 0x10, 0xe8,
    0x10, 0xe8, 0x10, 0xe0, 0x10, 0xe8, 0x10, 0xe0, 0x10, 0xe0, 0x10, 0xe8,
    0x10, 0xe8, 0x0f, 0xe0, 0x10, 0xe0, 0x0f, 0xe8, 0x0f, 0xe0, 0x10, 0xe0,
    0x10, 0xe8, 0x10, 0xe8, 0x0f, 0xe8, 0x10, 0xe8, 0x10, 0xe0, 0x10, 0xe8,
    0x10, 0xe8, 0x10, 0xe0, 0x10, 0xe8, 0x10, 0xe8, 0x10, 0xe8, 0x0f, 0xe8,
    0x10, 0xe8, 0x10, 0xe8, 0x0f, 0xe0, 0x10, 0xe8, 0x10, 0xe8, 0x0f, 0xe0,
    0x10, 0xe8, 0x10, 0xe8, 0x0f, 0xe8, 0x10, 0xe8, 0x10, 0xe8, 0x0f, 0xe8,
    0x0f, 0xe8, 0x10, 0xe8, 0x10, 0xe0, 0x0f, 0xe8, 0x10, 0xe8, 0x0f, 0xe8,
    0x10, 0xe0, 0x10, 0xe0, 0x0f, 0xe8, 0x10, 0xe8, 0x10, 0xe8, 0x0f, 0xe0,
    0x10, 0xe8, 0x0f, 0xe0, 0x10, 0xe8, 0x10, 0xe8, 0x10, 0xe8, 0x10, 0xe0,
    0x10, 0xe8, 0x0f, 0xe8, 0x10, 0xe8, 0x10, 0xe0, 0x0f, 0xe8, 0x10, 0xe8,
    0x10, 0xe8, 0x10, 0xe0, 0x10, 0xe8, 0x10, 0xe8, 0x0f, 0xe0, 0x10, 0xe8,
    0x10, 0xe8, 0x0f, 0xe0, 0x10, 0xe8, 0x0f, 0xe8, 0x10, 0xe0, 0x10, 0xe8,
    0x0f, 0xe8, 0x10, 0xe8, 0x10, 0xe0, 0x10, 0xe8, 0x0f, 0xe8, 0x10, 0xe0,
    0x10, 0xe8, 0x0f, 0xe0, 0x10, 0xe8, 0x10, 0xe8, 0x10, 0xe8, 0x10, 0xe8,
    0x0f, 0xe8, 0x10, 0xe0, 0x10, 0xe8, 0x10, 0xe8, 0x10, 0xe8, 0x10, 0xe8,
    0x10, 0xe8, 0x10, 0xe8, 0x0f, 0xe0, 0x10, 0xe8, 0x0f, 0xe8, 0x10, 0xe8,
    0x10, 0xe8, 0x10, 0xe0, 0x10, 0xe8, 0x10, 0xe0, 0x10, 0xe0, 0x10, 0xe8,
    0x0f, 0xe8, 0x10, 0xe8, 0x0f, 0xe8, 0x10, 0xe8, 0x0f, 0xe0, 0x10, 0xe8,
    0x10, 0xe8, 0x0f, 0xe0, 0x10, 0xe8, 0x10, 0xe8, 0x10, 0xe8, 0x10, 0xe8,
    0x10, 0xe8, 0x10, 0xe0, 0x10, 0xe8, 0x0f, 0xe8, 0x10, 0xe8, 0x10, 0xe0,
    0x10, 0xe8, 0x0f, 0xe8, 0x10, 0xe8, 0x10, 0xe0, 0x10, 0xe8, 0x10, 0xe8,
    0x10, 0xe8, 0x10, 0xe0, 0x0f, 0xe8, 0x10, 0xe8, 0x10, 0xe0, 0x0f, 0xe8,
    0x10, 0xe8, 0x10, 0xe8, 0x10, 0xe8, 0x10, 0xe8, 0x10, 0xe8, 0x10, 0xe8,
    0x10, 0xe0, 0x10, 0xe0, 0x0f, 0xe0, 0x10, 0xe8, 0x10, 0xe8, 0x10, 0xe0,
    0x10, 0xe8, 0x10, 0xe8, 0x0f, 0xe8, 0x10, 0xe0, 0x10, 0xe8, 0x10, 0xe8,
    0x0f, 0xe8, 0x10, 0xe0, 0x10, 0xe8, 0x0f, 0xe8, 0x10, 0xe0, 0x0f, 0xe0,
    0x10, 0xe0, 0x10, 0xe0, 0x0f, 0xe0, 0x0f, 0xe0, 0x0f, 0xe0, 0x0f, 0xe0,
    0x10, 0xe0, 0x10, 0xe8, 0x0f, 0xe8, 0x10, 0xe0, 0x10, 0xe8, 0x10, 0xe8,
    0x10, 0xe8, 0x0f, 0xe0, 0x10, 0xe0, 0x0f, 0xe0, 0x10, 0xe0, 0x10, 0xe0,
    0x0f, 0xe0, 0x0f, 0xe0, 0x10, 0xe0, 0x0f, 0xd8, 0x0f, 0xe0, 0x0f, 0xe0,
    0x0f, 0xd8, 0x0f, 0xd8, 0x0f, 0xd8, 0x0f, 0xd8, 0x0f, 0xd8, 0x0f, 0xd8,
    0x0f, 0xd8, 0x0f, 0xd8, 0x0f, 0xd8, 0x0f, 0xd8, 0x0e, 0xd0, 0x0f, 0xd0,
    0x0e, 0xd0, 0x0e, 0xd0, 0x0e, 0xd0, 0x0f, 0xd0, 0x0f, 0xd8, 0x0f, 0xd8,
    0x10, 0xe0, 0x0f, 0xe0, 0x0f, 0xe0, 0x0f, 0xe0, 0x0f, 0xe0, 0x0f, 0xd8,
    0x0f, 0xd8, 0x0f, 0xd8, 0x0f, 0xd8, 0x0f, 0xd8, 0x0f, 0xd8, 0x0f, 0xd8,
    0x0f, 0xd8, 0x0e, 0xd8, 0x0e, 0xd8, 0x0f, 0xd0, 0x0e, 0xd8, 0x0e, 0xd8,
    0x0f, 0xd0, 0x0f, 0xd0, 0x0e, 0xd0, 0x0e, 0xd0, 0x0e, 0xd0, 0x0e, 0xd0,
    0x0f, 0xe0, 0x0f, 0xe0, 0x10, 0xe0, 0x0f, 0xe0, 0x0f, 0xd8, 0x0f, 0xe0,
    0x0f, 0xe0, 0x0f, 0xd8, 0x10, 0xd8, 0x0f, 0xe0, 0x0f, 0xd8, 0x0f, 0xd8,
    0x0f, 0xd8, 0x0f, 0xd8, 0x0f, 0xe0, 0x0f, 0xd8, 0x0f, 0xd8, 0x0f, 0xd8,
    0x0f, 0xd8, 0x0f, 0xd8, 0x0f, 0xd8, 0x0f, 0xd8, 0x0f, 0xe0, 0x0f, 0xd8,
    0x0f, 0xd8, 0x0f, 0xd8, 0x0f, 0xd8, 0x0f, 0xd8, 0x0f, 0xd8, 0x0f, 0xe0,
    0x0f, 0xd8, 0x0f, 0xd8, 0x0f, 0xd8, 0x0f, 0xd8, 0x0f, 0xd8, 0x0f, 0xd8,
    0x0f, 0xd8, 0x0f, 0xd8, 0x0f, 0xd8, 0x0f, 0xd8, 0x0e, 0xd8, 0x0f, 0xd8,
    0x0f, 0xe0, 0x10, 0xe8, 0x10, 0xe8, 0x10, 0xe8, 0x10, 0xe8, 0x10, 0xe0,
    0x0f, 0xe8, 0x10, 0xe0, 0x10, 0xe8, 0x10, 0xe8, 0x10, 0xe0, 0x10, 0xe8,
    0x10, 0xe8, 0x10, 0xe0, 0x0f, 0xe0, 0x10, 0xe8, 0x10, 0xe0, 0x0f, 0xe0,
    0x0f, 0xe8, 0x10, 0xe8, 0x0f, 0xe0, 0x0f, 0xe0, 0x0f, 0xe0, 0x10, 0xe0,
    0x10, 0xe0, 0x0f, 0xe0, 0x0f, 0xe0, 0x10, 0xe8, 0x10, 0xe8, 0x0f, 0xe8,
    0x10, 0xe0, 0x10, 0xe8, 0x0f, 0xe8, 0x10, 0xe8, 0x0f, 0xe8, 0x10, 0xe8,
    0x0f, 0xe8, 0x10, 0xe0, 0x10, 0xe8, 0x10, 0xe8, 0x10, 0xe8, 0x10, 0xe8,
    0x10, 0xe8, 0x10, 0xe8, 0x10, 0xe8, 0x10, 0xe8, 0x10, 0xe0, 0x10, 0xe8,
    0x10, 0xe8, 0x10, 0xe0, 0x10, 0xe8, 0x10, 0xe0, 0x10, 0xe8, 0x10, 0xe8,
    0x0f, 0xe0, 0x10, 0xe8, 0x10, 0xe8, 0x0f, 0xe8, 0x10, 0xe8, 0x10, 0xe8,
    0x0f, 0xe0, 0x10, 0xe8, 0x10, 0xe8, 0x10, 0xe8, 0x10, 0xe8, 0x10, 0xe0,
    0x0f, 0xe8, 0x10, 0xe8, 0x0f, 0xe8, 0x10, 0xe8, 0x10, 0xe0, 0x0f, 0xe8,
    0x10, 0xe8, 0x10, 0xe8, 0x10, 0xe0, 0x10, 0xe8, 0x0f, 0xe8, 0x10, 0xe8,
    0x10, 0xe0, 0x10, 0xe8, 0x10, 0xe8, 0x10, 0xe0, 0x0f, 0xe8, 0x10, 0xe8,
    0x10, 0xe8, 0x0f, 0xe0, 0x10, 0xe8, 0x10, 0xe8, 0x10, 0xe0, 0x10, 0xe8,
    0x10, 0xe8, 0x0f, 0xe8, 0x10, 0xe8, 0x10, 0xe8, 0x10, 0xe8, 0x10, 0xe0,
    0x0f, 0xe8, 0x10, 0xe8, 0x10, 0xe0, 0x0f, 0xe8, 0x10, 0xe8, 0x10, 0xe8,
    0x0f, 0xe8, 0x0f, 0xe0, 0x10, 0xe8, 0x0f, 0xe0, 0x10, 0xe8, 0x10, 0xe8,
    0x10, 0xe0, 0x10, 0xe8, 0x0f, 0xe8, 0x10, 0xe0, 0x10, 0xe8, 0x0f, 0xe8,
    0x0f, 0xe8, 0x10, 0xe8, 0x10, 0xe8, 0x0f, 0xe0, 0x10, 0xe8, 0x10, 0xe8,
    0x10, 0xe0, 0x10, 0xe8, 0x10, 0xe8, 0x10, 0xe8, 0x10, 0xe8, 0x10, 0xe8,
    0x0f, 0xe8, 0x0f, 0xe0, 0x10, 0xe0, 0x10, 0xe8, 0x0f, 0xe8, 0x10, 0xe8,
    0x10, 0xe8, 0x10, 0xe8, 0x10, 0xe8, 0x10, 0xe8, 0x10, 0xe0, 0x10, 0xe8,
    0x0f, 0xe8, 0x10, 0xe8, 0x0f, 0xe8, 0x10, 0xe8, 0x10, 0xe0, 0x0f, 0xe8,
    0x10, 0xe8, 0x10, 0xe0, 0x0f, 0xe8, 0x10, 0xe8, 0x10, 0xe8, 0x0f, 0xe0,
    0x10, 0xe8, 0x0f, 0xe8, 0x10, 0xe0, 0x0f, 0xe8, 0x10, 0xe8, 0x10, 0xe8,
    0x10, 0xe0, 0x10, 0xe8, 0x0f, 0xe8, 0x10, 0xe8, 0x10, 0xe8, 0x10, 0xe8,
    0x10, 0xe0, 0x0f, 0xe8, 0x10, 0xe8, 0x10, 0xe8, 0x10, 0xe8, 0x10, 0xe0,
    0x10, 0xe0, 0x10, 0xe8, 0x0f, 0xe0, 0x0f, 0xe0, 0x0f, 0xe0, 0x10, 0xe0,
    0x10, 0xe0, 0x0f, 0xe0, 0x0f, 0xe0, 0x0f, 0xe0, 0x0f, 0xe0, 0x0f, 0xe0,
    0x10, 0xe8, 0x10, 0xe8, 0x0f, 0xe0, 0x10, 0xe0, 0x10, 0xe8, 0x10, 0xe0,
    0x10, 0xe0, 0x0f, 0xe0, 0x0f, 0xe0, 0x10, 0xe0, 0x10, 0xe0, 0x0f, 0xe0,
    0x0f, 0xe0, 0x0f, 0xe0, 0x10, 0xe0, 0x0f, 0xd8, 0x0f, 0xe0, 0x0f, 0xe0,
    0x0f, 0xd8, 0x0f, 0xd8, 0x0f, 0xd8, 0x0e, 0xd8, 0x0e, 0xd8, 0x0f, 0xd8,
    0x0f, 0xd0, 0x0e, 0xd0, 0x0f, 0xd8, 0x0e, 0xd0, 0x0f, 0xd0, 0x0e, 0xd0,
    0x0f, 0xd0, 0x0e, 0xd0, 0x0e, 0xd0, 0x0e, 0xd0, 0x0f, 0xd0, 0x0f, 0xd8,
    0x0f, 0xd8, 0x0f, 0xe0, 0x0f, 0xe0, 0x0f, 0xe0, 0x0f, 0xe0, 0x0f, 0xd8,
    0x0f, 0xd8, 0x0f, 0xd8, 0x0f, 0xd8, 0x0f, 0xd8, 0x0f, 0xd8, 0x0f, 0xd8,
    0x0f, 0xd8, 0x0f, 0xd0, 0x0f, 0xd8, 0x0e, 0xd0, 0x0f, 0xd0, 0x0e, 0xd0,
    0x0f, 0xd0, 0x0f, 0xd0, 0x0e, 0xd0, 0x0e, 0xd0, 0x0f, 0xd8, 0x0f, 0xe0,
    0x10, 0xd8, 0x0f, 0xd8, 0x0f, 0xd8, 0x10, 0xe0, 0x0f, 0xd8, 0x0f, 0xd8,
    0x0f, 0xd8, 0x0f, 0xd8, 0x0f, 0xe0, 0x0f, 0xd8, 0x0f, 0xd8, 0x0f, 0xd8,
    0x0f, 0xd8, 0x0f, 0xd8, 0x0f, 0xd8, 0x0f, 0xd8, 0x0f, 0xd8, 0x0f, 0xd8,
    0x0f, 0xd8, 0x0f, 0xd8, 0x0f, 0xd8, 0x0f, 0xd8, 0x0f, 0xd8, 0x0f, 0xd8,
    0x0f, 0xd8, 0x0f, 0xd8, 0x0f, 0xd8, 0x0f, 0xd8, 0x0e, 0xd8, 0x0f, 0xd8,
    0x0f, 0xd8, 0x0e, 0xd8, 0x0e, 0xd8, 0x0f, 0xd8, 0x0e, 0xd8, 0x0e, 0xd8,
    0x0f, 0xd8, 0x0f, 0xd8, 0x0f, 0xe0, 0x10, 0xe8, 0x10, 0xe8, 0x10, 0xe8,
    0x10, 0xe8, 0x0f, 0xe0, 0x10, 0xe8, 0x10, 0xe8, 0x0f, 0xe8, 0x10, 0xe8,
    0x10, 0xe0, 0x0f, 0xe8, 0x10, 0xe8, 0x10, 0xe0, 0x0f, 0xe0, 0x10, 0xe0,
    0x10, 0xe8, 0x0f, 0xe0, 0x10, 0xe0, 0x0f, 0xe0, 0x10, 0xe0, 0x0f, 0xe0,
    0x10, 0xe0, 0x0f, 0xe0, 0x10, 0xe0, 0x0f, 0xe0, 0x10, 0xe0, 0x10, 0xe0,
    0x10, 0xe8, 0x10, 0xe8, 0x10, 0xe8, 0x10, 0xe0, 0x10, 0xe8, 0x0f, 0xe8,
    0x10, 0xe0, 0x10, 0xe8, 0x10, 0xe0, 0x0f, 0xe8, 0x10, 0xe8, 0x10, 0xe0,
    0x0f, 0xe8, 0x10, 0xe0, 0x0f, 0xe0, 0x10, 0xe8, 0x0f, 0xe0, 0x10, 0xe8,
    0x10, 0xe8, 0x0f, 0xe0, 0x10, 0xe8, 0x0f, 0xe8, 0x10, 0xe0, 0x0f, 0xe8,
    0x10, 0xe8, 0x10, 0xe0, 0x10, 0xe8, 0x0f, 0xe8, 0x10, 0xe8, 0x10, 0xe0,
    0x10, 0xe8, 0x10, 0xe0, 0x10, 0xe8, 0x10, 0xe8, 0x10, 0xe8, 0x0f, 0xe0,
    0x10, 0xe8, 0x10, 0xe8, 0x0f, 0xe8, 0x10, 0xe8, 0x10, 0xe0, 0x10, 0xe8,
    0x0f, 0xe8, 0x10, 0xe0, 0x10, 0xe8, 0x10, 0xe8, 0x0f, 0xe8, 0x10, 0xe8,
    0x10, 0xe8, 0x0f, 0xe0, 0x10, 0xe8, 0x0f, 0xe8, 0x10, 0xe8, 0x0f, 0xe8,
    0x10, 0xe8, 0x10, 0xe8, 0x10, 0xe0, 0x10, 0xe8, 0x10, 0xe8, 0x10, 0xe8,
    0x0f, 0xe8, 0x10, 0xe8, 0x10, 0xe0, 0x0f, 0xe8, 0x10, 0xe8, 0x10, 0xe0,
    0x10, 0xe8, 0x0f, 0xe8, 0x10, 0xe8, 0x10, 0xe8, 0x10, 0xe8, 0x10, 0xe0,
    0x0f, 0xe8, 0x10, 0xe8, 0x10, 0xe0, 0x10, 0xe8, 0x10, 0xe8, 0x10, 0xe8,
    0x10, 0xe0, 0x10, 0xe8, 0x0f, 0xe8, 0x10, 0xe8, 0x10, 0xe8, 0x10, 0xe8,
    0x10, 0xe0, 0x0f, 0xe8, 0x10, 0xe8, 0x10, 0xe8, 0x10, 0xe0, 0x10, 0xe8,
    0x0f, 0xe8, 0x10, 0xe8, 0x10, 0xe0, 0x10, 0xe8, 0x0f, 0xe8, 0x10, 0xe0,
    0x10, 0xe8, 0x0f, 0xe8, 0x10, 0xe0, 0x10, 0xe8, 0x10, 0xe8, 0x10, 0xe8,
    0x10, 0xe8, 0x0f, 0xe0, 0x10, 0xe8, 0x10, 0xe8, 0x0f, 0xe0, 0x10, 0xe0,
    0x0f, 0xe8, 0x0f, 0xe8, 0x10, 0xe8, 0x10, 0xe0, 0x10, 0xe8, 0x10, 0xe8,
    0x10, 0xe0, 0x0f, 0xe8, 0x10, 0xe8, 0x10, 0xe8, 0x10, 0xe8, 0x10, 0xe8,
    0x10, 0xe8, 0x10, 0xe0, 0x10, 0xe8, 0x10, 0xe8, 0x0f, 0xe0, 0x10, 0xe8,
    0x10, 0xe8, 0x10, 0xe8, 0x0f, 0xe8, 0x10, 0xe8, 0x10, 0xe8, 0x0f, 0xe0,
    0x10, 0xe0, 0x10, 0xe0, 0x0f, 0xe8, 0x10, 0xe8, 0x10, 0xe8, 0x0f, 0xe8,
    0x10, 0xe0, 0x10, 0xe8, 0x0f, 0xe8, 0x10, 0xe8, 0x10, 0xe0, 0x10, 0xe8,
    0x10, 0xe0, 0x10, 0xe0, 0x0f, 0xe8, 0x0f, 0xe0, 0x10, 0xe0, 0x10, 0xe0,
    0x0f, 0xe0, 0x0f, 0xe0, 0x0f, 0xd8, 0x0f, 0xe0, 0x0f, 0xe0, 0x0f, 0xe0,
    0x10, 0xe8, 0x10, 0xe0, 0x0f, 0xe8, 0x10, 0xe8, 0x10, 0xe0, 0x0f, 0xe0,
    0x0f, 0xe0, 0x10, 0xe0, 0x0f, 0xe0, 0x10, 0xe0, 0x0f, 0xd8, 0x0f, 0xe0,
    0x0f, 0xe0, 0x0f, 0xd8, 0x0f, 0xe0, 0x0f, 0xe0, 0x0f, 0xd8, 0x0f, 0xe0,
    0x0f, 0xd8, 0x0f, 0xd8, 0x0f, 0xd8, 0x0f, 0xd8, 0x0e, 0xd8, 0x0f, 0xd8,
    0x0f, 0xd8, 0x0e, 0xd8, 0x0f, 0xd0, 0x0e, 0xd8, 0x0e, 0xd0, 0x0e, 0xd0,
    0x0e, 0xd0, 0x0e, 0xd0, 0x0e, 0xc8, 0x0e, 0xd0, 0x0e, 0xd0, 0x0f, 0xd0,
    0x0f, 0xd8, 0x0f, 0xe0, 0x0f, 0xe0, 0x0f, 0xe0, 0x0f, 0xe0, 0x0f, 0xd8,
    0x0e, 0xd8, 0x0f, 0xd8, 0x0e, 0xd8, 0x0f, 0xd8, 0x0f, 0xd8, 0x0f, 0xd8,
    0x0e, 0xd8, 0x0f, 0xd8, 0x0e, 0xd0, 0x0e, 0xd8, 0x0f, 0xd8, 0x0e, 0xd0,
    0x0f, 0xd0, 0x0e, 0xd0, 0x0f, 0xd8, 0x0f, 0xd8, 0x0f, 0xd8, 0x0f, 0xd8,
    0x0f, 0xd8, 0x0f, 0xd8, 0x0f, 0xd8, 0x0f, 0xd8, 0x0f, 0xd8, 0x0f, 0xd8,
    0x0f, 0xd8, 0x0f, 0xd8, 0x0f, 0xd8, 0x0f, 0xd8, 0x0f, 0xd8, 0x0f, 0xd8,
    0x0f, 0xd8, 0x0f, 0xd8, 0x0f, 0xd8, 0x0f, 0xd8, 0x0f, 0xd8, 0x0f, 0xd8,
    0x0f, 0xd8, 0x0f, 0xd8, 0x0e, 0xd8, 0x0e, 0xd8, 0x0f, 0xd8, 0x0e, 0xd8,
    0x0e, 0xd8, 0x0f, 0xd8, 0x0f, 0xd0, 0x0e, 0xd8, 0x0f, 0xd8, 0x0e, 0xd0,
    0x0e, 0xd0, 0x0f, 0xd0, 0x0f, 0xd8, 0x0f, 0xe0, 0x0f, 0xe0, 0x10, 0xe8,
    0x10, 0xe8, 0x10, 0xe8, 0x10, 0xe8, 0x10, 0xe8, 0x0f, 0xe0, 0x10, 0xe8,
    0x10, 0xe8, 0x10, 0xe8, 0x10, 0xe0, 0x10, 0xe8, 0x0f, 0xe0, 0x10, 0xe0,
    0x10, 0xe8, 0x0f, 0xe8, 0x10, 0xe0, 0x0f, 0xe8, 0x10, 0xe0, 0x0f, 0xe0,
    0x0f, 0xe0, 0x10, 0xe0, 0x10, 0xe0, 0x0f, 0xe0, 0x10, 0xe0, 0x0f, 0xe0,
    0x0f, 0xe0, 0x0f, 0xe0, 0x10, 0xe8, 0x10, 0xe8, 0x10, 0xe8, 0x0f, 0xe8,
    0x10, 0xe0, 0x10, 0xe8, 0x0f, 0xe8, 0x10, 0xe8, 0x10, 0xe8, 0x10, 0xe0,
    0x10, 0xe8, 0x10, 0xe8, 0x10, 0xe8, 0x10, 0xe8, 0x10, 0xe8, 0x0f, 0xe8,
    0x10, 0xe0, 0x10, 0xe8, 0x10, 0xe0, 0x0f, 0xe8, 0x10, 0xe8, 0x10, 0xe8,
    0x0f, 0xe8, 0x10, 0xe8, 0x10, 0xe8, 0x0f, 0xe8, 0x10, 0xe8, 0x10, 0xe8,
    0x0f, 0xe0, 0x10, 0xe8, 0x10, 0xe8, 0x10, 0xe8, 0x0f, 0xe8, 0x10, 0xe8,
    0x0f, 0xe0, 0x10, 0xe8, 0x10, 0xe8, 0x10, 0xe8, 0x0f, 0xe0, 0x10, 0xe8,
    0x10, 0xe8, 0x0f, 0xe0, 0x10, 0xe8, 0x10, 0xe8, 0x10, 0xe0, 0x10, 0xe8,
    0x10, 0xe8, 0x0f, 0xe0, 0x10, 0xe0, 0x10, 0xe8, 0x0f, 0xe8, 0x10, 0xe8,
    0x10, 0xe0, 0x10, 0xe8, 0x10, 0xe0, 0x0f, 0xe8, 0x10, 0xe8, 0x10, 0xe0,
    0x0f, 0xe8, 0x10, 0xe8, 0x10, 0xe0, 0x0f, 0xe8, 0x10, 0xe8, 0x10, 0xe0,
    0x0f, 0xe8, 0x10, 0xe8, 0x10, 0xe8, 0x10, 0xe0, 0x0f, 0xe8, 0x10, 0xe0,
    0x10, 0xe0, 0x0f, 0xe8, 0x10, 0xe8, 0x10, 0xe8, 0x10, 0xe8, 0x10, 0xe8,
    0x0f, 0xe0, 0x10, 0xe8, 0x10, 0xe8, 0x10, 0xe8, 0x10, 0xe8, 0x10, 0xe8,
    0x0f, 0xe0, 0x10, 0xe8, 0x0f, 0xe8, 0x10, 0xe0, 0x10, 0xe8, 0x10, 0xe8,
    0x10, 0xe8, 0x10, 0xe0, 0x10, 0xe8, 0x10, 0xe8, 0x10, 0xe8, 0x10, 0xe8,
    0x10, 0xe8, 0x0f, 0xe8, 0x10, 0xe8, 0x10, 0xe8, 0x0f, 0xe0, 0x10, 0xe8,
    0x0f, 0xe8, 0x10, 0xe0, 0x10, 0xe8, 0x10, 0xe8, 0x0f, 0xe8, 0x10, 0xe8,
    0x10, 0xe0, 0x10, 0xe8, 0x10, 0xe8, 0x10, 0xe8, 0x10, 0xe0, 0x10, 0xe8,
    0x0f, 0xe8, 0x10, 0xe8, 0x10, 0xe0, 0x0f, 0xe8, 0x10, 0xe8, 0x10, 0xe0,
    0x0f, 0xe8, 0x10, 0xe8, 0x0f, 0xe0, 0x10, 0xe8, 0x0f, 0xe8, 0x10, 0xe0,
    0x10, 0xe8, 0x10, 0xe8, 0x10, 0xe8, 0x10, 0xe0, 0x10, 0xe8, 0x10, 0xe8,
    0x0f, 0xe0, 0x10, 0xe8, 0x10, 0xe0, 0x10, 0xe0, 0x10, 0xe8, 0x0f, 0xe0,
    0x0f, 0xe0, 0x10, 0xe0, 0x10, 0xe8, 0x10, 0xe8, 0x10, 0xe0, 0x0f, 0xe8,
    0x10, 0xe8, 0x0f, 0xe8, 0x10, 0xe8, 0x10, 0xe0, 0x10, 0xe8, 0x10, 0xe8,
    0x10, 0xe0, 0x0f, 0xe0, 0x0f, 0xe0, 0x10, 0xe0, 0x0f, 0xe0, 0x0f, 0xd8,
    0x10, 0xe0, 0x0f, 0xe0, 0x0f, 0xd8, 0x0f, 0xd8, 0x0f, 0xe0, 0x0f, 0xe0,
    0x10, 0xe0, 0x10, 0xe8, 0x10, 0xe8, 0x10, 0xe8, 0x0f, 0xe0, 0x10, 0xe0,
    0x0f, 0xe0, 0x10, 0xe0, 0x10, 0xe0, 0x10, 0xe0, 0x0f, 0xe0, 0x0f, 0xe0,
    0x10, 0xd8, 0x0f, 0xe0, 0x0f, 0xd8, 0x0f, 0xd8, 0x0f, 0xe0, 0x0f, 0xd8,
    0x0f, 0xd8, 0x0f, 0xd8, 0x0f, 0xd8, 0x0e, 0xd8, 0x0f, 0xd8, 0x0f, 0xd0,
    0x0e, 0xd8, 0x0f, 0xd0, 0x0f, 0xd0, 0x0f, 0xd0, 0x0e, 0xd0, 0x0e, 0xd0,
    0x0e, 0xd0, 0x0e, 0xd0, 0x0e, 0xc8, 0x0e, 0xc8, 0x0e, 0xc8, 0x0e, 0xd0,
    0x0f, 0xd0, 0x0f, 0xd8, 0x0f, 0xe0, 0x0f, 0xe0, 0x0f, 0xd8, 0x0f, 0xd8,
    0x0f, 0xd8, 0x0e, 0xd8, 0x0f, 0xd8, 0x0f, 0xd8, 0x0f, 0xd8, 0x0f, 0xd0,
    0x0f, 0xd8, 0x0e, 0xd8, 0x0e, 0xd0, 0x0f, 0xd0, 0x0e, 0xd0, 0x0e, 0xd0,
    0x0f, 0xd8, 0x0f, 0xd8, 0x0f, 0xd8, 0x0f, 0xe0, 0x0f, 0xd8, 0x0f, 0xd8,
    0x0f, 0xd8, 0x0f, 0xe0, 0x0f, 0xd8, 0x0f, 0xd8, 0x0f, 0xd8, 0x0f, 0xd8,
    0x0f, 0xd8, 0x0f, 0xd8, 0x0f, 0xd8, 0x0f, 0xd8, 0x0f, 0xd8, 0x0e, 0xd8,
    0x0e, 0xd8, 0x0f, 0xd8, 0x0e, 0xd8, 0x0e, 0xd8, 0x0e, 0xd8, 0x0e, 0xd8,
    0x0f, 0xd8, 0x0e, 0xd0, 0x0f, 0xd8, 0x0e, 0xd0, 0x0e, 0xd0, 0x0f, 0xd0,
    0x0e, 0xd0, 0x0e, 0xd0, 0x0e, 0xd0, 0x0f, 0xd0, 0x0f, 0xd8, 0x0f, 0xe0,
    0x10, 0xe0, 0x10, 0xe8, 0x10, 0xe8, 0x10, 0xe8, 0x10, 0xe8, 0x0f, 0xe0,
    0x10, 0xe8, 0x10, 0xe8, 0x10, 0xe0, 0x10, 0xe8, 0x0f, 0xe0, 0x10, 0xe0,
    0x10, 0xe0, 0x0f, 0xe8, 0x10, 0xe0, 0x10, 0xe0, 0x0f, 0xe0, 0x10, 0xe0,
    0x10, 0xe0, 0x0f, 0xe0, 0x10, 0xe0, 0x10, 0xe0, 0x0f, 0xe0, 0x10, 0xe0,
    0x0f, 0xe0, 0x0f, 0xe0, 0x0f, 0xe0, 0x10, 0xe0, 0x10, 0xe0, 0x10, 0xe8,
    0x10, 0xe8, 0x10, 0xe8, 0x0f, 0xe8, 0x10, 0xe8, 0x10, 0xe8, 0x0f, 0xe8,
    0x10, 0xe0, 0x10, 0xe8, 0x0f, 0xe8, 0x10, 0xe8, 0x0f, 0xe8, 0x10, 0xe0,
    0x0f, 0xe8, 0x10, 0xe0, 0x10, 0xe0, 0x10, 0xe8, 0x10, 0xe0, 0x10, 0xe8,
    0x10, 0xe8, 0x10, 0xe0, 0x10, 0xe8, 0x10, 0xe8, 0x10, 0xe0, 0x10, 0xe0,
    0x10, 0xe8, 0x10, 0xe0, 0x10, 0xe8, 0x0f, 0xe8, 0x10, 0xe8, 0x10, 0xe0,
    0x10, 0xe8, 0x0f, 0xe8, 0x10, 0xe0, 0x10, 0xe8, 0x10, 0xe8, 0x0f, 0xe8,
    0x10, 0xe8, 0x10, 0xe8, 0x10, 0xe0, 0x10, 0xe8, 0x10, 0xe8, 0x10, 0xe8,
    0x0f, 0xe8, 0x10, 0xe8, 0x10, 0xe8, 0x0f, 0xe8, 0x10, 0xe8, 0x10, 0xe8,
    0x10, 0xe8, 0x10, 0xe0, 0x10, 0xe8, 0x10, 0xe8, 0x10, 0xe8, 0x10, 0xe8,
    0x10, 0xe0, 0x10, 0xe8, 0x0f, 0xe8, 0x10, 0xe8, 0x10, 0xe8, 0x0f, 0xe8,
    0x10, 0xe0, 0x10, 0xe8, 0x10, 0xe8, 0x10, 0xe8, 0x10, 0xe8, 0x0f, 0xe8,
    0x10, 0xe0, 0x10, 0xe8, 0x0f, 0xe8, 0x10, 0xe8, 0x10, 0xe8, 0x0f, 0xe0,
    0x10, 0xe8, 0x10, 0xe8, 0x0f, 0xe0, 0x10, 0xe8, 0x10, 0xe8, 0x0f, 0xe0,
    0x10, 0xe8, 0x0f, 0xe0, 0x0f, 0xe8, 0x10, 0xe8, 0x10, 0xe0, 0x10, 0xe8,
    0x10, 0xe8, 0x0f, 0xe8, 0x10, 0xe8, 0x0f, 0xe0, 0x0f, 0xe8, 0x10, 0xe8,
    0x0f, 0xe8, 0x0f, 0xe0, 0x10, 0xe0, 0x10, 0xe8, 0x0f, 0xe0, 0x10, 0xe8,
    0x10, 0xe8, 0x10, 0xe0, 0x10, 0xe8, 0x10, 0xe8, 0x10, 0xe8, 0x0f, 0xe8,
    0x10, 0xe0, 0x10, 0xe8, 0x10, 0xe8, 0x10, 0xe8, 0x0f, 0xe8, 0x10, 0xe0,
    0x10, 0xe8, 0x0f, 0xe8, 0x10, 0xe8, 0x10, 0xe0, 0x10, 0xe8, 0x10, 0xe8,
    0x0f, 0xe8, 0x10, 0xe8, 0x10, 0xe8, 0x10, 0xe0, 0x10, 0xe8, 0x10, 0xe8,
    0x10, 0xe0, 0x0f, 0xe8, 0x10, 0xe8, 0x0f, 0xe8, 0x10, 0xe8, 0x0f, 0xe8,
    0x10, 0xe0, 0x0f, 0xe8, 0x10, 0xe8, 0x10, 0xe0, 0x10, 0xe8, 0x0f, 0xe8,
    0x10, 0xe8, 0x10, 0xe0, 0x10, 0xe8, 0x10, 0xe8, 0x0f, 0xe0, 0x0f, 0xe0,
    0x10, 0xe0, 0x10, 0xe8, 0x0f, 0xe8, 0x10, 0xe8, 0x10, 0xe0, 0x10, 0xe8,
    0x0f, 0xe8, 0x10, 0xe0, 0x0f, 0xe0, 0x10, 0xe8, 0x10, 0xe0, 0x10, 0xe0,
    0x0f, 0xe0, 0x10, 0xe0, 0x10, 0xe0, 0x0f, 0xe0, 0x0f, 0xe0, 0x10, 0xe0,
    0x0f, 0xe0, 0x10, 0xe0, 0x0f, 0xd8, 0x0f, 0xd8, 0x0f, 0xe0, 0x0f, 0xe0,
    0x10, 0xe0, 0x10, 0xe8, 0x10, 0xe8, 0x0f, 0xe0, 0x10, 0xe0, 0x0f, 0xe0,
    0x0f, 0xe0, 0x10, 0xe0, 0x0f, 0xe0, 0x0f, 0xe0, 0x0f, 0xe0, 0x0f, 0xd8,
    0x0f, 0xe0, 0x0f, 0xe0, 0x0f, 0xd8, 0x0f, 0xd8, 0x0f, 0xd8, 0x0f, 0xd8,
    0x0f, 0xd8, 0x0f, 0xd8, 0x0f, 0xd8, 0x0e, 0xd8, 0x0f, 0xd8, 0x0e, 0xd0,
    0x0f, 0xd8, 0x0e, 0xd8, 0x0f, 0xd0, 0x0f, 0xd0, 0x0e, 0xd0, 0x0f, 0xd0,
    0x0e, 0xd0, 0x0e, 0xd0, 0x0e, 0xd0, 0x0e, 0xc8, 0x0e, 0xc8, 0x0e, 0xc8,
    0x0e, 0xd0, 0x0e, 0xd0, 0x0f, 0xd8, 0x0f, 0xd8, 0x0f, 0xd8, 0x0f, 0xd8,
    0x0f, 0xd8, 0x0f, 0xd8, 0x0e, 0xd8, 0x0f, 0xd8, 0x0f, 0xd8, 0x0f, 0xd8,
    0x0f, 0xd8, 0x0f, 0xd8, 0x0e, 0xd0, 0x0f, 0xd8, 0x0f, 0xd8, 0x0f, 0xd8,
    0x0f, 0xd8, 0x0f, 0xd8, 0x0f, 0xd8, 0x0f, 0xd8, 0x0e, 0xd8, 0x0f, 0xd8,
    0x0f, 0xd8, 0x0e, 0xd8, 0x0f, 0xd8, 0x0f, 0xd8, 0x0e, 0xd8, 0x0f, 0xd8,
    0x0e, 0xd8, 0x0e, 0xd8, 0x0f, 0xd0, 0x0e, 0xd8, 0x0e, 0xd8, 0x0f, 0xd0,
    0x0e, 0xd0, 0x0f, 0xd0, 0x0e, 0xd0, 0x0f, 0xd0, 0x0f, 0xd0, 0x0e, 0xd0,
    0x0e, 0xd0, 0x0f, 0xd0, 0x0e, 0xd0, 0x0e, 0xd0, 0x0e, 0xd0, 0x0e, 0xd8,
    0x0f, 0xd8, 0x0f, 0xe0, 0x10, 0xe8, 0x10, 0xe8, 0x10, 0xe8, 0x10, 0xe8,
    0x10, 0xe8, 0x0f, 0xe0, 0x10, 0xe8, 0x10, 0xe8, 0x0f, 0xe0, 0x10, 0xe0,
    0x10, 0xe8, 0x0f, 0xe0, 0x10, 0xe8, 0x10, 0xe8, 0x0f, 0xe0, 0x0f, 0xe0,
    0x10, 0xe8, 0x0f, 0xe0, 0x0f, 0xe0, 0x10, 0xe0, 0x0f, 0xe0, 0x0f, 0xe0,
    0x10, 0xe0, 0x0f, 0xe0, 0x0f, 0xe0, 0x0f, 0xe0, 0x0f, 0xe0, 0x0f, 0xe0,
    0x10, 0xe0, 0x10, 0xe8, 0x10, 0xe8, 0x10, 0xe8, 0x0f, 0xe8, 0x10, 0xe0,
    0x10, 0xe0, 0x10, 0xe8, 0x10, 0xe8, 0x10, 0xe0, 0x10, 0xe8, 0x10, 0xe8,
    0x10, 0xe0, 0x0f, 0xe8, 0x10, 0xe8, 0x10, 0xe8, 0x10, 0xe0, 0x0f, 0xe0,
    0x10, 0xe8, 0x10, 0xe8, 0x0f, 0xe8, 0x0f, 0xe8, 0x10, 0xe8, 0x0f, 0xe8,
    0x10, 0xe0, 0x0f, 0xe8, 0x10, 0xe8, 0x10, 0xe8, 0x0f, 0xe8, 0x10, 0xe8,
    0x10, 0xe0, 0x10, 0xe8, 0x0f, 0xe8, 0x10, 0xe8, 0x10, 0xe8, 0x10, 0xe0,
    0x10, 0xe8, 0x10, 0xe8, 0x10, 0xe0, 0x0f, 0xe8, 0x10, 0xe0, 0x10, 0xe8,
    0x0f, 0xe8, 0x10, 0xe0, 0x10, 0xe8, 0x10, 0xe8, 0x10, 0xe0, 0x0f, 0xe0,
    0x10, 0xe8, 0x10, 0xe8, 0x0f, 0xe0, 0x10, 0xe8, 0x0f, 0xe8, 0x10, 0xe8,
    0x10, 0xe0, 0x0f, 0xe8, 0x0f, 0xe8, 0x10, 0xe8, 0x10, 0xe8, 0x0f, 0xe0,
    0x10, 0xe8, 0x10, 0xe8, 0x10, 0xe0, 0x10, 0xe8, 0x0f, 0xe8, 0x10, 0xe0,
    0x10, 0xe8, 0x0f, 0xe8, 0x10, 0xe0, 0x10, 0xe8, 0x10, 0xe8, 0x10, 0xe8,
    0x10, 0xe8, 0x10, 0xe8, 0x10, 0xe8, 0x10, 0xe8, 0x10, 0xe0, 0x0f, 0xe8,
    0x10, 0xe8, 0x10, 0xe8, 0x10, 0xe8, 0x10, 0xe8, 0x10, 0xe8, 0x10, 0xe0,
    0x10, 0xe8, 0x10, 0xe8, 0x10, 0xe8, 0x0f, 0xe0, 0x10, 0xe8, 0x10, 0xe8,
    0x10, 0xe0, 0x10, 0xe8, 0x10, 0xe8, 0x10, 0xe8, 0x10, 0xe8, 0x10, 0xe8,
    0x10, 0xe8, 0x0f, 0xe8, 0x10, 0xe0, 0x10, 0xe8, 0x0f, 0xe8, 0x10, 0xe8,
    0x10, 0xe8, 0x0f, 0xe0, 0x10, 0xe8, 0x10, 0xe8, 0x0f, 0xe0, 0x10, 0xe8,
    0x10, 0xe0, 0x0f, 0xe8, 0x10, 0xe8, 0x10, 0xe8, 0x0f, 0xe0, 0x10, 0xe8,
    0x10, 0xe8, 0x0f, 0xe8, 0x10, 0xe0, 0x10, 0xe8, 0x10, 0xe8, 0x10, 0xe0,
    0x0f, 0xe8, 0x10, 0xe8, 0x10, 0xe8, 0x0f, 0xe8, 0x10, 0xe8, 0x10, 0xe0,
    0x10, 0xe8, 0x10, 0xe8, 0x10, 0xe0, 0x10, 0xe8, 0x0f, 0xe8, 0x10, 0xe8,
    0x10, 0xe8, 0x0f, 0xe8, 0x10, 0xe8, 0x10, 0xe8, 0x0f, 0xe8, 0x10, 0xe8,
    0x10, 0xe0, 0x10, 0xe0, 0x10, 0xe8, 0x0f, 0xe0, 0x0f, 0xe0, 0x10, 0xe0,
    0x10, 0xe8, 0x10, 0xe8, 0x10, 0xe0, 0x10, 0xe8, 0x10, 0xe8, 0x10, 0xe8,
    0x0f, 0xe0, 0x10, 0xe8, 0x10, 0xe8, 0x0f, 0xe0, 0x10, 0xe0, 0x0f, 0xe0,
    0x10, 0xe0, 0x10, 0xe0, 0x0f, 0xe0, 0x0f, 0xd8, 0x0f, 0xe0, 0x0f, 0xe0,
    0x0f, 0xe0, 0x0f, 0xd8, 0x0f, 0xd8, 0x0f, 0xd8, 0x0f, 0xd8, 0x0f, 0xe0,
    0x10, 0xe0, 0x10, 0xe0, 0x0f, 0xe0, 0x10, 0xe0, 0x0f, 0xe0, 0x10, 0xe0,
    0x10, 0xe0, 0x0f, 0xe0, 0x10, 0xe0, 0x0f, 0xe0, 0x0f, 0xe0, 0x0f, 0xe0,
    0x0f, 0xe0, 0x0f, 0xe0, 0x0f, 0xd8, 0x0f, 0xd8, 0x0f, 0xd8, 0x0e, 0xd8,
    0x0f, 0xd8, 0x0f, 0xd8, 0x0e, 0xd0, 0x0f, 0xd8, 0x0e, 0xd0, 0x0e, 0xd0,
    0x0f, 0xd8, 0x0f, 0xd0, 0x0e, 0xd0, 0x0e, 0xd0, 0x0e, 0xd0, 0x0e, 0xd0,
    0x0e, 0xd0, 0x0e, 0xd0, 0x0e, 0xc8, 0x0e, 0xc8, 0x0e, 0xc8, 0x0e, 0xc8,
    0x0e, 0xc8, 0x0e, 0xd0, 0x0e, 0xd8, 0x0f, 0xd8, 0x0f, 0xd8, 0x0f, 0xd8,
    0x0f, 0xd8, 0x0e, 0xd8, 0x0f, 0xd8, 0x0e, 0xd0, 0x0f, 0xd8, 0x0f, 0xd8,
    0x0e, 0xd0, 0x0f, 0xd0, 0x0e, 0xd8, 0x0f, 0xd8, 0x0e, 0xd8, 0x0e, 0xd8,
    0x0f, 0xd8, 0x0e, 0xd8, 0x0e, 0xd8, 0x0e, 0xd0, 0x0e, 0xd0, 0x0e, 0xd0,
    0x0f, 0xd0, 0x0e, 0xd0, 0x0e, 0xd0, 0x0f, 0xd0, 0x0e, 0xd0, 0x0e, 0xd0,
    0x0f, 0xd0, 0x0e, 0xd0, 0x0f, 0xd0, 0x0e, 0xd0, 0x0e, 0xd0, 0x0f, 0xd0,
    0x0e, 0xd0, 0x0e, 0xd0, 0x0e, 0xd0, 0x0e, 0xd0, 0x0e, 0xd0, 0x0e, 0xd0,
    0x0f, 0xd0, 0x0f, 0xd8, 0x0f, 0xe0, 0x10, 0xe0, 0x10, 0xe8, 0x10, 0xe8,
    0x10, 0xe8, 0x10, 0xe8, 0x0f, 0xe8, 0x10, 0xe8, 0x10, 0xe0, 0x0f, 0xe0,
    0x10, 0xe8, 0x10, 0xe0, 0x10, 0xe0, 0x0f, 0xe8, 0x10, 0xe0, 0x10, 0xe0,
    0x0f, 0xe0, 0x0f, 0xe0, 0x10, 0xe0, 0x10, 0xe0, 0x0f, 0xe0, 0x10, 0xe0,
    0x0f, 0xe0, 0x10, 0xe0, 0x0f, 0xe0, 0x0f, 0xe0, 0x0f, 0xe0, 0x0f, 0xe0,
    0x0f, 0xe0, 0x10, 0xe0, 0x10, 0xe0, 0x10, 0xe0, 0x10, 0xe8, 0x10, 0xe8,
    0x0f, 0xe8, 0x10, 0xe8, 0x10, 0xe8, 0x0f, 0xe8, 0x10, 0xe8, 0x0f, 0xe8,
    0x10, 0xe0, 0x0f, 0xe8, 0x10, 0xe8, 0x10, 0xe8, 0x10, 0xe0, 0x10, 0xe0,
    0x10, 0xe8, 0x10, 0xe0, 0x10, 0xe0, 0x0f, 0xe0, 0x0f, 0xe8, 0x10, 0xe8,
    0x10, 0xe0, 0x10, 0xe8, 0x10, 0xe8, 0x10, 0xe8, 0x0f, 0xe8, 0x10, 0xe8,
    0x10, 0xe8, 0x0f, 0xe0, 0x10, 0xe8, 0x10, 0xe8, 0x0f, 0xe8, 0x10, 0xe0,
    0x10, 0xe8, 0x0f, 0xe8, 0x10, 0xe0, 0x0f, 0xe8, 0x0f, 0xe8, 0x10, 0xe8,
    0x10, 0xe8, 0x10, 0xe0, 0x10, 0xe8, 0x0f, 0xe8, 0x10, 0xe8, 0x0f, 0xe8,
    0x0f, 0xe0, 0x10, 0xe8, 0x10, 0xe8, 0x10, 0xe8, 0x10, 0xe8, 0x10, 0xe0,
    0x10, 0xe8, 0x10, 0xe8, 0x0f, 0xe8, 0x10, 0xe8, 0x10, 0xe8, 0x10, 0xe0,
    0x10, 0xe8, 0x0f, 0xe8, 0x10, 0xe0, 0x10, 0xe8, 0x10, 0xe8, 0x0f, 0xe0,
    0x10, 0xe8, 0x10, 0xe8, 0x10, 0xe8, 0x0f, 0xe8, 0x10, 0xe0, 0x10, 0xe8,
    0x0f, 0xe8, 0x10, 0xe0, 0x0f, 0xe8, 0x10, 0xe0, 0x10, 0xe8, 0x0f, 0xe0,
    0x10, 0xe8, 0x10, 0xe8, 0x0f, 0xe8, 0x10, 0xe0, 0x10, 0xe8, 0x0f, 0xe0,
    0x10, 0xe8, 0x10, 0xe8, 0x0f, 0xe8, 0x10, 0xe8, 0x10, 0xe0, 0x0f, 0xe8,
    0x10, 0xe8, 0x10, 0xe8, 0x0f, 0xe0, 0x10, 0xe8, 0x10, 0xe8, 0x10, 0xe8,
    0x0f, 0xe0, 0x10, 0xe0, 0x10, 0xe8, 0x10, 0xe8, 0x0f, 0xe8, 0x10, 0xe8,
    0x10, 0xe8, 0x10, 0xe0, 0x0f, 0xe8, 0x10, 0xe8, 0x10, 0xe0, 0x0f, 0xe8,
    0x10, 0xe8, 0x10, 0xe8, 0x10, 0xe8, 0x0f, 0xe8, 0x10, 0xe8, 0x10, 0xe0,
    0x10, 0xe8, 0x10, 0xe8, 0x10, 0xe8, 0x10, 0xe0, 0x10, 0xe8, 0x0f, 0xe8,
    0x10, 0xe8, 0x10, 0xe0, 0x0f, 0xe8, 0x10, 0xe8, 0x10, 0xe0, 0x0f, 0xe8,
    0x10, 0xe8, 0x10, 0xe0, 0x10, 0xe8, 0x10, 0xe8, 0x0f, 0xe0, 0x10, 0xe8,
    0x10, 0xe0, 0x10, 0xe8, 0x10, 0xe8, 0x10, 0xe0, 0x10, 0xe8, 0x0f, 0xe0,
    0x10, 0xe8, 0x10, 0xe0, 0x10, 0xe8, 0x0f, 0xe8, 0x0f, 0xe8, 0x10, 0xe0,
    0x10, 0xe8, 0x10, 0xe0, 0x0f, 0xe0, 0x0f, 0xe0, 0x0f, 0xe0, 0x0f, 0xe0,
    0x10, 0xe8, 0x0f, 0xe8, 0x10, 0xe8, 0x10, 0xe8, 0x10, 0xe0, 0x10, 0xe0,
    0x10, 0xe8, 0x10, 0xe8, 0x0f, 0xe0, 0x0f, 0xe0, 0x10, 0xe0, 0x0f, 0xe0,
    0x10, 0xe0, 0x10, 0xe0, 0x0f, 0xe0, 0x0f, 0xe0, 0x10, 0xd8, 0x0f, 0xe0,
    0x0f, 0xe0, 0x0f, 0xd8, 0x0f, 0xd8, 0x0f, 0xd8, 0x0f, 0xe0, 0x0f, 0xe0,
    0x10, 0xe8, 0x10, 0xe8, 0x0f, 0xe0, 0x10, 0xe0, 0x10, 0xe0, 0x0f, 0xe0,
    0x10, 0xe0, 0x0f, 0xd8, 0x0f, 0xe0, 0x10, 0xe0, 0x0f, 0xd8, 0x0f, 0xe0,
    0x0f, 0xe0, 0x0f, 0xd8, 0x0f, 0xd8, 0x0f, 0xd8, 0x0f, 0xd8, 0x0f, 0xd8,
    0x0f, 0xd8, 0x0f, 0xd8, 0x0f, 0xd8, 0x0e, 0xd0, 0x0e, 0xd0, 0x0f, 0xd8,
    0x0e, 0xd0, 0x0f, 0xd0, 0x0e, 0xd0, 0x0e, 0xd0, 0x0e, 0xd0, 0x0e, 0xd0,
    0x0e, 0xd0, 0x0e, 0xc8, 0x0e, 0xc8, 0x0e, 0xc8, 0x0e, 0xc8, 0x0e, 0xc8,
    0x0e, 0xc8, 0x0e, 0xc8, 0x0e, 0xd0, 0x0e, 0xd0, 0x0f, 0xd8, 0x0f, 0xd8,
    0x0f, 0xd8, 0x0f, 0xd8, 0x0e, 0xd8, 0x0e, 0xd8, 0x0f, 0xd8, 0x0f, 0xd8,
    0x0e, 0xd0, 0x0f, 0xd0, 0x0e, 0xd0, 0x0e, 0xd0, 0x0f, 0xd0, 0x0f, 0xd0,
    0x0f, 0xd0, 0x0e, 0xd8, 0x0f, 0xd0, 0x0e, 0xd8, 0x0e, 0xd8, 0x0e, 0xd0,
    0x0f, 0xd0, 0x0e, 0xd8, 0x0e, 0xd0, 0x0e, 0xd0, 0x0e, 0xd0, 0x0e, 0xd0,
    0x0e, 0xd0, 0x0e, 0xd0, 0x0e, 0xd0, 0x0e, 0xd0, 0x0e, 0xd0, 0x0e, 0xd0,
    0x0e, 0xd0, 0x0e, 0xd0, 0x0e, 0xd0, 0x0f, 0xd8, 0x0f, 0xe0, 0x10, 0xe8,
    0x10, 0xe8, 0x10, 0xe8, 0x10, 0xe8, 0x10, 0xe8, 0x10, 0xe8, 0x0f, 0xe0,
    0x10, 0xe0, 0x10, 0xe0, 0x10, 0xe8, 0x10, 0xe8, 0x10, 0xe0, 0x10, 0xe0,
    0x0f, 0xe8, 0x10, 0xe0, 0x0f, 0xe0, 0x0f, 0xe8, 0x10, 0xe0, 0x0f, 0xe0,
    0x10, 0xe0, 0x0f, 0xe0, 0x0f, 0xe0, 0x0f, 0xe0, 0x10, 0xe0, 0x0f, 0xe0,
    0x0f, 0xe0, 0x0f, 0xe0, 0x10, 0xe0, 0x0f, 0xd8, 0x10, 0xe0, 0x10, 0xe0,
    0x10, 0xe8, 0x10, 0xe8, 0x10, 0xe8, 0x0f, 0xe0, 0x10, 0xe8, 0x10, 0xe0,
    0x10, 0xe8, 0x10, 0xe8, 0x10, 0xe0, 0x10, 0xe8, 0x0f, 0xe8, 0x10, 0xe8,
    0x0f, 0xe8, 0x10, 0xe8, 0x0f, 0xe8, 0x10, 0xe0, 0x0f, 0xe0, 0x10, 0xe8,
    0x0f, 0xe0, 0x10, 0xe8, 0x10, 0xe8, 0x10, 0xe8, 0x10, 0xe0, 0x0f, 0xe8,
    0x10, 0xe0, 0x10, 0xe0, 0x10, 0xe8, 0x10, 0xe8, 0x10, 0xe0, 0x10, 0xe8,
    0x10, 0xe8, 0x10, 0xe0, 0x0f, 0xe8, 0x10, 0xe8, 0x10, 0xe8, 0x10, 0xe0,
    0x10, 0xe8, 0x10, 0xe8, 0x10, 0xe0, 0x0f, 0xe8, 0x10, 0xe8, 0x10, 0xe8,
    0x0f, 0xe8, 0x10, 0xe0, 0x10, 0xe8, 0x10, 0xe8, 0x10, 0xe8, 0x10, 0xe8,
    0x0f, 0xe8, 0x10, 0xe8, 0x0f, 0xe0, 0x10, 0xe8, 0x10, 0xe8, 0x10, 0xe0,
    0x10, 0xe0, 0x0f, 0xe8, 0x10, 0xe8, 0x10, 0xe0, 0x10, 0xe8, 0x10, 0xe8,
    0x0f, 0xe8, 0x10, 0xe8, 0x10, 0xe8, 0x0f, 0xe8, 0x10, 0xe8, 0x10, 0xe0,
    0x0f, 0xe8, 0x10, 0xe8, 0x10, 0xe8, 0x10, 0xe8, 0x10, 0xe8, 0x10, 0xe8,
    0x0f, 0xe8, 0x10, 0xe8, 0x10, 0xe0, 0x0f, 0xe8, 0x10, 0xe8, 0x10, 0xe0,
    0x10, 0xe8, 0x10, 0xe8, 0x10, 0xe8, 0x0f, 0xe8, 0x10, 0xe0, 0x10, 0xe0,
    0x0f, 0xe8, 0x10, 0xe8, 0x10, 0xe8, 0x0f, 0xe0, 0x10, 0xe8, 0x10, 0xe8,
    0x10, 0xe8, 0x0f, 0xe0, 0x10, 0xe8, 0x10, 0xe8, 0x0f, 0xe8, 0x10, 0xe8,
    0x10, 0xe0, 0x0f, 0xe0, 0x10, 0xe8, 0x10, 0xe8, 0x10, 0xe0, 0x10, 0xe8,
    0x10, 0xe8, 0x10, 0xe0, 0x10, 0xe8, 0x10, 0xe8, 0x10, 0xe0, 0x10, 0xe8,
    0x10, 0xe8, 0x10, 0xe0, 0x0f, 0xe8, 0x10, 0xe8, 0x0f, 0xe0, 0x10, 0xe8,
    0x0f, 0xe8, 0x10, 0xe8, 0x10, 0xe0, 0x10, 0xe8, 0x10, 0xe8, 0x0f, 0xe8,
    0x10, 0xe8, 0x10, 0xe8, 0x10, 0xe8, 0x10, 0xe0, 0x0f, 0xe8, 0x10, 0xe8,
    0x10, 0xe8, 0x0f, 0xe8, 0x10, 0xe8, 0x10, 0xe8, 0x0f, 0xe0, 0x0f, 0xe0,
    0x10, 0xe8, 0x10, 0xe8, 0x0f, 0xe8, 0x10, 0xe8, 0x10, 0xe0, 0x10, 0xe8,
    0x10, 0xe8, 0x10, 0xe8, 0x10, 0xe0, 0x10, 0xe8, 0x10, 0xe0, 0x10, 0xe8,
    0x0f, 0xe0, 0x10, 0xe0, 0x10, 0xe0, 0x0f, 0xe0, 0x10, 0xe0, 0x10, 0xe0,
    0x0f, 0xe8, 0x10, 0xe8, 0x10, 0xe8, 0x0f, 0xe0, 0x10, 0xe8, 0x10, 0xe8,
    0x10, 0xe8, 0x0f, 0xe0, 0x10, 0xe0, 0x0f, 0xe0, 0x0f, 0xe0, 0x10, 0xe0,
    0x0f, 0xe0, 0x0f, 0xe0, 0x10, 0xd8, 0x0f, 0xe0, 0x0f, 0xe0, 0x0f, 0xd8,
    0x0f, 0xd8, 0x0f, 0xd8, 0x0f, 0xd8, 0x0f, 0xd8, 0x0f, 0xd8, 0x0f, 0xe0,
    0x0f, 0xe0, 0x0f, 0xe0, 0x10, 0xe0, 0x0f, 0xe0, 0x10, 0xe0, 0x0f, 0xe0,
    0x0f, 0xd8, 0x10, 0xe0, 0x0f, 0xe0, 0x0f, 0xd8, 0x0f, 0xd8, 0x0f, 0xe0,
    0x0f, 0xd8, 0x0f, 0xd8, 0x0f, 0xd8, 0x0f, 0xd8, 0x0e, 0xd8, 0x0f, 0xd8,
    0x0f, 0xd8, 0x0e, 0xd0, 0x0f, 0xd0, 0x0e, 0xd8, 0x0f, 0xd0, 0x0e, 0xd0,
    0x0f, 0xd0, 0x0f, 0xd0, 0x0e, 0xd0, 0x0e, 0xd0, 0x0e, 0xd0, 0x0e, 0xc8,
    0x0e, 0xd0, 0x0e, 0xc8, 0x0e, 0xc8, 0x0e, 0xc8, 0x0e, 0xc8, 0x0e, 0xc8,
    0x0d, 0xc8, 0x0d, 0xc8, 0x0e, 0xc8, 0x0e, 0xd0, 0x0e, 0xd0, 0x0f, 0xd8,
    0x0f, 0xd8, 0x0f, 0xd8, 0x0f, 0xd8, 0x0e, 0xd0, 0x0f, 0xd0, 0x0e, 0xd0,
    0x0f, 0xd8, 0x0e, 0xd0, 0x0e, 0xd0, 0x0e, 0xd0, 0x0e, 0xd0, 0x0f, 0xd0,
    0x0e, 0xd0, 0x0e, 0xd0, 0x0e, 0xd0, 0x0f, 0xd0, 0x0e, 0xd0, 0x0e, 0xd0,
    0x0f, 0xd0, 0x0e, 0xd0, 0x0e, 0xd0, 0x0f, 0xd0, 0x0e, 0xd0, 0x0f, 0xd0,
    0x0e, 0xd0, 0x0e, 0xd0, 0x0e, 0xd0, 0x0e, 0xd0, 0x0e, 0xd0, 0x0f, 0xd8,
    0x10, 0xe0, 0x10, 0xe8, 0x10, 0xe8, 0x10, 0xe8, 0x10, 0xe8, 0x0f, 0xe8,
    0x10, 0xe0, 0x10, 0xe8, 0x0f, 0xe0, 0x10, 0xe8, 0x10, 0xe0, 0x0f, 0xe0,
    0x0f, 0xe8, 0x0f, 0xe0, 0x0f, 0xe0, 0x0f, 0xe0, 0x0f, 0xe0, 0x10, 0xe0,
    0x0f, 0xe0, 0x10, 0xe0, 0x0f, 0xe0, 0x0f, 0xe0, 0x0f, 0xe0, 0x0f, 0xe0,
    0x0f, 0xe0, 0x0f, 0xe0, 0x0f, 0xe0, 0x0f, 0xe0, 0x0f, 0xe0, 0x0f, 0xd8,
    0x0f, 0xd8, 0x10, 0xe0, 0x10, 0xe8, 0x0f, 0xe8, 0x10, 0xe0, 0x0f, 0xe8,
    0x10, 0xe8, 0x10, 0xe8, 0x10, 0xe8, 0x0f, 0xe0, 0x10, 0xe8, 0x10, 0xe8,
    0x0f, 0xe0, 0x10, 0xe8, 0x10, 0xe8, 0x10, 0xe0, 0x10, 0xe0, 0x10, 0xe8,
    0x10, 0xe0, 0x0f, 0xe0, 0x10, 0xe8, 0x0f, 0xe0, 0x10, 0xe8, 0x10, 0xe8,
    0x10, 0xe8, 0x10, 0xe8, 0x0f, 0xe8, 0x10, 0xe8, 0x10, 0xe8, 0x0f, 0xe8,
    0x10, 0xe8, 0x0f, 0xe0, 0x10, 0xe8, 0x0f, 0xe8, 0x10, 0xe8, 0x10, 0xe8,
    0x10, 0xe0, 0x10, 0xe8, 0x0f, 0xe8, 0x10, 0xe8, 0x10, 0xe8, 0x10, 0xe8,
    0x10, 0xe8, 0x10, 0xe0, 0x0f, 0xe8, 0x10, 0xe8, 0x10, 0xe0, 0x10, 0xe8,
    0x10, 0xe8, 0x10, 0xe0, 0x10, 0xe8, 0x0f, 0xe0, 0x10, 0xe8, 0x10, 0xe8,
    0x0f, 0xe0, 0x10, 0xe8, 0x0f, 0xe8, 0x10, 0xe8, 0x10, 0xe8, 0x10, 0xe8,
    0x0f, 0xe8, 0x10, 0xe8, 0x10, 0xe0, 0x0f, 0xe8, 0x10, 0xe0, 0x10, 0xe8,
    0x10, 0xe0, 0x10, 0xe8, 0x10, 0xe8, 0x10, 0xe0, 0x10, 0xe8, 0x10, 0xe8,
    0x0f, 0xe0, 0x10, 0xe0, 0x10, 0xe8, 0x10, 0xe8, 0x10, 0xe0, 0x10, 0xe8,
    0x10, 0xe8, 0x10, 0xe8, 0x0f, 0xe8, 0x10, 0xe8, 0x0f, 0xe0, 0x10, 0xe8,
    0x10, 0xe8, 0x10, 0xe8, 0x10, 0xe8, 0x10, 0xe8, 0x10, 0xe0, 0x10, 0xe8,
    0x10, 0xe8, 0x10, 0xe8, 0x0f, 0xe0, 0x10, 0xe8, 0x10, 0xe8, 0x10, 0xe8,
    0x10, 0xe0, 0x10, 0xe8, 0x10, 0xe8, 0x0f, 0xe8, 0x10, 0xe8, 0x10, 0xe8,
    0x10, 0xe8, 0x0f, 0xe0, 0x10, 0xe8, 0x0f, 0xe8, 0x10, 0xe8, 0x0f, 0xe8,
    0x10, 0xe8, 0x0f, 0xe8, 0x10, 0xe0, 0x0f, 0xe8, 0x10, 0xe8, 0x10, 0xe0,
    0x10, 0xe8, 0x10, 0xe8, 0x10, 0xe8, 0x0f, 0xe0, 0x10, 0xe8, 0x10, 0xe8,
    0x0f, 0xe8, 0x10, 0xe0, 0x10, 0xe8, 0x10, 0xe8, 0x0f, 0xe0, 0x10, 0xe8,
    0x10, 0xe8, 0x10, 0xe8, 0x0f, 0xe0, 0x10, 0xe8, 0x10, 0xe0, 0x10, 0xe8,
    0x10, 0xe8, 0x10, 0xe8, 0x10, 0xe8, 0x10, 0xe0, 0x10, 0xe0, 0x0f, 0xe8,
    0x10, 0xe8, 0x10, 0xe8, 0x0f, 0xe8, 0x10, 0xe8, 0x0f, 0xe0, 0x10, 0xe8,
    0x10, 0xe8, 0x0f, 0xe8, 0x10, 0xe0, 0x10, 0xe8, 0x0f, 0xe8, 0x10, 0xe0,
    0x10, 0xe0, 0x0f, 0xe0, 0x0f, 0xe0, 0x10, 0xe0, 0x0f, 0xe0, 0x10, 0xe8,
    0x10, 0xe8, 0x0f, 0xe8, 0x10, 0xe0, 0x10, 0xe0, 0x10, 0xe8, 0x10, 0xe8,
    0x0f, 0xe0, 0x10, 0xe0, 0x10, 0xe0, 0x0f, 0xe0, 0x0f, 0xe0, 0x0f, 0xe0,
    0x0f, 0xe0, 0x0f, 0xd8, 0x0f, 0xe0, 0x0f, 0xe0, 0x0f, 0xe0, 0x0f, 0xd8,
    0x0f, 0xd8, 0x0f, 0xd8, 0x0f, 0xd8, 0x0f, 0xd8, 0x0f, 0xd8, 0x0f, 0xe0,
    0x10, 0xe0, 0x0f, 0xe0, 0x10, 0xe0, 0x10, 0xe0, 0x0f, 0xe0, 0x0f, 0xe0,
    0x0f, 0xe0, 0x0f, 0xe0, 0x0f, 0xe0, 0x0f, 0xd8, 0x0f, 0xe0, 0x0f, 0xd8,
    0x0f, 0xd8, 0x0f, 0xd8, 0x0f, 0xd8, 0x0f, 0xd8, 0x0f, 0xd8, 0x0f, 0xd8,
    0x0f, 0xd8, 0x0f, 0xd0, 0x0e, 0xd8, 0x0e, 0xd0, 0x0e, 0xd0, 0x0f, 0xd0,
    0x0e, 0xd0, 0x0e, 0xd0, 0x0e, 0xd0, 0x0e, 0xd0, 0x0e, 0xd0, 0x0e, 0xd0,
    0x0e, 0xc8, 0x0e, 0xd0, 0x0e, 0xc8, 0x0e, 0xc8, 0x0e, 0xc8, 0x0e, 0xc8,
    0x0d, 0xc0, 0x0d, 0xc0, 0x0d, 0xc0, 0x0e, 0xc8, 0x0e, 0xc8, 0x0e, 0xd0,
    0x0f, 0xd8, 0x0f, 0xd8, 0x0e, 0xd0, 0x0e, 0xd0, 0x0e, 0xd0, 0x0e, 0xd0,
    0x0e, 0xd0, 0x0e, 0xd0, 0x0e, 0xd0, 0x0e, 0xd0, 0x0e, 0xd0, 0x0e, 0xd0,
    0x0e, 0xd0, 0x0e, 0xd0, 0x0e, 0xd0, 0x0e, 0xd0, 0x0e, 0xd0, 0x0e, 0xd0,
    0x0e, 0xd0, 0x0e, 0xd0, 0x0e, 0xd0, 0x0e, 0xd0, 0x0e, 0xc8, 0x0e, 0xc8,
    0x0f, 0xd0, 0x0f, 0xd8, 0x10, 0xe0, 0x10, 0xe8, 0x10, 0xe8, 0x10, 0xe8,
    0x10, 0xe0, 0x10, 0xe0, 0x0f, 0xe0, 0x10, 0xe0, 0x10, 0xe0, 0x10, 0xe8,
    0x0f, 0xe0, 0x10, 0xe0, 0x0f, 0xe0, 0x0f, 0xe0, 0x10, 0xe0, 0x10, 0xe0,
    0x0f, 0xe0, 0x10, 0xe0, 0x0f, 0xe0, 0x0f, 0xe0, 0x0f, 0xe0, 0x0f, 0xe0,
    0x0f, 0xe0, 0x10, 0xe0, 0x0f, 0xe0, 0x10, 0xe0, 0x10, 0xd8, 0x0f, 0xd8,
    0x0f, 0xd8, 0x0f, 0xd8, 0x0f, 0xd8, 0x10, 0xe0, 0x10, 0xe8, 0x10, 0xe8,
    0x10, 0xe8, 0x10, 0xe8, 0x10, 0xe8, 0x10, 0xe0, 0x0f, 0xe8, 0x10, 0xe8,
    0x10, 0xe8, 0x0f, 0xe8, 0x10, 0xe8, 0x10, 0xe8, 0x0f, 0xe8, 0x10, 0xe0,
    0x10, 0xe8, 0x10, 0xe0, 0x0f, 0xe0, 0x0f, 0xe0, 0x10, 0xe0, 0x0f, 0xe0,
    0x0f, 0xe0, 0x10, 0xe8, 0x10, 0xe8, 0x10, 0xe8, 0x0f, 0xe0, 0x10, 0xe0,
    0x10, 0xe8, 0x10, 0xe8, 0x10, 0xe8, 0x10, 0xe8, 0x10, 0xe0, 0x10, 0xe8,
    0x0f, 0xe8, 0x10, 0xe0, 0x10, 0xe0, 0x0f, 0xe8, 0x10, 0xe8, 0x10, 0xe0,
    0x0f, 0xe8, 0x10, 0xe8, 0x0f, 0xe0, 0x0f, 0xe8, 0x10, 0xe8, 0x10, 0xe8,
    0x10, 0xe0, 0x0f, 0xe8, 0x10, 0xe8, 0x10, 0xe8, 0x0f, 0xe8, 0x10, 0xe8,
    0x10, 0xe0, 0x0f, 0xe8, 0x10, 0xe8, 0x10, 0xe8, 0x10, 0xe8, 0x10, 0xe8,
    0x10, 0xe8, 0x0f, 0xe0, 0x10, 0xe8, 0x10, 0xe8, 0x0f, 0xe0, 0x10, 0xe8,
    0x10, 0xe8, 0x10, 0xe8, 0x10, 0xe8, 0x0f, 0xe0, 0x10, 0xe8, 0x0f, 0xe8,
    0x10, 0xe8, 0x0f, 0xe8, 0x10, 0xe8, 0x10, 0xe8, 0x0f, 0xe8, 0x10, 0xe8,
    0x0f, 0xe8, 0x0f, 0xe0, 0x10, 0xe8, 0x0f, 0xe8, 0x10, 0xe8, 0x10, 0xe0,
    0x10, 0xe8, 0x10, 0xe8, 0x0f, 0xe8, 0x10, 0xe0, 0x10, 0xe8, 0x0f, 0xe0,
    0x0f, 0xe8, 0x10, 0xe8, 0x0f, 0xe8, 0x10, 0xe0, 0x10, 0xe8, 0x0f, 0xe8,
    0x10, 0xe8, 0x10, 0xe0, 0x0f, 0xe8, 0x10, 0xe8, 0x0f, 0xe8, 0x10, 0xe0,
    0x10, 0xe8, 0x10, 0xe8, 0x0f, 0xe0, 0x10, 0xe8, 0x10, 0xe8, 0x10, 0xe8,
    0x0f, 0xe8, 0x10, 0xe0, 0x10, 0xe8, 0x10, 0xe8, 0x0f, 0xe0, 0x10, 0xe8,
    0x10, 0xe8, 0x0f, 0xe8, 0x10, 0xe8, 0x10, 0xe8, 0x0f, 0xe8, 0x10, 0xe8,
    0x10, 0xe8, 0x10, 0xe8, 0x10, 0xe0, 0x10, 0xe8, 0x0f, 0xe8, 0x10, 0xe8,
    0x10, 0xe0, 0x0f, 0xe8, 0x10, 0xe8, 0x10, 0xe0, 0x0f, 0xe8, 0x10, 0xe8,
    0x10, 0xe8, 0x10, 0xe8, 0x0f, 0xe8, 0x10, 0xe0, 0x0f, 0xe8, 0x10, 0xe8,
    0x10, 0xe8, 0x10, 0xe8, 0x0f, 0xe0, 0x10, 0xe0, 0x10, 0xe0, 0x10, 0xe8,
    0x10, 0xe8, 0x10, 0xe0, 0x10, 0xe8, 0x0f, 0xe8, 0x10, 0xe8, 0x10, 0xe8,
    0x0f, 0xe0, 0x10, 0xe0, 0x10, 0xe8, 0x0f, 0xe0, 0x0f, 0xe0, 0x10, 0xe0,
    0x10, 0xe0, 0x0f, 0xe0, 0x0f, 0xe0, 0x0f, 0xe0, 0x10, 0xe0, 0x10, 0xe8,
    0x0f, 0xe8, 0x10, 0xe0, 0x10, 0xe0, 0x10, 0xe8, 0x0f, 0xe0, 0x10, 0xe0,
    0x10, 0xe0, 0x10, 0xe0, 0x10, 0xe0, 0x10, 0xe0, 0x0f, 0xe0, 0x10, 0xe0,
    0x0f, 0xd8, 0x0f, 0xe0, 0x0f, 0xe0, 0x0f, 0xd8, 0x0f, 0xe0, 0x0f, 0xd8,
    0x0f, 0xd8, 0x0f, 0xd8, 0x0f, 0xd8, 0x0f, 0xd8, 0x0f, 0xd8, 0x0f, 0xd8,
    0x0f, 0xe0, 0x10, 0xe0, 0x10, 0xe0, 0x0f, 0xe0, 0x10, 0xd8, 0x0f, 0xe0,
    0x0f, 0xe0, 0x0f, 0xe0, 0x0f, 0xe0, 0x0f, 0xd8, 0x0f, 0xd8, 0x0f, 0xd8,
    0x0f, 0xd8, 0x0f, 0xd8, 0x0f, 0xd8, 0x0e, 0xd8, 0x0e, 0xd0, 0x0f, 0xd8,
    0x0f, 0xd8, 0x0f, 0xd0, 0x0e, 0xd8, 0x0e, 0xd0, 0x0f, 0xd0, 0x0e, 0xd0,
    0x0f, 0xd0, 0x0e, 0xd0, 0x0e, 0xd0, 0x0e, 0xd0, 0x0e, 0xc8, 0x0e, 0xc8,
    0x0e, 0xc8, 0x0e, 0xc8, 0x0e, 0xc8, 0x0e, 0xc8, 0x0e, 0xc8, 0x0e, 0xc8,
    0x0d, 0xc8, 0x0d, 0xc0, 0x0d, 0xc0, 0x0d, 0xc0, 0x0e, 0xc8, 0x0e, 0xd0,
    0x0e, 0xd0, 0x0e, 0xd0, 0x0e, 0xd0, 0x0e, 0xd0, 0x0f, 0xd0, 0x0e, 0xd0,
    0x0e, 0xd0, 0x0e, 0xd0, 0x0e, 0xd0, 0x0e, 0xd0, 0x0e, 0xc8, 0x0e, 0xd0,
    0x0e, 0xc8, 0x0e, 0xc8, 0x0e, 0xc8, 0x0e, 0xc8, 0x0e, 0xc8, 0x0e, 0xc8,
    0x0e, 0xc8, 0x0e, 0xc8, 0x0e, 0xd8, 0x0f, 0xe0, 0x10, 0xe8, 0x10, 0xe8,
    0x10, 0xe8, 0x10, 0xe8, 0x10, 0xe8, 0x0f, 0xe0, 0x10, 0xe8, 0x10, 0xe0,
    0x10, 0xe0, 0x10, 0xe0, 0x0f, 0xe0, 0x0f, 0xe0, 0x10, 0xe0, 0x0f, 0xe0,
    0x10, 0xe0, 0x10, 0xe0, 0x0f, 0xe0, 0x10, 0xe0, 0x0f, 0xe0, 0x10, 0xe0,
    0x0f, 0xe0, 0x0f, 0xe0, 0x10, 0xe0, 0x0f, 0xe0, 0x0f, 0xe0, 0x0f, 0xd8,
    0x0f, 0xe0, 0x0f, 0xd8, 0x0f, 0xd8, 0x0f, 0xd8, 0x0f, 0xd8, 0x0f, 0xe0,
    0x10, 0xe0, 0x10, 0xe8, 0x10, 0xe8, 0x0f, 0xe0, 0x10, 0xe8, 0x0f, 0xe8,
    0x10, 0xe8, 0x10, 0xe8, 0x10, 0xe0, 0x10, 0xe8, 0x10, 0xe0, 0x10, 0xe8,
    0x10, 0xe0, 0x10, 0xe0, 0x10, 0xe0, 0x10, 0xe8, 0x0f, 0xe0, 0x0f, 0xe0,
    0x10, 0xe0, 0x0f, 0xe0, 0x10, 0xe0, 0x10, 0xe8, 0x10, 0xe8, 0x10, 0xe8,
    0x10, 0xe8, 0x0f, 0xe8, 0x10, 0xe8, 0x10, 0xe8, 0x0f, 0xe0, 0x10, 0xe8,
    0x0f, 0xe0, 0x10, 0xe8, 0x10, 0xe8, 0x10, 0xe8, 0x10, 0xe8, 0x10, 0xe0,
    0x10, 0xe8, 0x0f, 0xe8, 0x10, 0xe8, 0x10, 0xe8, 0x10, 0xe0, 0x10, 0xe8,
    0x10, 0xe8, 0x10, 0xe0, 0x10, 0xe8, 0x0f, 0xe8, 0x10, 0xe8, 0x10, 0xe8,
    0x10, 0xe0, 0x0f, 0xe8, 0x10, 0xe8, 0x10, 0xe8, 0x10, 0xe8, 0x10, 0xe8,
    0x10, 0xe0, 0x0f, 0xe0, 0x10, 0xe8, 0x10, 0xe8, 0x10, 0xe0, 0x0f, 0xe8,
    0x10, 0xe8, 0x10, 0xe0, 0x10, 0xe8, 0x0f, 0xe8, 0x10, 0xe8, 0x10, 0xe0,
    0x0f, 0xe8, 0x10, 0xe8, 0x10, 0xe8, 0x10, 0xe0, 0x0f, 0xe8, 0x10, 0xe0,
    0x10, 0xe0, 0x10, 0xe8, 0x10, 0xe8, 0x10, 0xe8, 0x10, 0xe0, 0x10, 0xe8,
    0x10, 0xe8, 0x10, 0xe8, 0x0f, 0xe0, 0x10, 0xe8, 0x10, 0xe8, 0x10, 0xe0,
    0x10, 0xe8, 0x10, 0xe8, 0x10, 0xe8, 0x10, 0xe8, 0x10, 0xe0, 0x10, 0xe8,
    0x0f, 0xe8, 0x10, 0xe8, 0x10, 0xe0, 0x10, 0xe8, 0x10, 0xe8, 0x10, 0xe8,
    0x10, 0xe0, 0x0f, 0xe8, 0x10, 0xe8, 0x10, 0xe8, 0x0f, 0xe0, 0x10, 0xe8,
    0x10, 0xe8, 0x0f, 0xe0, 0x10, 0xe8, 0x10, 0xe8, 0x10, 0xe0, 0x10, 0xe8,
    0x10, 0xe8, 0x10, 0xe0, 0x10, 0xe8, 0x10, 0xe8, 0x10, 0xe0, 0x10, 0xe8,
    0x10, 0xe0, 0x0f, 0xe8, 0x10, 0xe0, 0x10, 0xe0, 0x0f, 0xe8, 0x10, 0xe8,
    0x10, 0xe8, 0x0f, 0xe0, 0x10, 0xe8, 0x10, 0xe8, 0x10, 0xe8, 0x10, 0xe8,
    0x10, 0xe8, 0x10, 0xe0, 0x0f, 0xe8, 0x10, 0xe8, 0x10, 0xe0, 0x0f, 0xe8,
    0x10, 0xe8, 0x10, 0xe0, 0x0f, 0xe8, 0x10, 0xe0, 0x10, 0xe8, 0x0f, 0xe8,
    0x10, 0xe8, 0x10, 0xe0, 0x10, 0xe0, 0x0f, 0xe0, 0x10, 0xe8, 0x10, 0xe8,
    0x10, 0xe8, 0x10, 0xe0, 0x10, 0xe8, 0x10, 0xe8, 0x10, 0xe8, 0x10, 0xe0,
    0x10, 0xe8, 0x10, 0xe0, 0x0f, 0xe0, 0x10, 0xe8, 0x0f, 0xe0, 0x10, 0xe0,
    0x0f, 0xe0, 0x0f, 0xe0, 0x0f, 0xe0, 0x10, 0xe0, 0x10, 0xe8, 0x0f, 0xe8,
    0x10, 0xe0, 0x10, 0xe8, 0x10, 0xe8, 0x0f, 0xe8, 0x0f, 0xe0, 0x0f, 0xe0,
    0x10, 0xe0, 0x0f, 0xe0, 0x0f, 0xe0, 0x10, 0xe0, 0x0f, 0xe0, 0x10, 0xd8,
    0x0f, 0xe0, 0x0f, 0xe0, 0x0f, 0xd8, 0x0f, 0xd8, 0x0f, 0xd8, 0x0e, 0xd8,
    0x0f, 0xd8, 0x0f, 0xd8, 0x0e, 0xd8, 0x0e, 0xd8, 0x0f, 0xd8, 0x0f, 0xe0,
    0x0f, 0xe0, 0x10, 0xe0, 0x0f, 0xe0, 0x10, 0xe0, 0x0f, 0xd8, 0x10, 0xe0,
    0x0f, 0xe0, 0x0f, 0xe0, 0x0f, 0xe0, 0x0f, 0xd8, 0x0f, 0xd8, 0x0f, 0xd8,
    0x0f, 0xd8, 0x0f, 0xd8, 0x0f, 0xd8, 0x0f, 0xd8, 0x0e, 0xd0, 0x0f, 0xd8,
    0x0f, 0xd0, 0x0e, 0xd0, 0x0e, 0xd0, 0x0f, 0xd0, 0x0e, 0xd0, 0x0e, 0xd0,
    0x0e, 0xd0, 0x0e, 0xd0, 0x0e, 0xd0, 0x0e, 0xc8, 0x0e, 0xd0, 0x0e, 0xc8,
    0x0e, 0xc8, 0x0d, 0xd0, 0x0e, 0xc8, 0x0e, 0xc8, 0x0e, 0xc8, 0x0e, 0xc8,
    0x0d, 0xc8, 0x0d, 0xc0, 0x0d, 0xc0, 0x0d, 0xc0, 0x0e, 0xd0, 0x0e, 0xc8,
    0x0e, 0xd0, 0x0e, 0xd0, 0x0e, 0xc8, 0x0e, 0xd0, 0x0e, 0xc8, 0x0e, 0xc8,
    0x0e, 0xc8, 0x0e, 0xc8, 0x0e, 0xc8, 0x0e, 0xc8, 0x0e, 0xc8, 0x0e, 0xc8,
    0x0e, 0xd0, 0x0e, 0xc8, 0x0e, 0xc8, 0x0e, 0xd0, 0x0f, 0xd8, 0x0f, 0xe0,
    0x10, 0xe8, 0x10, 0xe8, 0x10, 0xe8, 0x10, 0xe0, 0x0f, 0xe8, 0x10, 0xe0,
    0x10, 0xe0, 0x0f, 0xe0, 0x0f, 0xe8, 0x10, 0xe8, 0x0f, 0xe0, 0x0f, 0xe0,
    0x0f, 0xe8, 0x10, 0xe0, 0x0f, 0xe0, 0x0f, 0xe0, 0x0f, 0xe0, 0x0f, 0xe0,
    0x0f, 0xe0, 0x0f, 0xe0, 0x0f, 0xe0, 0x0f, 0xe0, 0x0f, 0xe0, 0x10, 0xd8,
    0x0f, 0xd8, 0x0f, 0xd8, 0x0f, 0xd8, 0x0f, 0xd8, 0x0f, 0xd8, 0x0f, 0xd8,
    0x0f, 0xd8, 0x0f, 0xd8, 0x0f, 0xe0, 0x10, 0xe8, 0x10, 0xe8, 0x10, 0xe8,
    0x0f, 0xe0, 0x10, 0xe8, 0x10, 0xe8, 0x10, 0xe0, 0x0f, 0xe8, 0x10, 0xe8,
    0x0f, 0xe8, 0x10, 0xe0, 0x0f, 0xe8, 0x10, 0xe8, 0x0f, 0xe8, 0x10, 0xe0,
    0x10, 0xe0, 0x0f, 0xe8, 0x0f, 0xe0, 0x10, 0xe0, 0x10, 0xe0, 0x0f, 0xe0,
    0x10, 0xe8, 0x10, 0xe8, 0x10, 0xe8, 0x10, 0xe0, 0x10, 0xe8, 0x10, 0xe0,
    0x10, 0xe8, 0x10, 0xe8, 0x10, 0xe8, 0x0f, 0xe8, 0x10, 0xe8, 0x0f, 0xe0,
    0x10, 0xe8, 0x0f, 0xe8, 0x10, 0xe0, 0x10, 0xe0, 0x0f, 0xe8, 0x10, 0xe8,
    0x10, 0xe8, 0x0f, 0xe8, 0x10, 0xe8, 0x10, 0xe8, 0x10, 0xe8, 0x10, 0xe0,
    0x0f, 0xe8, 0x10, 0xe8, 0x10, 0xe0, 0x10, 0xe8, 0x0f, 0xe8, 0x10, 0xe0,
    0x10, 0xe0, 0x0f, 0xe8, 0x0f, 0xe8, 0x10, 0xe8, 0x10, 0xe8, 0x10, 0xe8,
    0x0f, 0xe8, 0x10, 0xe0, 0x10, 0xe8, 0x10, 0xe8, 0x0f, 0xe8, 0x10, 0xe8,
    0x10, 0xe8, 0x10, 0xe0, 0x0f, 0xe8, 0x10, 0xe8, 0x10, 0xe0, 0x10, 0xe8,
    0x10, 0xe8, 0x10, 0xe8, 0x10, 0xe8, 0x10, 0xe8, 0x0f, 0xe8, 0x10, 0xe0,
    0x10, 0xe8, 0x0f, 0xe8, 0x10, 0xe0, 0x10, 0xe8, 0x10, 0xe8, 0x10, 0xe0,
    0x0f, 0xe8, 0x10, 0xe8, 0x0f, 0xe8, 0x0f, 0xe0, 0x10, 0xe8, 0x0f, 0xe8,
    0x10, 0xe0, 0x10, 0xe8, 0x10, 0xe8, 0x10, 0xe0, 0x10, 0xe8, 0x0f, 0xe8,
    0x10, 0xe8, 0x10, 0xe0, 0x0f, 0xe8, 0x10, 0xe8, 0x10, 0xe8, 0x10, 0xe0,
    0x10, 0xe8, 0x10, 0xe8, 0x0f, 0xe8, 0x10, 0xe8, 0x10, 0xe8, 0x10, 0xe8,
    0x0f, 0xe0, 0x10, 0xe8, 0x10, 0xe8, 0x0f, 0xe8, 0x0f, 0xe8, 0x10, 0xe8,
    0x10, 0xe8, 0x0f, 0xe8, 0x10, 0xe8, 0x10, 0xe0, 0x0f, 0xe8, 0x10, 0xe8,
    0x10, 0xe8, 0x10, 0xe8, 0x0f, 0xe0, 0x10, 0xe8, 0x10, 0xe8, 0x10, 0xe8,
    0x10, 0xe0, 0x0f, 0xe8, 0x10, 0xe8, 0x0f, 0xe0, 0x10, 0xe8, 0x10, 0xe8,
    0x10, 0xe8, 0x10, 0xe0, 0x10, 0xe8, 0x10, 0xe8, 0x10, 0xe8, 0x10, 0xe8,
    0x10, 0xe8, 0x10, 0xe8, 0x0f, 0xe0, 0x10, 0xe8, 0x10, 0xe0, 0x10, 0xe8,
    0x0f, 0xe8, 0x0f, 0xe0, 0x0f, 0xe0, 0x10, 0xe8, 0x0f, 0xe8, 0x10, 0xe0,
    0x0f, 0xe8, 0x0f, 0xe8, 0x10, 0xe8, 0x0f, 0xe0, 0x10, 0xe8, 0x10, 0xe8,
    0x10, 0xe0, 0x0f, 0xe0, 0x0f, 0xe0, 0x10, 0xe0, 0x10, 0xe0, 0x0f, 0xe0,
    0x0f, 0xd8, 0x0f, 0xe0, 0x0f, 0xe0, 0x10, 0xe8, 0x10, 0xe8, 0x0f, 0xe0,
    0x10, 0xe8, 0x10, 0xe0, 0x0f, 0xe0, 0x0f, 0xe0, 0x10, 0xe0, 0x10, 0xe0,
    0x0f, 0xe0, 0x0f, 0xe0, 0x0f, 0xe0, 0x0f, 0xd8, 0x10, 0xd8, 0x0f, 0xe0,
    0x0f, 0xe0, 0x0f, 0xd8, 0x0f, 0xd8, 0x0f, 0xd8, 0x0f, 0xd8, 0x0f, 0xd8,
    0x0f, 0xd8, 0x0f, 0xd0, 0x0e, 0xd0, 0x0f, 0xd0, 0x0f, 0xd8, 0x0f, 0xd8,
    0x10, 0xe0, 0x0f, 0xe0, 0x0f, 0xe0, 0x0f, 0xd8, 0x0f, 0xd8, 0x0f, 0xe0,
    0x0f, 0xe0, 0x0f, 0xe0, 0x0f, 0xd8, 0x0f, 0xd8, 0x0f, 0xd8, 0x0f, 0xd8,
    0x0e, 0xd8, 0x0f, 0xd8, 0x0f, 0xd8, 0x0e, 0xd8, 0x0f, 0xd8, 0x0f, 0xd0,
    0x0e, 0xd8, 0x0e, 0xd0, 0x0f, 0xd0, 0x0e, 0xd0, 0x0e, 0xd0, 0x0e, 0xd0,
    0x0e, 0xd0, 0x0e, 0xc8, 0x0e, 0xd0, 0x0e, 0xc8, 0x0e, 0xc8, 0x0e, 0xc8,
    0x0e, 0xc8, 0x0e, 0xc8, 0x0e, 0xc8, 0x0e, 0xc8, 0x0d, 0xc8, 0x0e, 0xc0,
    0x0d, 0xc0, 0x0d, 0xc0, 0x0e, 0xc8, 0x0e, 0xc8, 0x0e, 0xc8, 0x0e, 0xc8,
    0x0e, 0xc8, 0x0e, 0xc8, 0x0e, 0xc8, 0x0e, 0xc8, 0x0e, 0xc8, 0x0e, 0xc8,
    0x0e, 0xc8, 0x0e, 0xd0, 0x0e, 0xc8, 0x0e, 0xc8, 0x0e, 0xc8, 0x0e, 0xd0,
    0x0f, 0xd8, 0x10, 0xe0, 0x10, 0xe8, 0x10, 0xe8, 0x10, 0xe0, 0x10, 0xe0,
    0x10, 0xe0, 0x10, 0xe0, 0x10, 0xe0, 0x0f, 0xe0, 0x0f, 0xe0, 0x10, 0xe0,
    0x0f, 0xe0, 0x0f, 0xe0, 0x10, 0xe0, 0x0f, 0xe0, 0x10, 0xe0, 0x0f, 0xe0,
    0x0f, 0xe0, 0x10, 0xe0, 0x0f, 0xe0, 0x0f, 0xe0, 0x10, 0xe0, 0x0f, 0xe0,
    0x0f, 0xd8, 0x0f, 0xd8, 0x0f, 0xd8, 0x0f, 0xe0, 0x0f, 0xd8, 0x0f, 0xd8,
    0x0f, 0xd8, 0x0f, 0xd8, 0x0f, 0xd8, 0x0f, 0xd8, 0x0f, 0xe0, 0x10, 0xe8,
    0x10, 0xe8, 0x10, 0xe8, 0x10, 0xe8, 0x0f, 0xe0, 0x10, 0xe8, 0x10, 0xe8,
    0x10, 0xe8, 0x10, 0xe0, 0x10, 0xe8, 0x10, 0xe8, 0x10, 0xe8, 0x0f, 0xe0,
    0x10, 0xe0, 0x10, 0xe8, 0x10, 0xe0, 0x0f, 0xe0, 0x0f, 0xe0, 0x10, 0xe0,
    0x10, 0xe0, 0x0f, 0xe0, 0x0f, 0xe0, 0x10, 0xe8, 0x10, 0xe8, 0x0f, 0xe8,
    0x0f, 0xe8, 0x10, 0xe8, 0x0f, 0xe8, 0x10, 0xe8, 0x0f, 0xe0, 0x10, 0xe8,
    0x10, 0xe8, 0x10, 0xe0, 0x10, 0xe8, 0x10, 0xe8, 0x10, 0xe0, 0x0f, 0xe0,
    0x10, 0xe8, 0x10, 0xe8, 0x10, 0xe8, 0x10, 0xe0, 0x10, 0xe0, 0x0f, 0xe8,
    0x10, 0xe0, 0x0f, 0xe8, 0x10, 0xe8, 0x10, 0xe8, 0x0f, 0xe8, 0x10, 0xe0,
    0x10, 0xe8, 0x0f, 0xe8, 0x10, 0xe8, 0x10, 0xe8, 0x10, 0xe8, 0x10, 0xe0,
    0x10, 0xe0, 0x0f, 0xe8, 0x10, 0xe8, 0x10, 0xe8, 0x10, 0xe0, 0x0f, 0xe8,
    0x10, 0xe8, 0x10, 0xe0, 0x10, 0xe8, 0x0f, 0xe8, 0x10, 0xe0, 0x10, 0xe8,
    0x10, 0xe8, 0x0f, 0xe8, 0x10, 0xe8, 0x0f, 0xe0, 0x0f, 0xe8, 0x10, 0xe8,
    0x10, 0xe0, 0x0f, 0xe8, 0x10, 0xe8, 0x10, 0xe8, 0x0f, 0xe0, 0x10, 0xe8,
    0x10, 0xe8, 0x0f, 0xe8, 0x10, 0xe8, 0x10, 0xe8, 0x10, 0xe0, 0x10, 0xe8,
    0x10, 0xe8, 0x10, 0xe8, 0x10, 0xe8, 0x0f, 0xe8, 0x10, 0xe0, 0x0f, 0xe8,
    0x0f, 0xe8, 0x10, 0xe8, 0x10, 0xe8, 0x10, 0xe8, 0x0f, 0xe8, 0x10, 0xe8,
    0x10, 0xe0, 0x0f, 0xe8, 0x10, 0xe8, 0x10, 0xe8, 0x0f, 0xe0, 0x10, 0xe8,
    0x10, 0xe8, 0x10, 0xe0, 0x10, 0xe8, 0x10, 0xe8, 0x10, 0xe8, 0x0f, 0xe0,
    0x10, 0xe8, 0x10, 0xe8, 0x10, 0xe0, 0x10, 0xe8, 0x0f, 0xe0, 0x10, 0xe8,
    0x10, 0xe8, 0x0f, 0xe8, 0x10, 0xe8, 0x10, 0xe8, 0x10, 0xe8, 0x0f, 0xe8,
    0x10, 0xe8, 0x10, 0xe0, 0x0f, 0xe8, 0x10, 0xe8, 0x10, 0xe8, 0x10, 0xe0,
    0x0f, 0xe8, 0x10, 0xe8, 0x10, 0xe0, 0x0f, 0xe8, 0x10, 0xe8, 0x0f, 0xe0,
    0x10, 0xe8, 0x0f, 0xe8, 0x10, 0xe0, 0x0f, 0xe8, 0x10, 0xe8, 0x10, 0xe8,
    0x10, 0xe8, 0x0f, 0xe8, 0x10, 0xe0, 0x10, 0xe8, 0x10, 0xe8, 0x10, 0xe0,
    0x0f, 0xe0, 0x10, 0xe0, 0x10, 0xe8, 0x10, 0xe8, 0x10, 0xe0, 0x10, 0xe8,
    0x10, 0xe8, 0x10, 0xe8, 0x0f, 0xe0, 0x10, 0xe8, 0x10, 0xe8, 0x10, 0xe0,
    0x0f, 0xe0, 0x10, 0xe0, 0x10, 0xe0, 0x0f, 0xe0, 0x0f, 0xe0, 0x0f, 0xe0,
    0x0f, 0xd8, 0x0f, 0xe0, 0x10, 0xe0, 0x10, 0xe8, 0x10, 0xe0, 0x10, 0xe8,
    0x10, 0xe8, 0x10, 0xe8, 0x0f, 0xe0, 0x10, 0xe0, 0x10, 0xe0, 0x0f, 0xe0,
    0x0f, 0xe0, 0x0f, 0xe0, 0x0f, 0xe0, 0x0f, 0xd8, 0x0f, 0xe0, 0x0f, 0xd8,
    0x0f, 0xd8, 0x0f, 0xd8, 0x0f, 0xd8, 0x0f, 0xd8, 0x0f, 0xd8, 0x0e, 0xd8,
    0x0f, 0xd8, 0x0e, 0xd0, 0x0e, 0xd0, 0x0f, 0xd8, 0x0f, 0xd8, 0x0f, 0xd8,
    0x10, 0xe0, 0x10, 0xe0, 0x0f, 0xe0, 0x0f, 0xd8, 0x0f, 0xe0, 0x0f, 0xe0,
    0x0f, 0xd8, 0x0f, 0xe0, 0x0f, 0xd8, 0x0f, 0xd8, 0x0f, 0xd8, 0x0f, 0xd8,
    0x0f, 0xd8, 0x0e, 0xd8, 0x0f, 0xd0, 0x0e, 0xd8, 0x0f, 0xd0, 0x0f, 0xd0,
    0x0e, 0xd8, 0x0f, 0xd0, 0x0f, 0xd0, 0x0e, 0xd0, 0x0e, 0xd0, 0x0e, 0xd0,
    0x0e, 0xd0, 0x0e, 0xc8, 0x0e, 0xd0, 0x0e, 0xc8, 0x0e, 0xc8, 0x0d, 0xc8,
    0x0e, 0xc8, 0x0e, 0xc8, 0x0e, 0xc8, 0x0d, 0xc8, 0x0e, 0xc8, 0x0d, 0xc0,
    0x0e, 0xc8, 0x0e, 0xc8, 0x0e, 0xc8, 0x0e, 0xc8, 0x0e, 0xc8, 0x0e, 0xc8,
    0x0e, 0xc8, 0x0e, 0xc8, 0x0e, 0xc8, 0x0e, 0xc8, 0x0e, 0xc8, 0x0e, 0xc8,
    0x0e, 0xc8, 0x0e, 0xd0, 0x0f, 0xe0, 0x10, 0xe0, 0x10, 0xe8, 0x10, 0xe8,
    0x10, 0xe0, 0x10, 0xe0, 0x0f, 0xe0, 0x10, 0xe8, 0x0f, 0xe0, 0x0f, 0xe0,
    0x0f, 0xe8, 0x10, 0xe0, 0x10, 0xe0, 0x10, 0xe0, 0x0f, 0xe0, 0x0f, 0xe0,
    0x10, 0xe0, 0x0f, 0xe0, 0x0f, 0xe0, 0x0f, 0xe0, 0x0f, 0xe0, 0x10, 0xe0,
    0x0f, 0xe0, 0x0f, 0xd8, 0x10, 0xd8, 0x0f, 0xd8, 0x0f, 0xe0, 0x0f, 0xd8,
    0x0f, 0xd8, 0x0f, 0xd8, 0x0f, 0xd8, 0x0f, 0xd8, 0x0f, 0xd8, 0x0f, 0xd8,
    0x0f, 0xd8, 0x0f, 0xe0, 0x10, 0xe8, 0x10, 0xe8, 0x10, 0xe8, 0x0f, 0xe0,
    0x10, 0xe8, 0x10, 0xe8, 0x10, 0xe8, 0x0f, 0xe8, 0x0f, 0xe0, 0x10, 0xe8,
    0x10, 0xe8, 0x0f, 0xe0, 0x10, 0xe0, 0x10, 0xe8, 0x0f, 0xe0, 0x0f, 0xe0,
    0x10, 0xe0, 0x0f, 0xe0, 0x0f, 0xe0, 0x0f, 0xe0, 0x0f, 0xe0, 0x10, 0xe0,
    0x10, 0xe8, 0x10, 0xe8, 0x10, 0xe8, 0x10, 0xe0, 0x10, 0xe8, 0x10, 0xe8,
    0x10, 0xe0, 0x0f, 0xe8, 0x10, 0xe8, 0x10, 0xe8, 0x0f, 0xe0, 0x10, 0xe8,
    0x10, 0xe8, 0x10, 0xe0, 0x10, 0xe0, 0x10, 0xe8, 0x0f, 0xe8, 0x10, 0xe8,
    0x0f, 0xe8, 0x10, 0xe8, 0x10, 0xe8, 0x10, 0xe8, 0x10, 0xe8, 0x10, 0xe0,
    0x0f, 0xe8, 0x10, 0xe8, 0x10, 0xe0, 0x10, 0xe8, 0x10, 0xe8, 0x10, 0xe0,
    0x10, 0xe8, 0x0f, 0xe8, 0x10, 0xe8, 0x10, 0xe8, 0x10, 0xe8, 0x10, 0xe0,
    0x0f, 0xe8, 0x10, 0xe8, 0x10, 0xe0, 0x10, 0xe8, 0x0f, 0xe8, 0x10, 0xe8,
    0x10, 0xe0, 0x10, 0xe8, 0x0f, 0xe8, 0x10, 0xe8, 0x10, 0xe0, 0x10, 0xe8,
    0x10, 0xe8, 0x10, 0xe8, 0x10, 0xe0, 0x10, 0xe8, 0x0f, 0xe8, 0x10, 0xe0,
    0x10, 0xe8, 0x10, 0xe8, 0x10, 0xe8, 0x10, 0xe8, 0x10, 0xe0, 0x0f, 0xe8,
    0x10, 0xe8, 0x0f, 0xe8, 0x10, 0xe8, 0x10, 0xe0, 0x0f, 0xe8, 0x10, 0xe8,
    0x10, 0xe0, 0x10, 0xe8, 0x10, 0xe8, 0x10, 0xe8, 0x10, 0xe8, 0x0f, 0xe0,
    0x10, 0xe0, 0x10, 0xe8, 0x10, 0xe8, 0x10, 0xe0, 0x10, 0xe8, 0x0f, 0xe8,
    0x10, 0xe8, 0x10, 0xe8, 0x0f, 0xe0, 0x10, 0xe8, 0x10, 0xe8, 0x0f, 0xe0,
    0x0f, 0xe8, 0x10, 0xe8, 0x10, 0xe8, 0x10, 0xe8, 0x10, 0xe0, 0x10, 0xe8,
    0x10, 0xe8, 0x0f, 0xe0, 0x10, 0xe8, 0x10, 0xe8, 0x10, 0xe0, 0x10, 0xe8,
    0x10, 0xe0, 0x0f, 0xe0, 0x10, 0xe8, 0x10, 0xe8, 0x10, 0xe8, 0x10, 0xe8,
    0x0f, 0xe0, 0x10, 0xe8, 0x10, 0xe8, 0x10, 0xe8, 0x10, 0xe8, 0x10, 0xe8,
    0x10, 0xe8, 0x0f, 0xe8, 0x10, 0xe8, 0x10, 0xe0, 0x0f, 0xe0, 0x10, 0xe8,
    0x10, 0xe8, 0x10, 0xe0, 0x0f, 0xe0, 0x10, 0xe8, 0x10, 0xe8, 0x10, 0xe0,
    0x0f, 0xe8, 0x10, 0xe8, 0x10, 0xe0, 0x10, 0xe8, 0x0f, 0xe0, 0x0f, 0xe0,
    0x10, 0xe0, 0x10, 0xe8, 0x0f, 0xe8, 0x10, 0xe0, 0x10, 0xe8, 0x10, 0xe8,
    0x10, 0xe0, 0x0f, 0xe0, 0x10, 0xe8, 0x10, 0xe0, 0x0f, 0xe0, 0x0f, 0xe0,
    0x10, 0xe0, 0x0f, 0xe0, 0x0f, 0xe0, 0x10, 0xe0, 0x0f, 0xe0, 0x0f, 0xd8,
    0x0f, 0xe0, 0x0f, 0xe0, 0x10, 0xe0, 0x10, 0xe0, 0x10, 0xe8, 0x0f, 0xe0,
    0x0f, 0xe0, 0x10, 0xe0, 0x0f, 0xe0, 0x10, 0xe0, 0x10, 0xe0, 0x0f, 0xe0,
    0x0f, 0xe0, 0x10, 0xe0, 0x0f, 0xe0, 0x0f, 0xe0, 0x0f, 0xd8, 0x0f, 0xd8,
    0x0f, 0xd8, 0x0f, 0xd8, 0x0e, 0xd8, 0x0f, 0xd8, 0x0f, 0xd8, 0x0e, 0xd8,
    0x0e, 0xd0, 0x0f, 0xd0, 0x0e, 0xd0, 0x0e, 0xd0, 0x0f, 0xd8, 0x0f, 0xd8,
    0x10, 0xe0, 0x0f, 0xe0, 0x10, 0xe0, 0x0f, 0xd8, 0x0f, 0xe0, 0x0f, 0xe0,
    0x0f, 0xd8, 0x0f, 0xd8, 0x0f, 0xd8, 0x0f, 0xd8, 0x0f, 0xd8, 0x0f, 0xd8,
    0x0e, 0xd8, 0x0f, 0xd8, 0x0e, 0xd0, 0x0f, 0xd0, 0x0e, 0xd0, 0x0e, 0xd0,
    0x0f, 0xd0, 0x0e, 0xd0, 0x0e, 0xd0, 0x0e, 0xd0, 0x0e, 0xd0, 0x0e, 0xc8,
    0x0e, 0xd0, 0x0e, 0xd0, 0x0e, 0xc8, 0x0e, 0xc8, 0x0d, 0xc8, 0x0e, 0xc8,
    0x0e, 0xc8, 0x0e, 0xc8, 0x0d, 0xc8, 0x0d, 0xc0, 0x0e, 0xc8, 0x0e, 0xc8,
    0x0e, 0xc8, 0x0e, 0xc8, 0x0e, 0xc8, 0x0e, 0xc8, 0x0d, 0xc8, 0x0e, 0xc8,
    0x0d, 0xc8, 0x0d, 0xc8, 0x0e, 0xc8, 0x0e, 0xd0, 0x0f, 0xe0, 0x10, 0xe8,
    0x10, 0xe8, 0x10, 0xe0, 0x10, 0xe0, 0x0f, 0xe0, 0x0f, 0xe8, 0x0f, 0xe0,
    0x10, 0xe0, 0x0f, 0xe0, 0x0f, 0xe0, 0x10, 0xe0, 0x0f, 0xe0, 0x0f, 0xe0,
    0x0f, 0xe0, 0x0f, 0xe0, 0x0f, 0xe0, 0x0f, 0xe0, 0x0f, 0xe0, 0x10, 0xe0,
    0x0f, 0xe0, 0x0f, 0xd8, 0x0f, 0xd8, 0x0f, 0xd8, 0x0f, 0xd8, 0x0f, 0xd8,
    0x0f, 0xd8, 0x0f, 0xd8, 0x0f, 0xd8, 0x0f, 0xd8, 0x0f, 0xd8, 0x0f, 0xd8,
    0x0f, 0xd8, 0x0e, 0xd8, 0x0f, 0xd8, 0x0f, 0xe0, 0x10, 0xe8, 0x10, 0xe8,
    0x10, 0xe8, 0x10, 0xe8, 0x0f, 0xe0, 0x10, 0xe8, 0x10, 0xe8, 0x10, 0xe0,
    0x10, 0xe8, 0x10, 0xe8, 0x10, 0xe0, 0x10, 0xe8, 0x0f, 0xe0, 0x10, 0xe0,
    0x10, 0xe0, 0x0f, 0xe0, 0x0f, 0xe0, 0x10, 0xe0, 0x10, 0xe0, 0x0f, 0xe0,
    0x0f, 0xe0, 0x0f, 0xe0, 0x10, 0xe0, 0x10, 0xe8, 0x10, 0xe8, 0x10, 0xe8,
    0x0f, 0xe0, 0x10, 0xe8, 0x10, 0xe8, 0x10, 0xe0, 0x10, 0xe8, 0x10, 0xe8,
    0x10, 0xe8, 0x10, 0xe0, 0x0f, 0xe8, 0x10, 0xe8, 0x0f, 0xe0, 0x0f, 0xe0,
    0x10, 0xe8, 0x10, 0xe8, 0x10, 0xe0, 0x10, 0xe8, 0x0f, 0xe8, 0x10, 0xe0,
    0x10, 0xe8, 0x0f, 0xe8, 0x10, 0xe8, 0x10, 0xe0, 0x10, 0xe8, 0x0f, 0xe8,
    0x10, 0xe8, 0x10, 0xe8, 0x0f, 0xe8, 0x10, 0xe0, 0x10, 0xe8, 0x0f, 0xe8,
    0x10, 0xe0, 0x10, 0xe8, 0x0f, 0xe8, 0x10, 0xe8, 0x10, 0xe8, 0x0f, 0xe8,
    0x10, 0xe8, 0x10, 0xe8, 0x10, 0xe8, 0x0f, 0xe8, 0x10, 0xe8, 0x10, 0xe0,
    0x10, 0xe8, 0x0f, 0xe8, 0x10, 0xe0, 0x10, 0xe8, 0x0f, 0xe8, 0x10, 0xe8,
    0x10, 0xe8, 0x10, 0xe8, 0x10, 0xe8, 0x10, 0xe8, 0x0f, 0xe0, 0x10, 0xe8,
    0x0f, 0xe8, 0x10, 0xe0, 0x10, 0xe8, 0x10, 0xe0, 0x10, 0xe8, 0x10, 0xe0,
    0x0f, 0xe8, 0x10, 0xe8, 0x10, 0xe0, 0x0f, 0xe8, 0x10, 0xe8, 0x10, 0xe0,
    0x0f, 0xe8, 0x10, 0xe8, 0x10, 0xe8, 0x10, 0xe8, 0x0f, 0xe8, 0x10, 0xe0,
    0x0f, 0xe8, 0x10, 0xe8, 0x10, 0xe8, 0x10, 0xe0, 0x10, 0xe8, 0x10, 0xe8,
    0x10, 0xe8, 0x10, 0xe8, 0x10, 0xe8, 0x10, 0xe8, 0x10, 0xe0, 0x0f, 0xe8,
    0x10, 0xe0, 0x10, 0xe8, 0x0f, 0xe8, 0x0f, 0xe8, 0x10, 0xe8, 0x10, 0xe8,
    0x10, 0xe8, 0x0f, 0xe8, 0x10, 0xe8, 0x10, 0xe8, 0x0f, 0xe8, 0x10, 0xe8,
    0x10, 0xe0, 0x0f, 0xe8, 0x10, 0xe0, 0x10, 0xe8, 0x10, 0xe8, 0x0f, 0xe0,
    0x10, 0xe8, 0x0f, 0xe8, 0x10, 0xe0, 0x10, 0xe0, 0x0f, 0xe8, 0x10, 0xe8,
    0x10, 0xe8, 0x10, 0xe0, 0x10, 0xe0, 0x10, 0xe8, 0x10, 0xe8, 0x10, 0xe8,
    0x10, 0xe8, 0x0f, 0xe8, 0x10, 0xe0, 0x10, 0xe8, 0x10, 0xe8, 0x0f, 0xe0,
    0x10, 0xe0, 0x10, 0xe8, 0x10, 0xe0, 0x0f, 0xe0, 0x0f, 0xe0, 0x0f, 0xe0,
    0x10, 0xe0, 0x10, 0xe8, 0x0f, 0xe8, 0x10, 0xe8, 0x10, 0xe8, 0x10, 0xe8,
    0x0f, 0xe0, 0x10, 0xe8, 0x10, 0xe8, 0x0f, 0xe0, 0x10, 0xe0, 0x10, 0xe0,
    0x0f, 0xe0, 0x0f, 0xe0, 0x10, 0xe0, 0x0f, 0xe0, 0x0f, 0xe0, 0x0f, 0xd8,
    0x0f, 0xe0, 0x0f, 0xe0, 0x10, 0xe0, 0x10, 0xe8, 0x10, 0xe8, 0x0f, 0xe0,
    0x0f, 0xe0, 0x10, 0xe0, 0x10, 0xe0, 0x10, 0xe0, 0x0f, 0xd8, 0x0f, 0xe0,
    0x0f, 0xe0, 0x0f, 0xe0, 0x0f, 0xe0, 0x0f, 0xd8, 0x0f, 0xd8, 0x0f, 0xd8,
    0x0f, 0xd8, 0x0f, 0xd8, 0x0f, 0xd8, 0x0f, 0xd8, 0x0f, 0xd0, 0x0e, 0xd8,
    0x0e, 0xd0, 0x0f, 0xd0, 0x0e, 0xd0, 0x0e, 0xd0, 0x0f, 0xd0, 0x0f, 0xd8,
    0x0f, 0xe0, 0x10, 0xe0, 0x0f, 0xd8, 0x0f, 0xe0, 0x0f, 0xe0, 0x0f, 0xd8,
    0x0f, 0xd8, 0x0e, 0xd8, 0x0f, 0xd8, 0x0f, 0xd8, 0x0f, 0xd8, 0x0f, 0xd8,
    0x0f, 0xd8, 0x0e, 0xd8, 0x0f, 0xd0, 0x0e, 0xd8, 0x0f, 0xd0, 0x0e, 0xd0,
    0x0f, 0xd0, 0x0e, 0xd0, 0x0e, 0xd0, 0x0e, 0xd0, 0x0e, 0xd0, 0x0e, 0xc8,
    0x0e, 0xd0, 0x0e, 0xc8, 0x0e, 0xc8, 0x0d, 0xc8, 0x0e, 0xc8, 0x0e, 0xc8,
    0x0e, 0xc8, 0x0e, 0xc8, 0x0d, 0xc8, 0x0d, 0xc8, 0x0d, 0xc8, 0x0d, 0xc8,
    0x0d, 0xc8, 0x0d, 0xc8, 0x0d, 0xc0, 0x0d, 0xc8, 0x0e, 0xc8, 0x0f, 0xd8,
    0x10, 0xe0, 0x10, 0xe8, 0x10, 0xe8, 0x10, 0xe0, 0x10, 0xe0, 0x0f, 0xe0,
    0x0f, 0xe0, 0x10, 0xe0, 0x0f, 0xe0, 0x10, 0xe0, 0x10, 0xe0, 0x0f, 0xe0,
    0x0f, 0xe0, 0x10, 0xe0, 0x0f, 0xe0, 0x0f, 0xe0, 0x0f, 0xe0, 0x0f, 0xe0,
    0x10, 0xe0, 0x0f, 0xd8, 0x0f, 0xd8, 0x0f, 0xe0, 0x0f, 0xd8, 0x0f, 0xd8,
    0x0f, 0xd8, 0x0f, 0xd8, 0x0f, 0xd8, 0x0f, 0xd8, 0x0f, 0xd8, 0x0f, 0xd8,
    0x0f, 0xd8, 0x0f, 0xd8, 0x0e, 0xd8, 0x0e, 0xd8, 0x0f, 0xd8, 0x0f, 0xd8,
    0x0f, 0xe0, 0x10, 0xe8, 0x10, 0xe8, 0x0f, 0xe8, 0x10, 0xe8, 0x10, 0xe8,
    0x10, 0xe8, 0x0f, 0xe8, 0x10, 0xe8, 0x0f, 0xe0, 0x10, 0xe0, 0x10, 0xe0,
    0x0f, 0xe8, 0x10, 0xe0, 0x0f, 0xe0, 0x0f, 0xe8, 0x10, 0xe0, 0x0f, 0xe0,
    0x10, 0xe0, 0x0f, 0xe0, 0x0f, 0xe0, 0x0f, 0xe0, 0x10, 0xe0, 0x10, 0xe0,
    0x10, 0xe8, 0x10, 0xe8, 0x0f, 0xe8, 0x10, 0xe8, 0x10, 0xe8, 0x0f, 0xe8,
    0x10, 0xe8, 0x0f, 0xe0, 0x0f, 0xe8, 0x10, 0xe8, 0x10, 0xe0, 0x0f, 0xe8,
    0x10, 0xe8, 0x10, 0xe0, 0x10, 0xe0, 0x0f, 0xe0, 0x10, 0xe8, 0x0f, 0xe8,
    0x10, 0xe8, 0x10, 0xe0, 0x10, 0xe8, 0x10, 0xe8, 0x0f, 0xe0, 0x10, 0xe8,
    0x10, 0xe8, 0x0f, 0xe8, 0x10, 0xe0, 0x10, 0xe8, 0x10, 0xe0, 0x0f, 0xe0,
    0x10, 0xe8, 0x10, 0xe8, 0x10, 0xe8, 0x10, 0xe0, 0x10, 0xe8, 0x0f, 0xe8,
    0x10, 0xe0, 0x10, 0xe8, 0x10, 0xe0, 0x10, 0xe0, 0x0f, 0xe8, 0x10, 0xe0,
    0x10, 0xe0, 0x10, 0xe8, 0x0f, 0xe8, 0x10, 0xe8, 0x10, 0xe8, 0x10, 0xe8,
    0x10, 0xe8, 0x0f, 0xe0, 0x10, 0xe8, 0x10, 0xe0, 0x0f, 0xe8, 0x0f, 0xe0,
    0x10, 0xe8, 0x10, 0xe8, 0x10, 0xe8, 0x0f, 0xe0, 0x10, 0xe8, 0x10, 0xe8,
    0x0f, 0xe8, 0x10, 0xe8, 0x10, 0xe8, 0x0f, 0xe8, 0x10, 0xe8, 0x10, 0xe8,
    0x10, 0xe8, 0x10, 0xe8, 0x10, 0xe8, 0x0f, 0xe8, 0x10, 0xe0, 0x10, 0xe8,
    0x10, 0xe0, 0x10, 0xe8, 0x10, 0xe8, 0x10, 0xe8, 0x0f, 0xe0, 0x10, 0xe8,
    0x10, 0xe8, 0x0f, 0xe0, 0x0f, 0xe8, 0x10, 0xe0, 0x0f, 0xe8, 0x10, 0xe0,
    0x0f, 0xe8, 0x10, 0xe8, 0x10, 0xe8, 0x10, 0xe0, 0x0f, 0xe8, 0x10, 0xe8,
    0x10, 0xe0, 0x10, 0xe8, 0x10, 0xe0, 0x10, 0xe8, 0x0f, 0xe0, 0x10, 0xe8,
    0x10, 0xe0, 0x0f, 0xe8, 0x10, 0xe8, 0x10, 0xe8, 0x10, 0xe8, 0x10, 0xe8,
    0x0f, 0xe8, 0x10, 0xe8, 0x10, 0xe8, 0x10, 0xe8, 0x10, 0xe0, 0x0f, 0xe8,
    0x10, 0xe8, 0x10, 0xe8, 0x10, 0xe0, 0x10, 0xe8, 0x0f, 0xe8, 0x10, 0xe8,
    0x10, 0xe0, 0x0f, 0xe0, 0x0f, 0xe8, 0x10, 0xe8, 0x10, 0xe8, 0x10, 0xe0,
    0x0f, 0xe8, 0x10, 0xe8, 0x10, 0xe8, 0x10, 0xe8, 0x0f, 0xe8, 0x10, 0xe0,
    0x10, 0xe8, 0x0f, 0xe0, 0x10, 0xe0, 0x0f, 0xe0, 0x0f, 0xe0, 0x10, 0xe0,
    0x10, 0xe8, 0x0f, 0xe8, 0x10, 0xe8, 0x10, 0xe0, 0x10, 0xe0, 0x10, 0xe8,
    0x10, 0xe8, 0x0f, 0xe0, 0x0f, 0xe0, 0x10, 0xe0, 0x10, 0xe0, 0x0f, 0xe0,
    0x0f, 0xd8, 0x0f, 0xe0, 0x0f, 0xd8, 0x0f, 0xe0, 0x0f, 0xd8, 0x0f, 0xd8,
    0x0f, 0xe0, 0x10, 0xe0, 0x10, 0xe8, 0x10, 0xe0, 0x0f, 0xe0, 0x0f, 0xe0,
    0x10, 0xe0, 0x0f, 0xe0, 0x10, 0xe0, 0x0f, 0xd8, 0x0f, 0xe0, 0x10, 0xd8,
    0x0f, 0xe0, 0x0f, 0xe0, 0x0f, 0xe0, 0x0f, 0xd8, 0x0f, 0xd8, 0x0e, 0xd8,
    0x0f, 0xd8, 0x0f, 0xd8, 0x0f, 0xd8, 0x0f, 0xd0, 0x0e, 0xd8, 0x0f, 0xd8,
    0x0e, 0xd0, 0x0e, 0xd0, 0x0e, 0xd0, 0x0e, 0xd0, 0x0f, 0xd0, 0x0f, 0xd8,
    0x0f, 0xe0, 0x0f, 0xe0, 0x0f, 0xe0, 0x0f, 0xd8, 0x0f, 0xe0, 0x0f, 0xd8,
    0x0f, 0xd8, 0x0f, 0xd8, 0x0e, 0xd8, 0x0f, 0xd8, 0x0f, 0xd8, 0x0e, 0xd8,
    0x0f, 0xd8, 0x0f, 0xd0, 0x0e, 0xd8, 0x0e, 0xd0, 0x0f, 0xd0, 0x0e, 0xd0,
    0x0e, 0xd0, 0x0e, 0xd0, 0x0e, 0xd0, 0x0e, 0xc8, 0x0e, 0xd0, 0x0e, 0xc8,
    0x0e, 0xc8, 0x0e, 0xd0, 0x0e, 0xc8, 0x0e, 0xc8, 0x0e, 0xc8, 0x0d, 0xc8,
    0x0d, 0xc0, 0x0e, 0xc0, 0x0d, 0xc0, 0x0d, 0xc0, 0x0d, 0xc0, 0x0e, 0xc0,
    0x0e, 0xd0, 0x0f, 0xd8, 0x10, 0xe8, 0x10, 0xe8, 0x10, 0xe8, 0x10, 0xe0,
    0x0f, 0xe0, 0x0f, 0xe0, 0x10, 0xe0, 0x0f, 0xe0, 0x10, 0xe0, 0x10, 0xe0,
    0x0f, 0xe0, 0x0f, 0xe0, 0x10, 0xe0, 0x0f, 0xe0, 0x0f, 0xe0, 0x0f, 0xe0,
    0x0f, 0xe0, 0x10, 0xd8, 0x0f, 0xe0, 0x0f, 0xd8, 0x0f, 0xd8, 0x0f, 0xd8,
    0x0f, 0xd8, 0x0f, 0xd8, 0x0f, 0xd8, 0x0f, 0xd8, 0x0f, 0xd8, 0x0f, 0xd8,
    0x0f, 0xd8, 0x0f, 0xd8, 0x0e, 0xd8, 0x0f, 0xd8, 0x0e, 0xd8, 0x0e, 0xd0,
    0x0f, 0xd0, 0x0f, 0xd8, 0x0f, 0xe0, 0x10, 0xe8, 0x10, 0xe8, 0x10, 0xe8,
    0x10, 0xe0, 0x0f, 0xe8, 0x10, 0xe0, 0x10, 0xe0, 0x0f, 0xe8, 0x10, 0xe8,
    0x10, 0xe0, 0x10, 0xe8, 0x0f, 0xe8, 0x10, 0xe0, 0x0f, 0xe0, 0x10, 0xe0,
    0x10, 0xe0, 0x0f, 0xe0, 0x10, 0xe0, 0x0f, 0xe0, 0x0f, 0xe0, 0x0f, 0xe0,
    0x0f, 0xe0, 0x10, 0xe0, 0x10, 0xe8, 0x10, 0xe8, 0x10, 0xe8, 0x0f, 0xe8,
    0x10, 0xe0, 0x10, 0xe0, 0x10, 0xe8, 0x10, 0xe8, 0x10, 0xe0, 0x10, 0xe8,
    0x10, 0xe8, 0x10, 0xe8, 0x0f, 0xe0, 0x10, 0xe0, 0x10, 0xe8, 0x0f, 0xe0,
    0x10, 0xe0, 0x10, 0xe8, 0x10, 0xe8, 0x10, 0xe8, 0x0f, 0xe8, 0x10, 0xe8,
    0x10, 0xe8, 0x0f, 0xe8, 0x10, 0xe8, 0x10, 0xe0, 0x10, 0xe8, 0x10, 0xe8,
    0x0f, 0xe8, 0x10, 0xe0, 0x10, 0xe8, 0x10, 0xe8, 0x0f, 0xe8, 0x10, 0xe8,
    0x0f, 0xe8, 0x10, 0xe8, 0x10, 0xe8, 0x10, 0xe8, 0x10, 0xe8, 0x0f, 0xe8,
    0x10, 0xe8, 0x10, 0xe8, 0x10, 0xe8, 0x0f, 0xe8, 0x10, 0xe8, 0x10, 0xe0,
    0x10, 0xe8, 0x0f, 0xe8, 0x10, 0xe0, 0x10, 0xe8, 0x0f, 0xe8, 0x10, 0xe8,
    0x10, 0xe8, 0x10, 0xe8, 0x10, 0xe0, 0x10, 0xe8, 0x0f, 0xe8, 0x10, 0xe0,
    0x10, 0xe8, 0x10, 0xe8, 0x10, 0xe8, 0x10, 0xe8, 0x0f, 0xe0, 0x10, 0xe8,
    0x10, 0xe8, 0x10, 0xe0, 0x10, 0xe8, 0x0f, 0xe0, 0x10, 0xe8, 0x10, 0xe0,
    0x0f, 0xe8, 0x10, 0xe8, 0x10, 0xe8, 0x0f, 0xe8, 0x10, 0xe0, 0x0f, 0xe8,
    0x10, 0xe8, 0x10, 0xe8, 0x10, 0xe8, 0x10, 0xe8, 0x10, 0xe8, 0x10, 0xe8,
    0x10, 0xe8, 0x10, 0xe8, 0x10, 0xe0, 0x0f, 0xe8, 0x10, 0xe8, 0x10, 0xe0,
    0x10, 0xe8, 0x10, 0xe8, 0x10, 0xe8, 0x10, 0xe8, 0x10, 0xe8, 0x0f, 0xe8,
    0x10, 0xe8, 0x10, 0xe0, 0x0f, 0xe8, 0x10, 0xe8, 0x10, 0xe8, 0x10, 0xe0,
    0x10, 0xe8, 0x0f, 0xe0, 0x10, 0xe8, 0x10, 0xe0, 0x10, 0xe8, 0x0f, 0xe0,
    0x10, 0xe8, 0x10, 0xe8, 0x10, 0xe0, 0x10, 0xe8, 0x0f, 0xe8, 0x10, 0xe8,
    0x10, 0xe8, 0x0f, 0xe0, 0x10, 0xe8, 0x10, 0xe8, 0x10, 0xe8, 0x10, 0xe0,
    0x10, 0xe0, 0x0f, 0xe0, 0x10, 0xe8, 0x10, 0xe8, 0x10, 0xe8, 0x0f, 0xe8,
    0x10, 0xe0, 0x10, 0xe8, 0x10, 0xe8, 0x10, 0xe0, 0x10, 0xe8, 0x0f, 0xe0,
    0x10, 0xe0, 0x10, 0xe0, 0x0f, 0xe0, 0x0f, 0xe0, 0x10, 0xe0, 0x10, 0xe8,
    0x0f, 0xe8, 0x10, 0xe8, 0x10, 0xe8, 0x0f, 0xe0, 0x10, 0xe0, 0x10, 0xe8,
    0x0f, 0xe0, 0x0f, 0xe0, 0x10, 0xe0, 0x10, 0xe0, 0x0f, 0xe0, 0x10, 0xe0,
    0x0f, 0xe0, 0x0f, 0xe0, 0x0f, 0xd8, 0x0f, 0xd8, 0x0f, 0xd8, 0x0f, 0xe0,
    0x0f, 0xe0, 0x10, 0xe8, 0x10, 0xe0, 0x0f, 0xe0, 0x0f, 0xe0, 0x10, 0xe0,
    0x10, 0xe0, 0x0f, 0xe0, 0x0f, 0xe0, 0x0f, 0xe0, 0x0f, 0xd8, 0x0f, 0xe0,
    0x0f, 0xe0, 0x0f, 0xd8, 0x0f, 0xd8, 0x0f, 0xd8, 0x0e, 0xd8, 0x0f, 0xd8,
    0x0e, 0xd8, 0x0e, 0xd0, 0x0f, 0xd8, 0x0e, 0xd0, 0x0e, 0xd0, 0x0f, 0xd0,
    0x0e, 0xd0, 0x0e, 0xd0, 0x0e, 0xd0, 0x0e, 0xd0, 0x0f, 0xd0, 0x0f, 0xd8,
    0x0f, 0xe0, 0x0f, 0xe0, 0x0f, 0xd8, 0x0f, 0xe0, 0x0f, 0xd8, 0x0f, 0xd8,
    0x0f, 0xd8, 0x0f, 0xd8, 0x0f, 0xd8, 0x0e, 0xd0, 0x0f, 0xd8, 0x0f, 0xd0,
    0x0e, 0xd0, 0x0f, 0xd8, 0x0e, 0xd0, 0x0f, 0xd0, 0x0e, 0xd0, 0x0f, 0xd0,
    0x0e, 0xd0, 0x0e, 0xd0, 0x0e, 0xd0, 0x0e, 0xd0, 0x0e, 0xc8, 0x0e, 0xc8,
    0x0e, 0xc8, 0x0d, 0xc8, 0x0e, 0xc8, 0x0e, 0xc8, 0x0d, 0xc0, 0x0d, 0xc0,
    0x0e, 0xc0, 0x0e, 0xc8, 0x0f, 0xd0, 0x0f, 0xe0, 0x10, 0xe8, 0x10, 0xe8,
    0x10, 0xe0, 0x0f, 0xe0, 0x0f, 0xe0, 0x10, 0xe0, 0x0f, 0xe0, 0x10, 0xe0,
    0x0f, 0xe0, 0x0f, 0xe0, 0x0f, 0xe0, 0x0f, 0xe0, 0x0f, 0xe0, 0x0f, 0xe0,
    0x0f, 0xe0, 0x0f, 0xe0, 0x10, 0xd8, 0x0f, 0xe0, 0x0f, 0xd8, 0x0f, 0xd8,
    0x0f, 0xd8, 0x0f, 0xd8, 0x0f, 0xd8, 0x0f, 0xd8, 0x0f, 0xd8, 0x0f, 0xd8,
    0x0f, 0xd8, 0x0f, 0xd8, 0x0f, 0xd8, 0x0f, 0xd8, 0x0f, 0xd8, 0x0e, 0xd8,
    0x0e, 0xd8, 0x0f, 0xd0, 0x0e, 0xd0, 0x0f, 0xd8, 0x0f, 0xe0, 0x10, 0xe8,
    0x10, 0xe8, 0x10, 0xe8, 0x10, 0xe8, 0x10, 0xe8, 0x10, 0xe8, 0x10, 0xe8,
    0x10, 0xe8, 0x10, 0xe8, 0x10, 0xe0, 0x10, 0xe0, 0x10, 0xe0, 0x10, 0xe0,
    0x0f, 0xe8, 0x0f, 0xe0, 0x10, 0xe0, 0x0f, 0xe0, 0x0f, 0xe0, 0x0f, 0xe0,
    0x0f, 0xe0, 0x0f, 0xe0, 0x0f, 0xe0, 0x10, 0xe0, 0x0f, 0xe0, 0x10, 0xe0,
    0x10, 0xe8, 0x0f, 0xe8, 0x10, 0xe8, 0x10, 0xe8, 0x10, 0xe8, 0x0f, 0xe8,
    0x10, 0xe0, 0x10, 0xe8, 0x0f, 0xe8, 0x10, 0xe8, 0x10, 0xe0, 0x10, 0xe0,
    0x10, 0xe8, 0x0f, 0xe0, 0x0f, 0xe0, 0x10, 0xe0, 0x10, 0xe8, 0x10, 0xe8,
    0x0f, 0xe8, 0x10, 0xe0, 0x10, 0xe0, 0x10, 0xe8, 0x0f, 0xe0, 0x10, 0xe8,
    0x10, 0xe8, 0x0f, 0xe8, 0x10, 0xe0, 0x10, 0xe8, 0x10, 0xe0, 0x0f, 0xe0,
    0x10, 0xe8, 0x10, 0xe8, 0x10, 0xe0, 0x10, 0xe8, 0x0f, 0xe0, 0x10, 0xe8,
    0x10, 0xe0, 0x0f, 0xe8, 0x10, 0xe0, 0x10, 0xe8, 0x0f, 0xe8, 0x10, 0xe8,
    0x10, 0xe0, 0x10, 0xe8, 0x0f, 0xe8, 0x10, 0xe8, 0x10, 0xe0, 0x10, 0xe8,
    0x0f, 0xe8, 0x10, 0xe0, 0x10, 0xe8, 0x10, 0xe8, 0x0f, 0xe0, 0x10, 0xe8,
    0x10, 0xe8, 0x10, 0xe8, 0x10, 0xe8, 0x0f, 0xe0, 0x10, 0xe8, 0x10, 0xe8,
    0x0f, 0xe0, 0x10, 0xe8, 0x10, 0xe8, 0x0f, 0xe0, 0x10, 0xe8, 0x10, 0xe8,
    0x0f, 0xe0, 0x10, 0xe8, 0x10, 0xe8, 0x0f, 0xe8, 0x10, 0xe0, 0x10, 0xe8,
    0x10, 0xe8, 0x10, 0xe8, 0x0f, 0xe8, 0x10, 0xe0, 0x10, 0xe8, 0x0f, 0xe0,
    0x10, 0xe8, 0x0f, 0xe0, 0x10, 0xe8, 0x10, 0xe8, 0x0f, 0xe0, 0x10, 0xe8,
    0x10, 0xe8, 0x10, 0xe8, 0x10, 0xe8, 0x0f, 0xe0, 0x0f, 0xe8, 0x10, 0xe8,
    0x0f, 0xe0, 0x10, 0xe8, 0x10, 0xe8, 0x0f, 0xe0, 0x10, 0xe8, 0x10, 0xe8,
    0x10, 0xe8, 0x10, 0xe8, 0x0f, 0xe8, 0x10, 0xe8, 0x10, 0xe8, 0x0f, 0xe8,
    0x10, 0xe0, 0x10, 0xe8, 0x10, 0xe8, 0x0f, 0xe8, 0x10, 0xe0, 0x0f, 0xe8,
    0x10, 0xe8, 0x10, 0xe0, 0x0f, 0xe8, 0x10, 0xe8, 0x10, 0xe0, 0x10, 0xe8,
    0x10, 0xe8, 0x0f, 0xe8, 0x10, 0xe0, 0x10, 0xe8, 0x10, 0xe8, 0x0f, 0xe0,
    0x0f, 0xe8, 0x10, 0xe8, 0x10, 0xe0, 0x10, 0xe8, 0x0f, 0xe8, 0x10, 0xe8,
    0x10, 0xe8, 0x0f, 0xe0, 0x10, 0xe8, 0x10, 0xe0, 0x10, 0xe0, 0x0f, 0xe8,
    0x10, 0xe0, 0x0f, 0xe0, 0x0f, 0xe0, 0x10, 0xe0, 0x10, 0xe8, 0x0f, 0xe8,
    0x10, 0xe8, 0x10, 0xe8, 0x10, 0xe0, 0x10, 0xe8, 0x0f, 0xe0, 0x10, 0xe0,
    0x0f, 0xe0, 0x0f, 0xe0, 0x10, 0xe0, 0x0f, 0xe0, 0x0f, 0xe0, 0x10, 0xe0,
    0x0f, 0xe0, 0x0f, 0xd8, 0x0f, 0xd8, 0x0f, 0xd8, 0x0f, 0xd8, 0x0f, 0xe0,
    0x10, 0xe8, 0x10, 0xe0, 0x0f, 0xe0, 0x10, 0xe0, 0x0f, 0xe0, 0x10, 0xe0,
    0x10, 0xe0, 0x0f, 0xe0, 0x0f, 0xe0, 0x0f, 0xd8, 0x0f, 0xd8, 0x0f, 0xe0,
    0x0f, 0xd8, 0x0f, 0xd8, 0x0f, 0xd8, 0x0f, 0xd8, 0x0f, 0xd8, 0x0f, 0xd8,
    0x0f, 0xd0, 0x0e, 0xd8, 0x0f, 0xd8, 0x0e, 0xd0, 0x0f, 0xd0, 0x0e, 0xd0,
    0x0e, 0xd0, 0x0e, 0xd0, 0x0e, 0xd0, 0x0e, 0xc8, 0x0f, 0xd0, 0x0f, 0xd8,
    0x0f, 0xe0, 0x0f, 0xe0, 0x0f, 0xd8, 0x0f, 0xd8, 0x0f, 0xd8, 0x0f, 0xd8,
    0x0f, 0xd8, 0x0f, 0xd8, 0x0f, 0xd8, 0x0e, 0xd8, 0x0f, 0xd0, 0x0f, 0xd0,
    0x0e, 0xd8, 0x0e, 0xd0, 0x0f, 0xd0, 0x0e, 0xd0, 0x0e, 0xd0, 0x0e, 0xd0,
    0x0e, 0xd0, 0x0e, 0xc8, 0x0e, 0xd0, 0x0e, 0xc8, 0x0e, 0xc8, 0x0e, 0xc8,
    0x0e, 0xc8, 0x0e, 0xc8, 0x0d, 0xc0, 0x0e, 0xc8, 0x0f, 0xd8, 0x0f, 0xe0,
    0x10, 0xe8, 0x10, 0xe0, 0x10, 0xe0, 0x0f, 0xe0, 0x10, 0xe0, 0x0f, 0xe0,
    0x10, 0xe0, 0x0f, 0xe0, 0x0f, 0xe0, 0x10, 0xe0, 0x0f, 0xe0, 0x0f, 0xe0,
    0x0f, 0xe0, 0x10, 0xe0, 0x0f, 0xe0, 0x0f, 0xe0, 0x10, 0xd8, 0x0f, 0xd8,
    0x0f, 0xd8, 0x0f, 0xd8, 0x0f, 0xd8, 0x0f, 0xd8, 0x0f, 0xd8, 0x0f, 0xd8,
    0x0f, 0xd8, 0x0f, 0xd8, 0x0f, 0xd8, 0x0f, 0xd8, 0x0f, 0xd8, 0x0e, 0xd8,
    0x0f, 0xd8, 0x0e, 0xd8, 0x0e, 0xd0, 0x0e, 0xd0, 0x0f, 0xd0, 0x0e, 0xd0,
    0x0f, 0xd8, 0x10, 0xe8, 0x10, 0xe8, 0x10, 0xe8, 0x10, 0xe0, 0x0f, 0xe8,
    0x10, 0xe0, 0x0f, 0xe8, 0x0f, 0xe8, 0x10, 0xe0, 0x0f, 0xe8, 0x10, 0xe0,
    0x0f, 0xe0, 0x10, 0xe8, 0x0f, 0xe0, 0x0f, 0xe0, 0x10, 0xe0, 0x10, 0xe0,
    0x0f, 0xe0, 0x0f, 0xe0, 0x0f, 0xe0, 0x10, 0xe0, 0x0f, 0xe0, 0x0f, 0xd8,
    0x10, 0xe0, 0x10, 0xe0, 0x10, 0xe8, 0x10, 0xe8, 0x10, 0xe0, 0x10, 0xe8,
    0x0f, 0xe0, 0x10, 0xe0, 0x10, 0xe8, 0x0f, 0xe8, 0x10, 0xe8, 0x10, 0xe8,
    0x0f, 0xe8, 0x10, 0xe0, 0x0f, 0xe0, 0x0f, 0xe0, 0x10, 0xe0, 0x0f, 0xe0,
    0x10, 0xe0, 0x10, 0xe8, 0x0f, 0xe8, 0x10, 0xe8, 0x10, 0xe8, 0x0f, 0xe8,
    0x10, 0xe8, 0x10, 0xe8, 0x10, 0xe8, 0x10, 0xe0, 0x10, 0xe8, 0x10, 0xe8,
    0x0f, 0xe8, 0x10, 0xe0, 0x10, 0xe8, 0x10, 0xe8, 0x0f, 0xe8, 0x10, 0xe8,
    0x10, 0xe8, 0x10, 0xe0, 0x10, 0xe8, 0x10, 0xe8, 0x0f, 0xe8, 0x10, 0xe0,
    0x10, 0xe8, 0x10, 0xe8, 0x10, 0xe0, 0x0f, 0xe8, 0x10, 0xe8, 0x10, 0xe0,
    0x10, 0xe8, 0x0f, 0xe8, 0x10, 0xe8, 0x10, 0xe8, 0x10, 0xe8, 0x0f, 0xe0,
    0x10, 0xe8, 0x10, 0xe8, 0x10, 0xe0, 0x0f, 0xe8, 0x10, 0xe8, 0x10, 0xe0,
    0x10, 0xe8, 0x10, 0xe8, 0x0f, 0xe8, 0x10, 0xe8, 0x10, 0xe0, 0x10, 0xe8,
    0x10, 0xe8, 0x10, 0xe8, 0x0f, 0xe8, 0x10, 0xe8, 0x10, 0xe8, 0x10, 0xe8,
    0x10, 0xe8, 0x10, 0xe8, 0x10, 0xe0, 0x0f, 0xe8, 0x10, 0xe0, 0x10, 0xe8,
    0x10, 0xe8, 0x10, 0xe8, 0x10, 0xe8, 0x10, 0xe8, 0x0f, 0xe0, 0x10, 0xe8,
    0x10, 0xe8, 0x0f, 0xe0, 0x10, 0xe8, 0x10, 0xe8, 0x0f, 0xe8, 0x10, 0xe0,
    0x10, 0xe8, 0x10, 0xe8, 0x10, 0xe8, 0x10, 0xe8, 0x0f, 0xe0, 0x10, 0xe8,
    0x10, 0xe8, 0x10, 0xe0, 0x0f, 0xe8, 0x10, 0xe8, 0x10, 0xe0, 0x0f, 0xe0,
    0x10, 0xe8, 0x10, 0xe0, 0x10, 0xe8, 0x10, 0xe8, 0x0f, 0xe8, 0x10, 0xe8,
    0x10, 0xe8, 0x10, 0xe8, 0x10, 0xe8, 0x10, 0xe8, 0x0f, 0xe0, 0x10, 0xe0,
    0x10, 0xe8, 0x10, 0xe8, 0x0f, 0xe8, 0x10, 0xe8, 0x10, 0xe0, 0x0f, 0xe8,
    0x10, 0xe8, 0x10, 0xe0, 0x10, 0xe8, 0x10, 0xe0, 0x0f, 0xe0, 0x10, 0xe8,
    0x10, 0xe8, 0x10, 0xe0, 0x0f, 0xe8, 0x10, 0xe8, 0x10, 0xe0, 0x0f, 0xe8,
    0x10, 0xe8, 0x10, 0xe0, 0x0f, 0xe8, 0x0f, 0xe0, 0x10, 0xe0, 0x10, 0xe0,
    0x0f, 0xe0, 0x0f, 0xe0, 0x10, 0xe0, 0x10, 0xe0, 0x10, 0xe8, 0x0f, 0xe0,
    0x10, 0xe8, 0x10, 0xe8, 0x10, 0xe0, 0x0f, 0xe0, 0x10, 0xe0, 0x10, 0xe0,
    0x0f, 0xe0, 0x0f, 0xe0, 0x0f, 0xd8, 0x0f, 0xe0, 0x0f, 0xe0, 0x0f, 0xd8,
    0x0f, 0xe0, 0x0f, 0xd8, 0x0f, 0xd8, 0x0f, 0xd8, 0x0f, 0xe0, 0x0f, 0xe0,
    0x10, 0xe0, 0x0f, 0xe8, 0x0f, 0xe0, 0x10, 0xe0, 0x10, 0xe0, 0x0f, 0xe0,
    0x10, 0xe0, 0x0f, 0xd8, 0x0f, 0xe0, 0x0f, 0xe0, 0x0f, 0xe0, 0x0f, 0xd8,
    0x0f, 0xd8, 0x0f, 0xd8, 0x0f, 0xd8, 0x0f, 0xd8, 0x0e, 0xd8, 0x0f, 0xd8,
    0x0f, 0xd0, 0x0e, 0xd8, 0x0e, 0xd0, 0x0f, 0xd0, 0x0e, 0xd0, 0x0e, 0xd0,
    0x0e, 0xd0, 0x0e, 0xd0, 0x0e, 0xc8, 0x0e, 0xc8, 0x0e, 0xd0, 0x0f, 0xd8,
    0x0f, 0xe0, 0x0f, 0xe0, 0x0f, 0xd8, 0x0f, 0xd8, 0x0f, 0xd8, 0x0e, 0xd8,
    0x0f, 0xd8, 0x0f, 0xd8, 0x0e, 0xd8, 0x0f, 0xd8, 0x0f, 0xd0, 0x0e, 0xd0,
    0x0e, 0xd0, 0x0f, 0xd0, 0x0f, 0xd0, 0x0e, 0xd0, 0x0e, 0xd0, 0x0e, 0xd0,
    0x0e, 0xd0, 0x0e, 0xd0, 0x0e, 0xc8, 0x0e, 0xd0, 0x0e, 0xc8, 0x0e, 0xc8,
    0x0f, 0xd8, 0x10, 0xe0, 0x10, 0xe8, 0x0f, 0xe0, 0x0f, 0xe0, 0x10, 0xe0,
    0x0f, 0xe0, 0x0f, 0xe0, 0x0f, 0xe0, 0x0f, 0xe0, 0x0f, 0xe0, 0x0f, 0xe0,
    0x0f, 0xe0, 0x0f, 0xe0, 0x10, 0xe0, 0x0f, 0xe0, 0x0f, 0xd8, 0x0f, 0xd8,
    0x0f, 0xe0, 0x0f, 0xd8, 0x0f, 0xd8, 0x0f, 0xd8, 0x0f, 0xd8, 0x0f, 0xd8,
    0x0f, 0xd8, 0x0f, 0xd8, 0x0f, 0xd8, 0x0f, 0xd8, 0x0f, 0xd8, 0x0e, 0xd8,
    0x0e, 0xd8, 0x0f, 0xd8, 0x0e, 0xd0, 0x0e, 0xd0, 0x0e, 0xd0, 0x0e, 0xd0,
    0x0e, 0xd0, 0x0e, 0xd0, 0x0f, 0xd8, 0x0f, 0xe0, 0x10, 0xe8, 0x10, 0xe8,
    0x10, 0xe8, 0x0f, 0xe0, 0x10, 0xe8, 0x10, 0xe8, 0x10, 0xe8, 0x10, 0xe0,
    0x10, 0xe0, 0x10, 0xe0, 0x10, 0xe8, 0x0f, 0xe0, 0x0f, 0xe0, 0x0f, 0xe0,
    0x10, 0xe0, 0x0f, 0xe0, 0x0f, 0xe0, 0x0f, 0xe0, 0x0f, 0xe0, 0x0f, 0xe0,
    0x10, 0xe0, 0x0f, 0xe0, 0x0f, 0xd8, 0x0f, 0xe0, 0x10, 0xe0, 0x10, 0xe8,
    0x0f, 0xe8, 0x10, 0xe8, 0x10, 0xe8, 0x10, 0xe8, 0x10, 0xe8, 0x10, 0xe8,
    0x10, 0xe8, 0x10, 0xe0, 0x10, 0xe8, 0x10, 0xe8, 0x10, 0xe0, 0x10, 0xe8,
    0x0f, 0xe8, 0x0f, 0xe0, 0x10, 0xe0, 0x10, 0xe0, 0x10, 0xe8, 0x10, 0xe8,
    0x0f, 0xe8, 0x10, 0xe0, 0x10, 0xe8, 0x10, 0xe8, 0x0f, 0xe0, 0x10, 0xe8,
    0x10, 0xe8, 0x0f, 0xe8, 0x10, 0xe0, 0x10, 0xe8, 0x10, 0xe0, 0x0f, 0xe0,
    0x10, 0xe8, 0x10, 0xe8, 0x10, 0xe0, 0x0f, 0xe8, 0x10, 0xe8, 0x0f, 0xe8,
    0x10, 0xe8, 0x10, 0xe8, 0x10, 0xe8, 0x0f, 0xe8, 0x10, 0xe0, 0x10, 0xe8,
    0x10, 0xe8, 0x0f, 0xe8, 0x10, 0xe8, 0x10, 0xe8, 0x10, 0xe0, 0x10, 0xe8,
    0x0f, 0xe8, 0x10, 0xe0, 0x10, 0xe8, 0x10, 0xe8, 0x0f, 0xe8, 0x10, 0xe8,
    0x10, 0xe8, 0x10, 0xe8, 0x0f, 0xe8, 0x0f, 0xe0, 0x10, 0xe8, 0x10, 0xe8,
    0x10, 0xe0, 0x0f, 0xe8, 0x10, 0xe8, 0x0f, 0xe8, 0x10, 0xe0, 0x10, 0xe8,
    0x10, 0xe0, 0x0f, 0xe8, 0x10, 0xe8, 0x0f, 0xe0, 0x10, 0xe8, 0x10, 0xe8,
    0x0f, 0xe8, 0x10, 0xe8, 0x10, 0xe8, 0x0f, 0xe0, 0x10, 0xe8, 0x0f, 0xe0,
    0x10, 0xe8, 0x10, 0xe8, 0x10, 0xe8, 0x10, 0xe8, 0x10, 0xe8, 0x10, 0xe8,
    0x10, 0xe0, 0x10, 0xe8, 0x0f, 0xe8, 0x10, 0xe0, 0x10, 0xe8, 0x0f, 0xe8,
    0x10, 0xe0, 0x10, 0xe8, 0x10, 0xe8, 0x10, 0xe8, 0x10, 0xe8, 0x0f, 0xe8,
    0x10, 0xe8, 0x10, 0xe8, 0x10, 0xe8, 0x10, 0xe8, 0x10, 0xe8, 0x0f, 0xe8,
    0x10, 0xe0, 0x10, 0xe0, 0x10, 0xe8, 0x0f, 0xe0, 0x10, 0xe0, 0x10, 0xe8,
    0x0f, 0xe8, 0x10, 0xe8, 0x10, 0xe8, 0x10, 0xe0, 0x10, 0xe0, 0x0f, 0xe8,
    0x10, 0xe8, 0x10, 0xe0, 0x10, 0xe8, 0x10, 0xe8, 0x0f, 0xe8, 0x10, 0xe0,
    0x10, 0xe0, 0x10, 0xe8, 0x0f, 0xe0, 0x0f, 0xe0, 0x10, 0xe8, 0x10, 0xe8,
    0x10, 0xe0, 0x10, 0xe8, 0x10, 0xe8, 0x10, 0xe8, 0x10, 0xe0, 0x10, 0xe8,
    0x0f, 0xe0, 0x10, 0xe0, 0x0f, 0xe0, 0x10, 0xe0, 0x0f, 0xe0, 0x0f, 0xe0,
    0x0f, 0xd8, 0x0f, 0xe0, 0x10, 0xe8, 0x10, 0xe8, 0x0f, 0xe0, 0x10, 0xe8,
    0x10, 0xe8, 0x0f, 0xe0, 0x10, 0xe0, 0x10, 0xe0, 0x0f, 0xe0, 0x10, 0xe0,
    0x10, 0xe0, 0x0f, 0xd8, 0x0f, 0xe0, 0x10, 0xe0, 0x0f, 0xd8, 0x0f, 0xd8,
    0x0f, 0xd8, 0x0f, 0xd8, 0x0f, 0xd8, 0x0f, 0xd8, 0x0f, 0xe0, 0x10, 0xe0,
    0x10, 0xe0, 0x0f, 0xe0, 0x0f, 0xe0, 0x0f, 0xe0, 0x0f, 0xe0, 0x10, 0xe0,
    0x0f, 0xd8, 0x0f, 0xe0, 0x0f, 0xe0, 0x0f, 0xd8, 0x0f, 0xd8, 0x0f, 0xd8,
    0x0e, 0xd8, 0x0f, 0xd8, 0x0f, 0xd8, 0x0e, 0xd8, 0x0f, 0xd0, 0x0f, 0xd0,
    0x0e, 0xd8, 0x0f, 0xd0, 0x0e, 0xd0, 0x0e, 0xd0, 0x0f, 0xd0, 0x0e, 0xd0,
    0x0e, 0xd0, 0x0e, 0xd0, 0x0e, 0xc8, 0x0e, 0xc8, 0x0e, 0xd0, 0x0f, 0xd8,
    0x0f, 0xe0, 0x0f, 0xd8, 0x0f, 0xd8, 0x0f, 0xd8, 0x0f, 0xd8, 0x0f, 0xd8,
    0x0f, 0xd8, 0x0e, 0xd8, 0x0f, 0xd0, 0x0f, 0xd8, 0x0e, 0xd8, 0x0f, 0xd0,
    0x0e, 0xd0, 0x0f, 0xd0, 0x0e, 0xd0, 0x0e, 0xd0, 0x0e, 0xd0, 0x0e, 0xc8,
    0x0e, 0xd0, 0x0e, 0xd0, 0x0e, 0xc8, 0x0e, 0xc8, 0x10, 0xe0, 0x0f, 0xe0,
    0x0f, 0xe0, 0x10, 0xe0, 0x10, 0xe0, 0x0f, 0xe0, 0x0f, 0xe0, 0x10, 0xe0,
    0x0f, 0xe0, 0x0f, 0xd8, 0x10, 0xe0, 0x10, 0xd8, 0x0f, 0xe0, 0x0f, 0xd8,
    0x0f, 0xd8, 0x0f, 0xd8, 0x0f, 0xd8, 0x0f, 0xd8, 0x0f, 0xd8, 0x0f, 0xd8,
    0x0f, 0xd8, 0x0f, 0xd8, 0x0f, 0xd8, 0x0f, 0xd8, 0x0f, 0xd8, 0x0e, 0xd8,
    0x0e, 0xd8, 0x0e, 0xd8, 0x0f, 0xd0, 0x0e, 0xd0, 0x0e, 0xd0, 0x0f, 0xd0,
    0x0e, 0xd0, 0x0f, 0xd0, 0x0e, 0xd0, 0x0e, 0xd0, 0x0f, 0xd8, 0x0f, 0xe0,
    0x10, 0xe8, 0x10, 0xe8, 0x10, 0xe8, 0x10, 0xe8, 0x0f, 0xe8, 0x10, 0xe8,
    0x10, 0xe8, 0x0f, 0xe8, 0x10, 0xe0, 0x10, 0xe8, 0x0f, 0xe8, 0x10, 0xe0,
    0x0f, 0xe0, 0x10, 0xe0, 0x10, 0xe0, 0x10, 0xe0, 0x0f, 0xe0, 0x0f, 0xe0,
    0x0f, 0xe0, 0x10, 0xe0, 0x0f, 0xe0, 0x0f, 0xd8, 0x0f, 0xd8, 0x0f, 0xd8,
    0x0f, 0xe0, 0x10, 0xe0, 0x10, 0xe8, 0x10, 0xe8, 0x0f, 0xe0, 0x10, 0xe8,
    0x0f, 0xe8, 0x0f, 0xe0, 0x10, 0xe8, 0x0f, 0xe8, 0x10, 0xe8, 0x0f, 0xe0,
    0x10, 0xe0, 0x0f, 0xe0, 0x10, 0xe0, 0x10, 0xe0, 0x0f, 0xe0, 0x0f, 0xe0,
    0x10, 0xe0, 0x10, 0xe8, 0x0f, 0xe8, 0x10, 0xe8, 0x10, 0xe0, 0x10, 0xe8,
    0x10, 0xe8, 0x10, 0xe0, 0x10, 0xe8, 0x0f, 0xe8, 0x10, 0xe0, 0x10, 0xe8,
    0x0f, 0xe8, 0x10, 0xe0, 0x10, 0xe0, 0x10, 0xe8, 0x0f, 0xe8, 0x10, 0xe8,
    0x10, 0xe8, 0x10, 0xe0, 0x10, 0xe8, 0x0f, 0xe8, 0x10, 0xe0, 0x10, 0xe0,
    0x0f, 0xe8, 0x10, 0xe8, 0x10, 0xe0, 0x0f, 0xe8, 0x10, 0xe8, 0x10, 0xe0,
    0x0f, 0xe8, 0x10, 0xe8, 0x10, 0xe8, 0x0f, 0xe0, 0x10, 0xe8, 0x10, 0xe8,
    0x10, 0xe0, 0x10, 0xe8, 0x10, 0xe0, 0x0f, 0xe8, 0x10, 0xe0, 0x10, 0xe8,
    0x10, 0xe8, 0x10, 0xe8, 0x0f, 0xe8, 0x10, 0xe8, 0x10, 0xe0, 0x10, 0xe8,
    0x10, 0xe8, 0x10, 0xe0, 0x0f, 0xe8, 0x10, 0xe8, 0x10, 0xe8, 0x10, 0xe0,
    0x10, 0xe8, 0x10, 0xe0, 0x0f, 0xe8, 0x10, 0xe0, 0x10, 0xe8, 0x10, 0xe8,
    0x10, 0xe0, 0x10, 0xe8, 0x10, 0xe8, 0x0f, 0xe8, 0x10, 0xe0, 0x10, 0xe8,
    0x0f, 0xe8, 0x10, 0xe0, 0x0f, 0xe8, 0x10, 0xe8, 0x10, 0xe8, 0x0f, 0xe8,
    0x10, 0xe8, 0x10, 0xe8, 0x10, 0xe8, 0x0f, 0xe8, 0x10, 0xe0, 0x10, 0xe8,
    0x0f, 0xe8, 0x10, 0xe0, 0x10, 0xe8, 0x10, 0xe0, 0x10, 0xe8, 0x0f, 0xe0,
    0x10, 0xe8, 0x10, 0xe8, 0x0f, 0xe8, 0x10, 0xe8, 0x10, 0xe8, 0x0f, 0xe8,
    0x10, 0xe8, 0x10, 0xe8, 0x0f, 0xe8, 0x10, 0xe0, 0x10, 0xe8, 0x0f, 0xe8,
    0x10, 0xe8, 0x10, 0xe8, 0x0f, 0xe0, 0x10, 0xe0, 0x10, 0xe8, 0x0f, 0xe8,
    0x10, 0xe8, 0x10, 0xe8, 0x0f, 0xe8, 0x10, 0xe8, 0x0f, 0xe0, 0x10, 0xe8,
    0x0f, 0xe0, 0x0f, 0xe0, 0x10, 0xe0, 0x10, 0xe8, 0x0f, 0xe8, 0x10, 0xe0,
    0x0f, 0xe8, 0x10, 0xe8, 0x10, 0xe0, 0x0f, 0xe0, 0x10, 0xe8, 0x10, 0xe0,
    0x0f, 0xe0, 0x0f, 0xe0, 0x10, 0xe0, 0x0f, 0xe0, 0x0f, 0xe0, 0x0f, 0xe0,
    0x10, 0xe0, 0x10, 0xe8, 0x10, 0xe8, 0x10, 0xe0, 0x10, 0xe8, 0x0f, 0xe0,
    0x0f, 0xe0, 0x10, 0xe0, 0x0f, 0xe0, 0x10, 0xe0, 0x0f, 0xe0, 0x0f, 0xe0,
    0x10, 0xe0, 0x0f, 0xe0, 0x0f, 0xd8, 0x0f, 0xe0, 0x0f, 0xe0, 0x0f, 0xd8,
    0x0f, 0xd8, 0x0f, 0xd8, 0x0e, 0xd8, 0x0f, 0xd8, 0x10, 0xe0, 0x10, 0xe0,
    0x0f, 0xe0, 0x10, 0xe0, 0x10, 0xe0, 0x0f, 0xe0, 0x0f, 0xe0, 0x10, 0xe0,
    0x0f, 0xd8, 0x0f, 0xe0, 0x0f, 0xd8, 0x0f, 0xd8, 0x0f, 0xd8, 0x0f, 0xd8,
    0x0f, 0xd8, 0x0f, 0xd8, 0x0e, 0xd8, 0x0f, 0xd0, 0x0f, 0xd8, 0x0e, 0xd8,
    0x0f, 0xd0, 0x0e, 0xd0, 0x0e, 0xd0, 0x0e, 0xd0, 0x0e, 0xd0, 0x0e, 0xd0,
    0x0e, 0xc8, 0x0e, 0xc8, 0x0e, 0xc8, 0x0e, 0xc8, 0x0e, 0xd0, 0x0f, 0xd8,
    0x0f, 0xd8, 0x0f, 0xd8, 0x0f, 0xd8, 0x0f, 0xd8, 0x0f, 0xd8, 0x0f, 0xd8,
    0x0e, 0xd8, 0x0f, 0xd0, 0x0f, 0xd0, 0x0e, 0xd8, 0x0e, 0xd0, 0x0f, 0xd0,
    0x0f, 0xd0, 0x0e, 0xd0, 0x0e, 0xd0, 0x0e, 0xd0, 0x0e, 0xd0, 0x0e, 0xc8,
    0x0e, 0xc8, 0x0e, 0xc8, 0x0f, 0xe0, 0x0f, 0xe0, 0x0f, 0xe0, 0x0f, 0xe0,
    0x10, 0xe0, 0x0f, 0xe0, 0x0f, 0xe0, 0x10, 0xe0, 0x0f, 0xd8, 0x0f, 0xd8,
    0x0f, 0xe0, 0x0f, 0xd8, 0x0f, 0xd8, 0x0f, 0xd8, 0x0f, 0xd8, 0x0f, 0xd8,
    0x0f, 0xd8, 0x0f, 0xd8, 0x0f, 0xd8, 0x0f, 0xd8, 0x0f, 0xd8, 0x0e, 0xd8,
    0x0e, 0xd8, 0x0e, 0xd8, 0x0f, 0xd0, 0x0e, 0xd0, 0x0f, 0xd8, 0x0e, 0xd0,
    0x0e, 0xd0, 0x0e, 0xd0, 0x0e, 0xd0, 0x0e, 0xd8, 0x0e, 0xd0, 0x0e, 0xd0,
    0x0e, 0xd0, 0x0f, 0xd8, 0x10, 0xe0, 0x10, 0xe8, 0x10, 0xe8, 0x10, 0xe8,
    0x10, 0xe0, 0x0f, 0xe8, 0x10, 0xe0, 0x10, 0xe0, 0x10, 0xe0, 0x0f, 0xe0,
    0x10, 0xe0, 0x0f, 0xe0, 0x10, 0xe0, 0x0f, 0xe0, 0x0f, 0xe0, 0x10, 0xe0,
    0x0f, 0xe0, 0x0f, 0xe0, 0x0f, 0xe0, 0x0f, 0xe0, 0x10, 0xe0, 0x0f, 0xd8,
    0x0f, 0xd8, 0x0f, 0xd8, 0x0f, 0xd8, 0x10, 0xe0, 0x10, 0xe8, 0x10, 0xe8,
    0x10, 0xe8, 0x0f, 0xe8, 0x10, 0xe0, 0x10, 0xe8, 0x10, 0xe8, 0x10, 0xe0,
    0x10, 0xe8, 0x10, 0xe8, 0x0f, 0xe0, 0x10, 0xe8, 0x10, 0xe8, 0x0f, 0xe0,
    0x0f, 0xe0, 0x10, 0xe0, 0x0f, 0xe0, 0x0f, 0xe0, 0x10, 0xe0, 0x10, 0xe8,
    0x10, 0xe8, 0x0f, 0xe8, 0x10, 0xe8, 0x10, 0xe8, 0x0f, 0xe8, 0x10, 0xe8,
    0x10, 0xe8, 0x10, 0xe8, 0x10, 0xe0, 0x10, 0xe8, 0x0f, 0xe0, 0x0f, 0xe0,
    0x10, 0xe0, 0x10, 0xe8, 0x10, 0xe8, 0x0f, 0xe8, 0x10, 0xe8, 0x10, 0xe0,
    0x10, 0xe8, 0x10, 0xe8, 0x10, 0xe8, 0x0f, 0xe8, 0x10, 0xe8, 0x10, 0xe0,
    0x10, 0xe8, 0x0f, 0xe8, 0x10, 0xe0, 0x10, 0xe8, 0x10, 0xe8, 0x0f, 0xe0,
    0x10, 0xe8, 0x10, 0xe8, 0x10, 0xe8, 0x0f, 0xe8, 0x0f, 0xe8, 0x10, 0xe8,
    0x10, 0xe8, 0x10, 0xe0, 0x0f, 0xe8, 0x10, 0xe8, 0x10, 0xe0, 0x10, 0xe8,
    0x10, 0xe8, 0x0f, 0xe0, 0x10, 0xe8, 0x10, 0xe8, 0x0f, 0xe8, 0x10, 0xe8,
    0x10, 0xe8, 0x0f, 0xe8, 0x10, 0xe8, 0x10, 0xe8, 0x0f, 0xe8, 0x10, 0xe8,
    0x10, 0xe8, 0x10, 0xe8, 0x0f, 0xe0, 0x10, 0xe8, 0x0f, 0xe8, 0x10, 0xe8,
    0x10, 0xe8, 0x10, 0xe8, 0x10, 0xe0, 0x0f, 0xe8, 0x10, 0xe8, 0x10, 0xe0,
    0x0f, 0xe8, 0x10, 0xe0, 0x10, 0xe8, 0x10, 0xe0, 0x10, 0xe8, 0x10, 0xe0,
    0x0f, 0xe8, 0x10, 0xe8, 0x10, 0xe8, 0x10, 0xe8, 0x0f, 0xe0, 0x10, 0xe8,
    0x0f, 0xe8, 0x10, 0xe8, 0x10, 0xe0, 0x0f, 0xe8, 0x10, 0xe8, 0x10, 0xe0,
    0x0f, 0xe0, 0x10, 0xe8, 0x10, 0xe8, 0x10, 0xe0, 0x10, 0xe0, 0x10, 0xe8,
    0x10, 0xe8, 0x10, 0xe8, 0x10, 0xe0, 0x10, 0xe0, 0x0f, 0xe8, 0x10, 0xe8,
    0x10, 0xe0, 0x10, 0xe0, 0x0f, 0xe0, 0x10, 0xe8, 0x10, 0xe0, 0x10, 0xe0,
    0x10, 0xe8, 0x10, 0xe8, 0x10, 0xe0, 0x10, 0xe0, 0x10, 0xe8, 0x0f, 0xe0,
    0x0f, 0xe0, 0x10, 0xe0, 0x10, 0xe8, 0x0f, 0xe8, 0x10, 0xe8, 0x10, 0xe8,
    0x0f, 0xe0, 0x10, 0xe8, 0x10, 0xe8, 0x10, 0xe0, 0x0f, 0xe0, 0x10, 0xe0,
    0x10, 0xe0, 0x10, 0xe0, 0x0f, 0xe0, 0x0f, 0xd8, 0x0f, 0xe0, 0x0f, 0xe0,
    0x10, 0xe8, 0x10, 0xe8, 0x10, 0xe0, 0x10, 0xe8, 0x10, 0xe8, 0x0f, 0xe0,
    0x10, 0xe0, 0x0f, 0xe0, 0x10, 0xe0, 0x0f, 0xe0, 0x0f, 0xe0, 0x0f, 0xd8,
    0x0f, 0xe0, 0x0f, 0xe0, 0x0f, 0xd8, 0x0f, 0xd8, 0x0f, 0xd8, 0x0f, 0xd8,
    0x0f, 0xd8, 0x0e, 0xd8, 0x0f, 0xd8, 0x0f, 0xe0, 0x10, 0xe0, 0x0f, 0xe0,
    0x10, 0xe0, 0x0f, 0xe0, 0x0f, 0xd8, 0x0f, 0xe0, 0x0f, 0xe0, 0x0f, 0xe0,
    0x0f, 0xe0, 0x0f, 0xd8, 0x0f, 0xd8, 0x0e, 0xd8, 0x0f, 0xd8, 0x0f, 0xd8,
    0x0e, 0xd8, 0x0f, 0xd0, 0x0e, 0xd0, 0x0e, 0xd0, 0x0f, 0xd8, 0x0f, 0xd0,
    0x0e, 0xd0, 0x0e, 0xd0, 0x0f, 0xd0, 0x0e, 0xc8, 0x0e, 0xd0, 0x0e, 0xd0,
    0x0e, 0xc8, 0x0e, 0xc8, 0x0e, 0xc8, 0x0e, 0xc8, 0x0e, 0xd0, 0x0e, 0xd8,
    0x0f, 0xd8, 0x0f, 0xd8, 0x0e, 0xd8, 0x0f, 0xd8, 0x0f, 0xd8, 0x0e, 0xd0,
    0x0e, 0xd8, 0x0f, 0xd0, 0x0f, 0xd8, 0x0e, 0xd0, 0x0e, 0xd0, 0x0e, 0xd0,
    0x0f, 0xd0, 0x0e, 0xd0, 0x0e, 0xd0, 0x0e, 0xd0, 0x0e, 0xd0, 0x0e, 0xc8,
    0x0f, 0xe0, 0x0f, 0xe0, 0x10, 0xe0, 0x0f, 0xe0, 0x0f, 0xe0, 0x0f, 0xd8,
    0x0f, 0xe0, 0x0f, 0xd8, 0x0f, 0xd8, 0x0f, 0xd8, 0x0f, 0xd8, 0x0f, 0xd8,
    0x0f, 0xd8, 0x0f, 0xd8, 0x0f, 0xd8, 0x0f, 0xd8, 0x0f, 0xd8, 0x0f, 0xd8,
    0x0e, 0xd8, 0x0f, 0xd8, 0x0e, 0xd0, 0x0f, 0xd0, 0x0e, 0xd0, 0x0f, 0xd0,
    0x0e, 0xd8, 0x0e, 0xd0, 0x0f, 0xd0, 0x0f, 0xd0, 0x0e, 0xd0, 0x0e, 0xd0,
    0x0f, 0xd0, 0x0e, 0xd0, 0x0e, 0xd0, 0x0f, 0xd8, 0x10, 0xe0, 0x10, 0xe8,
    0x10, 0xe8, 0x10, 0xe8, 0x10, 0xe8, 0x10, 0xe8, 0x0f, 0xe8, 0x10, 0xe8,
    0x10, 0xe0, 0x10, 0xe8, 0x10, 0xe0, 0x10, 0xe8, 0x0f, 0xe8, 0x10, 0xe0,
    0x0f, 0xe0, 0x10, 0xe0, 0x0f, 0xe0, 0x0f, 0xe0, 0x0f, 0xe0, 0x0f, 0xe0,
    0x10, 0xe0, 0x0f, 0xd8, 0x0f, 0xd8, 0x0f, 0xd8, 0x0f, 0xd8, 0x0f, 0xe0,
    0x10, 0xe0, 0x10, 0xe8, 0x0f, 0xe8, 0x10, 0xe8, 0x10, 0xe0, 0x10, 0xe8,
    0x10, 0xe8, 0x10, 0xe8, 0x10, 0xe8, 0x10, 0xe8, 0x10, 0xe8, 0x10, 0xe0,
    0x10, 0xe0, 0x10, 0xe8, 0x10, 0xe0, 0x0f, 0xe0, 0x10, 0xe0, 0x0f, 0xe0,
    0x10, 0xe0, 0x10, 0xe0, 0x10, 0xe8, 0x10, 0xe8, 0x10, 0xe0, 0x10, 0xe8,
    0x0f, 0xe0, 0x10, 0xe0, 0x10, 0xe8, 0x0f, 0xe0, 0x10, 0xe8, 0x0f, 0xe8,
    0x10, 0xe0, 0x10, 0xe0, 0x10, 0xe8, 0x0f, 0xe0, 0x10, 0xe8, 0x10, 0xe8,
    0x10, 0xe0, 0x0f, 0xe8, 0x10, 0xe8, 0x0f, 0xe8, 0x0f, 0xe0, 0x10, 0xe8,
    0x10, 0xe8, 0x10, 0xe8, 0x10, 0xe0, 0x10, 0xe0, 0x0f, 0xe8, 0x10, 0xe8,
    0x10, 0xe8, 0x10, 0xe8, 0x10, 0xe8, 0x10, 0xe0, 0x0f, 0xe8, 0x10, 0xe8,
    0x10, 0xe0, 0x10, 0xe8, 0x10, 0xe8, 0x0f, 0xe0, 0x10, 0xe8, 0x10, 0xe8,
    0x10, 0xe8, 0x0f, 0xe8, 0x10, 0xe0, 0x10, 0xe8, 0x10, 0xe8, 0x0f, 0xe8,
    0x10, 0xe8, 0x10, 0xe0, 0x0f, 0xe8, 0x10, 0xe8, 0x10, 0xe0, 0x10, 0xe0,
    0x0f, 0xe8, 0x10, 0xe8, 0x10, 0xe0, 0x0f, 0xe8, 0x10, 0xe8, 0x10, 0xe8,
    0x10, 0xe8, 0x0f, 0xe0, 0x10, 0xe8, 0x10, 0xe0, 0x0f, 0xe8, 0x10, 0xe8,
    0x10, 0xe8, 0x10, 0xe8, 0x10, 0xe8, 0x10, 0xe8, 0x10, 0xe8, 0x0f, 0xe8,
    0x10, 0xe0, 0x0f, 0xe8, 0x10, 0xe8, 0x10, 0xe8, 0x10, 0xe0, 0x10, 0xe8,
    0x10, 0xe8, 0x0f, 0xe0, 0x10, 0xe8, 0x10, 0xe8, 0x10, 0xe8, 0x0f, 0xe8,
    0x10, 0xe8, 0x10, 0xe8, 0x10, 0xe8, 0x10, 0xe8, 0x10, 0xe8, 0x10, 0xe0,
    0x0f, 0xe8, 0x10, 0xe0, 0x0f, 0xe0, 0x10, 0xe8, 0x0f, 0xe8, 0x10, 0xe8,
    0x10, 0xe8, 0x0f, 0xe8, 0x10, 0xe8, 0x10, 0xe0, 0x10, 0xe8, 0x10, 0xe8,
    0x0f, 0xe0, 0x10, 0xe8, 0x10, 0xe8, 0x0f, 0xe8, 0x10, 0xe8, 0x10, 0xe8,
    0x0f, 0xe8, 0x10, 0xe0, 0x10, 0xe0, 0x0f, 0xe0, 0x10, 0xe0, 0x10, 0xe0,
    0x10, 0xe0, 0x10, 0xe8, 0x10, 0xe8, 0x10, 0xe8, 0x10, 0xe8, 0x10, 0xe0,
    0x10, 0xe8, 0x10, 0xe8, 0x0f, 0xe0, 0x0f, 0xe0, 0x10, 0xe0, 0x0f, 0xe0,
    0x0f, 0xe0, 0x0f, 0xe0, 0x0f, 0xe0, 0x0f, 0xd8, 0x0f, 0xe0, 0x0f, 0xe0,
    0x10, 0xe8, 0x10, 0xe8, 0x0f, 0xe0, 0x0f, 0xe8, 0x10, 0xe0, 0x10, 0xe0,
    0x0f, 0xe0, 0x10, 0xe0, 0x0f, 0xe0, 0x0f, 0xe0, 0x10, 0xe0, 0x0f, 0xd8,
    0x0f, 0xe0, 0x0f, 0xd8, 0x0f, 0xd8, 0x0f, 0xd8, 0x0f, 0xd8, 0x0f, 0xd8,
    0x0e, 0xd8, 0x0e, 0xd0, 0x0f, 0xd8, 0x0f, 0xe0, 0x10, 0xe0, 0x0f, 0xe0,
    0x0f, 0xe0, 0x10, 0xd8, 0x0f, 0xe0, 0x0f, 0xd8, 0x0f, 0xe0, 0x0f, 0xd8,
    0x0f, 0xd8, 0x0f, 0xd8, 0x0f, 0xd8, 0x0f, 0xd8, 0x0f, 0xd8, 0x0f, 0xd8,
    0x0f, 0xd8, 0x0e, 0xd0, 0x0f, 0xd0, 0x0f, 0xd8, 0x0e, 0xd0, 0x0e, 0xd0,
    0x0e, 0xd0, 0x0e, 0xd0, 0x0e, 0xd0, 0x0e, 0xd0, 0x0e, 0xc8, 0x0e, 0xc8,
    0x0e, 0xd0, 0x0e, 0xc8, 0x0d, 0xc8, 0x0e, 0xc8, 0x0e, 0xd0, 0x0f, 0xd8,
    0x0f, 0xd8, 0x0f, 0xd8, 0x0f, 0xd8, 0x0f, 0xd8, 0x0e, 0xd8, 0x0f, 0xd8,
    0x0e, 0xd0, 0x0f, 0xd8, 0x0e, 0xd0, 0x0e, 0xd0, 0x0e, 0xd0, 0x0e, 0xd0,
    0x0e, 0xd0, 0x0e, 0xd0, 0x0e, 0xd0, 0x0e, 0xd0, 0x0f, 0xe0, 0x0f, 0xd8,
    0x0f, 0xd8, 0x0f, 0xd8, 0x0f, 0xd8, 0x0f, 0xe0, 0x0f, 0xd8, 0x0f, 0xd8,
    0x0f, 0xd8, 0x0f, 0xd8, 0x0f, 0xd8, 0x0f, 0xd8, 0x0f, 0xd8, 0x0f, 0xd8,
    0x0e, 0xd8, 0x0e, 0xd8, 0x0f, 0xd8, 0x0e, 0xd0, 0x0e, 0xd8, 0x0f, 0xd0,
    0x0e, 0xd0, 0x0e, 0xd0, 0x0e, 0xd0, 0x0e, 0xd0, 0x0e, 0xd0, 0x0e, 0xd0,
    0x0e, 0xd0, 0x0e, 0xd0, 0x0e, 0xd0, 0x0e, 0xd0, 0x0e, 0xd0, 0x0f, 0xd0,
    0x0f, 0xe0, 0x10, 0xe8, 0x10, 0xe8, 0x10, 0xe8, 0x0f, 0xe8, 0x10, 0xe8,
    0x10, 0xe0, 0x0f, 0xe0, 0x10, 0xe0, 0x10, 0xe0, 0x0f, 0xe8, 0x0f, 0xe0,
    0x0f, 0xe0, 0x0f, 0xe0, 0x10, 0xe0, 0x0f, 0xe0, 0x0f, 0xe0, 0x0f, 0xe0,
    0x0f, 0xe0, 0x0f, 0xe0, 0x0f, 0xd8, 0x0f, 0xd8, 0x0f, 0xe0, 0x0f, 0xd8,
    0x0f, 0xd8, 0x0f, 0xd8, 0x0f, 0xe0, 0x0f, 0xe0, 0x10, 0xe8, 0x10, 0xe8,
    0x10, 0xe8, 0x0f, 0xe0, 0x10, 0xe8, 0x10, 0xe8, 0x0f, 0xe0, 0x0f, 0xe8,
    0x10, 0xe0, 0x0f, 0xe0, 0x0f, 0xe0, 0x10, 0xe0, 0x0f, 0xe0, 0x0f, 0xe0,
    0x0f, 0xe0, 0x10, 0xe0, 0x0f, 0xe0, 0x0f, 0xe0, 0x10, 0xe0, 0x10, 0xe8,
    0x0f, 0xe8, 0x0f, 0xe8, 0x10, 0xe8, 0x10, 0xe8, 0x10, 0xe8, 0x10, 0xe8,
    0x10, 0xe8, 0x10, 0xe8, 0x0f, 0xe0, 0x10, 0xe8, 0x10, 0xe8, 0x0f, 0xe0,
    0x10, 0xe0, 0x10, 0xe8, 0x10, 0xe8, 0x0f, 0xe8, 0x10, 0xe8, 0x10, 0xe0,
    0x10, 0xe8, 0x10, 0xe8, 0x10, 0xe8, 0x10, 0xe0, 0x0f, 0xe8, 0x10, 0xe8,
    0x10, 0xe0, 0x0f, 0xe8, 0x10, 0xe8, 0x10, 0xe8, 0x0f, 0xe0, 0x10, 0xe8,
    0x10, 0xe8, 0x0f, 0xe8, 0x10, 0xe8, 0x10, 0xe0, 0x0f, 0xe8, 0x10, 0xe0,
    0x10, 0xe0, 0x10, 0xe8, 0x0f, 0xe8, 0x10, 0xe8, 0x10, 0xe0, 0x10, 0xe8,
    0x0f, 0xe8, 0x10, 0xe0, 0x10, 0xe8, 0x10, 0xe8, 0x10, 0xe0, 0x10, 0xe8,
    0x10, 0xe8, 0x10, 0xe8, 0x10, 0xe8, 0x10, 0xe0, 0x10, 0xe8, 0x10, 0xe8,
    0x10, 0xe0, 0x10, 0xe8, 0x0f, 0xe0, 0x10, 0xe8, 0x10, 0xe8, 0x10, 0xe8,
    0x10, 0xe8, 0x10, 0xe8, 0x0f, 0xe0, 0x10, 0xe8, 0x10, 0xe0, 0x0f, 0xe8,
    0x10, 0xe0, 0x10, 0xe8, 0x0f, 0xe8, 0x10, 0xe8, 0x10, 0xe8, 0x10, 0xe8,
    0x0f, 0xe8, 0x10, 0xe8, 0x0f, 0xe0, 0x10, 0xe8, 0x10, 0xe8, 0x10, 0xe8,
    0x10, 0xe8, 0x10, 0xe0, 0x10, 0xe0, 0x10, 0xe0, 0x0f, 0xe8, 0x10, 0xe8,
    0x0f, 0xe0, 0x10, 0xe8, 0x10, 0xe8, 0x0f, 0xe8, 0x10, 0xe8, 0x10, 0xe8,
    0x10, 0xe0, 0x0f, 0xe8, 0x10, 0xe8, 0x10, 0xe0, 0x0f, 0xe8, 0x10, 0xe8,
    0x10, 0xe8, 0x0f, 0xe0, 0x10, 0xe8, 0x10, 0xe8, 0x0f, 0xe0, 0x0f, 0xe0,
    0x10, 0xe8, 0x10, 0xe8, 0x0f, 0xe0, 0x10, 0xe8, 0x10, 0xe8, 0x10, 0xe0,
    0x10, 0xe8, 0x0f, 0xe0, 0x0f, 0xe0, 0x0f, 0xe0, 0x0f, 0xe0, 0x0f, 0xe0,
    0x10, 0xe8, 0x0f, 0xe0, 0x10, 0xe8, 0x0f, 0xe0, 0x10, 0xe0, 0x10, 0xe8,
    0x10, 0xe8, 0x0f, 0xe0, 0x10, 0xe0, 0x10, 0xe0, 0x0f, 0xe0, 0x10, 0xe0,
    0x0f, 0xe0, 0x0f, 0xd8, 0x0f, 0xd8, 0x0f, 0xe0, 0x10, 0xe0, 0x10, 0xe0,
    0x10, 0xe8, 0x10, 0xe0, 0x0f, 0xe0, 0x0f, 0xe0, 0x10, 0xe0, 0x10, 0xe0,
    0x0f, 0xe0, 0x0f, 0xd8, 0x0f, 0xe0, 0x0f, 0xe0, 0x0f, 0xe0, 0x0f, 0xd8,
    0x0f, 0xd8, 0x0f, 0xd8, 0x0e, 0xd8, 0x0f, 0xd8, 0x0f, 0xd8, 0x0f, 0xd0,
    0x0e, 0xd0, 0x0f, 0xd8, 0x0f, 0xe0, 0x10, 0xe0, 0x10, 0xe0, 0x0f, 0xe0,
    0x0f, 0xe0, 0x10, 0xd8, 0x0f, 0xe0, 0x0f, 0xe0, 0x0f, 0xd8, 0x0f, 0xd8,
    0x0f, 0xd8, 0x0f, 0xd8, 0x0e, 0xd8, 0x0f, 0xd8, 0x0f, 0xd8, 0x0e, 0xd8,
    0x0f, 0xd0, 0x0e, 0xd0, 0x0f, 0xd8, 0x0f, 0xd0, 0x0e, 0xd0, 0x0e, 0xd0,
    0x0e, 0xd0, 0x0e, 0xc8, 0x0e, 0xd0, 0x0e, 0xd0, 0x0e, 0xc8, 0x0e, 0xc8,
    0x0e, 0xc8, 0x0e, 0xc8, 0x0d, 0xc8, 0x0d, 0xc8, 0x0e, 0xd0, 0x0e, 0xd8,
    0x0f, 0xd8, 0x0f, 0xd8, 0x0f, 0xd8, 0x0e, 0xd0, 0x0f, 0xd8, 0x0f, 0xd8,
    0x0f, 0xd0, 0x0e, 0xd0, 0x0f, 0xd0, 0x0e, 0xd0, 0x0e, 0xd0, 0x0e, 0xd0,
    0x0e, 0xd0, 0x0e, 0xc8, 0x0f, 0xd8, 0x0f, 0xd8, 0x0f, 0xd8, 0x0f, 0xd8,
    0x0f, 0xd8, 0x0f, 0xd8, 0x0f, 0xd8, 0x0f, 0xd8, 0x0f, 0xd8, 0x0f, 0xd8,
    0x0e, 0xd8, 0x0f, 0xd8, 0x0e, 0xd8, 0x0e, 0xd8, 0x0f, 0xd0, 0x0f, 0xd0,
    0x0e, 0xd0, 0x0f, 0xd0, 0x0e, 0xd0, 0x0e, 0xd0, 0x0f, 0xd0, 0x0e, 0xd8,
    0x0e, 0xd0, 0x0f, 0xd0, 0x0e, 0xd0, 0x0e, 0xd0, 0x0e, 0xd0, 0x0e, 0xd0,
    0x0e, 0xc8, 0x0e, 0xd0, 0x0f, 0xd8, 0x10, 0xe0, 0x10, 0xe8, 0x10, 0xe8,
    0x10, 0xe8, 0x0f, 0xe0, 0x10, 0xe8, 0x10, 0xe0, 0x0f, 0xe0, 0x10, 0xe8,
    0x10, 0xe8, 0x10, 0xe0, 0x0f, 0xe0, 0x10, 0xe0, 0x10, 0xe0, 0x0f, 0xe0,
    0x0f, 0xe0, 0x0f, 0xe0, 0x10, 0xe0, 0x0f, 0xe0, 0x0f, 0xd8, 0x10, 0xe0,
    0x0f, 0xd8, 0x0f, 0xd8, 0x0f, 0xd8, 0x0f, 0xd8, 0x0f, 0xd8, 0x0f, 0xe0,
    0x10, 0xe0, 0x10, 0xe8, 0x0f, 0xe8, 0x10, 0xe8, 0x10, 0xe8, 0x10, 0xe8,
    0x0f, 0xe8, 0x10, 0xe8, 0x10, 0xe8, 0x10, 0xe8, 0x10, 0xe8, 0x10, 0xe0,
    0x0f, 0xe8, 0x0f, 0xe0, 0x10, 0xe0, 0x0f, 0xe0, 0x0f, 0xe0, 0x0f, 0xe0,
    0x0f, 0xe0, 0x10, 0xe0, 0x10, 0xe8, 0x10, 0xe8, 0x10, 0xe8, 0x10, 0xe8,
    0x0f, 0xe0, 0x10, 0xe8, 0x0f, 0xe8, 0x10, 0xe8, 0x10, 0xe8, 0x0f, 0xe8,
    0x10, 0xe0, 0x10, 0xe0, 0x0f, 0xe0, 0x0f, 0xe0, 0x10, 0xe0, 0x10, 0xe8,
    0x0f, 0xe8, 0x10, 0xe8, 0x10, 0xe8, 0x10, 0xe8, 0x0f, 0xe0, 0x10, 0xe8,
    0x10, 0xe8, 0x10, 0xe8, 0x0f, 0xe0, 0x10, 0xe8, 0x10, 0xe0, 0x10, 0xe8,
    0x10, 0xe8, 0x10, 0xe0, 0x0f, 0xe8, 0x10, 0xe8, 0x10, 0xe0, 0x10, 0xe8,
    0x10, 0xe8, 0x10, 0xe8, 0x10, 0xe8, 0x0f, 0xe8, 0x10, 0xe0, 0x10, 0xe8,
    0x10, 0xe8, 0x0f, 0xe0, 0x10, 0xe8, 0x10, 0xe8, 0x0f, 0xe8, 0x10, 0xe8,
    0x10, 0xe0, 0x0f, 0xe8, 0x10, 0xe8, 0x0f, 0xe8, 0x10, 0xe0, 0x0f, 0xe8,
    0x0f, 0xe8, 0x10, 0xe8, 0x0f, 0xe8, 0x10, 0xe8, 0x10, 0xe8, 0x0f, 0xe8,
    0x10, 0xe8, 0x10, 0xe0, 0x0f, 0xe8, 0x10, 0xe8, 0x10, 0xe0, 0x0f, 0xe8,
    0x10, 0xe8, 0x10, 0xe8, 0x0f, 0xe8, 0x10, 0xe0, 0x10, 0xe8, 0x0f, 0xe0,
    0x10, 0xe8, 0x10, 0xe0, 0x10, 0xe8, 0x10, 0xe0, 0x10, 0xe8, 0x0f, 0xe8,
    0x10, 0xe8, 0x10, 0xe0, 0x0f, 0xe8, 0x10, 0xe8, 0x0f, 0xe8, 0x0f, 0xe8,
    0x10, 0xe8, 0x10, 0xe0, 0x10, 0xe8, 0x10, 0xe8, 0x10, 0xe0, 0x0f, 0xe8,
    0x10, 0xe8, 0x10, 0xe0, 0x10, 0xe8, 0x10, 0xe8, 0x10, 0xe0, 0x10, 0xe0,
    0x10, 0xe8, 0x10, 0xe8, 0x10, 0xe0, 0x10, 0xe8, 0x10, 0xe8, 0x0f, 0xe0,
    0x10, 0xe0, 0x10, 0xe0, 0x10, 0xe0, 0x0f, 0xe0, 0x10, 0xe0, 0x10, 0xe8,
    0x10, 0xe8, 0x0f, 0xe0, 0x10, 0xe8, 0x10, 0xe8, 0x10, 0xe8, 0x10, 0xe0,
    0x0f, 0xe0, 0x10, 0xe0, 0x0f, 0xe0, 0x0f, 0xe0, 0x10, 0xe0, 0x10, 0xe8,
    0x10, 0xe8, 0x0f, 0xe8, 0x10, 0xe8, 0x10, 0xe0, 0x10, 0xe0, 0x0f, 0xe0,
    0x0f, 0xe0, 0x10, 0xe0, 0x0f, 0xe0, 0x0f, 0xe0, 0x10, 0xe0, 0x0f, 0xe0,
    0x0f, 0xd8, 0x0f, 0xd8, 0x0f, 0xe0, 0x0f, 0xe0, 0x10, 0xe8, 0x10, 0xe8,
    0x10, 0xe0, 0x0f, 0xe0, 0x0f, 0xe0, 0x10, 0xe0, 0x0f, 0xe0, 0x0f, 0xe0,
    0x10, 0xd8, 0x0f, 0xe0, 0x0f, 0xe0, 0x0f, 0xd8, 0x0f, 0xe0, 0x0f, 0xd8,
    0x0f, 0xd8, 0x0f, 0xd8, 0x0f, 0xd8, 0x0f, 0xd8, 0x0f, 0xd8, 0x0e, 0xd0,
    0x0e, 0xd0, 0x0f, 0xd8, 0x0f, 0xe0, 0x10, 0xe0, 0x0f, 0xe0, 0x0f, 0xe0,
    0x0f, 0xe0, 0x0f, 0xe0, 0x0f, 0xe0, 0x0f, 0xe0, 0x0f, 0xd8, 0x0f, 0xd8,
    0x0f, 0xd8, 0x0f, 0xd8, 0x0e, 0xd8, 0x0f, 0xd8, 0x0f, 0xd0, 0x0e, 0xd0,
    0x0e, 0xd8, 0x0f, 0xd0, 0x0f, 0xd0, 0x0e, 0xd0, 0x0e, 0xd0, 0x0f, 0xd0,
    0x0e, 0xd0, 0x0e, 0xc8, 0x0e, 0xc8, 0x0e, 0xc8, 0x0e, 0xc8, 0x0e, 0xc8,
    0x0e, 0xc8, 0x0e, 0xc8, 0x0d, 0xc0, 0x0e, 0xc0, 0x0e, 0xd0, 0x0e, 0xd8,
    0x0f, 0xd8, 0x0f, 0xd8, 0x0e, 0xd8, 0x0f, 0xd8, 0x0e, 0xd0, 0x0f, 0xd8,
    0x0f, 0xd8, 0x0f, 0xd0, 0x0f, 0xd0, 0x0e, 0xd0, 0x0e, 0xd0, 0x0e, 0xd0,
    0x0f, 0xd8, 0x0f, 0xd8, 0x0f, 0xd8, 0x0f, 0xd8, 0x0f, 0xd8, 0x0f, 0xd8,
    0x0f, 0xd8, 0x0f, 0xd8, 0x0e, 0xd8, 0x0e, 0xd8, 0x0f, 0xd0, 0x0e, 0xd0,
    0x0f, 0xd0, 0x0e, 0xd0, 0x0e, 0xd0, 0x0e, 0xd0, 0x0e, 0xd0, 0x0e, 0xd0,
    0x0e, 0xd0, 0x0e, 0xd0, 0x0e, 0xd0, 0x0e, 0xd0, 0x0e, 0xd0, 0x0e, 0xd0,
    0x0e, 0xd0, 0x0e, 0xc8, 0x0e, 0xc8, 0x0e, 0xc8, 0x0f, 0xd8, 0x10, 0xe0,
    0x10, 0xe8, 0x10, 0xe8, 0x0f, 0xe8, 0x10, 0xe0, 0x10, 0xe8, 0x10, 0xe8,
    0x10, 0xe0, 0x10, 0xe8, 0x10, 0xe8, 0x0f, 0xe0, 0x0f, 0xe0, 0x0f, 0xe0,
    0x10, 0xe0, 0x0f, 0xe0, 0x0f, 0xe0, 0x0f, 0xe0, 0x0f, 0xe0, 0x10, 0xe0,
    0x0f, 0xd8, 0x0f, 0xd8, 0x0f, 0xd8, 0x0f, 0xd8, 0x0f, 0xd8, 0x0f, 0xd8,
    0x0f, 0xd8, 0x0f, 0xd8, 0x0f, 0xe0, 0x10, 0xe8, 0x10, 0xe8, 0x10, 0xe8,
    0x10, 0xe0, 0x0f, 0xe8, 0x10, 0xe0, 0x10, 0xe8, 0x10, 0xe0, 0x10, 0xe8,
    0x10, 0xe0, 0x0f, 0xe0, 0x10, 0xe8, 0x10, 0xe0, 0x0f, 0xe0, 0x10, 0xe0,
    0x10, 0xe0, 0x0f, 0xe0, 0x0f, 0xe0, 0x10, 0xe0, 0x10, 0xe0, 0x10, 0xe8,
    0x0f, 0xe8, 0x10, 0xe8, 0x10, 0xe8, 0x10, 0xe0, 0x10, 0xe8, 0x10, 0xe8,
    0x0f, 0xe0, 0x10, 0xe0, 0x10, 0xe0, 0x10, 0xe0, 0x10, 0xe8, 0x0f, 0xe0,
    0x0f, 0xe0, 0x10, 0xe0, 0x10, 0xe8, 0x10, 0xe8, 0x10, 0xe8, 0x10, 0xe0,
    0x0f, 0xe8, 0x10, 0xe8, 0x10, 0xe8, 0x0f, 0xe0, 0x10, 0xe8, 0x10, 0xe8,
    0x10, 0xe0, 0x0f, 0xe0, 0x0f, 0xe8, 0x10, 0xe8, 0x10, 0xe8, 0x10, 0xe8,
    0x10, 0xe8, 0x0f, 0xe8, 0x10, 0xe0, 0x10, 0xe8, 0x0f, 0xe8, 0x10, 0xe0,
    0x10, 0xe0, 0x10, 0xe8, 0x0f, 0xe8, 0x10, 0xe8, 0x10, 0xe8, 0x10, 0xe8,
    0x10, 0xe8, 0x10, 0xe0, 0x10, 0xe8, 0x0f, 0xe8, 0x10, 0xe8, 0x10, 0xe0,
    0x0f, 0xe8, 0x10, 0xe8, 0x10, 0xe0, 0x10, 0xe8, 0x10, 0xe8, 0x10, 0xe0,
    0x0f, 0xe8, 0x10, 0xe0, 0x10, 0xe8, 0x10, 0xe8, 0x10, 0xe0, 0x10, 0xe8,
    0x0f, 0xe8, 0x10, 0xe0, 0x10, 0xe8, 0x10, 0xe8, 0x10, 0xe0, 0x10, 0xe8,
    0x10, 0xe8, 0x10, 0xe8, 0x10, 0xe8, 0x10, 0xe8, 0x10, 0xe8, 0x0f, 0xe8,
    0x10, 0xe0, 0x10, 0xe8, 0x0f, 0xe8, 0x10, 0xe0, 0x10, 0xe8, 0x10, 0xe8,
    0x10, 0xe0, 0x10, 0xe8, 0x10, 0xe0, 0x10, 0xe8, 0x10, 0xe8, 0x0f, 0xe8,
    0x10, 0xe0, 0x10, 0xe8, 0x10, 0xe8, 0x10, 0xe8, 0x0f, 0xe8, 0x10, 0xe0,
    0x0f, 0xe8, 0x0f, 0xe8, 0x10, 0xe0, 0x0f, 0xe0, 0x0f, 0xe8, 0x10, 0xe8,
    0x10, 0xe8, 0x0f, 0xe8, 0x10, 0xe8, 0x10, 0xe8, 0x10, 0xe8, 0x10, 0xe8,
    0x10, 0xe8, 0x0f, 0xe0, 0x0f, 0xe0, 0x10, 0xe8, 0x10, 0xe8, 0x10, 0xe8,
    0x0f, 0xe0, 0x0f, 0xe0, 0x10, 0xe8, 0x10, 0xe8, 0x0f, 0xe0, 0x10, 0xe0,
    0x10, 0xe0, 0x0f, 0xe0, 0x0f, 0xe0, 0x10, 0xe0, 0x10, 0xe8, 0x10, 0xe8,
    0x0f, 0xe8, 0x10, 0xe0, 0x10, 0xe8, 0x10, 0xe8, 0x0f, 0xe0, 0x10, 0xe0,
    0x10, 0xe0, 0x0f, 0xe0, 0x0f, 0xe0, 0x10, 0xe0, 0x0f, 0xe0, 0x0f, 0xe0,
    0x0f, 0xd8, 0x0f, 0xd8, 0x0f, 0xe0, 0x10, 0xe8, 0x10, 0xe8, 0x10, 0xe0,
    0x0f, 0xe0, 0x10, 0xe0, 0x10, 0xe0, 0x0f, 0xe0, 0x0f, 0xe0, 0x10, 0xe0,
    0x0f, 0xd8, 0x0f, 0xe0, 0x0f, 0xe0, 0x0f, 0xd8, 0x0f, 0xd8, 0x0f, 0xd8,
    0x0e, 0xd8, 0x0f, 0xd8, 0x0f, 0xd8, 0x0e, 0xd0, 0x0e, 0xd0, 0x0f, 0xd0,
    0x0f, 0xd8, 0x0f, 0xd8, 0x10, 0xe0, 0x0f, 0xe0, 0x0f, 0xd8, 0x10, 0xd8,
    0x0f, 0xe0, 0x0f, 0xd8, 0x0f, 0xd8, 0x0f, 0xd8, 0x0f, 0xd8, 0x0f, 0xd8,
    0x0f, 0xd8, 0x0e, 0xd8, 0x0f, 0xd0, 0x0f, 0xd8, 0x0e, 0xd0, 0x0e, 0xd0,
    0x0f, 0xd0, 0x0e, 0xd0, 0x0e, 0xd0, 0x0e, 0xd0, 0x0e, 0xd0, 0x0e, 0xd0,
    0x0e, 0xd0, 0x0e, 0xd0, 0x0e, 0xc8, 0x0e, 0xc8, 0x0e, 0xc8, 0x0e, 0xc8,
    0x0e, 0xc8, 0x0d, 0xc0, 0x0d, 0xc0, 0x0e, 0xc0, 0x0e, 0xc8, 0x0e, 0xd0,
    0x0f, 0xd8, 0x0f, 0xd8, 0x0e, 0xd8, 0x0e, 0xd0, 0x0e, 0xd0, 0x0e, 0xd0,
    0x0e, 0xd0, 0x0f, 0xd0, 0x0e, 0xd0, 0x0e, 0xd0, 0x0f, 0xd8, 0x0f, 0xd8,
    0x0f, 0xd8, 0x0f, 0xd8, 0x0e, 0xd8, 0x0f, 0xd8, 0x0e, 0xd8, 0x0e, 0xd0,
    0x0f, 0xd0, 0x0e, 0xd0, 0x0e, 0xd8, 0x0e, 0xd0, 0x0f, 0xd0, 0x0e, 0xd0,
    0x0e, 0xd0, 0x0e, 0xd0, 0x0e, 0xd0, 0x0e, 0xd0, 0x0e, 0xd0, 0x0e, 0xd0,
    0x0e, 0xd0, 0x0e, 0xc8, 0x0e, 0xc8, 0x0e, 0xc8, 0x0e, 0xc8, 0x0e, 0xc8,
    0x0e, 0xd0, 0x0f, 0xe0, 0x10, 0xe8, 0x10, 0xe8, 0x10, 0xe8, 0x0f, 0xe8,
    0x10, 0xe8, 0x10, 0xe0, 0x0f, 0xe0, 0x10, 0xe8, 0x0f, 0xe0, 0x0f, 0xe0,
    0x10, 0xe0, 0x10, 0xe0, 0x0f, 0xe0, 0x0f, 0xe0, 0x10, 0xe0, 0x0f, 0xe0,
    0x0f, 0xe0, 0x10, 0xe0, 0x0f, 0xd8, 0x0f, 0xd8, 0x0f, 0xd8, 0x0f, 0xd8,
    0x0f, 0xd8, 0x0f, 0xd8, 0x0f, 0xd8, 0x0e, 0xd8, 0x0f, 0xd8, 0x0f, 0xe0,
    0x10, 0xe8, 0x10, 0xe8, 0x0f, 0xe8, 0x10, 0xe0, 0x10, 0xe8, 0x10, 0xe8,
    0x0f, 0xe8, 0x10, 0xe0, 0x0f, 0xe8, 0x10, 0xe8, 0x10, 0xe0, 0x0f, 0xe0,
    0x10, 0xe0, 0x0f, 0xe0, 0x0f, 0xe0, 0x0f, 0xe0, 0x0f, 0xe0, 0x0f, 0xe0,
    0x10, 0xe0, 0x10, 0xe0, 0x10, 0xe8, 0x10, 0xe8, 0x10, 0xe8, 0x0f, 0xe8,
    0x10, 0xe0, 0x0f, 0xe8, 0x10, 0xe8, 0x10, 0xe8, 0x10, 0xe8, 0x0f, 0xe8,
    0x10, 0xe0, 0x10, 0xe8, 0x0f, 0xe0, 0x10, 0xe0, 0x10, 0xe0, 0x10, 0xe8,
    0x10, 0xe8, 0x0f, 0xe8, 0x10, 0xe8, 0x10, 0xe0, 0x0f, 0xe8, 0x10, 0xe8,
    0x10, 0xe0, 0x10, 0xe8, 0x0f, 0xe8, 0x10, 0xe0, 0x10, 0xe0, 0x0f, 0xe0,
    0x10, 0xe8, 0x10, 0xe8, 0x0f, 0xe0, 0x10, 0xe8, 0x10, 0xe8, 0x10, 0xe0,
    0x0f, 0xe8, 0x10, 0xe8, 0x10, 0xe8, 0x0f, 0xe0, 0x10, 0xe0, 0x10, 0xe8,
    0x10, 0xe8, 0x0f, 0xe0, 0x10, 0xe8, 0x10, 0xe8, 0x0f, 0xe0, 0x10, 0xe8,
    0x10, 0xe8, 0x10, 0xe0, 0x10, 0xe8, 0x10, 0xe0, 0x10, 0xe8, 0x10, 0xe8,
    0x10, 0xe8, 0x10, 0xe8, 0x10, 0xe0, 0x10, 0xe8, 0x10, 0xe8, 0x0f, 0xe0,
    0x10, 0xe0, 0x10, 0xe8, 0x0f, 0xe8, 0x10, 0xe8, 0x10, 0xe8, 0x10, 0xe8,
    0x0f, 0xe8, 0x10, 0xe8, 0x0f, 0xe0, 0x10, 0xe8, 0x0f, 0xe8, 0x10, 0xe0,
    0x0f, 0xe8, 0x10, 0xe8, 0x10, 0xe0, 0x0f, 0xe8, 0x10, 0xe8, 0x10, 0xe8,
    0x10, 0xe8, 0x10, 0xe0, 0x0f, 0xe8, 0x10, 0xe8, 0x0f, 0xe8, 0x10, 0xe8,
    0x10, 0xe8, 0x10, 0xe0, 0x0f, 0xe8, 0x10, 0xe8, 0x10, 0xe0, 0x0f, 0xe0,
    0x10, 0xe8, 0x10, 0xe8, 0x10, 0xe0, 0x10, 0xe8, 0x10, 0xe8, 0x10, 0xe8,
    0x10, 0xe0, 0x10, 0xe0, 0x0f, 0xe0, 0x10, 0xe0, 0x10, 0xe8, 0x0f, 0xe0,
    0x10, 0xe8, 0x10, 0xe8, 0x0f, 0xe0, 0x10, 0xe0, 0x10, 0xe8, 0x0f, 0xe0,
    0x0f, 0xe0, 0x10, 0xe0, 0x10, 0xe8, 0x10, 0xe8, 0x10, 0xe8, 0x10, 0xe0,
    0x10, 0xe0, 0x10, 0xe8, 0x0f, 0xe0, 0x0f, 0xe0, 0x10, 0xe0, 0x0f, 0xe0,
    0x0f, 0xe0, 0x0f, 0xe0, 0x10, 0xe8, 0x10, 0xe8, 0x10, 0xe0, 0x0f, 0xe0,
    0x10, 0xe8, 0x10, 0xe8, 0x0f, 0xe0, 0x0f, 0xe0, 0x10, 0xe0, 0x0f, 0xe0,
    0x0f, 0xd8, 0x0f, 0xe0, 0x0f, 0xe0, 0x0f, 0xe0, 0x0f, 0xd8, 0x0f, 0xd8,
    0x0f, 0xd8, 0x0f, 0xe0, 0x10, 0xe8, 0x10, 0xe0, 0x0f, 0xe0, 0x0f, 0xe0,
    0x10, 0xe0, 0x0f, 0xe0, 0x0f, 0xe0, 0x0f, 0xe0, 0x0f, 0xe0, 0x0f, 0xd8,
    0x0f, 0xd8, 0x0f, 0xe0, 0x0f, 0xd8, 0x0f, 0xd8, 0x0f, 0xd8, 0x0e, 0xd8,
    0x0f, 0xd8, 0x0f, 0xd8, 0x0e, 0xd0, 0x0e, 0xd0, 0x0e, 0xd0, 0x0e, 0xd0,
    0x0f, 0xd8, 0x10, 0xe0, 0x0f, 0xe0, 0x0f, 0xe0, 0x0f, 0xe0, 0x0f, 0xe0,
    0x0f, 0xe0, 0x0f, 0xd8, 0x0f, 0xd8, 0x0f, 0xd8, 0x0f, 0xd8, 0x0f, 0xd8,
    0x0f, 0xd8, 0x0f, 0xd8, 0x0f, 0xd8, 0x0e, 0xd0, 0x0f, 0xd8, 0x0e, 0xd0,
    0x0e, 0xd0, 0x0f, 0xd0, 0x0e, 0xd0, 0x0e, 0xd0, 0x0e, 0xc8, 0x0e, 0xc8,
    0x0e, 0xd0, 0x0e, 0xc8, 0x0d, 0xc8, 0x0e, 0xc8, 0x0e, 0xc8, 0x0e, 0xc8,
    0x0d, 0xc8, 0x0d, 0xc0, 0x0d, 0xc0, 0x0d, 0xc8, 0x0e, 0xc8, 0x0f, 0xd0,
    0x0f, 0xd8, 0x0f, 0xd8, 0x0f, 0xd0, 0x0e, 0xd8, 0x0f, 0xd8, 0x0e, 0xd0,
    0x0f, 0xd0, 0x0e, 0xd0, 0x0f, 0xd8, 0x0e, 0xd8, 0x0f, 0xd8, 0x0e, 0xd0,
    0x0e, 0xd0, 0x0f, 0xd0, 0x0e, 0xd0, 0x0e, 0xd0, 0x0f, 0xd0, 0x0e, 0xd0,
    0x0e, 0xd0, 0x0e, 0xd0, 0x0e, 0xd0, 0x0f, 0xd0, 0x0e, 0xd0, 0x0e, 0xd0,
    0x0f, 0xd0, 0x0e, 0xd0, 0x0e, 0xd0, 0x0e, 0xc8, 0x0e, 0xc8, 0x0e, 0xc8,
    0x0e, 0xc8, 0x0e, 0xc8, 0x0e, 0xd0, 0x0f, 0xd8, 0x10, 0xe0, 0x10, 0xe8,
    0x10, 0xe8, 0x10, 0xe0, 0x0f, 0xe0, 0x10, 0xe0, 0x10, 0xe0, 0x10, 0xe8,
    0x0f, 0xe0, 0x10, 0xe0, 0x0f, 0xe0, 0x0f, 0xe0, 0x10, 0xe0, 0x0f, 0xe0,
    0x0f, 0xe0, 0x0f, 0xe0, 0x0f, 0xe0, 0x0f, 0xe0, 0x0f, 0xd8, 0x0f, 0xd8,
    0x0f, 0xd8, 0x0f, 0xd8, 0x0f, 0xd8, 0x0f, 0xd8, 0x0f, 0xd8, 0x0f, 0xd8,
    0x0e, 0xd8, 0x0f, 0xd8, 0x10, 0xe0, 0x10, 0xe8, 0x10, 0xe8, 0x0f, 0xe0,
    0x10, 0xe8, 0x10, 0xe8, 0x0f, 0xe8, 0x10, 0xe8, 0x10, 0xe8, 0x10, 0xe0,
    0x10, 0xe0, 0x0f, 0xe8, 0x10, 0xe0, 0x0f, 0xe0, 0x0f, 0xe0, 0x10, 0xe0,
    0x0f, 0xe0, 0x0f, 0xe0, 0x0f, 0xe0, 0x0f, 0xd8, 0x10, 0xe0, 0x10, 0xe8,
    0x0f, 0xe8, 0x10, 0xe8, 0x10, 0xe0, 0x10, 0xe8, 0x10, 0xe8, 0x10, 0xe8,
    0x0f, 0xe0, 0x10, 0xe8, 0x10, 0xe8, 0x10, 0xe0, 0x0f, 0xe0, 0x0f, 0xe8,
    0x0f, 0xe0, 0x10, 0xe0, 0x10, 0xe8, 0x0f, 0xe8, 0x10, 0xe8, 0x10, 0xe8,
    0x0f, 0xe0, 0x10, 0xe8, 0x10, 0xe8, 0x10, 0xe8, 0x10, 0xe8, 0x10, 0xe8,
    0x10, 0xe8, 0x0f, 0xe0, 0x10, 0xe8, 0x10, 0xe8, 0x10, 0xe8, 0x10, 0xe0,
    0x0f, 0xe8, 0x10, 0xe8, 0x10, 0xe0, 0x0f, 0xe8, 0x10, 0xe8, 0x10, 0xe8,
    0x10, 0xe8, 0x0f, 0xe0, 0x10, 0xe8, 0x10, 0xe8, 0x10, 0xe8, 0x10, 0xe0,
    0x0f, 0xe8, 0x10, 0xe8, 0x10, 0xe8, 0x0f, 0xe8, 0x10, 0xe8, 0x0f, 0xe8,
    0x10, 0xe0, 0x0f, 0xe8, 0x10, 0xe8, 0x0f, 0xe0, 0x0f, 0xe8, 0x10, 0xe8,
    0x0f, 0xe8, 0x10, 0xe8, 0x10, 0xe8, 0x10, 0xe8, 0x0f, 0xe8, 0x10, 0xe8,
    0x10, 0xe0, 0x0f, 0xe8, 0x10, 0xe0, 0x10, 0xe8, 0x10, 0xe8, 0x0f, 0xe0,
    0x10, 0xe8, 0x10, 0xe8, 0x10, 0xe8, 0x0f, 0xe0, 0x10, 0xe8, 0x10, 0xe8,
    0x10, 0xe0, 0x10, 0xe8, 0x0f, 0xe8, 0x10, 0xe0, 0x10, 0xe8, 0x0f, 0xe0,
    0x10, 0xe8, 0x10, 0xe8, 0x10, 0xe0, 0x0f, 0xe8, 0x10, 0xe8, 0x0f, 0xe8,
    0x10, 0xe8, 0x10, 0xe0, 0x10, 0xe0, 0x0f, 0xe8, 0x10, 0xe8, 0x0f, 0xe8,
    0x10, 0xe8, 0x10, 0xe8, 0x10, 0xe8, 0x10, 0xe8, 0x10, 0xe8, 0x10, 0xe0,
    0x0f, 0xe8, 0x10, 0xe8, 0x10, 0xe8, 0x10, 0xe0, 0x10, 0xe8, 0x0f, 0xe8,
    0x10, 0xe8, 0x10, 0xe0, 0x10, 0xe8, 0x10, 0xe0, 0x0f, 0xe0, 0x0f, 0xe0,
    0x10, 0xe0, 0x0f, 0xe8, 0x10, 0xe8, 0x10, 0xe8, 0x0f, 0xe0, 0x10, 0xe8,
    0x10, 0xe0, 0x0f, 0xe0, 0x10, 0xe0, 0x10, 0xe0, 0x0f, 0xe0, 0x0f, 0xd8,
    0x0f, 0xe0, 0x10, 0xe8, 0x10, 0xe8, 0x10, 0xe8, 0x10, 0xe0, 0x10, 0xe0,
    0x0f, 0xe8, 0x10, 0xe0, 0x10, 0xe0, 0x10, 0xe0, 0x0f, 0xe0, 0x0f, 0xe0,
    0x10, 0xd8, 0x0f, 0xd8, 0x0f, 0xe0, 0x0f, 0xe0, 0x0f, 0xd8, 0x0f, 0xd8,
    0x0f, 0xe0, 0x10, 0xe8, 0x0f, 0xe8, 0x10, 0xe0, 0x10, 0xe0, 0x10, 0xe0,
    0x0f, 0xe0, 0x0f, 0xe0, 0x10, 0xe0, 0x0f, 0xd8, 0x0f, 0xe0, 0x0f, 0xd8,
    0x0f, 0xd8, 0x0f, 0xd8, 0x0f, 0xd8, 0x0f, 0xd8, 0x0f, 0xd8, 0x0f, 0xd8,
    0x0e, 0xd0, 0x0f, 0xd8, 0x0f, 0xd0, 0x0e, 0xd0, 0x0e, 0xd0, 0x0f, 0xd0,
    0x0f, 0xd8, 0x0f, 0xe0, 0x10, 0xe0, 0x0f, 0xd8, 0x0f, 0xe0, 0x0f, 0xd8,
    0x0f, 0xd8, 0x0f, 0xd8, 0x0f, 0xd8, 0x0e, 0xd8, 0x0e, 0xd8, 0x0f, 0xd8,
    0x0e, 0xd0, 0x0f, 0xd0, 0x0f, 0xd8, 0x0e, 0xd0, 0x0f, 0xd0, 0x0e, 0xd0,
    0x0e, 0xd0, 0x0e, 0xd0, 0x0e, 0xd0, 0x0e, 0xc8, 0x0e, 0xc8, 0x0e, 0xd0,
    0x0e, 0xc8, 0x0d, 0xc8, 0x0e, 0xc8, 0x0e, 0xc8, 0x0d, 0xc8, 0x0e, 0xc8,
    0x0e, 0xc8, 0x0d, 0xc0, 0x0d, 0xc0, 0x0d, 0xc8, 0x0e, 0xc8, 0x0f, 0xd8,
    0x0f, 0xd8, 0x0e, 0xd0, 0x0e, 0xd0, 0x0f, 0xd8, 0x0e, 0xd0, 0x0e, 0xd0,
    0x0e, 0xd0, 0x0e, 0xd0, 0x0f, 0xd0, 0x0e, 0xd0, 0x0e, 0xd0, 0x0f, 0xd8,
    0x0e, 0xd0, 0x0e, 0xd0, 0x0e, 0xd0, 0x0e, 0xd0, 0x0e, 0xd0, 0x0e, 0xd0,
    0x0e, 0xd0, 0x0e, 0xd0, 0x0e, 0xd0, 0x0e, 0xc8, 0x0e, 0xc8, 0x0e, 0xc8,
    0x0e, 0xc8, 0x0e, 0xc8, 0x0e, 0xc8, 0x0e, 0xc8, 0x0e, 0xc8, 0x0f, 0xd8,
    0x0f, 0xe0, 0x10, 0xe8, 0x10, 0xe8, 0x10, 0xe8, 0x10, 0xe8, 0x10, 0xe8,
    0x10, 0xe0, 0x0f, 0xe0, 0x10, 0xe8, 0x0f, 0xe0, 0x0f, 0xe0, 0x10, 0xe0,
    0x10, 0xe0, 0x0f, 0xe0, 0x0f, 0xe0, 0x0f, 0xe0, 0x0f, 0xe0, 0x10, 0xd8,
    0x0f, 0xd8, 0x0f, 0xd8, 0x0f, 0xd8, 0x0f, 0xd8, 0x0f, 0xd8, 0x0f, 0xd8,
    0x0f, 0xd8, 0x0f, 0xd8, 0x0e, 0xd8, 0x0e, 0xd0, 0x0f, 0xe0, 0x10, 0xe8,
    0x10, 0xe8, 0x10, 0xe8, 0x0f, 0xe8, 0x10, 0xe0, 0x10, 0xe8, 0x10, 0xe8,
    0x10, 0xe0, 0x0f, 0xe8, 0x10, 0xe0, 0x10, 0xe8, 0x0f, 0xe0, 0x0f, 0xe0,
    0x10, 0xe0, 0x10, 0xe0, 0x0f, 0xe0, 0x0f, 0xe0, 0x10, 0xe0, 0x0f, 0xd8,
    0x0f, 0xe0, 0x10, 0xe0, 0x10, 0xe8, 0x10, 0xe8, 0x0f, 0xe8, 0x10, 0xe8,
    0x0f, 0xe0, 0x10, 0xe8, 0x10, 0xe8, 0x10, 0xe0, 0x0f, 0xe8, 0x10, 0xe8,
    0x10, 0xe0, 0x0f, 0xe0, 0x10, 0xe0, 0x10, 0xe0, 0x0f, 0xe0, 0x0f, 0xe0,
    0x10, 0xe8, 0x10, 0xe8, 0x10, 0xe0, 0x10, 0xe8, 0x10, 0xe8, 0x0f, 0xe8,
    0x10, 0xe0, 0x10, 0xe8, 0x0f, 0xe0, 0x10, 0xe0, 0x10, 0xe0, 0x10, 0xe0,
    0x0f, 0xe0, 0x0f, 0xe8, 0x10, 0xe8, 0x10, 0xe8, 0x10, 0xe8, 0x10, 0xe8,
    0x0f, 0xe8, 0x10, 0xe0, 0x10, 0xe8, 0x10, 0xe8, 0x0f, 0xe0, 0x10, 0xe0,
    0x10, 0xe8, 0x0f, 0xe8, 0x10, 0xe8, 0x10, 0xe8, 0x10, 0xe0, 0x10, 0xe8,
    0x10, 0xe8, 0x10, 0xe0, 0x0f, 0xe8, 0x10, 0xe8, 0x10, 0xe0, 0x10, 0xe8,
    0x10, 0xe8, 0x10, 0xe8, 0x10, 0xe0, 0x10, 0xe8, 0x0f, 0xe0, 0x10, 0xe8,
    0x10, 0xe8, 0x0f, 0xe0, 0x10, 0xe8, 0x10, 0xe8, 0x10, 0xe8, 0x10, 0xe8,
    0x0f, 0xe0, 0x10, 0xe8, 0x10, 0xe8, 0x10, 0xe8, 0x10, 0xe8, 0x10, 0xe8,
    0x10, 0xe0, 0x10, 0xe8, 0x10, 0xe8, 0x0f, 0xe8, 0x10, 0xe8, 0x10, 0xe8,
    0x0f, 0xe8, 0x10, 0xe8, 0x10, 0xe8, 0x10, 0xe0, 0x10, 0xe8, 0x10, 0xe8,
    0x10, 0xe0, 0x10, 0xe8, 0x10, 0xe8, 0x10, 0xe0, 0x10, 0xe8, 0x10, 0xe8,
    0x0f, 0xe0, 0x10, 0xe8, 0x10, 0xe8, 0x10, 0xe0, 0x0f, 0xe8, 0x0f, 0xe0,
    0x10, 0xe0, 0x0f, 0xe8, 0x0f, 0xe8, 0x10, 0xe0, 0x10, 0xe0, 0x0f, 0xe0,
    0x10, 0xe8, 0x10, 0xe8, 0x0f, 0xe8, 0x10, 0xe8, 0x10, 0xe8, 0x0f, 0xe8,
    0x10, 0xe0, 0x10, 0xe0, 0x0f, 0xe0, 0x10, 0xe0, 0x0f, 0xe0, 0x0f, 0xe0,
    0x10, 0xe8, 0x10, 0xe8, 0x0f, 0xe0, 0x10, 0xe8, 0x10, 0xe0, 0x0f, 0xe0,
    0x0f, 0xe0, 0x10, 0xe0, 0x0f, 0xe0, 0x0f, 0xe0, 0x0f, 0xd8, 0x0f, 0xe0,
    0x10, 0xe8, 0x10, 0xe8, 0x0f, 0xe0, 0x10, 0xe8, 0x10, 0xe8, 0x0f, 0xe0,
    0x0f, 0xe0, 0x10, 0xe0, 0x10, 0xe0, 0x0f, 0xe0, 0x0f, 0xe0, 0x10, 0xe0,
    0x0f, 0xd8, 0x0f, 0xd8, 0x0f, 0xd8, 0x0f, 0xd8, 0x0f, 0xd8, 0x0f, 0xe0,
    0x10, 0xe0, 0x0f, 0xe0, 0x0f, 0xe0, 0x10, 0xe0, 0x10, 0xe0, 0x0f, 0xe0,
    0x0f, 0xe0, 0x10, 0xe0, 0x0f, 0xe0, 0x0f, 0xe0, 0x0f, 0xd8, 0x0f, 0xd8,
    0x0f, 0xd8, 0x0f, 0xd8, 0x0e, 0xd8, 0x0f, 0xd0, 0x0f, 0xd8, 0x0e, 0xd8,
    0x0f, 0xd0, 0x0e, 0xd0, 0x0e, 0xd0, 0x0e, 0xd0, 0x0e, 0xd0, 0x0f, 0xd8,
    0x0f, 0xe0, 0x10, 0xe0, 0x0f, 0xd8, 0x0f, 0xe0, 0x0f, 0xe0, 0x0f, 0xd8,
    0x0f, 0xd8, 0x0f, 0xd8, 0x0f, 0xd8, 0x0f, 0xd8, 0x0e, 0xd0, 0x0f, 0xd8,
    0x0e, 0xd0, 0x0f, 0xd0, 0x0e, 0xd0, 0x0e, 0xd0, 0x0f, 0xd0, 0x0e, 0xd0,
    0x0e, 0xd0, 0x0e, 0xd0, 0x0e, 0xd0, 0x0e, 0xc8, 0x0e, 0xc8, 0x0e, 0xd0,
    0x0e, 0xc8, 0x0e, 0xc8, 0x0e, 0xc8, 0x0d, 0xc8, 0x0e, 0xc0, 0x0d, 0xc0,
    0x0e, 0xc0, 0x0d, 0xc0, 0x0d, 0xc0, 0x0d, 0xc0, 0x0e, 0xc8, 0x0e, 0xd0,
    0x0f, 0xd8, 0x0f, 0xd0, 0x0e, 0xd0, 0x0e, 0xd0, 0x0e, 0xd0, 0x0e, 0xd0,
    0x0e, 0xd0, 0x0e, 0xd0, 0x0e, 0xd0, 0x0e, 0xd0, 0x0e, 0xd0, 0x0e, 0xd0,
    0x0e, 0xd0, 0x0e, 0xd0, 0x0e, 0xd0, 0x0e, 0xd0, 0x0e, 0xc8, 0x0e, 0xc8,
    0x0e, 0xc8, 0x0e, 0xc8, 0x0e, 0xc8, 0x0e, 0xc8, 0x0e, 0xc8, 0x0e, 0xc8,
    0x0e, 0xc8, 0x0e, 0xd0, 0x0f, 0xe0, 0x10, 0xe8, 0x10, 0xe8, 0x10, 0xe8,
    0x10, 0xe0, 0x0f, 0xe8, 0x10, 0xe0, 0x10, 0xe0, 0x0f, 0xe8, 0x0f, 0xe0,
    0x10, 0xe0, 0x0f, 0xe0, 0x10, 0xe0, 0x0f, 0xe0, 0x0f, 0xe0, 0x0f, 0xe0,
    0x0f, 0xe0, 0x10, 0xe0, 0x0f, 0xd8, 0x0f, 0xd8, 0x0f, 0xd8, 0x0f, 0xd8,
    0x0f, 0xd8, 0x0f, 0xd8, 0x0f, 0xd8, 0x0e, 0xd8, 0x0e, 0xd8, 0x0e, 0xd0,
    0x0f, 0xd8, 0x0f, 0xe0, 0x10, 0xe8, 0x10, 0xe8, 0x0f, 0xe0, 0x10, 0xe8,
    0x10, 0xe8, 0x10, 0xe8, 0x0f, 0xe8, 0x10, 0xe0, 0x10, 0xe8, 0x10, 0xe0,
    0x10, 0xe8, 0x0f, 0xe0, 0x0f, 0xe0, 0x10, 0xe0, 0x0f, 0xe0, 0x0f, 0xe0,
    0x0f, 0xe0, 0x0f, 0xe0, 0x0f, 0xd8, 0x0f, 0xd8, 0x10, 0xe0, 0x10, 0xe8,
    0x10, 0xe8, 0x10, 0xe8, 0x10, 0xe0, 0x10, 0xe8, 0x10, 0xe8, 0x0f, 0xe8,
    0x10, 0xe8, 0x10, 0xe8, 0x10, 0xe0, 0x10, 0xe0, 0x0f, 0xe0, 0x0f, 0xe0,
    0x10, 0xe0, 0x0f, 0xe0, 0x10, 0xe0, 0x10, 0xe8, 0x10, 0xe8, 0x0f, 0xe0,
    0x10, 0xe8, 0x10, 0xe8, 0x0f, 0xe8, 0x10, 0xe0, 0x10, 0xe8, 0x0f, 0xe8,
    0x10, 0xe8, 0x0f, 0xe0, 0x0f, 0xe0, 0x10, 0xe0, 0x10, 0xe8, 0x10, 0xe8,
    0x10, 0xe0, 0x0f, 0xe8, 0x10, 0xe0, 0x10, 0xe8, 0x10, 0xe8, 0x10, 0xe8,
    0x10, 0xe0, 0x0f, 0xe8, 0x10, 0xe0, 0x10, 0xe8, 0x10, 0xe0, 0x0f, 0xe8,
    0x10, 0xe8, 0x0f, 0xe8, 0x10, 0xe0, 0x0f, 0xe8, 0x10, 0xe8, 0x10, 0xe0,
    0x10, 0xe8, 0x10, 0xe0, 0x0f, 0xe0, 0x10, 0xe8, 0x10, 0xe8, 0x0f, 0xe8,
    0x10, 0xe8, 0x10, 0xe8, 0x10, 0xe0, 0x10, 0xe8, 0x10, 0xe8, 0x10, 0xe0,
    0x10, 0xe0, 0x0f, 0xe8, 0x10, 0xe8, 0x10, 0xe8, 0x10, 0xe8, 0x0f, 0xe0,
    0x10, 0xe8, 0x10, 0xe0, 0x0f, 0xe8, 0x0f, 0xe0, 0x10, 0xe8, 0x10, 0xe8,
    0x0f, 0xe0, 0x10, 0xe8, 0x10, 0xe8, 0x10, 0xe0, 0x10, 0xe8, 0x0f, 0xe8,
    0x10, 0xe0, 0x10, 0xe0, 0x0f, 0xe8, 0x0f, 0xe8, 0x10, 0xe8, 0x0f, 0xe8,
    0x10, 0xe0, 0x10, 0xe8, 0x0f, 0xe8, 0x10, 0xe8, 0x10, 0xe0, 0x0f, 0xe0,
    0x10, 0xe0, 0x10, 0xe8, 0x10, 0xe8, 0x10, 0xe8, 0x10, 0xe8, 0x10, 0xe8,
    0x10, 0xe0, 0x10, 0xe8, 0x0f, 0xe0, 0x0f, 0xe0, 0x10, 0xe0, 0x10, 0xe8,
    0x0f, 0xe0, 0x10, 0xe0, 0x10, 0xe8, 0x0f, 0xe8, 0x10, 0xe0, 0x10, 0xe8,
    0x0f, 0xe0, 0x10, 0xe0, 0x0f, 0xe0, 0x10, 0xe0, 0x10, 0xe8, 0x10, 0xe8,
    0x10, 0xe8, 0x10, 0xe0, 0x10, 0xe8, 0x10, 0xe0, 0x0f, 0xe0, 0x10, 0xe0,
    0x10, 0xe0, 0x0f, 0xe0, 0x0f, 0xe0, 0x10, 0xe0, 0x10, 0xe0, 0x0f, 0xe8,
    0x10, 0xe8, 0x10, 0xe0, 0x10, 0xe0, 0x0f, 0xe0, 0x0f, 0xe0, 0x10, 0xe0,
    0x10, 0xe0, 0x0f, 0xe0, 0x0f, 0xe0, 0x0f, 0xe0, 0x0f, 0xe0, 0x0f, 0xd8,
    0x0f, 0xe0, 0x0f, 0xd8, 0x0f, 0xd8, 0x0f, 0xd8, 0x0f, 0xe0, 0x10, 0xe0,
    0x0f, 0xe8, 0x0f, 0xe0, 0x10, 0xe0, 0x10, 0xe0, 0x0f, 0xe0, 0x0f, 0xd8,
    0x0f, 0xe0, 0x0f, 0xe0, 0x0f, 0xe0, 0x0f, 0xd8, 0x0f, 0xd8, 0x0f, 0xd8,
    0x0f, 0xd8, 0x0f, 0xd8, 0x0e, 0xd8, 0x0e, 0xd0, 0x0f, 0xd8, 0x0f, 0xd8,
    0x0e, 0xd0, 0x0e, 0xd0, 0x0e, 0xd0, 0x0e, 0xd0, 0x0f, 0xd0, 0x0f, 0xd8,
    0x0f, 0xe0, 0x0f, 0xe0, 0x0f, 0xe0, 0x0f, 0xd8, 0x0f, 0xd8, 0x0f, 0xd8,
    0x0f, 0xd8, 0x0f, 0xd8, 0x0f, 0xd8, 0x0e, 0xd8, 0x0f, 0xd8, 0x0e, 0xd0,
    0x0f, 0xd8, 0x0f, 0xd0, 0x0e, 0xd0, 0x0e, 0xd0, 0x0e, 0xd0, 0x0e, 0xd0,
    0x0e, 0xd0, 0x0e, 0xc8, 0x0e, 0xc8, 0x0e, 0xc8, 0x0e, 0xc8, 0x0e, 0xc8,
    0x0e, 0xc8, 0x0e, 0xc8, 0x0d, 0xc8, 0x0d, 0xc0, 0x0e, 0xc0, 0x0d, 0xc0,
    0x0d, 0xc0, 0x0d, 0xc0, 0x0d, 0xc0, 0x0d, 0xc0, 0x0e, 0xc8, 0x0f, 0xd0,
    0x0f, 0xd8, 0x0f, 0xd8, 0x0e, 0xd0, 0x0f, 0xd0, 0x0e, 0xd0, 0x0e, 0xd0,
    0x0e, 0xd0, 0x0e, 0xd0, 0x0e, 0xd0, 0x0e, 0xc8, 0x0e, 0xc8, 0x0e, 0xc8,
    0x0e, 0xc8, 0x0e, 0xc8, 0x0e, 0xc8, 0x0e, 0xc8, 0x0e, 0xc8, 0x0e, 0xc8,
    0x0e, 0xc8, 0x0e, 0xc8, 0x0d, 0xc8, 0x0e, 0xc8, 0x0f, 0xd8, 0x10, 0xe8,
    0x10, 0xe8, 0x10, 0xe8, 0x10, 0xe0, 0x10, 0xe8, 0x10, 0xe0, 0x0f, 0xe0,
    0x0f, 0xe0, 0x0f, 0xe0, 0x10, 0xe0, 0x10, 0xe0, 0x0f, 0xe0, 0x0f, 0xe0,
    0x0f, 0xe0, 0x0f, 0xe0, 0x0f, 0xe0, 0x10, 0xd8, 0x0f, 0xd8, 0x0f, 0xd8,
    0x0f, 0xd8, 0x0f, 0xd8, 0x0f, 0xd8, 0x0f, 0xd8, 0x0f, 0xd8, 0x0e, 0xd8,
    0x0e, 0xd8, 0x0f, 0xd0, 0x0e, 0xd0, 0x0f, 0xd8, 0x10, 0xe0, 0x10, 0xe8,
    0x10, 0xe8, 0x10, 0xe0, 0x0f, 0xe8, 0x10, 0xe8, 0x10, 0xe0, 0x0f, 0xe8,
    0x10, 0xe0, 0x10, 0xe8, 0x0f, 0xe8, 0x10, 0xe0, 0x0f, 0xe0, 0x10, 0xe0,
    0x10, 0xe0, 0x0f, 0xe0, 0x0f, 0xe0, 0x0f, 0xe0, 0x10, 0xe0, 0x0f, 0xd8,
    0x0f, 0xd8, 0x10, 0xe0, 0x10, 0xe8, 0x10, 0xe8, 0x0f, 0xe8, 0x10, 0xe0,
    0x10, 0xe8, 0x0f, 0xe8, 0x10, 0xe0, 0x10, 0xe8, 0x0f, 0xe8, 0x10, 0xe0,
    0x10, 0xe8, 0x0f, 0xe0, 0x0f, 0xe0, 0x10, 0xe0, 0x0f, 0xe0, 0x0f, 0xe0,
    0x10, 0xe0, 0x10, 0xe8, 0x10, 0xe8, 0x0f, 0xe8, 0x10, 0xe8, 0x10, 0xe0,
    0x10, 0xe8, 0x10, 0xe8, 0x10, 0xe8, 0x10, 0xe0, 0x10, 0xe8, 0x10, 0xe8,
    0x0f, 0xe0, 0x10, 0xe0, 0x10, 0xe8, 0x10, 0xe8, 0x0f, 0xe8, 0x10, 0xe8,
    0x10, 0xe0, 0x0f, 0xe8, 0x10, 0xe8, 0x10, 0xe0, 0x0f, 0xe8, 0x10, 0xe8,
    0x10, 0xe0, 0x10, 0xe8, 0x10, 0xe8, 0x10, 0xe0, 0x10, 0xe8, 0x10, 0xe8,
    0x0f, 0xe8, 0x10, 0xe8, 0x10, 0xe8, 0x0f, 0xe8, 0x10, 0xe0, 0x10, 0xe8,
    0x0f, 0xe8, 0x10, 0xe8, 0x10, 0xe0, 0x0f, 0xe8, 0x10, 0xe8, 0x10, 0xe8,
    0x0f, 0xe8, 0x10, 0xe8, 0x0f, 0xe8, 0x10, 0xe0, 0x10, 0xe0, 0x0f, 0xe8,
    0x10, 0xe0, 0x10, 0xe8, 0x10, 0xe8, 0x10, 0xe8, 0x0f, 0xe8, 0x10, 0xe8,
    0x10, 0xe0, 0x10, 0xe8, 0x10, 0xe8, 0x0f, 0xe8, 0x10, 0xe0, 0x10, 0xe8,
    0x0f, 0xe8, 0x10, 0xe0, 0x10, 0xe8, 0x10, 0xe8, 0x0f, 0xe0, 0x10, 0xe0,
    0x10, 0xe8, 0x10, 0xe8, 0x10, 0xe0, 0x0f, 0xe8, 0x10, 0xe8, 0x10, 0xe8,
    0x0f, 0xe8, 0x10, 0xe0, 0x10, 0xe8, 0x0f, 0xe0, 0x0f, 0xe8, 0x10, 0xe8,
    0x10, 0xe8, 0x10, 0xe8, 0x0f, 0xe8, 0x10, 0xe8, 0x10, 0xe0, 0x10, 0xe8,
    0x0f, 0xe8, 0x0f, 0xe0, 0x10, 0xe0, 0x10, 0xe8, 0x10, 0xe8, 0x10, 0xe8,
    0x10, 0xe8, 0x10, 0xe0, 0x10, 0xe8, 0x10, 0xe8, 0x0f, 0xe0, 0x0f, 0xe0,
    0x10, 0xe0, 0x0f, 0xe0, 0x0f, 0xe0, 0x10, 0xe8, 0x10, 0xe8, 0x0f, 0xe0,
    0x10, 0xe8, 0x10, 0xe8, 0x0f, 0xe0, 0x0f, 0xe0, 0x10, 0xe0, 0x0f, 0xe0,
    0x0f, 0xe0, 0x0f, 0xd8, 0x0f, 0xe0, 0x10, 0xe0, 0x10, 0xe8, 0x10, 0xe8,
    0x10, 0xe0, 0x10, 0xe8, 0x0f, 0xe0, 0x0f, 0xe0, 0x10, 0xe0, 0x0f, 0xe0,
    0x0f, 0xe0, 0x10, 0xd8, 0x0f, 0xe0, 0x0f, 0xe0, 0x0f, 0xd8, 0x0f, 0xd8,
    0x0f, 0xd8, 0x0f, 0xd8, 0x0e, 0xd8, 0x0f, 0xd8, 0x10, 0xe0, 0x10, 0xe0,
    0x0f, 0xe0, 0x10, 0xe0, 0x0f, 0xe0, 0x0f, 0xe0, 0x10, 0xd8, 0x0f, 0xe0,
    0x0f, 0xd8, 0x0f, 0xe0, 0x0f, 0xd8, 0x0f, 0xd8, 0x0f, 0xd8, 0x0f, 0xd8,
    0x0e, 0xd8, 0x0f, 0xd0, 0x0f, 0xd0, 0x0e, 0xd8, 0x0f, 0xd0, 0x0f, 0xd0,
    0x0e, 0xd0, 0x0e, 0xd0, 0x0e, 0xd0, 0x0e, 0xd0, 0x0f, 0xd8, 0x0f, 0xd8,
    0x0f, 0xe0, 0x0f, 0xd8, 0x0f, 0xd8, 0x0f, 0xd8, 0x0f, 0xd8, 0x0f, 0xd8,
    0x0f, 0xd8, 0x0e, 0xd8, 0x0f, 0xd8, 0x0e, 0xd0, 0x0f, 0xd0, 0x0f, 0xd0,
    0x0e, 0xd0, 0x0f, 0xd0, 0x0e, 0xd0, 0x0e, 0xd0, 0x0e, 0xd0, 0x0e, 0xd0,
    0x0e, 0xc8, 0x0e, 0xd0, 0x0e, 0xc8, 0x0d, 0xc8, 0x0e, 0xc8, 0x0e, 0xc8,
    0x0e, 0xc8, 0x0d, 0xc8, 0x0e, 0xc8, 0x0d, 0xc0, 0x0d, 0xc0, 0x0e, 0xc0,
    0x0d, 0xc0, 0x0d, 0xc0, 0x0d, 0xc0, 0x0d, 0xc0, 0x0e, 0xc8, 0x0e, 0xd0,
    0x0e, 0xd0, 0x0e, 0xd0, 0x0e, 0xd0, 0x0e, 0xd0, 0x0e, 0xc8, 0x0e, 0xc8,
    0x0e, 0xc8, 0x0e, 0xc8, 0x0e, 0xc8, 0x0e, 0xc8, 0x0e, 0xc8, 0x0e, 0xc8,
    0x0e, 0xc8, 0x0e, 0xc8, 0x0e, 0xc8, 0x0d, 0xc8, 0x0d, 0xc0, 0x0e, 0xc8,
    0x0e, 0xd0, 0x10, 0xe0, 0x10, 0xe8, 0x10, 0xe8, 0x10, 0xe0, 0x0f, 0xe0,
    0x10, 0xe8, 0x10, 0xe0, 0x0f, 0xe0, 0x10, 0xe0, 0x10, 0xe0, 0x0f, 0xe0,
    0x0f, 0xe0, 0x0f, 0xe0, 0x0f, 0xe0, 0x0f, 0xe0, 0x10, 0xe0, 0x0f, 0xd8,
    0x0f, 0xd8, 0x0f, 0xe0, 0x0f, 0xd8, 0x0f, 0xd8, 0x0f, 0xd8, 0x0f, 0xd8,
    0x0f, 0xd8, 0x0e, 0xd8, 0x0e, 0xd8, 0x0f, 0xd0, 0x0e, 0xd0, 0x0e, 0xd0,
    0x0f, 0xd8, 0x10, 0xe0, 0x10, 0xe8, 0x0f, 0xe8, 0x10, 0xe8, 0x10, 0xe8,
    0x10, 0xe8, 0x10, 0xe8, 0x10, 0xe8, 0x10, 0xe0, 0x10, 0xe0, 0x10, 0xe8,
    0x0f, 0xe0, 0x0f, 0xe0, 0x10, 0xe0, 0x0f, 0xe0, 0x0f, 0xe0, 0x0f, 0xe0,
    0x0f, 0xe0, 0x10, 0xe0, 0x0f, 0xd8, 0x0f, 0xd8, 0x10, 0xe0, 0x10, 0xe8,
    0x10, 0xe8, 0x0f, 0xe8, 0x10, 0xe0, 0x10, 0xe8, 0x0f, 0xe8, 0x10, 0xe8,
    0x10, 0xe8, 0x10, 0xe0, 0x0f, 0xe0, 0x10, 0xe0, 0x0f, 0xe8, 0x0f, 0xe0,
    0x10, 0xe0, 0x0f, 0xe0, 0x0f, 0xe0, 0x10, 0xe0, 0x10, 0xe8, 0x0f, 0xe8,
    0x10, 0xe0, 0x10, 0xe8, 0x0f, 0xe8, 0x10, 0xe8, 0x10, 0xe0, 0x0f, 0xe8,
    0x10, 0xe0, 0x10, 0xe0, 0x0f, 0xe0, 0x0f, 0xe0, 0x10, 0xe0, 0x10, 0xe8,
    0x0f, 0xe8, 0x10, 0xe0, 0x10, 0xe8, 0x10, 0xe8, 0x10, 0xe8, 0x0f, 0xe8,
    0x10, 0xe8, 0x10, 0xe8, 0x0f, 0xe0, 0x10, 0xe0, 0x0f, 0xe0, 0x10, 0xe8,
    0x0f, 0xe8, 0x10, 0xe0, 0x10, 0xe8, 0x10, 0xe8, 0x10, 0xe0, 0x10, 0xe0,
    0x10, 0xe8, 0x0f, 0xe8, 0x10, 0xe0, 0x10, 0xe0, 0x10, 0xe8, 0x10, 0xe8,
    0x10, 0xe0, 0x10, 0xe8, 0x10, 0xe0, 0x0f, 0xe0, 0x10, 0xe8, 0x10, 0xe8,
    0x0f, 0xe8, 0x10, 0xe0, 0x10, 0xe8, 0x10, 0xe8, 0x0f, 0xe8, 0x10, 0xe0,
    0x10, 0xe8, 0x0f, 0xe8, 0x10, 0xe0, 0x10, 0xe8, 0x10, 0xe8, 0x10, 0xe0,
    0x10, 0xe0, 0x10, 0xe8, 0x10, 0xe8, 0x10, 0xe8, 0x0f, 0xe8, 0x10, 0xe8,
    0x10, 0xe8, 0x10, 0xe8, 0x10, 0xe8, 0x0f, 0xe0, 0x10, 0xe0, 0x10, 0xe8,
    0x10, 0xe8, 0x10, 0xe0, 0x10, 0xe8, 0x10, 0xe8, 0x10, 0xe0, 0x10, 0xe8,
    0x10, 0xe0, 0x10, 0xe0, 0x0f, 0xe0, 0x10, 0xe8, 0x10, 0xe0, 0x0f, 0xe0,
    0x10, 0xe8, 0x10, 0xe8, 0x0f, 0xe0, 0x10, 0xe0, 0x10, 0xe8, 0x0f, 0xe0,
    0x0f, 0xe0, 0x10, 0xe0, 0x10, 0xe8, 0x0f, 0xe8, 0x10, 0xe8, 0x10, 0xe0,
    0x0f, 0xe0, 0x10, 0xe8, 0x0f, 0xe0, 0x10, 0xe0, 0x10, 0xe0, 0x0f, 0xe0,
    0x0f, 0xe0, 0x10, 0xe0, 0x10, 0xe8, 0x0f, 0xe0, 0x10, 0xe0, 0x10, 0xe0,
    0x0f, 0xe0, 0x10, 0xe0, 0x10, 0xe0, 0x0f, 0xe0, 0x0f, 0xe0, 0x0f, 0xd8,
    0x0f, 0xd8, 0x0f, 0xe0, 0x0f, 0xe0, 0x10, 0xe8, 0x10, 0xe8, 0x10, 0xe8,
    0x0f, 0xe0, 0x10, 0xe0, 0x10, 0xe0, 0x0f, 0xe0, 0x10, 0xe0, 0x0f, 0xe0,
    0x0f, 0xe0, 0x0f, 0xd8, 0x0f, 0xe0, 0x0f, 0xd8, 0x0f, 0xd8, 0x0f, 0xd8,
    0x0f, 0xd8, 0x0f, 0xd8, 0x0f, 0xd8, 0x0f, 0xe0, 0x10, 0xe8, 0x0f, 0xe0,
    0x10, 0xe0, 0x10, 0xe0, 0x0f, 0xe0, 0x0f, 0xd8, 0x0f, 0xe0, 0x0f, 0xe0,
    0x0f, 0xd8, 0x0f, 0xe0, 0x0f, 0xd8, 0x0f, 0xd8, 0x0f, 0xd8, 0x0f, 0xd8,
    0x0e, 0xd0, 0x0e, 0xd0, 0x0f, 0xd8, 0x0e, 0xd0, 0x0f, 0xd0, 0x0e, 0xd0,
    0x0e, 0xd0, 0x0e, 0xd0, 0x0e, 0xc8, 0x0f, 0xd0, 0x0f, 0xd8, 0x0f, 0xe0,
    0x0f, 0xe0, 0x0f, 0xd8, 0x0f, 0xd8, 0x0f, 0xd8, 0x0f, 0xd8, 0x0f, 0xd8,
    0x0f, 0xd8, 0x0f, 0xd8, 0x0e, 0xd8, 0x0e, 0xd8, 0x0f, 0xd8, 0x0e, 0xd0,
    0x0e, 0xd0, 0x0f, 0xd0, 0x0e, 0xd0, 0x0e, 0xd0, 0x0e, 0xd0, 0x0e, 0xc8,
    0x0e, 0xc8, 0x0e, 0xd0, 0x0e, 0xc8, 0x0e, 0xc8, 0x0e, 0xc8, 0x0e, 0xc8,
    0x0d, 0xc8, 0x0d, 0xc0, 0x0e, 0xc0, 0x0d, 0xc8, 0x0d, 0xc0, 0x0d, 0xc0,
    0x0d, 0xc0, 0x0d, 0xc0, 0x0d, 0xc0, 0x0d, 0xc0, 0x0e, 0xc8, 0x0e, 0xc8,
    0x0e, 0xc8, 0x0e, 0xc8, 0x0e, 0xc8, 0x0e, 0xc8, 0x0e, 0xd0, 0x0e, 0xc8,
    0x0e, 0xc8, 0x0e, 0xc8, 0x0e, 0xc8, 0x0e, 0xc8, 0x0e, 0xc8, 0x0d, 0xc8,
    0x0d, 0xc0, 0x0d, 0xc0, 0x0e, 0xd0, 0x0f, 0xe0, 0x10, 0xe8, 0x10, 0xe8,
    0x10, 0xe8, 0x0f, 0xe0, 0x10, 0xe8, 0x0f, 0xe0, 0x0f, 0xe0, 0x10, 0xe0,
    0x0f, 0xe0, 0x0f, 0xe0, 0x10, 0xe0, 0x0f, 0xe0, 0x0f, 0xe0, 0x10, 0xe0,
    0x0f, 0xe0, 0x0f, 0xe0, 0x0f, 0xd8, 0x0f, 0xd8, 0x0f, 0xd8, 0x0f, 0xd8,
    0x0f, 0xd8, 0x0f, 0xd8, 0x0e, 0xd8, 0x0e, 0xd8, 0x0f, 0xd0, 0x0e, 0xd0,
    0x0f, 0xd8, 0x0e, 0xd0, 0x0e, 0xd0, 0x0f, 0xe0, 0x10, 0xe8, 0x10, 0xe8,
    0x10, 0xe8, 0x0f, 0xe0, 0x10, 0xe8, 0x10, 0xe0, 0x0f, 0xe8, 0x10, 0xe8,
    0x0f, 0xe0, 0x10, 0xe0, 0x0f, 0xe8, 0x0f, 0xe0, 0x10, 0xe0, 0x10, 0xe0,
    0x0f, 0xe0, 0x0f, 0xe0, 0x0f, 0xe0, 0x0f, 0xd8, 0x0f, 0xd8, 0x0f, 0xd8,
    0x0f, 0xd8, 0x0f, 0xe0, 0x10, 0xe8, 0x10, 0xe8, 0x0f, 0xe8, 0x10, 0xe0,
    0x10, 0xe8, 0x10, 0xe8, 0x10, 0xe0, 0x0f, 0xe8, 0x10, 0xe8, 0x10, 0xe8,
    0x10, 0xe0, 0x10, 0xe0, 0x0f, 0xe0, 0x10, 0xe0, 0x0f, 0xe0, 0x0f, 0xe0,
    0x10, 0xe0, 0x10, 0xe8, 0x10, 0xe8, 0x10, 0xe8, 0x10, 0xe8, 0x10, 0xe0,
    0x10, 0xe8, 0x0f, 0xe8, 0x10, 0xe8, 0x10, 0xe8, 0x0f, 0xe8, 0x10, 0xe8,
    0x10, 0xe0, 0x0f, 0xe0, 0x0f, 0xe0, 0x10, 0xe8, 0x10, 0xe8, 0x0f, 0xe8,
    0x10, 0xe0, 0x10, 0xe8, 0x0f, 0xe0, 0x10, 0xe8, 0x10, 0xe8, 0x10, 0xe8,
    0x10, 0xe8, 0x10, 0xe0, 0x0f, 0xe0, 0x10, 0xe8, 0x10, 0xe8, 0x0f, 0xe8,
    0x10, 0xe8, 0x0f, 0xe8, 0x10, 0xe8, 0x10, 0xe8, 0x0f, 0xe8, 0x10, 0xe0,
    0x10, 0xe8, 0x0f, 0xe0, 0x10, 0xe8, 0x0f, 0xe8, 0x10, 0xe8, 0x10, 0xe8,
    0x0f, 0xe8, 0x10, 0xe8, 0x10, 0xe0, 0x10, 0xe8, 0x10, 0xe8, 0x10, 0xe0,
    0x10, 0xe0, 0x0f, 0xe8, 0x10, 0xe8, 0x10, 0xe8, 0x0f, 0xe0, 0x10, 0xe8,
    0x10, 0xe8, 0x0f, 0xe8, 0x0f, 0xe0, 0x10, 0xe8, 0x0f, 0xe8, 0x10, 0xe8,
    0x10, 0xe0, 0x0f, 0xe8, 0x10, 0xe0, 0x10, 0xe8, 0x0f, 0xe0, 0x10, 0xe8,
    0x10, 0xe8, 0x10, 0xe0, 0x0f, 0xe0, 0x10, 0xe8, 0x0f, 0xe8, 0x10, 0xe8,
    0x0f, 0xe8, 0x0f, 0xe0, 0x10, 0xe8, 0x0f, 0xe8, 0x10, 0xe0, 0x10, 0xe0,
    0x0f, 0xe8, 0x10, 0xe8, 0x10, 0xe8, 0x10, 0xe8, 0x10, 0xe8, 0x10, 0xe8,
    0x0f, 0xe0, 0x10, 0xe8, 0x10, 0xe0, 0x10, 0xe0, 0x0f, 0xe0, 0x10, 0xe0,
    0x10, 0xe0, 0x0f, 0xe8, 0x10, 0xe8, 0x10, 0xe8, 0x10, 0xe0, 0x10, 0xe8,
    0x0f, 0xe0, 0x10, 0xe0, 0x0f, 0xe0, 0x0f, 0xe0, 0x0f, 0xe0, 0x10, 0xe0,
    0x10, 0xe8, 0x10, 0xe8, 0x10, 0xe0, 0x0f, 0xe8, 0x0f, 0xe8, 0x10, 0xe0,
    0x10, 0xe0, 0x0f, 0xe0, 0x0f, 0xe0, 0x10, 0xe0, 0x0f, 0xe0, 0x0f, 0xd8,
    0x0f, 0xe0, 0x10, 0xe0, 0x10, 0xe8, 0x0f, 0xe0, 0x10, 0xe0, 0x0f, 0xe0,
    0x0f, 0xe0, 0x10, 0xe0, 0x10, 0xe0, 0x0f, 0xe0, 0x0f, 0xe0, 0x10, 0xd8,
    0x0f, 0xe0, 0x0f, 0xe0, 0x0f, 0xd8, 0x0f, 0xd8, 0x0f, 0xd8, 0x0e, 0xd8,
    0x0f, 0xd8, 0x0f, 0xd8, 0x0f, 0xe0, 0x10, 0xe0, 0x0f, 0xe0, 0x10, 0xe0,
    0x0f, 0xe0, 0x0f, 0xe0, 0x10, 0xd8, 0x0f, 0xd8, 0x0f, 0xe0, 0x0f, 0xd8,
    0x0f, 0xd8, 0x0f, 0xd8, 0x0e, 0xd8, 0x0f, 0xd8, 0x0e, 0xd8, 0x0f, 0xd0,
    0x0e, 0xd8, 0x0f, 0xd0, 0x0e, 0xd0, 0x0e, 0xd0, 0x0e, 0xd0, 0x0e, 0xd0,
    0x0e, 0xd0, 0x0e, 0xc8, 0x0e, 0xd0, 0x0f, 0xd8, 0x0f, 0xe0, 0x0f, 0xe0,
    0x0f, 0xd8, 0x0f, 0xd8, 0x0f, 0xd8, 0x0e, 0xd8, 0x0f, 0xd8, 0x0f, 0xd0,
    0x0e, 0xd0, 0x0f, 0xd0, 0x0f, 0xd0, 0x0e, 0xd8, 0x0f, 0xd0, 0x0e, 0xd0,
    0x0e, 0xd0, 0x0e, 0xd0, 0x0e, 0xd0, 0x0e, 0xc8, 0x0e, 0xd0, 0x0e, 0xc8,
    0x0e, 0xc8, 0x0d, 0xc8, 0x0e, 0xc8, 0x0e, 0xc8, 0x0e, 0xc8, 0x0d, 0xc8,
    0x0e, 0xc0, 0x0d, 0xc0, 0x0d, 0xc0, 0x0e, 0xc0, 0x0d, 0xc0, 0x0d, 0xc0,
    0x0d, 0xc0, 0x0d, 0xb8, 0x0e, 0xc8, 0x0e, 0xc8, 0x0e, 0xc8, 0x0e, 0xc8,
    0x0e, 0xd0, 0x0e, 0xc8, 0x0e, 0xc8, 0x0e, 0xc8, 0x0e, 0xc8, 0x0d, 0xc8,
    0x0d, 0xc8, 0x0d, 0xc8, 0x0d, 0xc0, 0x0d, 0xc0, 0x0e, 0xc8, 0x0f, 0xd8,
    0x10, 0xe8, 0x10, 0xe8, 0x10, 0xe8, 0x10, 0xe0, 0x10, 0xe8, 0x0f, 0xe0,
    0x0f, 0xe0, 0x10, 0xe0, 0x10, 0xe0, 0x0f, 0xe0, 0x0f, 0xe0, 0x10, 0xe0,
    0x0f, 0xe0, 0x0f, 0xe0, 0x0f, 0xe0, 0x10, 0xd8, 0x0f, 0xd8, 0x0f, 0xd8,
    0x0f, 0xd8, 0x0f, 0xd8, 0x0f, 0xd8, 0x0f, 0xd8, 0x0f, 0xd8, 0x0f, 0xd8,
    0x0e, 0xd0, 0x0f, 0xd8, 0x0e, 0xd0, 0x0e, 0xd0, 0x0e, 0xd0, 0x0f, 0xd0,
    0x0f, 0xe0, 0x10, 0xe8, 0x10, 0xe8, 0x10, 0xe8, 0x0f, 0xe0, 0x10, 0xe8,
    0x10, 0xe8, 0x0f, 0xe0, 0x10, 0xe0, 0x10, 0xe0, 0x10, 0xe8, 0x0f, 0xe0,
    0x0f, 0xe0, 0x0f, 0xe0, 0x0f, 0xe0, 0x0f, 0xe0, 0x0f, 0xe0, 0x0f, 0xe0,
    0x0f, 0xd8, 0x0f, 0xd8, 0x0f, 0xd8, 0x0f, 0xd8, 0x0f, 0xe0, 0x10, 0xe8,
    0x10, 0xe8, 0x0f, 0xe8, 0x10, 0xe0, 0x10, 0xe8, 0x0f, 0xe8, 0x10, 0xe8,
    0x10, 0xe8, 0x10, 0xe0, 0x0f, 0xe0, 0x0f, 0xe0, 0x0f, 0xe8, 0x10, 0xe0,
    0x10, 0xe0, 0x0f, 0xe0, 0x0f, 0xe0, 0x10, 0xe0, 0x10, 0xe8, 0x0f, 0xe8,
    0x10, 0xe0, 0x10, 0xe8, 0x0f, 0xe8, 0x10, 0xe8, 0x10, 0xe0, 0x10, 0xe8,
    0x10, 0xe8, 0x10, 0xe0, 0x0f, 0xe0, 0x10, 0xe0, 0x0f, 0xe0, 0x10, 0xe0,
    0x10, 0xe8, 0x10, 0xe8, 0x10, 0xe8, 0x10, 0xe8, 0x0f, 0xe8, 0x10, 0xe8,
    0x10, 0xe0, 0x10, 0xe8, 0x0f, 0xe0, 0x10, 0xe0, 0x10, 0xe8, 0x0f, 0xe0,
    0x10, 0xe0, 0x10, 0xe8, 0x10, 0xe8, 0x10, 0xe0, 0x10, 0xe8, 0x0f, 0xe0,
    0x10, 0xe8, 0x10, 0xe8, 0x10, 0xe8, 0x10, 0xe8, 0x0f, 0xe0, 0x10, 0xe0,
    0x10, 0xe8, 0x10, 0xe8, 0x0f, 0xe0, 0x10, 0xe8, 0x10, 0xe8, 0x10, 0xe8,
    0x0f, 0xe8, 0x10, 0xe0, 0x10, 0xe8, 0x0f, 0xe0, 0x10, 0xe0, 0x10, 0xe8,
    0x10, 0xe8, 0x10, 0xe8, 0x10, 0xe8, 0x10, 0xe0, 0x10, 0xe8, 0x10, 0xe8,
    0x10, 0xe0, 0x10, 0xe8, 0x0f, 0xe8, 0x10, 0xe0, 0x10, 0xe8, 0x10, 0xe8,
    0x10, 0xe8, 0x10, 0xe0, 0x0f, 0xe8, 0x10, 0xe8, 0x10, 0xe0, 0x0f, 0xe8,
    0x10, 0xe0, 0x10, 0xe8, 0x10, 0xe8, 0x10, 0xe0, 0x10, 0xe8, 0x10, 0xe8,
    0x10, 0xe8, 0x10, 0xe8, 0x0f, 0xe0, 0x10, 0xe0, 0x0f, 0xe0, 0x10, 0xe0,
    0x10, 0xe8, 0x0f, 0xe8, 0x10, 0xe0, 0x10, 0xe8, 0x10, 0xe8, 0x10, 0xe0,
    0x10, 0xe8, 0x0f, 0xe8, 0x0f, 0xe0, 0x10, 0xe0, 0x0f, 0xe0, 0x10, 0xe8,
    0x10, 0xe8, 0x0f, 0xe0, 0x10, 0xe8, 0x10, 0xe8, 0x0f, 0xe0, 0x10, 0xe0,
    0x10, 0xe0, 0x0f, 0xe0, 0x0f, 0xe0, 0x0f, 0xe0, 0x0f, 0xe0, 0x10, 0xe8,
    0x10, 0xe0, 0x0f, 0xe0, 0x0f, 0xe8, 0x10, 0xe0, 0x0f, 0xe0, 0x10, 0xe0,
    0x0f, 0xe0, 0x0f, 0xe0, 0x10, 0xe0, 0x0f, 0xd8, 0x0f, 0xd8, 0x0f, 0xe0,
    0x10, 0xe0, 0x10, 0xe8, 0x10, 0xe8, 0x0f, 0xe0, 0x0f, 0xe0, 0x10, 0xe0,
    0x0f, 0xe0, 0x0f, 0xe0, 0x10, 0xe0, 0x0f, 0xd8, 0x0f, 0xd8, 0x0f, 0xe0,
    0x0f, 0xd8, 0x0f, 0xd8, 0x0f, 0xd8, 0x0f, 0xd8, 0x0e, 0xd8, 0x0e, 0xd0,
    0x0f, 0xd8, 0x0f, 0xe0, 0x10, 0xe0, 0x0f, 0xe0, 0x0f, 0xe0, 0x0f, 0xe0,
    0x10, 0xe0, 0x0f, 0xe0, 0x0f, 0xd8, 0x0f, 0xd8, 0x0f, 0xd8, 0x0f, 0xd8,
    0x0f, 0xd8, 0x0f, 0xd8, 0x0f, 0xd8, 0x0f, 0xd8, 0x0e, 0xd0, 0x0f, 0xd8,
    0x0e, 0xd0, 0x0e, 0xd0, 0x0f, 0xd0, 0x0e, 0xd0, 0x0e, 0xd0, 0x0e, 0xd0,
    0x0e, 0xc8, 0x0e, 0xc8, 0x0e, 0xd0, 0x0f, 0xd8, 0x0f, 0xe0, 0x0f, 0xd8,
    0x0f, 0xd8, 0x0f, 0xd8, 0x0f, 0xd8, 0x0f, 0xd8, 0x0e, 0xd8, 0x0e, 0xd8,
    0x0f, 0xd0, 0x0e, 0xd0, 0x0e, 0xd0, 0x0f, 0xd0, 0x0e, 0xd0, 0x0e, 0xd0,
    0x0e, 0xd0, 0x0e, 0xd0, 0x0e, 0xc8, 0x0e, 0xd0, 0x0e, 0xc8, 0x0e, 0xc8,
    0x0d, 0xc8, 0x0e, 0xc8, 0x0e, 0xc8, 0x0d, 0xc8, 0x0e, 0xc8, 0x0d, 0xc0,
    0x0d, 0xc0, 0x0d, 0xc0, 0x0d, 0xc0, 0x0d, 0xc0, 0x0d, 0xc0, 0x0d, 0xc0,
    0x0e, 0xc8, 0x0e, 0xc8, 0x0e, 0xc8, 0x0e, 0xc8, 0x0e, 0xc8, 0x0e, 0xc8,
    0x0d, 0xc8, 0x0d, 0xc0, 0x0d, 0xc0, 0x0d, 0xc0, 0x0d, 0xc0, 0x0d, 0xc0,
    0x0e, 0xc0, 0x0f, 0xd0, 0x0f, 0xe0, 0x10, 0xe8, 0x10, 0xe8, 0x10, 0xe0,
    0x10, 0xe0, 0x0f, 0xe0, 0x0f, 0xe0, 0x10, 0xe0, 0x10, 0xe0, 0x0f, 0xe0,
    0x10, 0xe0, 0x0f, 0xe0, 0x0f, 0xe0, 0x0f, 0xe0, 0x0f, 0xe0, 0x0f, 0xe0,
    0x0f, 0xd8, 0x0f, 0xd8, 0x0f, 0xd8, 0x0f, 0xd8, 0x0f, 0xd8, 0x0f, 0xd8,
    0x0f, 0xd8, 0x0e, 0xd8, 0x0e, 0xd0, 0x0e, 0xd0, 0x0e, 0xd8, 0x0f, 0xd0,
    0x0e, 0xd0, 0x0e, 0xd0, 0x0f, 0xd8, 0x0f, 0xe0, 0x10, 0xe8, 0x10, 0xe8,
    0x10, 0xe0, 0x10, 0xe8, 0x10, 0xe8, 0x10, 0xe8, 0x10, 0xe8, 0x10, 0xe8,
    0x10, 0xe0, 0x10, 0xe8, 0x0f, 0xe0, 0x10, 0xe0, 0x10, 0xe0, 0x0f, 0xe0,
    0x0f, 0xe0, 0x10, 0xe0, 0x0f, 0xe0, 0x0f, 0xd8, 0x0f, 0xd8, 0x0f, 0xd8,
    0x0f, 0xd8, 0x0f, 0xe0, 0x10, 0xe8, 0x10, 0xe0, 0x10, 0xe8, 0x10, 0xe8,
    0x10, 0xe8, 0x10, 0xe8, 0x0f, 0xe0, 0x10, 0xe8, 0x10, 0xe8, 0x10, 0xe0,
    0x10, 0xe0, 0x10, 0xe0, 0x0f, 0xe0, 0x0f, 0xe0, 0x0f, 0xe0, 0x0f, 0xe0,
    0x0f, 0xe0, 0x10, 0xe0, 0x10, 0xe8, 0x10, 0xe8, 0x0f, 0xe8, 0x10, 0xe0,
    0x10, 0xe8, 0x0f, 0xe8, 0x10, 0xe8, 0x0f, 0xe0, 0x10, 0xe0, 0x10, 0xe8,
    0x0f, 0xe0, 0x0f, 0xe0, 0x0f, 0xe0, 0x10, 0xe0, 0x10, 0xe8, 0x0f, 0xe0,
    0x10, 0xe0, 0x10, 0xe8, 0x10, 0xe8, 0x10, 0xe8, 0x10, 0xe8, 0x0f, 0xe8,
    0x10, 0xe0, 0x10, 0xe0, 0x0f, 0xe0, 0x0f, 0xe0, 0x10, 0xe8, 0x10, 0xe8,
    0x0f, 0xe8, 0x10, 0xe8, 0x10, 0xe0, 0x10, 0xe8, 0x0f, 0xe0, 0x10, 0xe8,
    0x10, 0xe0, 0x0f, 0xe0, 0x10, 0xe0, 0x0f, 0xe8, 0x10, 0xe8, 0x10, 0xe0,
    0x10, 0xe8, 0x0f, 0xe8, 0x10, 0xe0, 0x10, 0xe8, 0x10, 0xe8, 0x0f, 0xe8,
    0x10, 0xe0, 0x0f, 0xe0, 0x0f, 0xe8, 0x10, 0xe8, 0x10, 0xe0, 0x0f, 0xe8,
    0x10, 0xe8, 0x0f, 0xe0, 0x10, 0xe8, 0x10, 0xe8, 0x10, 0xe0, 0x10, 0xe0,
    0x10, 0xe8, 0x0f, 0xe8, 0x10, 0xe8, 0x0f, 0xe8, 0x10, 0xe8, 0x10, 0xe8,
    0x10, 0xe8, 0x10, 0xe8, 0x0f, 0xe0, 0x0f, 0xe0, 0x0f, 0xe0, 0x10, 0xe8,
    0x10, 0xe8, 0x0f, 0xe0, 0x10, 0xe8, 0x10, 0xe8, 0x10, 0xe0, 0x10, 0xe8,
    0x10, 0xe8, 0x0f, 0xe0, 0x0f, 0xe0, 0x10, 0xe0, 0x10, 0xe8, 0x0f, 0xe8,
    0x10, 0xe0, 0x10, 0xe8, 0x0f, 0xe8, 0x10, 0xe0, 0x10, 0xe8, 0x10, 0xe0,
    0x0f, 0xe0, 0x0f, 0xe0, 0x10, 0xe0, 0x10, 0xe0, 0x10, 0xe8, 0x0f, 0xe8,
    0x10, 0xe0, 0x10, 0xe0, 0x0f, 0xe8, 0x0f, 0xe0, 0x10, 0xe0, 0x10, 0xe0,
    0x0f, 0xe0, 0x0f, 0xe0, 0x0f, 0xe0, 0x10, 0xe0, 0x10, 0xe0, 0x10, 0xe0,
    0x10, 0xe0, 0x0f, 0xe0, 0x10, 0xe0, 0x10, 0xe0, 0x0f, 0xe0, 0x0f, 0xe0,
    0x0f, 0xd8, 0x0f, 0xe0, 0x0f, 0xd8, 0x0f, 0xd8, 0x0f, 0xe0, 0x10, 0xe8,
    0x10, 0xe8, 0x10, 0xe0, 0x10, 0xe0, 0x0f, 0xe0, 0x10, 0xe0, 0x0f, 0xe0,
    0x0f, 0xe0, 0x0f, 0xe0, 0x0f, 0xe0, 0x0f, 0xe0, 0x0f, 0xd8, 0x0f, 0xd8,
    0x0f, 0xd8, 0x0f, 0xd8, 0x0f, 0xd8, 0x0f, 0xd8, 0x0f, 0xd0, 0x0f, 0xd8,
    0x0f, 0xe0, 0x10, 0xe0, 0x10, 0xe0, 0x0f, 0xd8, 0x0f, 0xe0, 0x0f, 0xe0,
    0x0f, 0xe0, 0x0f, 0xe0, 0x0f, 0xd8, 0x0f, 0xd8, 0x0f, 0xd8, 0x0e, 0xd8,
    0x0f, 0xd8, 0x0e, 0xd8, 0x0f, 0xd8, 0x0f, 0xd0, 0x0f, 0xd0, 0x0e, 0xd0,
    0x0e, 0xd0, 0x0e, 0xd0, 0x0e, 0xd0, 0x0e, 0xd0, 0x0e, 0xc8, 0x0e, 0xc8,
    0x0e, 0xc8, 0x0e, 0xd0, 0x0f, 0xd8, 0x0f, 0xd8, 0x0f, 0xd8, 0x0f, 0xd8,
    0x0f, 0xd8, 0x0f, 0xd8, 0x0f, 0xd8, 0x0f, 0xd8, 0x0f, 0xd8, 0x0e, 0xd0,
    0x0f, 0xd8, 0x0e, 0xd0, 0x0f, 0xd0, 0x0e, 0xd0, 0x0e, 0xd0, 0x0e, 0xd0,
    0x0e, 0xd0, 0x0e, 0xc8, 0x0e, 0xd0, 0x0e, 0xc8, 0x0e, 0xc8, 0x0e, 0xc8,
    0x0e, 0xc8, 0x0e, 0xc8, 0x0d, 0xc8, 0x0e, 0xc8, 0x0e, 0xc0, 0x0d, 0xc0,
    0x0d, 0xc0, 0x0d, 0xc0, 0x0d, 0xc0, 0x0d, 0xc0, 0x0e, 0xc8, 0x0d, 0xc8,
    0x0d, 0xc8, 0x0d, 0xc8, 0x0d, 0xc0, 0x0d, 0xc0, 0x0d, 0xc0, 0x0d, 0xc0,
    0x0e, 0xc0, 0x0d, 0xc0, 0x0d, 0xc0, 0x0e, 0xd0, 0x0f, 0xe0, 0x10, 0xe8,
    0x10, 0xe8, 0x10, 0xe8, 0x10, 0xe0, 0x10, 0xe0, 0x0f, 0xe0, 0x0f, 0xe8,
    0x10, 0xe0, 0x10, 0xe0, 0x0f, 0xe0, 0x0f, 0xe0, 0x0f, 0xe0, 0x0f, 0xe0,
    0x10, 0xe0, 0x0f, 0xd8, 0x0f, 0xd8, 0x0f, 0xd8, 0x0f, 0xd8, 0x0f, 0xd8,
    0x0f, 0xd8, 0x0f, 0xd8, 0x0f, 0xd8, 0x0e, 0xd8, 0x0e, 0xd0, 0x0f, 0xd0,
    0x0f, 0xd0, 0x0e, 0xd0, 0x0e, 0xd0, 0x0e, 0xd0, 0x0e, 0xd0, 0x0f, 0xd8,
    0x10, 0xe0, 0x10, 0xe8, 0x10, 0xe8, 0x10, 0xe8, 0x0f, 0xe8, 0x10, 0xe0,
    0x10, 0xe8, 0x0f, 0xe0, 0x10, 0xe0, 0x0f, 0xe8, 0x0f, 0xe0, 0x0f, 0xe0,
    0x0f, 0xe0, 0x0f, 0xe0, 0x0f, 0xe0, 0x0f, 0xe0, 0x10, 0xe0, 0x0f, 0xd8,
    0x0f, 0xd8, 0x0f, 0xd8, 0x0f, 0xd8, 0x0f, 0xd8, 0x0f, 0xe0, 0x10, 0xe8,
    0x10, 0xe8, 0x0f, 0xe8, 0x10, 0xe0, 0x10, 0xe8, 0x0f, 0xe8, 0x10, 0xe0,
    0x10, 0xe8, 0x0f, 0xe8, 0x10, 0xe0, 0x0f, 0xe0, 0x0f, 0xe8, 0x10, 0xe0,
    0x0f, 0xe0, 0x0f, 0xe0, 0x10, 0xe0, 0x0f, 0xd8, 0x10, 0xe0, 0x10, 0xe8,
    0x10, 0xe8, 0x10, 0xe0, 0x10, 0xe8, 0x10, 0xe8, 0x10, 0xe0, 0x10, 0xe8,
    0x0f, 0xe8, 0x10, 0xe0, 0x10, 0xe0, 0x0f, 0xe0, 0x10, 0xe0, 0x10, 0xe0,
    0x0f, 0xe0, 0x10, 0xe8, 0x10, 0xe8, 0x0f, 0xe8, 0x10, 0xe8, 0x10, 0xe0,
    0x0f, 0xe8, 0x10, 0xe0, 0x10, 0xe8, 0x0f, 0xe8, 0x10, 0xe8, 0x10, 0xe0,
    0x0f, 0xe0, 0x10, 0xe0, 0x10, 0xe8, 0x10, 0xe8, 0x0f, 0xe0, 0x10, 0xe8,
    0x10, 0xe8, 0x10, 0xe8, 0x0f, 0xe8, 0x10, 0xe8, 0x10, 0xe0, 0x10, 0xe0,
    0x0f, 0xe0, 0x0f, 0xe8, 0x10, 0xe8, 0x10, 0xe8, 0x10, 0xe8, 0x10, 0xe8,
    0x0f, 0xe0, 0x10, 0xe8, 0x10, 0xe8, 0x10, 0xe8, 0x10, 0xe0, 0x0f, 0xe0,
    0x10, 0xe8, 0x10, 0xe8, 0x0f, 0xe0, 0x10, 0xe8, 0x10, 0xe8, 0x10, 0xe8,
    0x0f, 0xe8, 0x0f, 0xe8, 0x10, 0xe8, 0x10, 0xe0, 0x0f, 0xe8, 0x10, 0xe8,
    0x10, 0xe0, 0x10, 0xe0, 0x0f, 0xe8, 0x10, 0xe8, 0x10, 0xe0, 0x10, 0xe8,
    0x10, 0xe8, 0x10, 0xe0, 0x0f, 0xe0, 0x10, 0xe0, 0x10, 0xe8, 0x0f, 0xe8,
    0x10, 0xe8, 0x0f, 0xe8, 0x0f, 0xe0, 0x10, 0xe8, 0x10, 0xe8, 0x10, 0xe0,
    0x0f, 0xe0, 0x0f, 0xe0, 0x10, 0xe8, 0x10, 0xe8, 0x10, 0xe8, 0x0f, 0xe8,
    0x10, 0xe0, 0x10, 0xe0, 0x0f, 0xe8, 0x10, 0xe0, 0x10, 0xe0, 0x0f, 0xe0,
    0x0f, 0xe0, 0x0f, 0xe0, 0x10, 0xe8, 0x10, 0xe8, 0x10, 0xe8, 0x10, 0xe0,
    0x10, 0xe8, 0x0f, 0xe0, 0x0f, 0xe0, 0x10, 0xe0, 0x0f, 0xe0, 0x0f, 0xe0,
    0x0f, 0xd8, 0x0f, 0xe0, 0x10, 0xe8, 0x10, 0xe8, 0x10, 0xe0, 0x0f, 0xe0,
    0x0f, 0xe0, 0x10, 0xe0, 0x0f, 0xe0, 0x0f, 0xe0, 0x10, 0xe0, 0x0f, 0xe0,
    0x0f, 0xe0, 0x0f, 0xd8, 0x0f, 0xd8, 0x0f, 0xe0, 0x10, 0xe8, 0x10, 0xe8,
    0x0f, 0xe0, 0x10, 0xe0, 0x10, 0xe0, 0x10, 0xe0, 0x0f, 0xe0, 0x0f, 0xe0,
    0x10, 0xd8, 0x0f, 0xe0, 0x0f, 0xd8, 0x0f, 0xd8, 0x0f, 0xd8, 0x0e, 0xd8,
    0x0f, 0xd8, 0x0f, 0xd8, 0x0e, 0xd0, 0x0e, 0xd0, 0x0f, 0xd0, 0x0f, 0xe0,
    0x10, 0xe0, 0x10, 0xe0, 0x0f, 0xe0, 0x0f, 0xd8, 0x0f, 0xe0, 0x0f, 0xe0,
    0x0f, 0xd8, 0x0f, 0xd8, 0x0f, 0xd8, 0x0f, 0xd8, 0x0e, 0xd8, 0x0f, 0xd8,
    0x0e, 0xd0, 0x0e, 0xd0, 0x0f, 0xd8, 0x0e, 0xd0, 0x0f, 0xd0, 0x0f, 0xd0,
    0x0e, 0xd0, 0x0e, 0xd0, 0x0e, 0xd0, 0x0e, 0xc8, 0x0e, 0xc8, 0x0e, 0xc8,
    0x0e, 0xc8, 0x0e, 0xd0, 0x0f, 0xd8, 0x0f, 0xe0, 0x0f, 0xd8, 0x0e, 0xd8,
    0x0f, 0xd8, 0x0f, 0xd8, 0x0e, 0xd0, 0x0f, 0xd8, 0x0f, 0xd0, 0x0e, 0xd0,
    0x0e, 0xd0, 0x0f, 0xd0, 0x0e, 0xd0, 0x0e, 0xd0, 0x0e, 0xd0, 0x0e, 0xd0,
    0x0e, 0xc8, 0x0e, 0xc8, 0x0e, 0xd0, 0x0e, 0xc8, 0x0d, 0xc8, 0x0e, 0xc8,
    0x0e, 0xc8, 0x0d, 0xc8, 0x0d, 0xc0, 0x0e, 0xc0, 0x0d, 0xc0, 0x0e, 0xc0,
    0x0d, 0xc0, 0x0d, 0xc0, 0x0d, 0xc0, 0x0d, 0xc0, 0x0d, 0xc0, 0x0d, 0xc0,
    0x0e, 0xc0, 0x0d, 0xc0, 0x0d, 0xc0, 0x0d, 0xc0, 0x0d, 0xc0, 0x0e, 0xc8,
    0x0f, 0xd8, 0x10, 0xe8, 0x10, 0xe8, 0x10, 0xe0, 0x10, 0xe0, 0x0f, 0xe8,
    0x0f, 0xe0, 0x0f, 0xe0, 0x10, 0xe0, 0x10, 0xe0, 0x0f, 0xe0, 0x0f, 0xe0,
    0x0f, 0xe0, 0x0f, 0xe0, 0x0f, 0xd8, 0x0f, 0xd8, 0x0f, 0xe0, 0x0f, 0xd8,
    0x0f, 0xd8, 0x0f, 0xd8, 0x0f, 0xd8, 0x0f, 0xd8, 0x0f, 0xd8, 0x0e, 0xd8,
    0x0e, 0xd0, 0x0f, 0xd0, 0x0e, 0xd0, 0x0e, 0xd0, 0x0e, 0xd0, 0x0e, 0xd0,
    0x0e, 0xd0, 0x0e, 0xd0, 0x0f, 0xd8, 0x10, 0xe8, 0x10, 0xe8, 0x10, 0xe8,
    0x10, 0xe0, 0x0f, 0xe8, 0x10, 0xe8, 0x10, 0xe8, 0x0f, 0xe0, 0x10, 0xe0,
    0x10, 0xe8, 0x10, 0xe0, 0x0f, 0xe0, 0x10, 0xe0, 0x10, 0xe0, 0x0f, 0xe0,
    0x0f, 0xe0, 0x0f, 0xd8, 0x0f, 0xd8, 0x0f, 0xd8, 0x0f, 0xd8, 0x0f, 0xd8,
    0x0f, 0xd8, 0x0f, 0xd8, 0x10, 0xe0, 0x10, 0xe8, 0x10, 0xe8, 0x0f, 0xe8,
    0x10, 0xe0, 0x10, 0xe8, 0x0f, 0xe8, 0x10, 0xe8, 0x10, 0xe0, 0x10, 0xe0,
    0x10, 0xe0, 0x0f, 0xe0, 0x0f, 0xe0, 0x10, 0xe0, 0x0f, 0xe0, 0x0f, 0xe0,
    0x0f, 0xd8, 0x0f, 0xe0, 0x10, 0xe8, 0x10, 0xe8, 0x0f, 0xe8, 0x0f, 0xe0,
    0x10, 0xe8, 0x0f, 0xe8, 0x10, 0xe8, 0x10, 0xe8, 0x10, 0xe0, 0x10, 0xe8,
    0x10, 0xe0, 0x0f, 0xe0, 0x0f, 0xe0, 0x10, 0xe0, 0x0f, 0xe0, 0x10, 0xe8,
    0x10, 0xe8, 0x10, 0xe8, 0x10, 0xe8, 0x0f, 0xe8, 0x10, 0xe8, 0x10, 0xe0,
    0x10, 0xe8, 0x10, 0xe0, 0x10, 0xe8, 0x0f, 0xe0, 0x0f, 0xe0, 0x10, 0xe8,
    0x10, 0xe8, 0x10, 0xe8, 0x10, 0xe0, 0x0f, 0xe8, 0x10, 0xe8, 0x10, 0xe0,
    0x10, 0xe8, 0x0f, 0xe8, 0x10, 0xe8, 0x10, 0xe0, 0x10, 0xe0, 0x10, 0xe0,
    0x10, 0xe8, 0x0f, 0xe8, 0x10, 0xe0, 0x10, 0xe8, 0x10, 0xe8, 0x0f, 0xe0,
    0x10, 0xe8, 0x10, 0xe0, 0x10, 0xe8, 0x0f, 0xe0, 0x10, 0xe0, 0x10, 0xe8,
    0x10, 0xe8, 0x10, 0xe8, 0x10, 0xe0, 0x10, 0xe8, 0x10, 0xe0, 0x10, 0xe8,
    0x10, 0xe8, 0x0f, 0xe0, 0x10, 0xe0, 0x10, 0xe8, 0x10, 0xe8, 0x10, 0xe8,
    0x0f, 0xe8, 0x10, 0xe0, 0x0f, 0xe8, 0x10, 0xe8, 0x10, 0xe8, 0x10, 0xe0,
    0x0f, 0xe0, 0x10, 0xe0, 0x10, 0xe8, 0x10, 0xe8, 0x10, 0xe0, 0x10, 0xe8,
    0x10, 0xe8, 0x10, 0xe0, 0x0f, 0xe0, 0x10, 0xe8, 0x10, 0xe0, 0x0f, 0xe0,
    0x10, 0xe0, 0x10, 0xe8, 0x0f, 0xe8, 0x10, 0xe8, 0x10, 0xe0, 0x10, 0xe8,
    0x0f, 0xe8, 0x10, 0xe0, 0x0f, 0xe0, 0x10, 0xe0, 0x0f, 0xe0, 0x0f, 0xe0,
    0x10, 0xe0, 0x10, 0xe8, 0x0f, 0xe8, 0x10, 0xe0, 0x10, 0xe8, 0x0f, 0xe0,
    0x10, 0xe0, 0x10, 0xe0, 0x0f, 0xe0, 0x0f, 0xe0, 0x10, 0xe0, 0x0f, 0xe0,
    0x0f, 0xe0, 0x10, 0xe8, 0x10, 0xe8, 0x10, 0xe8, 0x0f, 0xe0, 0x10, 0xe0,
    0x0f, 0xe0, 0x0f, 0xe0, 0x10, 0xd8, 0x0f, 0xe0, 0x0f, 0xd8, 0x0f, 0xd8,
    0x0f, 0xd8, 0x0f, 0xd8, 0x0f, 0xe0, 0x10, 0xe8, 0x0f, 0xe0, 0x0f, 0xe0,
    0x0f, 0xe0, 0x10, 0xe0, 0x0f, 0xe0, 0x0f, 0xe0, 0x0f, 0xe0, 0x0f, 0xe0,
    0x0f, 0xe0, 0x0f, 0xd8, 0x0f, 0xd8, 0x0f, 0xd8, 0x0f, 0xd8, 0x0e, 0xd8,
    0x0e, 0xd8, 0x0f, 0xd0, 0x0e, 0xd0, 0x0e, 0xd0, 0x0f, 0xd8, 0x10, 0xe0,
    0x0f, 0xe0, 0x0f, 0xe0, 0x10, 0xe0, 0x0f, 0xd8, 0x0f, 0xe0, 0x0f, 0xe0,
    0x0f, 0xd8, 0x0f, 0xd8, 0x0f, 0xd8, 0x0f, 0xd8, 0x0f, 0xd8, 0x0f, 0xd8,
    0x0e, 0xd0, 0x0f, 0xd8, 0x0e, 0xd0, 0x0e, 0xd0, 0x0f, 0xd0, 0x0e, 0xd0,
    0x0e, 0xd0, 0x0e, 0xd0, 0x0e, 0xc8, 0x0e, 0xc8, 0x0e, 0xc8, 0x0e, 0xc8,
    0x0e, 0xd0, 0x0e, 0xd8, 0x0f, 0xd8, 0x0f, 0xd8, 0x0f, 0xd8, 0x0e, 0xd8,
    0x0f, 0xd8, 0x0f, 0xd8, 0x0e, 0xd0, 0x0f, 0xd8, 0x0e, 0xd0, 0x0f, 0xd0,
    0x0f, 0xd0, 0x0e, 0xd0, 0x0e, 0xd0, 0x0e, 0xd0, 0x0e, 0xc8, 0x0e, 0xd0,
    0x0e, 0xc8, 0x0e, 0xc8, 0x0e, 0xc8, 0x0e, 0xc8, 0x0e, 0xc8, 0x0d, 0xc8,
    0x0e, 0xc8, 0x0d, 0xc8, 0x0d, 0xc0, 0x0d, 0xc0, 0x0e, 0xc0, 0x0d, 0xc0,
    0x0d, 0xc0, 0x0e, 0xc0, 0x0d, 0xc0, 0x0d, 0xc0, 0x0e, 0xc0, 0x0d, 0xc0,
    0x0d, 0xc0, 0x0e, 0xc0, 0x0f, 0xd8, 0x10, 0xe0, 0x10, 0xe8, 0x10, 0xe0,
    0x10, 0xe0, 0x0f, 0xe0, 0x0f, 0xe0, 0x10, 0xe0, 0x0f, 0xe0, 0x10, 0xe0,
    0x0f, 0xe0, 0x0f, 0xe0, 0x0f, 0xe0, 0x0f, 0xe0, 0x0f, 0xe0, 0x0f, 0xd8,
    0x0f, 0xd8, 0x0f, 0xd8, 0x0f, 0xd8, 0x0f, 0xd8, 0x0f, 0xd8, 0x0f, 0xd8,
    0x0f, 0xd8, 0x0e, 0xd8, 0x0e, 0xd0, 0x0f, 0xd0, 0x0e, 0xd0, 0x0e, 0xd0,
    0x0e, 0xd0, 0x0e, 0xd0, 0x0e, 0xd0, 0x0e, 0xc8, 0x0f, 0xd0, 0x10, 0xe0,
    0x10, 0xe8, 0x10, 0xe8, 0x0f, 0xe8, 0x10, 0xe8, 0x10, 0xe8, 0x10, 0xe0,
    0x10, 0xe8, 0x10, 0xe0, 0x10, 0xe0, 0x0f, 0xe0, 0x0f, 0xe0, 0x10, 0xe0,
    0x10, 0xe0, 0x0f, 0xe0, 0x0f, 0xe0, 0x0f, 0xe0, 0x10, 0xd8, 0x0f, 0xd8,
    0x0f, 0xd8, 0x0f, 0xd8, 0x0f, 0xd8, 0x0f, 0xd8, 0x0f, 0xd8, 0x0f, 0xe8,
    0x10, 0xe8, 0x10, 0xe8, 0x0f, 0xe0, 0x10, 0xe8, 0x10, 0xe8, 0x10, 0xe0,
    0x10, 0xe8, 0x10, 0xe8, 0x0f, 0xe0, 0x10, 0xe8, 0x0f, 0xe0, 0x10, 0xe0,
    0x0f, 0xe0, 0x0f, 0xe0, 0x10, 0xe0, 0x0f, 0xd8, 0x0f, 0xe0, 0x10, 0xe0,
    0x10, 0xe8, 0x10, 0xe8, 0x10, 0xe0, 0x10, 0xe8, 0x10, 0xe8, 0x10, 0xe8,
    0x0f, 0xe0, 0x10, 0xe8, 0x10, 0xe8, 0x0f, 0xe0, 0x0f, 0xe0, 0x10, 0xe0,
    0x0f, 0xe0, 0x0f, 0xe0, 0x10, 0xe8, 0x10, 0xe8, 0x0f, 0xe0, 0x10, 0xe8,
    0x10, 0xe0, 0x10, 0xe8, 0x0f, 0xe8, 0x10, 0xe8, 0x0f, 0xe0, 0x10, 0xe0,
    0x0f, 0xe0, 0x0f, 0xe0, 0x10, 0xe0, 0x0f, 0xe0, 0x10, 0xe8, 0x10, 0xe8,
    0x0f, 0xe8, 0x10, 0xe8, 0x10, 0xe8, 0x0f, 0xe0, 0x10, 0xe8, 0x10, 0xe8,
    0x0f, 0xe0, 0x0f, 0xe8, 0x0f, 0xe0, 0x10, 0xe8, 0x10, 0xe8, 0x0f, 0xe0,
    0x10, 0xe8, 0x10, 0xe8, 0x10, 0xe8, 0x10, 0xe8, 0x0f, 0xe8, 0x10, 0xe8,
    0x10, 0xe0, 0x0f, 0xe0, 0x0f, 0xe8, 0x10, 0xe8, 0x10, 0xe8, 0x0f, 0xe0,
    0x0f, 0xe8, 0x10, 0xe8, 0x10, 0xe8, 0x10, 0xe0, 0x0f, 0xe0, 0x10, 0xe0,
    0x0f, 0xe8, 0x10, 0xe8, 0x10, 0xe8, 0x0f, 0xe8, 0x10, 0xe0, 0x10, 0xe8,
    0x10, 0xe8, 0x0f, 0xe8, 0x10, 0xe0, 0x0f, 0xe0, 0x0f, 0xe0, 0x10, 0xe0,
    0x10, 0xe8, 0x0f, 0xe8, 0x10, 0xe8, 0x10, 0xe8, 0x10, 0xe8, 0x0f, 0xe0,
    0x10, 0xe8, 0x10, 0xe0, 0x0f, 0xe0, 0x0f, 0xe0, 0x0f, 0xe0, 0x10, 0xe0,
    0x10, 0xe8, 0x10, 0xe8, 0x10, 0xe0, 0x0f, 0xe8, 0x10, 0xe0, 0x10, 0xe0,
    0x0f, 0xe8, 0x10, 0xe0, 0x0f, 0xe0, 0x0f, 0xe0, 0x10, 0xe0, 0x10, 0xe8,
    0x0f, 0xe8, 0x10, 0xe0, 0x10, 0xe8, 0x10, 0xe0, 0x0f, 0xe0, 0x10, 0xe0,
    0x0f, 0xe0, 0x0f, 0xe0, 0x10, 0xe0, 0x0f, 0xd8, 0x0f, 0xd8, 0x10, 0xe0,
    0x10, 0xe8, 0x0f, 0xe0, 0x0f, 0xe0, 0x10, 0xe0, 0x10, 0xe0, 0x0f, 0xe0,
    0x0f, 0xe0, 0x0f, 0xe0, 0x0f, 0xe0, 0x0f, 0xe0, 0x0f, 0xd8, 0x0f, 0xd8,
    0x0f, 0xd8, 0x10, 0xe0, 0x10, 0xe8, 0x0f, 0xe0, 0x10, 0xe0, 0x10, 0xe0,
    0x10, 0xe0, 0x0f, 0xe0, 0x0f, 0xd8, 0x10, 0xe0, 0x0f, 0xe0, 0x0f, 0xe0,
    0x0f, 0xd8, 0x0f, 0xd8, 0x0f, 0xd8, 0x0f, 0xd8, 0x0f, 0xd8, 0x0f, 0xd8,
    0x0e, 0xd0, 0x0e, 0xd0, 0x0e, 0xd0, 0x0f, 0xd8, 0x10, 0xe0, 0x0f, 0xe0,
    0x0f, 0xd8, 0x10, 0xe0, 0x0f, 0xe0, 0x0f, 0xd8, 0x0f, 0xd8, 0x0f, 0xd8,
    0x0f, 0xd8, 0x0f, 0xd8, 0x0f, 0xd8, 0x0e, 0xd8, 0x0e, 0xd0, 0x0f, 0xd0,
    0x0e, 0xd0, 0x0e, 0xd0, 0x0e, 0xd0, 0x0f, 0xd0, 0x0e, 0xd0, 0x0e, 0xd0,
    0x0e, 0xc8, 0x0e, 0xc8, 0x0e, 0xd0, 0x0e, 0xc8, 0x0e, 0xc8, 0x0d, 0xc8,
    0x0e, 0xd0, 0x0f, 0xd8, 0x0f, 0xd8, 0x0f, 0xd8, 0x0f, 0xd8, 0x0e, 0xd8,
    0x0f, 0xd8, 0x0e, 0xd0, 0x0e, 0xd8, 0x0e, 0xd0, 0x0e, 0xd0, 0x0e, 0xd0,
    0x0f, 0xd0, 0x0e, 0xd0, 0x0e, 0xd0, 0x0e, 0xd0, 0x0e, 0xc8, 0x0e, 0xc8,
    0x0e, 0xd0, 0x0d, 0xc8, 0x0e, 0xc8, 0x0e, 0xc8, 0x0d, 0xc8, 0x0e, 0xc0,
    0x0d, 0xc0, 0x0d, 0xc8, 0x0d, 0xc0, 0x0d, 0xc0, 0x0d, 0xc0, 0x0d, 0xc0,
    0x0d, 0xc0, 0x0d, 0xc0, 0x0d, 0xc0, 0x0d, 0xc0, 0x0e, 0xc8, 0x0f, 0xe0,
    0x10, 0xe8, 0x10, 0xe8, 0x0f, 0xe0, 0x10, 0xe0, 0x0f, 0xe0, 0x10, 0xe0,
    0x10, 0xe0, 0x0f, 0xe0, 0x0f, 0xe0, 0x0f, 0xe0, 0x0f, 0xe0, 0x0f, 0xe0,
    0x0f, 0xd8, 0x0f, 0xd8, 0x0f, 0xd8, 0x0f, 0xd8, 0x0f, 0xd8, 0x0f, 0xd8,
    0x0f, 0xd8, 0x0f, 0xd8, 0x0e, 0xd8, 0x0e, 0xd0, 0x0f, 0xd0, 0x0e, 0xd0,
    0x0e, 0xd0, 0x0f, 0xd0, 0x0e, 0xd0, 0x0e, 0xd0, 0x0e, 0xd0, 0x0e, 0xd0,
    0x0e, 0xc8, 0x0f, 0xd8, 0x10, 0xe0, 0x10, 0xe8, 0x10, 0xe8, 0x10, 0xe0,
    0x0f, 0xe8, 0x10, 0xe8, 0x10, 0xe0, 0x0f, 0xe8, 0x0f, 0xe0, 0x10, 0xe0,
    0x0f, 0xe8, 0x0f, 0xe0, 0x10, 0xe0, 0x0f, 0xe0, 0x0f, 0xe0, 0x0f, 0xe0,
    0x0f, 0xe0, 0x0f, 0xd8, 0x0f, 0xd8, 0x0f, 0xd8, 0x0f, 0xd8, 0x0f, 0xd8,
    0x0e, 0xd0, 0x0f, 0xd8, 0x10, 0xe8, 0x10, 0xe8, 0x10, 0xe8, 0x10, 0xe8,
    0x10, 0xe8, 0x10, 0xe8, 0x0f, 0xe8, 0x10, 0xe8, 0x10, 0xe0, 0x0f, 0xe0,
    0x10, 0xe8, 0x0f, 0xe0, 0x10, 0xe0, 0x0f, 0xe0, 0x0f, 0xe0, 0x0f, 0xe0,
    0x0f, 0xd8, 0x0f, 0xd8, 0x10, 0xe0, 0x10, 0xe8, 0x10, 0xe8, 0x0f, 0xe8,
    0x10, 0xe8, 0x10, 0xe8, 0x10, 0xe8, 0x10, 0xe0, 0x0f, 0xe8, 0x10, 0xe0,
    0x0f, 0xe0, 0x0f, 0xe0, 0x10, 0xe0, 0x0f, 0xe0, 0x0f, 0xe0, 0x10, 0xe0,
    0x10, 0xe8, 0x10, 0xe8, 0x10, 0xe8, 0x0f, 0xe8, 0x10, 0xe8, 0x10, 0xe0,
    0x10, 0xe8, 0x10, 0xe8, 0x10, 0xe0, 0x0f, 0xe8, 0x10, 0xe0, 0x10, 0xe0,
    0x0f, 0xe0, 0x10, 0xe8, 0x10, 0xe8, 0x10, 0xe0, 0x0f, 0xe8, 0x10, 0xe8,
    0x10, 0xe0, 0x10, 0xe8, 0x10, 0xe8, 0x10, 0xe0, 0x10, 0xe0, 0x0f, 0xe0,
    0x10, 0xe0, 0x10, 0xe8, 0x10, 0xe8, 0x10, 0xe8, 0x0f, 0xe8, 0x10, 0xe0,
    0x0f, 0xe8, 0x10, 0xe8, 0x10, 0xe0, 0x0f, 0xe0, 0x10, 0xe0, 0x10, 0xe0,
    0x10, 0xe8, 0x10, 0xe8, 0x10, 0xe0, 0x10, 0xe8, 0x10, 0xe8, 0x0f, 0xe8,
    0x10, 0xe8, 0x10, 0xe8, 0x10, 0xe0, 0x0f, 0xe0, 0x10, 0xe8, 0x10, 0xe8,
    0x0f, 0xe0, 0x10, 0xe8, 0x10, 0xe8, 0x10, 0xe8, 0x10, 0xe8, 0x10, 0xe8,
    0x10, 0xe8, 0x10, 0xe0, 0x0f, 0xe0, 0x10, 0xe0, 0x10, 0xe0, 0x0f, 0xe8,
    0x10, 0xe8, 0x10, 0xe0, 0x0f, 0xe8, 0x10, 0xe8, 0x10, 0xe0, 0x0f, 0xe0,
    0x10, 0xe0, 0x10, 0xe0, 0x0f, 0xe0, 0x10, 0xe0, 0x10, 0xe8, 0x0f, 0xe8,
    0x10, 0xe0, 0x10, 0xe8, 0x10, 0xe8, 0x0f, 0xe0, 0x10, 0xe0, 0x10, 0xe0,
    0x0f, 0xe0, 0x0f, 0xe0, 0x0f, 0xe0, 0x10, 0xe0, 0x10, 0xe8, 0x10, 0xe8,
    0x10, 0xe0, 0x0f, 0xe8, 0x0f, 0xe0, 0x10, 0xe0, 0x0f, 0xe0, 0x0f, 0xe0,
    0x0f, 0xe0, 0x0f, 0xd8, 0x0f, 0xd8, 0x0f, 0xe0, 0x10, 0xe0, 0x10, 0xe0,
    0x0f, 0xe0, 0x0f, 0xe0, 0x10, 0xe0, 0x0f, 0xe0, 0x0f, 0xe0, 0x10, 0xd8,
    0x0f, 0xe0, 0x0f, 0xd8, 0x0f, 0xd8, 0x0f, 0xd8, 0x0f, 0xd8, 0x0f, 0xe0,
    0x10, 0xe0, 0x10, 0xe8, 0x0f, 0xe0, 0x0f, 0xe0, 0x10, 0xe0, 0x0f, 0xe0,
    0x0f, 0xe0, 0x0f, 0xd8, 0x0f, 0xe0, 0x0f, 0xd8, 0x0f, 0xd8, 0x0f, 0xd8,
    0x0e, 0xd8, 0x0f, 0xd8, 0x0f, 0xd8, 0x0e, 0xd0, 0x0f, 0xd8, 0x0f, 0xd8,
    0x0e, 0xd0, 0x0e, 0xd0, 0x0f, 0xd8, 0x10, 0xe0, 0x0f, 0xe0, 0x0f, 0xe0,
    0x0f, 0xd8, 0x0f, 0xe0, 0x0f, 0xe0, 0x0f, 0xd8, 0x0f, 0xd8, 0x0f, 0xd8,
    0x0f, 0xd8, 0x0e, 0xd8, 0x0f, 0xd0, 0x0f, 0xd8, 0x0f, 0xd8, 0x0e, 0xd0,
    0x0e, 0xd0, 0x0e, 0xd0, 0x0e, 0xd0, 0x0e, 0xd0, 0x0e, 0xd0, 0x0e, 0xc8,
    0x0e, 0xc8, 0x0e, 0xc8, 0x0e, 0xc8, 0x0e, 0xc8, 0x0d, 0xc8, 0x0e, 0xc8,
    0x0e, 0xd8, 0x0f, 0xd8, 0x0f, 0xd8, 0x0f, 0xd8, 0x0f, 0xd0, 0x0e, 0xd0,
    0x0f, 0xd0, 0x0f, 0xd0, 0x0e, 0xd0, 0x0f, 0xd0, 0x0e, 0xd0, 0x0e, 0xd0,
    0x0e, 0xd0, 0x0e, 0xd0, 0x0e, 0xc8, 0x0e, 0xc8, 0x0e, 0xc8, 0x0e, 0xc8,
    0x0e, 0xc8, 0x0e, 0xc8, 0x0e, 0xc8, 0x0d, 0xc0, 0x0e, 0xc8, 0x0e, 0xc0,
    0x0d, 0xc0, 0x0d, 0xc0, 0x0d, 0xc0, 0x0d, 0xc0, 0x0d, 0xb8, 0x0d, 0xb8,
    0x0e, 0xc8, 0x0f, 0xd8, 0x10, 0xe8, 0x10, 0xe8, 0x10, 0xe0, 0x0f, 0xe0,
    0x0f, 0xe0, 0x10, 0xe0, 0x0f, 0xe0, 0x0f, 0xe0, 0x0f, 0xe0, 0x0f, 0xe0,
    0x0f, 0xe0, 0x10, 0xe0, 0x0f, 0xd8, 0x0f, 0xd8, 0x0f, 0xd8, 0x0f, 0xd8,
    0x0f, 0xd8, 0x0f, 0xd8, 0x0f, 0xd8, 0x0f, 0xd8, 0x0f, 0xd8, 0x0e, 0xd0,
    0x0e, 0xd0, 0x0e, 0xd0, 0x0f, 0xd0, 0x0e, 0xd0, 0x0e, 0xd0, 0x0e, 0xd0,
    0x0e, 0xd0, 0x0e, 0xd0, 0x0e, 0xc8, 0x0e, 0xc8, 0x0f, 0xd8, 0x10, 0xe8,
    0x10, 0xe8, 0x0f, 0xe8, 0x10, 0xe8, 0x10, 0xe0, 0x10, 0xe8, 0x10, 0xe8,
    0x10, 0xe0, 0x10, 0xe8, 0x0f, 0xe0, 0x0f, 0xe0, 0x0f, 0xe0, 0x10, 0xe0,
    0x0f, 0xe0, 0x0f, 0xe0, 0x0f, 0xe0, 0x0f, 0xd8, 0x0f, 0xd8, 0x0f, 0xd8,
    0x0f, 0xd8, 0x0f, 0xd8, 0x0e, 0xd8, 0x0e, 0xd0, 0x0f, 0xd8, 0x10, 0xe8,
    0x10, 0xe8, 0x0f, 0xe8, 0x0f, 0xe0, 0x10, 0xe8, 0x10, 0xe8, 0x0f, 0xe0,
    0x10, 0xe8, 0x10, 0xe0, 0x0f, 0xe0, 0x10, 0xe0, 0x0f, 0xe0, 0x10, 0xe0,
    0x0f, 0xe0, 0x0f, 0xe0, 0x10, 0xe0, 0x0f, 0xd8, 0x0f, 0xd8, 0x0f, 0xe0,
    0x10, 0xe8, 0x10, 0xe8, 0x0f, 0xe8, 0x10, 0xe0, 0x10, 0xe8, 0x0f, 0xe8,
    0x0f, 0xe0, 0x10, 0xe8, 0x10, 0xe8, 0x10, 0xe0, 0x0f, 0xe0, 0x10, 0xe0,
    0x0f, 0xe0, 0x0f, 0xe0, 0x10, 0xe0, 0x10, 0xe0, 0x10, 0xe8, 0x0f, 0xe8,
    0x10, 0xe0, 0x10, 0xe8, 0x0f, 0xe8, 0x10, 0xe8, 0x10, 0xe8, 0x0f, 0xe0,
    0x10, 0xe0, 0x10, 0xe8, 0x0f, 0xe0, 0x10, 0xe0, 0x0f, 0xe0, 0x10, 0xe8,
    0x10, 0xe8, 0x10, 0xe0, 0x10, 0xe8, 0x10, 0xe8, 0x0f, 0xe8, 0x10, 0xe8,
    0x10, 0xe0, 0x0f, 0xe8, 0x0f, 0xe0, 0x10, 0xe0, 0x10, 0xe0, 0x10, 0xe8,
    0x0f, 0xe8, 0x10, 0xe0, 0x10, 0xe8, 0x10, 0xe8, 0x10, 0xe0, 0x10, 0xe8,
    0x10, 0xe8, 0x10, 0xe0, 0x0f, 0xe0, 0x0f, 0xe0, 0x10, 0xe0, 0x10, 0xe8,
    0x0f, 0xe8, 0x10, 0xe8, 0x10, 0xe0, 0x10, 0xe8, 0x0f, 0xe8, 0x10, 0xe0,
    0x10, 0xe0, 0x0f, 0xe0, 0x10, 0xe0, 0x10, 0xe8, 0x10, 0xe8, 0x10, 0xe0,
    0x0f, 0xe8, 0x10, 0xe0, 0x0f, 0xe0, 0x10, 0xe8, 0x10, 0xe0, 0x0f, 0xe8,
    0x0f, 0xe0, 0x0f, 0xe0, 0x10, 0xe0, 0x10, 0xe8, 0x10, 0xe8, 0x10, 0xe8,
    0x0f, 0xe8, 0x10, 0xe8, 0x10, 0xe0, 0x0f, 0xe8, 0x10, 0xe0, 0x0f, 0xe0,
    0x0f, 0xe0, 0x10, 0xe0, 0x10, 0xe8, 0x0f, 0xe8, 0x10, 0xe0, 0x10, 0xe0,
    0x10, 0xe8, 0x0f, 0xe0, 0x0f, 0xe0, 0x10, 0xe0, 0x10, 0xe0, 0x0f, 0xe0,
    0x0f, 0xd8, 0x0f, 0xe0, 0x10, 0xe8, 0x10, 0xe0, 0x10, 0xe8, 0x0f, 0xe0,
    0x10, 0xe0, 0x10, 0xe0, 0x10, 0xe0, 0x0f, 0xe0, 0x0f, 0xe0, 0x10, 0xe0,
    0x0f, 0xe0, 0x0f, 0xd8, 0x0f, 0xe0, 0x10, 0xe8, 0x10, 0xe8, 0x0f, 0xe0,
    0x10, 0xe0, 0x0f, 0xe0, 0x0f, 0xe0, 0x10, 0xe0, 0x0f, 0xe0, 0x0f, 0xd8,
    0x0f, 0xd8, 0x0f, 0xd8, 0x0f, 0xd8, 0x0e, 0xd8, 0x0f, 0xe0, 0x10, 0xe0,
    0x10, 0xe8, 0x0f, 0xe0, 0x10, 0xe0, 0x0f, 0xe0, 0x0f, 0xe0, 0x10, 0xe0,
    0x0f, 0xe0, 0x0f, 0xe0, 0x0f, 0xd8, 0x0f, 0xd8, 0x0f, 0xd8, 0x0f, 0xd8,
    0x0e, 0xd8, 0x0f, 0xd8, 0x0f, 0xd8, 0x0f, 0xd0, 0x0e, 0xd0, 0x0e, 0xd0,
    0x0e, 0xd0, 0x0f, 0xd8, 0x0f, 0xe0, 0x0f, 0xe0, 0x10, 0xe0, 0x0f, 0xe0,
    0x0f, 0xd8, 0x0f, 0xd8, 0x0f, 0xd8, 0x0f, 0xd8, 0x0f, 0xd8, 0x0f, 0xd8,
    0x0e, 0xd8, 0x0e, 0xd0, 0x0f, 0xd8, 0x0f, 0xd0, 0x0e, 0xd0, 0x0f, 0xd0,
    0x0e, 0xd0, 0x0e, 0xd0, 0x0e, 0xd0, 0x0e, 0xd0, 0x0e, 0xc8, 0x0e, 0xd0,
    0x0e, 0xc8, 0x0e, 0xc8, 0x0e, 0xc8, 0x0d, 0xc8, 0x0e, 0xc8, 0x0e, 0xd0,
    0x0f, 0xd8, 0x0f, 0xd8, 0x0f, 0xd8, 0x0f, 0xd8, 0x0e, 0xd8, 0x0f, 0xd8,
    0x0f, 0xd0, 0x0e, 0xd0, 0x0e, 0xd0, 0x0e, 0xd0, 0x0e, 0xd0, 0x0e, 0xd0,
    0x0e, 0xd0, 0x0e, 0xd0, 0x0e, 0xc8, 0x0e, 0xc8, 0x0e, 0xc8, 0x0e, 0xc8,
    0x0e, 0xc8, 0x0d, 0xc8, 0x0e, 0xc8, 0x0e, 0xc8, 0x0d, 0xc0, 0x0d, 0xc0,
    0x0d, 0xb8, 0x0d, 0xb8, 0x0d, 0xc0, 0x0e, 0xd0, 0x10, 0xe0, 0x10, 0xe8,
    0x10, 0xe0, 0x0f, 0xe0, 0x0f, 0xe0, 0x10, 0xe0, 0x10, 0xe0, 0x0f, 0xe0,
    0x0f, 0xe0, 0x0f, 0xe0, 0x10, 0xe0, 0x0f, 0xe0, 0x0f, 0xd8, 0x0f, 0xd8,
    0x0f, 0xd8, 0x0f, 0xd8, 0x0f, 0xd8, 0x0f, 0xd8, 0x0f, 0xd8, 0x0f, 0xd8,
    0x0e, 0xd8, 0x0e, 0xd0, 0x0f, 0xd8, 0x0e, 0xd0, 0x0e, 0xd0, 0x0f, 0xd0,
    0x0e, 0xd0, 0x0e, 0xd0, 0x0e, 0xd0, 0x0e, 0xd0, 0x0e, 0xc8, 0x0e, 0xc8,
    0x0e, 0xd0, 0x0f, 0xd8, 0x10, 0xe8, 0x10, 0xe8, 0x10, 0xe8, 0x0f, 0xe8,
    0x10, 0xe8, 0x0f, 0xe0, 0x10, 0xe0, 0x0f, 0xe8, 0x10, 0xe0, 0x10, 0xe0,
    0x0f, 0xe0, 0x10, 0xe0, 0x0f, 0xe0, 0x0f, 0xe0, 0x0f, 0xe0, 0x0f, 0xe0,
    0x0f, 0xd8, 0x0f, 0xd8, 0x0f, 0xd8, 0x0f, 0xd8, 0x0e, 0xd8, 0x0e, 0xd8,
    0x0e, 0xd0, 0x0f, 0xd8, 0x10, 0xe8, 0x10, 0xe8, 0x10, 0xe8, 0x10, 0xe8,
    0x10, 0xe8, 0x10, 0xe0, 0x0f, 0xe8, 0x10, 0xe8, 0x10, 0xe0, 0x10, 0xe8,
    0x0f, 0xe8, 0x0f, 0xe0, 0x10, 0xe0, 0x10, 0xe0, 0x0f, 0xe0, 0x0f, 0xe0,
    0x0f, 0xd8, 0x0f, 0xd8, 0x0f, 0xe0, 0x10, 0xe8, 0x10, 0xe8, 0x10, 0xe8,
    0x10, 0xe8, 0x10, 0xe0, 0x10, 0xe8, 0x10, 0xe8, 0x10, 0xe0, 0x10, 0xe8,
    0x10, 0xe0, 0x0f, 0xe0, 0x10, 0xe0, 0x10, 0xe0, 0x0f, 0xe0, 0x0f, 0xe0,
    0x10, 0xe0, 0x10, 0xe8, 0x0f, 0xe8, 0x10, 0xe8, 0x10, 0xe0, 0x10, 0xe8,
    0x10, 0xe8, 0x0f, 0xe0, 0x10, 0xe8, 0x10, 0xe0, 0x0f, 0xe0, 0x0f, 0xe0,
    0x0f, 0xe0, 0x0f, 0xe0, 0x10, 0xe8, 0x10, 0xe8, 0x0f, 0xe8, 0x10, 0xe8,
    0x10, 0xe0, 0x0f, 0xe8, 0x10, 0xe8, 0x10, 0xe8, 0x10, 0xe0, 0x10, 0xe0,
    0x0f, 0xe0, 0x0f, 0xe0, 0x10, 0xe0, 0x10, 0xe8, 0x0f, 0xe8, 0x10, 0xe8,
    0x10, 0xe8, 0x0f, 0xe8, 0x10, 0xe8, 0x0f, 0xe8, 0x10, 0xe8, 0x10, 0xe0,
    0x0f, 0xe0, 0x0f, 0xe0, 0x10, 0xe8, 0x10, 0xe8, 0x0f, 0xe8, 0x10, 0xe8,
    0x10, 0xe0, 0x10, 0xe8, 0x0f, 0xe8, 0x10, 0xe0, 0x10, 0xe8, 0x0f, 0xe0,
    0x0f, 0xe0, 0x10, 0xe8, 0x10, 0xe8, 0x0f, 0xe8, 0x10, 0xe8, 0x10, 0xe8,
    0x10, 0xe8, 0x0f, 0xe0, 0x10, 0xe0, 0x10, 0xe8, 0x0f, 0xe0, 0x0f, 0xe0,
    0x10, 0xe0, 0x10, 0xe8, 0x0f, 0xe8, 0x10, 0xe0, 0x10, 0xe8, 0x10, 0xe0,
    0x10, 0xe8, 0x10, 0xe8, 0x0f, 0xe0, 0x10, 0xe0, 0x0f, 0xe0, 0x0f, 0xe0,
    0x10, 0xe8, 0x10, 0xe8, 0x10, 0xe8, 0x0f, 0xe8, 0x10, 0xe0, 0x10, 0xe8,
    0x0f, 0xe0, 0x0f, 0xe0, 0x10, 0xe0, 0x0f, 0xe0, 0x0f, 0xe0, 0x0f, 0xe0,
    0x10, 0xe0, 0x10, 0xe8, 0x0f, 0xe0, 0x10, 0xe0, 0x0f, 0xe0, 0x0f, 0xe0,
    0x10, 0xe0, 0x0f, 0xe0, 0x0f, 0xe0, 0x0f, 0xd8, 0x0f, 0xd8, 0x0f, 0xd8,
    0x0f, 0xe0, 0x0f, 0xe0, 0x10, 0xe0, 0x10, 0xe0, 0x0f, 0xe0, 0x10, 0xe0,
    0x0f, 0xe0, 0x0f, 0xe0, 0x0f, 0xe0, 0x0f, 0xe0, 0x0f, 0xd8, 0x0f, 0xd8,
    0x0f, 0xd8, 0x0f, 0xd8, 0x0e, 0xd8, 0x0f, 0xd8, 0x10, 0xe0, 0x0f, 0xe0,
    0x10, 0xe0, 0x0f, 0xe0, 0x0f, 0xd8, 0x10, 0xe0, 0x0f, 0xe0, 0x0f, 0xe0,
    0x0f, 0xe0, 0x0f, 0xd8, 0x0f, 0xd8, 0x0f, 0xd8, 0x0f, 0xd8, 0x0f, 0xd8,
    0x0e, 0xd0, 0x0e, 0xd0, 0x0f, 0xd8, 0x0f, 0xd0, 0x0e, 0xd0, 0x0e, 0xd0,
    0x0f, 0xd8, 0x0f, 0xe0, 0x0f, 0xe0, 0x0f, 0xd8, 0x0f, 0xe0, 0x0f, 0xe0,
    0x0f, 0xd8, 0x0f, 0xd8, 0x0f, 0xd8, 0x0f, 0xd8, 0x0f, 0xd8, 0x0e, 0xd8,
    0x0e, 0xd0, 0x0f, 0xd8, 0x0e, 0xd8, 0x0f, 0xd0, 0x0e, 0xd0, 0x0e, 0xd0,
    0x0e, 0xd0, 0x0e, 0xd0, 0x0e, 0xc8, 0x0e, 0xd0, 0x0e, 0xc8, 0x0e, 0xc8,
    0x0e, 0xc8, 0x0e, 0xc8, 0x0d, 0xc8, 0x0d, 0xc0, 0x0e, 0xc8, 0x0e, 0xd8,
    0x0f, 0xd8, 0x0e, 0xd8, 0x0f, 0xd8, 0x0e, 0xd0, 0x0e, 0xd8, 0x0f, 0xd8,
    0x0f, 0xd0, 0x0f, 0xd0, 0x0e, 0xd0, 0x0e, 0xd0, 0x0e, 0xd0, 0x0e, 0xd0,
    0x0e, 0xc8, 0x0e, 0xd0, 0x0e, 0xc8, 0x0d, 0xc8, 0x0e, 0xc8, 0x0e, 0xc8,
    0x0d, 0xc8, 0x0d, 0xc8, 0x0e, 0xc8, 0x0d, 0xc0, 0x0d, 0xb8, 0x0e, 0xd0,
    0x0f, 0xe0, 0x10, 0xe8, 0x10, 0xe8, 0x10, 0xe0, 0x0f, 0xe0, 0x0f, 0xe0,
    0x10, 0xe0, 0x0f, 0xe0, 0x0f, 0xe0, 0x0f, 0xe0, 0x10, 0xe0, 0x0f, 0xe0,
    0x0f, 0xd8, 0x0f, 0xd8, 0x0f, 0xd8, 0x0f, 0xd8, 0x0f, 0xd8, 0x0f, 0xd8,
    0x0f, 0xd8, 0x0f, 0xd8, 0x0e, 0xd0, 0x0f, 0xd0, 0x0e, 0xd0, 0x0f, 0xd0,
    0x0e, 0xd0, 0x0e, 0xd0, 0x0e, 0xd0, 0x0e, 0xd0, 0x0e, 0xd0, 0x0e, 0xd0,
    0x0e, 0xc8, 0x0e, 0xc8, 0x0e, 0xc8, 0x0e, 0xd0, 0x0f, 0xe0, 0x10, 0xe8,
    0x10, 0xe8, 0x10, 0xe8, 0x10, 0xe0, 0x10, 0xe8, 0x10, 0xe0, 0x10, 0xe0,
    0x0f, 0xe8, 0x0f, 0xe0, 0x0f, 0xe0, 0x10, 0xe0, 0x0f, 0xe0, 0x0f, 0xe0,
    0x10, 0xe0, 0x0f, 0xd8, 0x0f, 0xd8, 0x0f, 0xd8, 0x0f, 0xd8, 0x0f, 0xd8,
    0x0f, 0xd8, 0x0e, 0xd0, 0x0f, 0xd0, 0x0e, 0xd0, 0x0f, 0xd8, 0x10, 0xe8,
    0x10, 0xe8, 0x0f, 0xe8, 0x10, 0xe0, 0x10, 0xe8, 0x0f, 0xe8, 0x10, 0xe8,
    0x10, 0xe8, 0x10, 0xe0, 0x10, 0xe0, 0x0f, 0xe0, 0x10, 0xe0, 0x0f, 0xe0,
    0x0f, 0xe0, 0x0f, 0xe0, 0x0f, 0xe0, 0x0f, 0xd8, 0x0f, 0xd8, 0x0f, 0xd8,
    0x10, 0xe8, 0x10, 0xe8, 0x10, 0xe0, 0x0f, 0xe8, 0x10, 0xe8, 0x0f, 0xe8,
    0x10, 0xe8, 0x10, 0xe8, 0x0f, 0xe0, 0x10, 0xe8, 0x0f, 0xe0, 0x0f, 0xe0,
    0x0f, 0xe0, 0x0f, 0xe0, 0x0f, 0xe0, 0x0f, 0xe0, 0x10, 0xe0, 0x10, 0xe8,
    0x10, 0xe8, 0x10, 0xe8, 0x0f, 0xe8, 0x10, 0xe8, 0x10, 0xe0, 0x10, 0xe8,
    0x10, 0xe8, 0x0f, 0xe0, 0x10, 0xe0, 0x0f, 0xe0, 0x10, 0xe0, 0x10, 0xe0,
    0x10, 0xe8, 0x10, 0xe0, 0x0f, 0xe8, 0x10, 0xe8, 0x10, 0xe8, 0x0f, 0xe0,
    0x10, 0xe8, 0x10, 0xe8, 0x0f, 0xe0, 0x0f, 0xe0, 0x10, 0xe0, 0x0f, 0xe0,
    0x10, 0xe0, 0x10, 0xe8, 0x10, 0xe8, 0x10, 0xe0, 0x10, 0xe8, 0x0f, 0xe0,
    0x10, 0xe8, 0x10, 0xe0, 0x0f, 0xe0, 0x10, 0xe8, 0x10, 0xe0, 0x0f, 0xe0,
    0x10, 0xe8, 0x10, 0xe8, 0x10, 0xe0, 0x0f, 0xe8, 0x10, 0xe8, 0x10, 0xe8,
    0x10, 0xe8, 0x10, 0xe0, 0x10, 0xe8, 0x0f, 0xe0, 0x10, 0xe0, 0x10, 0xe8,
    0x10, 0xe8, 0x10, 0xe8, 0x10, 0xe0, 0x10, 0xe8, 0x10, 0xe8, 0x10, 0xe8,
    0x10, 0xe0, 0x10, 0xe0, 0x0f, 0xe0, 0x0f, 0xe0, 0x0f, 0xe0, 0x10, 0xe0,
    0x10, 0xe8, 0x0f, 0xe8, 0x10, 0xe8, 0x10, 0xe0, 0x0f, 0xe0, 0x10, 0xe0,
    0x0f, 0xe0, 0x10, 0xe0, 0x10, 0xe0, 0x0f, 0xe0, 0x10, 0xe0, 0x10, 0xe8,
    0x10, 0xe8, 0x10, 0xe0, 0x10, 0xe8, 0x10, 0xe8, 0x0f, 0xe0, 0x10, 0xe0,
    0x10, 0xe0, 0x0f, 0xe0, 0x0f, 0xd8, 0x0f, 0xe0, 0x0f, 0xe0, 0x10, 0xe8,
    0x10, 0xe8, 0x10, 0xe0, 0x0f, 0xe8, 0x0f, 0xe0, 0x10, 0xe0, 0x10, 0xe0,
    0x0f, 0xe0, 0x0f, 0xe0, 0x0f, 0xd8, 0x0f, 0xe0, 0x0f, 0xd8, 0x0f, 0xe0,
    0x10, 0xe0, 0x0f, 0xe0, 0x10, 0xe0, 0x10, 0xe0, 0x0f, 0xe0, 0x0f, 0xd8,
    0x10, 0xe0, 0x0f, 0xe0, 0x0f, 0xe0, 0x0f, 0xd8, 0x0f, 0xd8, 0x0f, 0xd8,
    0x0f, 0xd8, 0x0f, 0xd8, 0x0f, 0xe0, 0x0f, 0xe0, 0x10, 0xe0, 0x10, 0xe0,
    0x0f, 0xe0, 0x0f, 0xe0, 0x0f, 0xd8, 0x10, 0xe0, 0x0f, 0xe0, 0x0f, 0xd8,
    0x0f, 0xd8, 0x0f, 0xd8, 0x0e, 0xd8, 0x0f, 0xd8, 0x0f, 0xd8, 0x0e, 0xd8,
    0x0f, 0xd0, 0x0e, 0xd0, 0x0e, 0xd0, 0x0e, 0xd0, 0x0e, 0xd0, 0x0f, 0xd0,
    0x0f, 0xe0, 0x10, 0xe0, 0x0f, 0xe0, 0x0f, 0xd8, 0x0f, 0xd8, 0x0f, 0xd8,
    0x0f, 0xd8, 0x0f, 0xd8, 0x0f, 0xd8, 0x0f, 0xd0, 0x0e, 0xd0, 0x0f, 0xd8,
    0x0f, 0xd0, 0x0e, 0xd0, 0x0f, 0xd0, 0x0e, 0xd0, 0x0e, 0xd0, 0x0e, 0xd0,
    0x0e, 0xc8, 0x0e, 0xc8, 0x0e, 0xc8, 0x0e, 0xc8, 0x0d, 0xc8, 0x0e, 0xc8,
    0x0e, 0xc8, 0x0d, 0xc8, 0x0d, 0xc0, 0x0e, 0xc0, 0x0e, 0xd0, 0x0f, 0xd8,
    0x0f, 0xd8, 0x0f, 0xd0, 0x0e, 0xd0, 0x0e, 0xd8, 0x0f, 0xd0, 0x0e, 0xd0,
    0x0e, 0xd0, 0x0f, 0xd0, 0x0e, 0xd0, 0x0e, 0xc8, 0x0e, 0xd0, 0x0e, 0xd0,
    0x0e, 0xc8, 0x0e, 0xc8, 0x0e, 0xd0, 0x0e, 0xc8, 0x0e, 0xc8, 0x0e, 0xc8,
    0x0e, 0xc8, 0x0d, 0xc0, 0x0f, 0xe0, 0x10, 0xe0, 0x10, 0xe8, 0x0f, 0xe0,
    0x0f, 0xe0, 0x10, 0xe0, 0x0f, 0xe0, 0x0f, 0xe0, 0x0f, 0xe0, 0x0f, 0xe0,
    0x0f, 0xe0, 0x10, 0xe0, 0x0f, 0xd8, 0x0f, 0xd8, 0x0f, 0xd8, 0x0f, 0xd8,
    0x0f, 0xd8, 0x0f, 0xd8, 0x0f, 0xd8, 0x0f, 0xd8, 0x0e, 0xd8, 0x0e, 0xd8,
    0x0e, 0xd0, 0x0e, 0xd0, 0x0f, 0xd8, 0x0e, 0xd0, 0x0e, 0xd0, 0x0e, 0xd0,
    0x0e, 0xd0, 0x0e, 0xd0, 0x0e, 0xc8, 0x0e, 0xc8, 0x0e, 0xc8, 0x0e, 0xc8,
    0x0f, 0xd0, 0x10, 0xe0, 0x10, 0xe8, 0x10, 0xe8, 0x10, 0xe8, 0x0f, 0xe0,
    0x10, 0xe8, 0x10, 0xe8, 0x0f, 0xe0, 0x10, 0xe0, 0x10, 0xe0, 0x0f, 0xe0,
    0x10, 0xe0, 0x0f, 0xe0, 0x0f, 0xe0, 0x0f, 0xe0, 0x0f, 0xd8, 0x0f, 0xd8,
    0x0f, 0xd8, 0x0f, 0xd8, 0x0f, 0xd8, 0x0f, 0xd8, 0x0e, 0xd8, 0x0e, 0xd0,
    0x0e, 0xd0, 0x0f, 0xd8, 0x10, 0xe0, 0x10, 0xe8, 0x10, 0xe8, 0x0f, 0xe8,
    0x10, 0xe8, 0x10, 0xe0, 0x0f, 0xe8, 0x10, 0xe0, 0x10, 0xe0, 0x0f, 0xe8,
    0x0f, 0xe0, 0x10, 0xe0, 0x0f, 0xe0, 0x0f, 0xe0, 0x0f, 0xe0, 0x0f, 0xd8,
    0x0f, 0xd8, 0x0f, 0xd8, 0x0f, 0xd8, 0x0f, 0xe0, 0x10, 0xe8, 0x10, 0xe8,
    0x0f, 0xe8, 0x10, 0xe0, 0x10, 0xe8, 0x10, 0xe0, 0x0f, 0xe8, 0x10, 0xe0,
    0x10, 0xe0, 0x0f, 0xe8, 0x10, 0xe0, 0x10, 0xe0, 0x0f, 0xe0, 0x0f, 0xe0,
    0x0f, 0xd8, 0x10, 0xe0, 0x10, 0xe8, 0x0f, 0xe8, 0x10, 0xe0, 0x10, 0xe0,
    0x0f, 0xe8, 0x10, 0xe8, 0x10, 0xe8, 0x0f, 0xe0, 0x10, 0xe8, 0x10, 0xe0,
    0x0f, 0xe0, 0x0f, 0xe0, 0x0f, 0xe0, 0x10, 0xe0, 0x10, 0xe8, 0x10, 0xe8,
    0x10, 0xe0, 0x10, 0xe8, 0x10, 0xe8, 0x10, 0xe8, 0x10, 0xe0, 0x10, 0xe8,
    0x0f, 0xe0, 0x10, 0xe0, 0x10, 0xe0, 0x0f, 0xe0, 0x0f, 0xe8, 0x10, 0xe8,
    0x10, 0xe8, 0x0f, 0xe8, 0x10, 0xe0, 0x10, 0xe8, 0x10, 0xe8, 0x10, 0xe0,
    0x0f, 0xe0, 0x0f, 0xe0, 0x10, 0xe0, 0x0f, 0xe0, 0x10, 0xe8, 0x10, 0xe8,
    0x10, 0xe0, 0x10, 0xe8, 0x0f, 0xe8, 0x10, 0xe0, 0x0f, 0xe8, 0x10, 0xe8,
    0x0f, 0xe0, 0x0f, 0xe0, 0x10, 0xe0, 0x10, 0xe8, 0x0f, 0xe8, 0x10, 0xe0,
    0x0f, 0xe8, 0x0f, 0xe8, 0x10, 0xe8, 0x0f, 0xe8, 0x10, 0xe8, 0x0f, 0xe0,
    0x10, 0xe0, 0x10, 0xe0, 0x0f, 0xe0, 0x10, 0xe8, 0x10, 0xe8, 0x10, 0xe8,
    0x10, 0xe8, 0x0f, 0xe8, 0x10, 0xe8, 0x10, 0xe0, 0x0f, 0xe0, 0x0f, 0xe0,
    0x10, 0xe0, 0x0f, 0xe0, 0x0f, 0xe0, 0x10, 0xe0, 0x0f, 0xe8, 0x10, 0xe8,
    0x10, 0xe0, 0x10, 0xe0, 0x0f, 0xe0, 0x0f, 0xe0, 0x10, 0xe0, 0x0f, 0xe0,
    0x0f, 0xe0, 0x10, 0xd8, 0x0f, 0xd8, 0x10, 0xe0, 0x10, 0xe8, 0x10, 0xe8,
    0x10, 0xe0, 0x0f, 0xe0, 0x10, 0xe0, 0x10, 0xe0, 0x0f, 0xe0, 0x0f, 0xe0,
    0x10, 0xe0, 0x0f, 0xd8, 0x0f, 0xd8, 0x0f, 0xd8, 0x0f, 0xe0, 0x10, 0xe8,
    0x0f, 0xe0, 0x10, 0xe0, 0x0f, 0xe0, 0x0f, 0xe0, 0x10, 0xd8, 0x0f, 0xe0,
    0x0f, 0xd8, 0x0f, 0xe0, 0x0f, 0xd8, 0x0f, 0xd8, 0x0f, 0xd8, 0x0e, 0xd8,
    0x0f, 0xd8, 0x0f, 0xe0, 0x10, 0xe0, 0x10, 0xe0, 0x0f, 0xe0, 0x0f, 0xe0,
    0x0f, 0xd8, 0x0f, 0xe0, 0x0f, 0xe0, 0x0f, 0xd8, 0x0f, 0xd8, 0x0f, 0xd8,
    0x0f, 0xd8, 0x0f, 0xd8, 0x0e, 0xd8, 0x0f, 0xd8, 0x0e, 0xd0, 0x0e, 0xd0,
    0x0f, 0xd8, 0x0f, 0xd0, 0x0e, 0xd0, 0x0e, 0xd0, 0x0f, 0xd0, 0x0f, 0xd8,
    0x0f, 0xe0, 0x0f, 0xe0, 0x0f, 0xe0, 0x0f, 0xe0, 0x0f, 0xd8, 0x0e, 0xd8,
    0x0f, 0xd8, 0x0f, 0xd8, 0x0e, 0xd8, 0x0f, 0xd0, 0x0e, 0xd0, 0x0e, 0xd8,
    0x0f, 0xd0, 0x0e, 0xd0, 0x0e, 0xd0, 0x0e, 0xd0, 0x0e, 0xd0, 0x0e, 0xd0,
    0x0e, 0xc8, 0x0e, 0xd0, 0x0e, 0xc8, 0x0e, 0xc8, 0x0e, 0xc8, 0x0d, 0xc8,
    0x0e, 0xc0, 0x0d, 0xc0, 0x0d, 0xc0, 0x0e, 0xc8, 0x0e, 0xd8, 0x0f, 0xd8,
    0x0f, 0xd8, 0x0e, 0xd0, 0x0f, 0xd0, 0x0e, 0xd8, 0x0e, 0xd0, 0x0e, 0xd0,
    0x0e, 0xd0, 0x0e, 0xd0, 0x0e, 0xc8, 0x0e, 0xd0, 0x0e, 0xc8, 0x0e, 0xc8,
    0x0e, 0xc8, 0x0d, 0xc8, 0x0e, 0xc8, 0x0e, 0xc8, 0x0d, 0xc0, 0x0e, 0xc8,
    0x10, 0xe0, 0x0f, 0xe0, 0x10, 0xe0, 0x10, 0xe0, 0x0f, 0xe0, 0x0f, 0xe0,
    0x10, 0xe0, 0x0f, 0xe0, 0x10, 0xe0, 0x0f, 0xd8, 0x0f, 0xd8, 0x0f, 0xd8,
    0x0f, 0xd8, 0x0f, 0xd8, 0x0f, 0xd8, 0x0f, 0xd8, 0x0f, 0xd8, 0x0e, 0xd8,
    0x0e, 0xd8, 0x0f, 0xd0, 0x0f, 0xd0, 0x0e, 0xd0, 0x0e, 0xd0, 0x0e, 0xd0,
    0x0e, 0xd0, 0x0e, 0xd0, 0x0e, 0xd0, 0x0e, 0xd0, 0x0e, 0xc8, 0x0e, 0xc8,
    0x0e, 0xc8, 0x0e, 0xc8, 0x0e, 0xc8, 0x0f, 0xd8, 0x0f, 0xe8, 0x10, 0xe8,
    0x10, 0xe8, 0x10, 0xe8, 0x10, 0xe0, 0x10, 0xe8, 0x0f, 0xe0, 0x10, 0xe8,
    0x0f, 0xe0, 0x0f, 0xe0, 0x10, 0xe0, 0x10, 0xe0, 0x0f, 0xe0, 0x0f, 0xe0,
    0x0f, 0xe0, 0x0f, 0xd8, 0x0f, 0xd8, 0x0f, 0xd8, 0x0f, 0xd8, 0x0f, 0xd8,
    0x0f, 0xd8, 0x0e, 0xd0, 0x0f, 0xd0, 0x0e, 0xd0, 0x0f, 0xd8, 0x10, 0xe8,
    0x10, 0xe8, 0x10, 0xe8, 0x10, 0xe8, 0x10, 0xe8, 0x10, 0xe8, 0x10, 0xe8,
    0x10, 0xe8, 0x10, 0xe0, 0x10, 0xe8, 0x0f, 0xe0, 0x0f, 0xe0, 0x10, 0xe0,
    0x0f, 0xe0, 0x0f, 0xe0, 0x10, 0xe0, 0x0f, 0xd8, 0x0f, 0xd8, 0x0f, 0xd8,
    0x0f, 0xe0, 0x10, 0xe8, 0x10, 0xe8, 0x10, 0xe8, 0x10, 0xe8, 0x10, 0xe8,
    0x10, 0xe8, 0x10, 0xe8, 0x0f, 0xe0, 0x10, 0xe8, 0x10, 0xe0, 0x0f, 0xe0,
    0x0f, 0xe0, 0x0f, 0xe0, 0x0f, 0xe0, 0x0f, 0xd8, 0x0f, 0xe0, 0x10, 0xe8,
    0x10, 0xe8, 0x10, 0xe8, 0x10, 0xe8, 0x10, 0xe8, 0x10, 0xe0, 0x10, 0xe8,
    0x0f, 0xe8, 0x10, 0xe0, 0x0f, 0xe0, 0x10, 0xe0, 0x10, 0xe0, 0x0f, 0xe0,
    0x0f, 0xe0, 0x10, 0xe0, 0x0f, 0xe8, 0x0f, 0xe8, 0x10, 0xe8, 0x0f, 0xe0,
    0x10, 0xe8, 0x0f, 0xe8, 0x10, 0xe8, 0x10, 0xe0, 0x0f, 0xe0, 0x0f, 0xe0,
    0x0f, 0xe0, 0x10, 0xe0, 0x10, 0xe8, 0x10, 0xe8, 0x0f, 0xe8, 0x10, 0xe8,
    0x10, 0xe8, 0x0f, 0xe8, 0x10, 0xe8, 0x10, 0xe8, 0x10, 0xe0, 0x0f, 0xe0,
    0x0f, 0xe0, 0x0f, 0xe0, 0x10, 0xe8, 0x10, 0xe8, 0x0f, 0xe8, 0x10, 0xe8,
    0x10, 0xe8, 0x10, 0xe0, 0x10, 0xe8, 0x10, 0xe0, 0x10, 0xe0, 0x0f, 0xe0,
    0x10, 0xe0, 0x10, 0xe8, 0x0f, 0xe8, 0x10, 0xe8, 0x10, 0xe8, 0x10, 0xe0,
    0x10, 0xe8, 0x10, 0xe0, 0x10, 0xe0, 0x0f, 0xe0, 0x0f, 0xe0, 0x0f, 0xe0,
    0x0f, 0xe0, 0x10, 0xe0, 0x10, 0xe8, 0x0f, 0xe0, 0x10, 0xe8, 0x10, 0xe8,
    0x10, 0xe0, 0x0f, 0xe8, 0x10, 0xe0, 0x0f, 0xe0, 0x0f, 0xe0, 0x0f, 0xe0,
    0x0f, 0xe0, 0x10, 0xe8, 0x10, 0xe8, 0x0f, 0xe8, 0x10, 0xe0, 0x10, 0xe8,
    0x0f, 0xe0, 0x10, 0xe0, 0x10, 0xe0, 0x0f, 0xe0, 0x0f, 0xe0, 0x0f, 0xe0,
    0x0f, 0xd8, 0x0f, 0xe0, 0x10, 0xe8, 0x10, 0xe8, 0x0f, 0xe0, 0x0f, 0xe0,
    0x10, 0xe0, 0x0f, 0xe0, 0x0f, 0xe0, 0x0f, 0xe0, 0x0f, 0xd8, 0x0f, 0xe0,
    0x0f, 0xd8, 0x0f, 0xd8, 0x0f, 0xd8, 0x0f, 0xe0, 0x10, 0xe0, 0x0f, 0xe0,
    0x0f, 0xe0, 0x0f, 0xe0, 0x0f, 0xe0, 0x0f, 0xd8, 0x0f, 0xe0, 0x0f, 0xd8,
    0x0f, 0xd8, 0x0f, 0xd8, 0x0f, 0xd8, 0x0e, 0xd0, 0x0e, 0xd0, 0x0f, 0xd8,
    0x0f, 0xe0, 0x0f, 0xe0, 0x10, 0xe0, 0x10, 0xe0, 0x0f, 0xe0, 0x0f, 0xe0,
    0x10, 0xd8, 0x0f, 0xe0, 0x0f, 0xd8, 0x0f, 0xd8, 0x0f, 0xd8, 0x0f, 0xd8,
    0x0f, 0xd8, 0x0f, 0xd0, 0x0e, 0xd0, 0x0f, 0xd8, 0x0e, 0xd0, 0x0e, 0xd0,
    0x0e, 0xd0, 0x0e, 0xd0, 0x0e, 0xc8, 0x0e, 0xd0, 0x0f, 0xd8, 0x10, 0xe0,
    0x0f, 0xd8, 0x0f, 0xd8, 0x0f, 0xe0, 0x0f, 0xd8, 0x0f, 0xd8, 0x0f, 0xd8,
    0x0e, 0xd8, 0x0e, 0xd8, 0x0f, 0xd8, 0x0f, 0xd0, 0x0e, 0xd0, 0x0f, 0xd0,
    0x0e, 0xd0, 0x0e, 0xd0, 0x0e, 0xd0, 0x0e, 0xc8, 0x0e, 0xc8, 0x0e, 0xc8,
    0x0e, 0xd0, 0x0e, 0xc8, 0x0e, 0xc8, 0x0d, 0xc8, 0x0e, 0xc8, 0x0d, 0xc8,
    0x0d, 0xc0, 0x0d, 0xc0, 0x0d, 0xc0, 0x0e, 0xd0, 0x0f, 0xd8, 0x0f, 0xd8,
    0x0e, 0xd0, 0x0f, 0xd0, 0x0f, 0xd0, 0x0f, 0xd0, 0x0e, 0xd0, 0x0e, 0xd0,
    0x0e, 0xd0, 0x0e, 0xd0, 0x0e, 0xd0, 0x0e, 0xc8, 0x0e, 0xc8, 0x0e, 0xc8,
    0x0e, 0xc8, 0x0d, 0xc8, 0x0e, 0xc8, 0x0d, 0xc8, 0x0f, 0xe0, 0x0f, 0xe0,
    0x0f, 0xe0, 0x10, 0xe0, 0x0f, 0xe0, 0x0f, 0xe0, 0x0f, 0xe0, 0x0f, 0xd8,
    0x0f, 0xd8, 0x0f, 0xd8, 0x0f, 0xd8, 0x0f, 0xd8, 0x0f, 0xd8, 0x0f, 0xd8,
    0x0f, 0xd8, 0x0e, 0xd8, 0x0e, 0xd0, 0x0f, 0xd8, 0x0e, 0xd0, 0x0e, 0xd0,
    0x0e, 0xd0, 0x0e, 0xd0, 0x0e, 0xd0, 0x0e, 0xd0, 0x0e, 0xd0, 0x0e, 0xc8,
    0x0e, 0xc8, 0x0e, 0xc8, 0x0e, 0xc8, 0x0e, 0xc8, 0x0e, 0xc8, 0x0e, 0xc8,
    0x0f, 0xd8, 0x10, 0xe8, 0x10, 0xe8, 0x10, 0xe8, 0x0f, 0xe8, 0x10, 0xe0,
    0x10, 0xe0, 0x10, 0xe8, 0x10, 0xe0, 0x0f, 0xe0, 0x10, 0xe0, 0x0f, 0xe0,
    0x0f, 0xe0, 0x0f, 0xe0, 0x0f, 0xe0, 0x10, 0xe0, 0x0f, 0xd8, 0x0f, 0xd8,
    0x0f, 0xd8, 0x0f, 0xd8, 0x0e, 0xd8, 0x0f, 0xd8, 0x0e, 0xd0, 0x0e, 0xd0,
    0x0e, 0xd0, 0x0f, 0xd8, 0x10, 0xe8, 0x10, 0xe8, 0x10, 0xe8, 0x0f, 0xe8,
    0x10, 0xe0, 0x0f, 0xe0, 0x10, 0xe8, 0x0f, 0xe8, 0x10, 0xe0, 0x0f, 0xe0,
    0x0f, 0xe0, 0x10, 0xe0, 0x0f, 0xe0, 0x0f, 0xe0, 0x0f, 0xe0, 0x0f, 0xd8,
    0x0f, 0xd8, 0x0f, 0xd8, 0x0f, 0xd8, 0x0f, 0xd8, 0x10, 0xe8, 0x10, 0xe8,
    0x10, 0xe0, 0x0f, 0xe8, 0x10, 0xe0, 0x0f, 0xe8, 0x10, 0xe8, 0x10, 0xe0,
    0x10, 0xe8, 0x0f, 0xe0, 0x0f, 0xe0, 0x10, 0xe0, 0x0f, 0xe0, 0x0f, 0xe0,
    0x0f, 0xd8, 0x0f, 0xd8, 0x10, 0xe0, 0x10, 0xe8, 0x10, 0xe8, 0x0f, 0xe0,
    0x10, 0xe8, 0x0f, 0xe8, 0x10, 0xe8, 0x10, 0xe8, 0x10, 0xe0, 0x0f, 0xe0,
    0x0f, 0xe0, 0x10, 0xe0, 0x0f, 0xe0, 0x0f, 0xe0, 0x10, 0xe0, 0x10, 0xe8,
    0x10, 0xe8, 0x10, 0xe8, 0x10, 0xe8, 0x10, 0xe8, 0x0f, 0xe0, 0x10, 0xe8,
    0x10, 0xe8, 0x10, 0xe0, 0x0f, 0xe0, 0x10, 0xe0, 0x0f, 0xe0, 0x0f, 0xe0,
    0x10, 0xe8, 0x10, 0xe8, 0x10, 0xe0, 0x10, 0xe0, 0x10, 0xe8, 0x0f, 0xe8,
    0x10, 0xe0, 0x10, 0xe8, 0x10, 0xe8, 0x10, 0xe0, 0x0f, 0xe0, 0x0f, 0xe0,
    0x10, 0xe0, 0x10, 0xe8, 0x0f, 0xe8, 0x10, 0xe0, 0x10, 0xe8, 0x0f, 0xe8,
    0x10, 0xe8, 0x10, 0xe0, 0x0f, 0xe8, 0x0f, 0xe0, 0x10, 0xe0, 0x0f, 0xe8,
    0x10, 0xe8, 0x10, 0xe8, 0x10, 0xe0, 0x10, 0xe8, 0x0f, 0xe8, 0x10, 0xe8,
    0x10, 0xe0, 0x0f, 0xe0, 0x10, 0xe0, 0x0f, 0xe0, 0x0f, 0xe0, 0x10, 0xe0,
    0x10, 0xe8, 0x0f, 0xe8, 0x10, 0xe0, 0x10, 0xe0, 0x10, 0xe8, 0x0f, 0xe0,
    0x10, 0xe0, 0x10, 0xe0, 0x10, 0xe0, 0x0f, 0xe0, 0x0f, 0xd8, 0x10, 0xe0,
    0x10, 0xe8, 0x10, 0xe8, 0x0f, 0xe8, 0x10, 0xe0, 0x0f, 0xe0, 0x0f, 0xe0,
    0x10, 0xe0, 0x0f, 0xe0, 0x0f, 0xe0, 0x10, 0xe0, 0x0f, 0xd8, 0x0f, 0xd8,
    0x10, 0xe0, 0x10, 0xe0, 0x0f, 0xe8, 0x10, 0xe0, 0x10, 0xe0, 0x0f, 0xe0,
    0x0f, 0xe0, 0x10, 0xe0, 0x0f, 0xd8, 0x0f, 0xe0, 0x0f, 0xd8, 0x0f, 0xd8,
    0x0f, 0xd8, 0x0f, 0xd8, 0x10, 0xe0, 0x10, 0xe0, 0x10, 0xe0, 0x10, 0xe0,
    0x0f, 0xe0, 0x0f, 0xe0, 0x10, 0xe0, 0x0f, 0xd8, 0x0f, 0xd8, 0x0f, 0xd8,
    0x0f, 0xd8, 0x0f, 0xd8, 0x0f, 0xd0, 0x0f, 0xd0, 0x0f, 0xd8, 0x0f, 0xe0,
    0x10, 0xe0, 0x0f, 0xe0, 0x10, 0xe0, 0x0f, 0xe0, 0x0f, 0xe0, 0x0f, 0xe0,
    0x0f, 0xd8, 0x0f, 0xd8, 0x0f, 0xd8, 0x0f, 0xd8, 0x0e, 0xd8, 0x0f, 0xd8,
    0x0f, 0xd8, 0x0e, 0xd0, 0x0e, 0xd0, 0x0f, 0xd0, 0x0e, 0xd0, 0x0e, 0xd0,
    0x0e, 0xd0, 0x0e, 0xc8, 0x0e, 0xd0, 0x0f, 0xd8, 0x0f, 0xe0, 0x0f, 0xd8,
    0x0f, 0xd8, 0x0f, 0xd8, 0x0f, 0xd8, 0x0f, 0xd8, 0x0f, 0xd8, 0x0f, 0xd8,
    0x0f, 0xd0, 0x0e, 0xd0, 0x0e, 0xd8, 0x0f, 0xd0, 0x0e, 0xd0, 0x0e, 0xd0,
    0x0f, 0xd0, 0x0e, 0xd0, 0x0e, 0xd0, 0x0e, 0xc8, 0x0e, 0xc8, 0x0d, 0xc8,
    0x0e, 0xc8, 0x0e, 0xc8, 0x0e, 0xc8, 0x0e, 0xc8, 0x0d, 0xc0, 0x0d, 0xc0,
    0x0d, 0xc0, 0x0d, 0xc0, 0x0e, 0xc8, 0x0e, 0xd0, 0x0f, 0xd8, 0x0e, 0xd8,
    0x0f, 0xd0, 0x0e, 0xd0, 0x0f, 0xd0, 0x0f, 0xd0, 0x0e, 0xd0, 0x0e, 0xd0,
    0x0e, 0xd0, 0x0e, 0xc8, 0x0e, 0xc8, 0x0e, 0xd0, 0x0e, 0xc8, 0x0e, 0xc8,
    0x0e, 0xc8, 0x0e, 0xc8, 0x10, 0xe0, 0x0f, 0xe0, 0x0f, 0xe0, 0x0f, 0xe0,
    0x0f, 0xe0, 0x10, 0xd8, 0x0f, 0xd8, 0x0f, 0xd8, 0x0f, 0xd8, 0x0f, 0xd8,
    0x0f, 0xd8, 0x0f, 0xd8, 0x0f, 0xd8, 0x0e, 0xd8, 0x0e, 0xd0, 0x0e, 0xd0,
    0x0f, 0xd0, 0x0e, 0xd0, 0x0e, 0xd0, 0x0e, 0xd0, 0x0e, 0xd0, 0x0e, 0xd0,
    0x0e, 0xd0, 0x0e, 0xc8, 0x0e, 0xc8, 0x0e, 0xc8, 0x0e, 0xc8, 0x0e, 0xc8,
    0x0e, 0xc8, 0x0e, 0xc8, 0x0e, 0xd0, 0x0f, 0xe0, 0x10, 0xe8, 0x10, 0xe8,
    0x10, 0xe8, 0x10, 0xe8, 0x0f, 0xe0, 0x10, 0xe0, 0x0f, 0xe8, 0x0f, 0xe0,
    0x0f, 0xe0, 0x10, 0xe0, 0x10, 0xe0, 0x0f, 0xe0, 0x0f, 0xe0, 0x0f, 0xe0,
    0x0f, 0xd8, 0x0f, 0xd8, 0x0f, 0xd8, 0x0f, 0xd8, 0x0f, 0xd8, 0x0e, 0xd8,
    0x0f, 0xd0, 0x0e, 0xd0, 0x0e, 0xd0, 0x0e, 0xd0, 0x0f, 0xd8, 0x10, 0xe0,
    0x10, 0xe8, 0x10, 0xe8, 0x0f, 0xe0, 0x10, 0xe8, 0x10, 0xe8, 0x10, 0xe8,
    0x0f, 0xe0, 0x10, 0xe0, 0x10, 0xe0, 0x0f, 0xe0, 0x10, 0xe0, 0x0f, 0xe0,
    0x0f, 0xe0, 0x10, 0xe0, 0x0f, 0xd8, 0x0f, 0xd8, 0x0f, 0xd8, 0x0f, 0xd8,
    0x0f, 0xd8, 0x10, 0xe0, 0x10, 0xe8, 0x10, 0xe8, 0x0f, 0xe8, 0x10, 0xe8,
    0x10, 0xe8, 0x0f, 0xe0, 0x10, 0xe0, 0x10, 0xe8, 0x0f, 0xe0, 0x0f, 0xe0,
    0x10, 0xe0, 0x10, 0xe0, 0x0f, 0xe0, 0x10, 0xe0, 0x0f, 0xd8, 0x0f, 0xe0,
    0x10, 0xe8, 0x10, 0xe8, 0x0f, 0xe8, 0x10, 0xe0, 0x10, 0xe8, 0x10, 0xe8,
    0x0f, 0xe0, 0x10, 0xe8, 0x10, 0xe8, 0x10, 0xe0, 0x0f, 0xe0, 0x0f, 0xe0,
    0x0f, 0xe0, 0x0f, 0xe0, 0x10, 0xe0, 0x10, 0xe8, 0x10, 0xe8, 0x10, 0xe0,
    0x10, 0xe8, 0x10, 0xe8, 0x10, 0xe8, 0x10, 0xe0, 0x10, 0xe0, 0x0f, 0xe8,
    0x10, 0xe0, 0x0f, 0xe0, 0x0f, 0xe0, 0x10, 0xe0, 0x10, 0xe8, 0x0f, 0xe8,
    0x10, 0xe8, 0x10, 0xe8, 0x0f, 0xe8, 0x10, 0xe0, 0x10, 0xe0, 0x0f, 0xe0,
    0x0f, 0xe0, 0x10, 0xe0, 0x0f, 0xe0, 0x0f, 0xe0, 0x10, 0xe8, 0x10, 0xe8,
    0x10, 0xe8, 0x10, 0xe8, 0x0f, 0xe0, 0x10, 0xe8, 0x10, 0xe8, 0x0f, 0xe0,
    0x0f, 0xe0, 0x10, 0xe0, 0x0f, 0xe0, 0x10, 0xe8, 0x10, 0xe8, 0x0f, 0xe0,
    0x10, 0xe8, 0x10, 0xe8, 0x0f, 0xe8, 0x10, 0xe8, 0x10, 0xe8, 0x0f, 0xe0,
    0x10, 0xe0, 0x10, 0xe0, 0x0f, 0xe0, 0x0f, 0xe0, 0x10, 0xe8, 0x10, 0xe8,
    0x10, 0xe8, 0x0f, 0xe8, 0x10, 0xe0, 0x10, 0xe0, 0x0f, 0xe0, 0x0f, 0xe0,
    0x10, 0xe0, 0x0f, 0xe0, 0x0f, 0xe0, 0x0f, 0xe0, 0x10, 0xe8, 0x10, 0xe8,
    0x10, 0xe0, 0x10, 0xe8, 0x10, 0xe0, 0x0f, 0xe0, 0x10, 0xe0, 0x0f, 0xe0,
    0x0f, 0xe0, 0x0f, 0xe0, 0x0f, 0xd8, 0x0f, 0xd8, 0x0f, 0xe0, 0x10, 0xe0,
    0x10, 0xe8, 0x0f, 0xe0, 0x10, 0xe0, 0x10, 0xe0, 0x0f, 0xe0, 0x0f, 0xe0,
    0x10, 0xd8, 0x0f, 0xe0, 0x0f, 0xd8, 0x0f, 0xd8, 0x0f, 0xd8, 0x0f, 0xd8,
    0x0f, 0xe0, 0x0f, 0xe0, 0x0f, 0xe0, 0x10, 0xe0, 0x0f, 0xe0, 0x0f, 0xe0,
    0x0f, 0xd8, 0x0f, 0xe0, 0x0f, 0xd8, 0x0f, 0xd8, 0x0f, 0xd8, 0x0f, 0xd8,
    0x0e, 0xd8, 0x0f, 0xd8, 0x0e, 0xd0, 0x0f, 0xd8, 0x10, 0xe0, 0x0f, 0xe0,
    0x0f, 0xe0, 0x0f, 0xd8, 0x0f, 0xe0, 0x0f, 0xe0, 0x0f, 0xe0, 0x0f, 0xd8,
    0x0f, 0xd8, 0x0f, 0xd8, 0x0e, 0xd8, 0x0f, 0xd8, 0x0f, 0xd8, 0x0e, 0xd0,
    0x0f, 0xd8, 0x0f, 0xd8, 0x0e, 0xd0, 0x0e, 0xd0, 0x0e, 0xd0, 0x0e, 0xd0,
    0x0e, 0xc8, 0x0e, 0xd0, 0x0f, 0xd8, 0x0f, 0xe0, 0x0f, 0xe0, 0x0f, 0xd8,
    0x0f, 0xd8, 0x0e, 0xd8, 0x0f, 0xd8, 0x0f, 0xd8, 0x0e, 0xd0, 0x0e, 0xd8,
    0x0f, 0xd0, 0x0e, 0xd8, 0x0f, 0xd0, 0x0e, 0xd0, 0x0e, 0xd0, 0x0e, 0xd0,
    0x0e, 0xd0, 0x0e, 0xc8, 0x0e, 0xc8, 0x0e, 0xd0, 0x0e, 0xc8, 0x0e, 0xc8,
    0x0d, 0xc8, 0x0e, 0xc8, 0x0e, 0xc0, 0x0e, 0xc8, 0x0d, 0xc0, 0x0d, 0xc0,
    0x0d, 0xc0, 0x0d, 0xc0, 0x0e, 0xd0, 0x0f, 0xd8, 0x0e, 0xd8, 0x0e, 0xd0,
    0x0e, 0xd0, 0x0f, 0xd0, 0x0e, 0xd0, 0x0e, 0xd0, 0x0e, 0xd0, 0x0e, 0xc8,
    0x0e, 0xd0, 0x0e, 0xc8, 0x0e, 0xc8, 0x0e, 0xc8, 0x0e, 0xc8, 0x0e, 0xc8,
    0x0f, 0xe0, 0x0f, 0xe0, 0x10, 0xd8, 0x0f, 0xd8, 0x0f, 0xe0, 0x0f, 0xd8,
    0x0f, 0xd8, 0x0f, 0xd8, 0x0f, 0xd8, 0x0f, 0xd8, 0x0f, 0xd8, 0x0e, 0xd8,
    0x0e, 0xd8, 0x0f, 0xd0, 0x0f, 0xd8, 0x0e, 0xd0, 0x0e, 0xd0, 0x0e, 0xd0,
    0x0f, 0xd0, 0x0e, 0xd0, 0x0e, 0xd0, 0x0e, 0xc8, 0x0e, 0xc8, 0x0e, 0xc8,
    0x0e, 0xc8, 0x0e, 0xd0, 0x0e, 0xc8, 0x0e, 0xc8, 0x0d, 0xc8, 0x0e, 0xd0,
    0x10, 0xe0, 0x10, 0xe8, 0x10, 0xe8, 0x0f, 0xe8, 0x10, 0xe8, 0x10, 0xe0,
    0x10, 0xe0, 0x0f, 0xe8, 0x10, 0xe0, 0x0f, 0xe0, 0x10, 0xe0, 0x0f, 0xe0,
    0x0f, 0xe0, 0x0f, 0xe0, 0x10, 0xd8, 0x0f, 0xd8, 0x0f, 0xd8, 0x0f, 0xd8,
    0x0f, 0xd8, 0x0f, 0xd8, 0x0e, 0xd8, 0x0f, 0xd0, 0x0f, 0xd0, 0x0e, 0xd0,
    0x0e, 0xd0, 0x0f, 0xd8, 0x10, 0xe0, 0x10, 0xe8, 0x0f, 0xe8, 0x10, 0xe8,
    0x10, 0xe8, 0x10, 0xe0, 0x10, 0xe8, 0x10, 0xe8, 0x10, 0xe0, 0x0f, 0xe0,
    0x0f, 0xe8, 0x10, 0xe0, 0x0f, 0xe0, 0x0f, 0xe0, 0x0f, 0xe0, 0x0f, 0xd8,
    0x0f, 0xd8, 0x0f, 0xd8, 0x0f, 0xd8, 0x0f, 0xd8, 0x0f, 0xe0, 0x10, 0xe8,
    0x0f, 0xe8, 0x10, 0xe8, 0x10, 0xe8, 0x10, 0xe0, 0x10, 0xe8, 0x10, 0xe8,
    0x10, 0xe0, 0x10, 0xe8, 0x0f, 0xe0, 0x10, 0xe0, 0x0f, 0xe0, 0x0f, 0xe0,
    0x0f, 0xe0, 0x0f, 0xd8, 0x0f, 0xd8, 0x10, 0xe0, 0x10, 0xe8, 0x10, 0xe8,
    0x10, 0xe8, 0x10, 0xe8, 0x10, 0xe8, 0x10, 0xe0, 0x0f, 0xe0, 0x10, 0xe8,
    0x0f, 0xe0, 0x10, 0xe0, 0x10, 0xe0, 0x0f, 0xe0, 0x0f, 0xd8, 0x0f, 0xe0,
    0x10, 0xe0, 0x0f, 0xe8, 0x0f, 0xe8, 0x10, 0xe0, 0x0f, 0xe8, 0x0f, 0xe8,
    0x10, 0xe8, 0x10, 0xe0, 0x0f, 0xe0, 0x0f, 0xe0, 0x10, 0xe0, 0x0f, 0xe0,
    0x0f, 0xe0, 0x10, 0xe0, 0x10, 0xe8, 0x10, 0xe8, 0x0f, 0xe0, 0x10, 0xe8,
    0x10, 0xe8, 0x10, 0xe8, 0x10, 0xe8, 0x0f, 0xe0, 0x0f, 0xe0, 0x10, 0xe0,
    0x0f, 0xe0, 0x10, 0xe0, 0x10, 0xe8, 0x0f, 0xe8, 0x10, 0xe0, 0x10, 0xe8,
    0x10, 0xe8, 0x10, 0xe8, 0x10, 0xe0, 0x10, 0xe0, 0x0f, 0xe0, 0x0f, 0xe0,
    0x10, 0xe0, 0x10, 0xe8, 0x10, 0xe8, 0x10, 0xe0, 0x0f, 0xe8, 0x10, 0xe8,
    0x10, 0xe0, 0x10, 0xe0, 0x10, 0xe8, 0x0f, 0xe0, 0x0f, 0xe0, 0x0f, 0xe0,
    0x0f, 0xe0, 0x0f, 0xe0, 0x10, 0xe0, 0x10, 0xe8, 0x10, 0xe8, 0x0f, 0xe8,
    0x10, 0xe0, 0x10, 0xe8, 0x0f, 0xe0, 0x0f, 0xe0, 0x10, 0xe0, 0x0f, 0xe0,
    0x0f, 0xe0, 0x0f, 0xe0, 0x10, 0xe0, 0x10, 0xe8, 0x0f, 0xe0, 0x10, 0xe8,
    0x10, 0xe8, 0x0f, 0xe0, 0x10, 0xe0, 0x10, 0xe0, 0x0f, 0xe0, 0x0f, 0xe0,
    0x0f, 0xd8, 0x0f, 0xd8, 0x0f, 0xe0, 0x10, 0xe0, 0x10, 0xe8, 0x0f, 0xe0,
    0x0f, 0xe0, 0x10, 0xe0, 0x0f, 0xe0, 0x0f, 0xe0, 0x0f, 0xe0, 0x0f, 0xd8,
    0x0f, 0xe0, 0x0f, 0xd8, 0x0f, 0xd8, 0x0f, 0xd8, 0x0f, 0xd8, 0x0f, 0xe0,
    0x10, 0xe0, 0x0f, 0xe0, 0x0f, 0xe0, 0x0f, 0xe0, 0x0f, 0xd8, 0x0f, 0xe0,
    0x0f, 0xd8, 0x0f, 0xd8, 0x0f, 0xd8, 0x0e, 0xd8, 0x0f, 0xd8, 0x0f, 0xd8,
    0x0e, 0xd0, 0x0e, 0xd0, 0x0f, 0xd8, 0x10, 0xe0, 0x0f, 0xe0, 0x10, 0xe0,
    0x10, 0xd8, 0x0f, 0xe0, 0x0f, 0xd8, 0x0f, 0xe0, 0x0f, 0xd8, 0x0f, 0xd8,
    0x0f, 0xd8, 0x0f, 0xd8, 0x0e, 0xd8, 0x0e, 0xd0, 0x0f, 0xd0, 0x0f, 0xd0,
    0x0e, 0xd0, 0x0f, 0xd0, 0x0f, 0xd0, 0x0e, 0xd0, 0x0e, 0xd0, 0x0e, 0xc8,
    0x0e, 0xc8, 0x0f, 0xd8, 0x0f, 0xe0, 0x0f, 0xd8, 0x0f, 0xd8, 0x0f, 0xd8,
    0x0f, 0xd8, 0x0e, 0xd8, 0x0f, 0xd8, 0x0f, 0xd8, 0x0f, 0xd0, 0x0e, 0xd0,
    0x0e, 0xd0, 0x0e, 0xd0, 0x0e, 0xd0, 0x0e, 0xd0, 0x0e, 0xd0, 0x0e, 0xd0,
    0x0e, 0xc8, 0x0e, 0xc8, 0x0e, 0xc8, 0x0e, 0xc8, 0x0d, 0xc8, 0x0d, 0xc8,
    0x0e, 0xc8, 0x0d, 0xc0, 0x0d, 0xc0, 0x0e, 0xc0, 0x0d, 0xc0, 0x0d, 0xc0,
    0x0d, 0xc0, 0x0e, 0xc8, 0x0f, 0xd0, 0x0e, 0xd8, 0x0e, 0xd0, 0x0e, 0xd0,
    0x0e, 0xd0, 0x0e, 0xd0, 0x0e, 0xd0, 0x0e, 0xd0, 0x0e, 0xd0, 0x0e, 0xc8,
    0x0e, 0xc8, 0x0e, 0xd0, 0x0d, 0xc8, 0x0e, 0xc8, 0x0f, 0xe0, 0x0f, 0xd8,
    0x0f, 0xd8, 0x0f, 0xd8, 0x0f, 0xd8, 0x0f, 0xd8, 0x0f, 0xd8, 0x0f, 0xd8,
    0x0e, 0xd8, 0x0e, 0xd8, 0x0f, 0xd0, 0x0e, 0xd0, 0x0f, 0xd0, 0x0e, 0xd0,
    0x0e, 0xd0, 0x0e, 0xd0, 0x0e, 0xd0, 0x0e, 0xd0, 0x0e, 0xd0, 0x0e, 0xc8,
    0x0e, 0xc8, 0x0e, 0xc8, 0x0e, 0xc8, 0x0e, 0xc8, 0x0e, 0xc8, 0x0e, 0xc8,
    0x0d, 0xc0, 0x0d, 0xc8, 0x0f, 0xd8, 0x10, 0xe8, 0x10, 0xe8, 0x10, 0xe8,
    0x10, 0xe8, 0x0f, 0xe0, 0x10, 0xe0, 0x10, 0xe8, 0x0f, 0xe0, 0x10, 0xe0,
    0x10, 0xe0, 0x0f, 0xe0, 0x0f, 0xe0, 0x0f, 0xe0, 0x0f, 0xe0, 0x0f, 0xd8,
    0x0f, 0xd8, 0x0f, 0xd8, 0x0f, 0xd8, 0x0f, 0xd8, 0x0f, 0xd8, 0x0e, 0xd8,
    0x0e, 0xd0, 0x0e, 0xd0, 0x0e, 0xd0, 0x0e, 0xd0, 0x0f, 0xd8, 0x0f, 0xe0,
    0x10, 0xe8, 0x10, 0xe8, 0x10, 0xe8, 0x0f, 0xe8, 0x10, 0xe8, 0x0f, 0xe8,
    0x0f, 0xe0, 0x10, 0xe0, 0x10, 0xe0, 0x0f, 0xe0, 0x10, 0xe0, 0x0f, 0xe0,
    0x0f, 0xe0, 0x10, 0xe0, 0x0f, 0xd8, 0x0f, 0xd8, 0x0f, 0xd8, 0x0f, 0xd8,
    0x0f, 0xd8, 0x0f, 0xd8, 0x10, 0xe8, 0x10, 0xe8, 0x0f, 0xe8, 0x10, 0xe0,
    0x10, 0xe8, 0x0f, 0xe8, 0x10, 0xe8, 0x0f, 0xe8, 0x10, 0xe0, 0x0f, 0xe0,
    0x10, 0xe0, 0x0f, 0xe0, 0x0f, 0xe0, 0x0f, 0xe0, 0x0f, 0xd8, 0x0f, 0xd8,
    0x0f, 0xe0, 0x10, 0xe8, 0x10, 0xe8, 0x0f, 0xe8, 0x10, 0xe0, 0x0f, 0xe8,
    0x10, 0xe8, 0x10, 0xe8, 0x10, 0xe8, 0x10, 0xe0, 0x0f, 0xe0, 0x0f, 0xe0,
    0x0f, 0xe0, 0x0f, 0xe0, 0x10, 0xe0, 0x10, 0xe0, 0x10, 0xe8, 0x10, 0xe8,
    0x10, 0xe8, 0x10, 0xe8, 0x10, 0xe0, 0x10, 0xe8, 0x10, 0xe8, 0x0f, 0xe0,
    0x10, 0xe8, 0x0f, 0xe0, 0x0f, 0xe0, 0x0f, 0xe0, 0x10, 0xe0, 0x10, 0xe0,
    0x10, 0xe8, 0x10, 0xe8, 0x10, 0xe8, 0x0f, 0xe0, 0x10, 0xe8, 0x10, 0xe8,
    0x10, 0xe0, 0x10, 0xe8, 0x10, 0xe0, 0x0f, 0xe0, 0x0f, 0xe0, 0x10, 0xe0,
    0x10, 0xe0, 0x10, 0xe8, 0x0f, 0xe8, 0x10, 0xe0, 0x10, 0xe8, 0x0f, 0xe8,
    0x10, 0xe0, 0x10, 0xe0, 0x0f, 0xe0, 0x0f, 0xe0, 0x0f, 0xe0, 0x10, 0xe0,
    0x10, 0xe8, 0x10, 0xe8, 0x10, 0xe8, 0x0f, 0xe8, 0x10, 0xe0, 0x10, 0xe0,
    0x10, 0xe0, 0x0f, 0xe0, 0x10, 0xe0, 0x0f, 0xe0, 0x0f, 0xe0, 0x10, 0xe0,
    0x10, 0xe0, 0x0f, 0xe8, 0x10, 0xe8, 0x10, 0xe0, 0x10, 0xe8, 0x0f, 0xe0,
    0x10, 0xe0, 0x10, 0xe0, 0x0f, 0xe0, 0x0f, 0xe0, 0x0f, 0xd8, 0x0f, 0xd8,
    0x10, 0xe0, 0x10, 0xe8, 0x0f, 0xe0, 0x10, 0xe0, 0x10, 0xe0, 0x0f, 0xe0,
    0x0f, 0xe0, 0x10, 0xe0, 0x0f, 0xe0, 0x0f, 0xe0, 0x10, 0xe0, 0x0f, 0xd8,
    0x0f, 0xd8, 0x0f, 0xe0, 0x10, 0xe8, 0x10, 0xe0, 0x0f, 0xe0, 0x10, 0xe0,
    0x0f, 0xe0, 0x0f, 0xe0, 0x10, 0xe0, 0x0f, 0xd8, 0x0f, 0xd8, 0x0f, 0xe0,
    0x0f, 0xd8, 0x0f, 0xd8, 0x0e, 0xd8, 0x0f, 0xd8, 0x10, 0xe0, 0x10, 0xe0,
    0x0f, 0xe0, 0x10, 0xe0, 0x0f, 0xd8, 0x0f, 0xe0, 0x0f, 0xe0, 0x0f, 0xd8,
    0x0f, 0xd8, 0x0f, 0xd8, 0x0f, 0xd8, 0x0e, 0xd8, 0x0f, 0xd0, 0x0e, 0xd0,
    0x0e, 0xd8, 0x0f, 0xd8, 0x10, 0xe0, 0x10, 0xe0, 0x0f, 0xe0, 0x0f, 0xe0,
    0x0f, 0xe0, 0x0f, 0xd8, 0x0f, 0xd8, 0x0f, 0xd8, 0x0f, 0xd8, 0x0f, 0xd8,
    0x0e, 0xd8, 0x0f, 0xd0, 0x0e, 0xd0, 0x0e, 0xd0, 0x0e, 0xd0, 0x0e, 0xd0,
    0x0e, 0xd0, 0x0e, 0xd0, 0x0e, 0xc8, 0x0e, 0xc8, 0x0e, 0xc8, 0x0e, 0xc8,
    0x0e, 0xd8, 0x0f, 0xe0, 0x0f, 0xd8, 0x0f, 0xd8, 0x0f, 0xd8, 0x0f, 0xd8,
    0x0f, 0xd8, 0x0f, 0xd8, 0x0e, 0xd0, 0x0f, 0xd8, 0x0f, 0xd0, 0x0f, 0xd0,
    0x0f, 0xd0, 0x0e, 0xd0, 0x0e, 0xd0, 0x0e, 0xd0, 0x0e, 0xc8, 0x0e, 0xc8,
    0x0e, 0xd0, 0x0e, 0xc8, 0x0e, 0xc8, 0x0e, 0xc8, 0x0d, 0xc8, 0x0e, 0xc0,
    0x0d, 0xc8, 0x0d, 0xc0, 0x0e, 0xc0, 0x0d, 0xc0, 0x0d, 0xc0, 0x0d, 0xc0,
    0x0d, 0xc0, 0x0e, 0xd0, 0x0f, 0xd8, 0x0f, 0xd0, 0x0e, 0xd0, 0x0f, 0xd0,
    0x0e, 0xd0, 0x0e, 0xd0, 0x0e, 0xd0, 0x0e, 0xc8, 0x0e, 0xc8, 0x0e, 0xc8,
    0x0e, 0xc8, 0x0e, 0xc8, 0x0f, 0xd8, 0x0f, 0xd8, 0x0f, 0xd8, 0x0f, 0xd8,
    0x0f, 0xd8, 0x0f, 0xd8, 0x0f, 0xd8, 0x0e, 0xd8, 0x0e, 0xd0, 0x0f, 0xd0,
    0x0e, 0xd0, 0x0e, 0xd0, 0x0e, 0xd0, 0x0e, 0xd0, 0x0e, 0xd0, 0x0e, 0xd0,
    0x0e, 0xc8, 0x0e, 0xc8, 0x0e, 0xc8, 0x0e, 0xc8, 0x0e, 0xc8, 0x0e, 0xc8,
    0x0e, 0xc8, 0x0e, 0xc8, 0x0d, 0xc8, 0x0d, 0xc0, 0x0e, 0xc8, 0x0f, 0xd8,
    0x10, 0xe8, 0x10, 0xe8, 0x0f, 0xe8, 0x10, 0xe8, 0x10, 0xe0, 0x10, 0xe0,
    0x0f, 0xe8, 0x0f, 0xe0, 0x0f, 0xe0, 0x0f, 0xe0, 0x0f, 0xe0, 0x0f, 0xe0,
    0x0f, 0xe0, 0x0f, 0xe0, 0x0f, 0xd8, 0x0f, 0xd8, 0x0f, 0xd8, 0x0f, 0xd8,
    0x0e, 0xd8, 0x0e, 0xd8, 0x0e, 0xd0, 0x0e, 0xd0, 0x0e, 0xd0, 0x0e, 0xd0,
    0x0e, 0xd0, 0x0e, 0xd0, 0x10, 0xe0, 0x10, 0xe8, 0x10, 0xe8, 0x10, 0xe8,
    0x10, 0xe0, 0x10, 0xe0, 0x10, 0xe8, 0x10, 0xe8, 0x10, 0xe0, 0x0f, 0xe8,
    0x0f, 0xe0, 0x10, 0xe0, 0x0f, 0xe0, 0x0f, 0xe0, 0x0f, 0xe0, 0x0f, 0xd8,
    0x0f, 0xd8, 0x0f, 0xd8, 0x0f, 0xd8, 0x0e, 0xd0, 0x0f, 0xd8, 0x0f, 0xe0,
    0x10, 0xe8, 0x10, 0xe8, 0x10, 0xe8, 0x10, 0xe8, 0x0f, 0xe0, 0x10, 0xe8,
    0x10, 0xe0, 0x10, 0xe0, 0x0f, 0xe0, 0x0f, 0xe0, 0x10, 0xe0, 0x0f, 0xe0,
    0x0f, 0xe0, 0x0f, 0xd8, 0x0f, 0xd8, 0x0f, 0xd8, 0x10, 0xe0, 0x10, 0xe8,
    0x10, 0xe8, 0x10, 0xe8, 0x0f, 0xe0, 0x10, 0xe8, 0x10, 0xe8, 0x0f, 0xe0,
    0x10, 0xe8, 0x10, 0xe0, 0x0f, 0xe0, 0x10, 0xe0, 0x0f, 0xe0, 0x0f, 0xe0,
    0x0f, 0xd8, 0x10, 0xe0, 0x10, 0xe8, 0x10, 0xe8, 0x10, 0xe0, 0x0f, 0xe8,
    0x10, 0xe8, 0x10, 0xe8, 0x10, 0xe0, 0x10, 0xe0, 0x10, 0xe0, 0x10, 0xe0,
    0x0f, 0xe0, 0x0f, 0xe0, 0x0f, 0xe0, 0x10, 0xe8, 0x0f, 0xe8, 0x10, 0xe8,
    0x10, 0xe8, 0x10, 0xe8, 0x0f, 0xe8, 0x10, 0xe0, 0x0f, 0xe0, 0x0f, 0xe0,
    0x10, 0xe0, 0x0f, 0xe0, 0x0f, 0xe0, 0x0f, 0xe0, 0x10, 0xe8, 0x10, 0xe8,
    0x10, 0xe8, 0x0f, 0xe8, 0x10, 0xe8, 0x10, 0xe0, 0x0f, 0xe8, 0x10, 0xe0,
    0x10, 0xe0, 0x0f, 0xe0, 0x0f, 0xe0, 0x10, 0xe0, 0x0f, 0xe8, 0x10, 0xe8,
    0x10, 0xe0, 0x10, 0xe8, 0x0f, 0xe8, 0x10, 0xe8, 0x0f, 0xe0, 0x10, 0xe0,
    0x10, 0xe0, 0x0f, 0xe0, 0x0f, 0xe0, 0x0f, 0xd8, 0x10, 0xe0, 0x10, 0xe8,
    0x0f, 0xe8, 0x10, 0xe0, 0x10, 0xe8, 0x0f, 0xe0, 0x0f, 0xe0, 0x10, 0xe0,
    0x10, 0xe0, 0x0f, 0xe0, 0x0f, 0xe0, 0x0f, 0xd8, 0x0f, 0xe0, 0x10, 0xe8,
    0x10, 0xe8, 0x10, 0xe0, 0x0f, 0xe8, 0x0f, 0xe0, 0x10, 0xe0, 0x0f, 0xe0,
    0x0f, 0xd8, 0x0f, 0xe0, 0x0f, 0xe0, 0x0f, 0xd8, 0x0f, 0xd8, 0x0f, 0xd8,
    0x0f, 0xe0, 0x10, 0xe8, 0x10, 0xe0, 0x0f, 0xe0, 0x10, 0xe0, 0x0f, 0xe0,
    0x0f, 0xe0, 0x10, 0xe0, 0x0f, 0xd8, 0x0f, 0xe0, 0x0f, 0xd8, 0x0f, 0xd8,
    0x0f, 0xd8, 0x0e, 0xd8, 0x0f, 0xe0, 0x10, 0xe0, 0x0f, 0xe0, 0x0f, 0xe0,
    0x10, 0xe0, 0x0f, 0xd8, 0x0f, 0xd8, 0x0f, 0xd8, 0x0f, 0xd8, 0x0f, 0xd8,
    0x0e, 0xd8, 0x0f, 0xd8, 0x0f, 0xd0, 0x0f, 0xd0, 0x0e, 0xd0, 0x0e, 0xd8,
    0x0f, 0xd8, 0x0f, 0xe0, 0x0f, 0xe0, 0x0f, 0xe0, 0x0f, 0xd8, 0x0f, 0xe0,
    0x0f, 0xe0, 0x0f, 0xd8, 0x0f, 0xd8, 0x0f, 0xd8, 0x0f, 0xd8, 0x0f, 0xd8,
    0x0f, 0xd8, 0x0e, 0xd8, 0x0f, 0xd8, 0x0f, 0xd0, 0x0e, 0xd0, 0x0e, 0xd0,
    0x0e, 0xd0, 0x0e, 0xd0, 0x0e, 0xc8, 0x0e, 0xc8, 0x0e, 0xc8, 0x0e, 0xd0,
    0x0f, 0xe0, 0x0f, 0xd8, 0x0f, 0xd8, 0x0f, 0xd8, 0x0e, 0xd8, 0x0f, 0xd8,
    0x0e, 0xd8, 0x0e, 0xd0, 0x0f, 0xd8, 0x0e, 0xd0, 0x0e, 0xd0, 0x0e, 0xd0,
    0x0f, 0xd0, 0x0e, 0xd0, 0x0e, 0xd0, 0x0e, 0xc8, 0x0e, 0xc8, 0x0e, 0xc8,
    0x0e, 0xc8, 0x0e, 0xc8, 0x0e, 0xc8, 0x0d, 0xc8, 0x0d, 0xc0, 0x0e, 0xc0,
    0x0d, 0xc0, 0x0d, 0xc0, 0x0d, 0xc0, 0x0d, 0xc0, 0x0d, 0xc0, 0x0d, 0xc0,
    0x0e, 0xc8, 0x0e, 0xd0, 0x0f, 0xd8, 0x0f, 0xd0, 0x0e, 0xd0, 0x0e, 0xd0,
    0x0e, 0xd0, 0x0e, 0xd0, 0x0e, 0xd0, 0x0e, 0xc8, 0x0e, 0xc8, 0x0e, 0xd0,
    0x0f, 0xd8, 0x0f, 0xd8, 0x0f, 0xd8, 0x0f, 0xd8, 0x0e, 0xd8, 0x0e, 0xd8,
    0x0f, 0xd0, 0x0e, 0xd0, 0x0e, 0xd0, 0x0e, 0xd0, 0x0e, 0xd0, 0x0e, 0xd0,
    0x0e, 0xd0, 0x0e, 0xd0, 0x0e, 0xd0, 0x0e, 0xc8, 0x0e, 0xc8, 0x0e, 0xc8,
    0x0e, 0xc8, 0x0e, 0xc8, 0x0e, 0xc8, 0x0e, 0xc8, 0x0d, 0xc8, 0x0d, 0xc0,
    0x0d, 0xc0, 0x0e, 0xd0, 0x0f, 0xe0, 0x10, 0xe8, 0x10, 0xe8, 0x10, 0xe8,
    0x10, 0xe0, 0x0f, 0xe0, 0x10, 0xe8, 0x10, 0xe0, 0x0f, 0xe0, 0x10, 0xe0,
    0x10, 0xe0, 0x0f, 0xe0, 0x0f, 0xe0, 0x10, 0xe0, 0x0f, 0xd8, 0x0f, 0xd8,
    0x0f, 0xd8, 0x0f, 0xd8, 0x0f, 0xd8, 0x0e, 0xd8, 0x0f, 0xd8, 0x0f, 0xd0,
    0x0e, 0xd0, 0x0e, 0xd0, 0x0f, 0xd0, 0x0e, 0xc8, 0x0f, 0xd0, 0x0f, 0xe0,
    0x10, 0xe8, 0x10, 0xe8, 0x0f, 0xe8, 0x10, 0xe8, 0x0f, 0xe8, 0x10, 0xe8,
    0x10, 0xe0, 0x10, 0xe0, 0x0f, 0xe0, 0x10, 0xe0, 0x0f, 0xe0, 0x0f, 0xe0,
    0x0f, 0xe0, 0x10, 0xe0, 0x0f, 0xd8, 0x0f, 0xd8, 0x0f, 0xd8, 0x0f, 0xd8,
    0x0e, 0xd0, 0x0f, 0xd8, 0x0f, 0xe0, 0x10, 0xe8, 0x10, 0xe8, 0x0f, 0xe8,
    0x10, 0xe0, 0x10, 0xe8, 0x10, 0xe8, 0x10, 0xe0, 0x10, 0xe8, 0x0f, 0xe0,
    0x10, 0xe0, 0x10, 0xe0, 0x0f, 0xe0, 0x0f, 0xe0, 0x0f, 0xd8, 0x0f, 0xd8,
    0x0f, 0xd8, 0x0f, 0xe0, 0x10, 0xe8, 0x10, 0xe8, 0x0f, 0xe8, 0x10, 0xe8,
    0x10, 0xe8, 0x10, 0xe8, 0x10, 0xe0, 0x0f, 0xe0, 0x0f, 0xe0, 0x10, 0xe0,
    0x0f, 0xe0, 0x10, 0xe0, 0x0f, 0xe0, 0x0f, 0xd8, 0x0f, 0xe0, 0x10, 0xe8,
    0x0f, 0xe8, 0x10, 0xe8, 0x10, 0xe0, 0x0f, 0xe8, 0x10, 0xe8, 0x0f, 0xe0,
    0x10, 0xe8, 0x0f, 0xe0, 0x0f, 0xe0, 0x10, 0xe0, 0x0f, 0xe0, 0x0f, 0xd8,
    0x10, 0xe0, 0x10, 0xe8, 0x10, 0xe0, 0x0f, 0xe8, 0x10, 0xe0, 0x10, 0xe8,
    0x10, 0xe0, 0x10, 0xe0, 0x0f, 0xe8, 0x0f, 0xe0, 0x10, 0xe0, 0x0f, 0xe0,
    0x0f, 0xe0, 0x10, 0xe0, 0x10, 0xe8, 0x10, 0xe8, 0x10, 0xe0, 0x10, 0xe8,
    0x10, 0xe8, 0x10, 0xe0, 0x10, 0xe8, 0x0f, 0xe0, 0x10, 0xe0, 0x0f, 0xe0,
    0x0f, 0xe0, 0x10, 0xe0, 0x10, 0xe8, 0x0f, 0xe8, 0x10, 0xe0, 0x10, 0xe8,
    0x10, 0xe8, 0x10, 0xe0, 0x0f, 0xe8, 0x0f, 0xe0, 0x10, 0xe0, 0x0f, 0xe0,
    0x0f, 0xe0, 0x0f, 0xd8, 0x0f, 0xe0, 0x10, 0xe8, 0x10, 0xe8, 0x10, 0xe0,
    0x10, 0xe8, 0x10, 0xe8, 0x0f, 0xe0, 0x0f, 0xe0, 0x10, 0xe0, 0x0f, 0xe0,
    0x0f, 0xe0, 0x0f, 0xd8, 0x0f, 0xd8, 0x0f, 0xe0, 0x10, 0xe8, 0x10, 0xe8,
    0x10, 0xe0, 0x0f, 0xe0, 0x10, 0xe0, 0x10, 0xe0, 0x0f, 0xe0, 0x0f, 0xe0,
    0x10, 0xd8, 0x0f, 0xe0, 0x0f, 0xd8, 0x0f, 0xd8, 0x0f, 0xe0, 0x10, 0xe0,
    0x10, 0xe0, 0x0f, 0xe0, 0x10, 0xe0, 0x0f, 0xe0, 0x0f, 0xe0, 0x0f, 0xe0,
    0x0f, 0xd8, 0x0f, 0xd8, 0x0f, 0xd8, 0x0f, 0xd8, 0x0f, 0xd8, 0x0e, 0xd0,
    0x0f, 0xd8, 0x0f, 0xd8, 0x10, 0xe0, 0x0f, 0xe0, 0x0f, 0xe0, 0x0f, 0xe0,
    0x0f, 0xe0, 0x0f, 0xd8, 0x0f, 0xd8, 0x0f, 0xd8, 0x0f, 0xd8, 0x0e, 0xd8,
    0x0e, 0xd8, 0x0f, 0xd0, 0x0f, 0xd0, 0x0e, 0xd0, 0x0f, 0xd0, 0x0f, 0xe0,
    0x10, 0xe0, 0x0f, 0xe0, 0x10, 0xd8, 0x0f, 0xe0, 0x0f, 0xe0, 0x0f, 0xd8,
    0x0f, 0xd8, 0x0f, 0xd8, 0x0e, 0xd8, 0x0f, 0xd8, 0x0e, 0xd8, 0x0f, 0xd0,
    0x0f, 0xd0, 0x0e, 0xd0, 0x0f, 0xd0, 0x0e, 0xd0, 0x0e, 0xd0, 0x0e, 0xd0,
    0x0e, 0xc8, 0x0e, 0xc8, 0x0e, 0xc8, 0x0e, 0xc8, 0x0e, 0xd0, 0x0f, 0xd8,
    0x0f, 0xd8, 0x0f, 0xd8, 0x0f, 0xd8, 0x0f, 0xd8, 0x0f, 0xd8, 0x0f, 0xd0,
    0x0e, 0xd0, 0x0e, 0xd8, 0x0f, 0xd0, 0x0e, 0xd0, 0x0e, 0xd0, 0x0e, 0xd0,
    0x0e, 0xd0, 0x0e, 0xd0, 0x0e, 0xc8, 0x0e, 0xc8, 0x0e, 0xd0, 0x0d, 0xc8,
    0x0e, 0xc8, 0x0e, 0xc8, 0x0e, 0xc8, 0x0d, 0xc8, 0x0d, 0xc0, 0x0d, 0xc0,
    0x0e, 0xc0, 0x0d, 0xc0, 0x0d, 0xc0, 0x0d, 0xb8, 0x0d, 0xb8, 0x0d, 0xc0,
    0x0e, 0xd0, 0x0e, 0xd0, 0x0f, 0xd0, 0x0e, 0xd0, 0x0e, 0xd0, 0x0e, 0xd0,
    0x0e, 0xd0, 0x0e, 0xd0, 0x0e, 0xc8, 0x0e, 0xc8, 0x0f, 0xd8, 0x0e, 0xd8,
    0x0e, 0xd8, 0x0f, 0xd8, 0x0e, 0xd8, 0x0e, 0xd0, 0x0f, 0xd0, 0x0e, 0xd0,
    0x0e, 0xd0, 0x0e, 0xd0, 0x0e, 0xd0, 0x0e, 0xd0, 0x0e, 0xd0, 0x0e, 0xc8,
    0x0e, 0xc8, 0x0e, 0xc8, 0x0e, 0xc8, 0x0e, 0xc8, 0x0e, 0xc8, 0x0d, 0xc8,
    0x0d, 0xc8, 0x0d, 0xc0, 0x0d, 0xc0, 0x0d, 0xc0, 0x0f, 0xd0, 0x10, 0xe0,
    0x10, 0xe8, 0x10, 0xe8, 0x10, 0xe0, 0x10, 0xe0, 0x10, 0xe8, 0x0f, 0xe0,
    0x0f, 0xe0, 0x0f, 0xe0, 0x10, 0xe0, 0x0f, 0xe0, 0x0f, 0xe0, 0x0f, 0xe0,
    0x0f, 0xd8, 0x0f, 0xd8, 0x0f, 0xd8, 0x0f, 0xd8, 0x0f, 0xd8, 0x0e, 0xd8,
    0x0f, 0xd8, 0x0e, 0xd0, 0x0e, 0xd0, 0x0e, 0xd0, 0x0e, 0xd0, 0x0e, 0xd0,
    0x0e, 0xc8, 0x0e, 0xd0, 0x0f, 0xe0, 0x10, 0xe8, 0x10, 0xe8, 0x10, 0xe8,
    0x10, 0xe0, 0x10, 0xe8, 0x0f, 0xe8, 0x10, 0xe0, 0x10, 0xe0, 0x0f, 0xe0,
    0x0f, 0xe0, 0x10, 0xe0, 0x0f, 0xe0, 0x0f, 0xe0, 0x0f, 0xd8, 0x0f, 0xd8,
    0x0f, 0xd8, 0x0f, 0xd8, 0x0f, 0xd8, 0x0e, 0xd0, 0x0e, 0xd8, 0x0f, 0xe0,
    0x10, 0xe8, 0x10, 0xe8, 0x10, 0xe8, 0x0f, 0xe8, 0x10, 0xe0, 0x10, 0xe8,
    0x0f, 0xe8, 0x10, 0xe0, 0x0f, 0xe0, 0x0f, 0xe8, 0x10, 0xe0, 0x0f, 0xe0,
    0x0f, 0xe0, 0x0f, 0xd8, 0x0f, 0xd8, 0x0f, 0xd8, 0x0f, 0xd8, 0x10, 0xe0,
    0x10, 0xe8, 0x10, 0xe8, 0x0f, 0xe0, 0x10, 0xe8, 0x10, 0xe8, 0x0f, 0xe8,
    0x10, 0xe0, 0x10, 0xe8, 0x0f, 0xe0, 0x10, 0xe0, 0x0f, 0xe0, 0x0f, 0xe0,
    0x0f, 0xd8, 0x0f, 0xd8, 0x10, 0xe0, 0x10, 0xe8, 0x10, 0xe8, 0x0f, 0xe8,
    0x10, 0xe8, 0x10, 0xe8, 0x10, 0xe8, 0x10, 0xe0, 0x0f, 0xe0, 0x0f, 0xe8,
    0x10, 0xe0, 0x0f, 0xe0, 0x0f, 0xe0, 0x0f, 0xd8, 0x10, 0xe0, 0x10, 0xe8,
    0x10, 0xe8, 0x10, 0xe8, 0x0f, 0xe8, 0x10, 0xe8, 0x10, 0xe8, 0x10, 0xe0,
    0x10, 0xe8, 0x0f, 0xe0, 0x10, 0xe0, 0x0f, 0xe0, 0x0f, 0xd8, 0x10, 0xe0,
    0x10, 0xe8, 0x0f, 0xe8, 0x0f, 0xe8, 0x10, 0xe0, 0x0f, 0xe8, 0x10, 0xe0,
    0x10, 0xe8, 0x0f, 0xe0, 0x10, 0xe0, 0x0f, 0xe0, 0x0f, 0xe0, 0x10, 0xe0,
    0x10, 0xe8, 0x10, 0xe8, 0x0f, 0xe8, 0x10, 0xe0, 0x10, 0xe0, 0x10, 0xe8,
    0x10, 0xe0, 0x0f, 0xe0, 0x10, 0xe0, 0x0f, 0xe0, 0x0f, 0xe0, 0x10, 0xd8,
    0x0f, 0xe0, 0x10, 0xe8, 0x10, 0xe8, 0x0f, 0xe0, 0x10, 0xe0, 0x10, 0xe0,
    0x0f, 0xe0, 0x10, 0xe0, 0x10, 0xe0, 0x0f, 0xe0, 0x0f, 0xe0, 0x0f, 0xd8,
    0x0f, 0xd8, 0x0f, 0xe0, 0x10, 0xe8, 0x10, 0xe0, 0x10, 0xe8, 0x0f, 0xe0,
    0x0f, 0xe0, 0x10, 0xe0, 0x0f, 0xe0, 0x0f, 0xe0, 0x0f, 0xd8, 0x0f, 0xe0,
    0x0f, 0xd8, 0x0f, 0xd8, 0x0f, 0xd8, 0x0f, 0xe0, 0x10, 0xe8, 0x0f, 0xe0,
    0x10, 0xe0, 0x0f, 0xe0, 0x0f, 0xe0, 0x0f, 0xd8, 0x0f, 0xe0, 0x0f, 0xd8,
    0x0f, 0xd8, 0x0f, 0xd8, 0x0f, 0xd8, 0x0f, 0xd8, 0x0e, 0xd0, 0x0f, 0xd8,
    0x10, 0xe0, 0x10, 0xe0, 0x0f, 0xe0, 0x0f, 0xd8, 0x0f, 0xe0, 0x0f, 0xe0,
    0x0f, 0xd8, 0x0f, 0xd8, 0x0f, 0xd8, 0x0f, 0xd8, 0x0e, 0xd0, 0x0e, 0xd8,
    0x0e, 0xd8, 0x0e, 0xd0, 0x0e, 0xd0, 0x0f, 0xd0, 0x0f, 0xe0, 0x0f, 0xe0,
    0x0f, 0xd8, 0x0f, 0xe0, 0x0f, 0xe0, 0x0f, 0xd8, 0x0f, 0xd8, 0x0f, 0xd8,
    0x0f, 0xd8, 0x0f, 0xd8, 0x0e, 0xd0, 0x0f, 0xd0, 0x0e, 0xd8, 0x0e, 0xd0,
    0x0e, 0xd0, 0x0e, 0xd0, 0x0e, 0xd0, 0x0e, 0xd0, 0x0e, 0xd0, 0x0e, 0xc8,
    0x0e, 0xc8, 0x0e, 0xd0, 0x0e, 0xc8, 0x0e, 0xd0, 0x0f, 0xd8, 0x0f, 0xe0,
    0x0f, 0xd8, 0x0f, 0xd8, 0x0f, 0xd8, 0x0e, 0xd8, 0x0f, 0xd0, 0x0f, 0xd0,
    0x0f, 0xd8, 0x0e, 0xd0, 0x0f, 0xd0, 0x0e, 0xd0, 0x0e, 0xd0, 0x0e, 0xd0,
    0x0e, 0xc8, 0x0e, 0xc8, 0x0e, 0xc8, 0x0e, 0xc8, 0x0e, 0xc8, 0x0e, 0xc8,
    0x0d, 0xc8, 0x0d, 0xc0, 0x0e, 0xc8, 0x0e, 0xc0, 0x0d, 0xc0, 0x0d, 0xc0,
    0x0d, 0xc0, 0x0d, 0xc0, 0x0d, 0xc0, 0x0d, 0xb8, 0x0d, 0xc0, 0x0e, 0xc8,
    0x0e, 0xd0, 0x0f, 0xd0, 0x0e, 0xd0, 0x0e, 0xd0, 0x0e, 0xc8, 0x0e, 0xd0,
    0x0e, 0xd0, 0x0e, 0xc8, 0x0f, 0xd8, 0x0e, 0xd0, 0x0e, 0xd0, 0x0f, 0xd0,
    0x0e, 0xd0, 0x0e, 0xd0, 0x0e, 0xd0, 0x0e, 0xd0, 0x0e, 0xd0, 0x0e, 0xd0,
    0x0e, 0xc8, 0x0e, 0xc8, 0x0e, 0xc8, 0x0e, 0xc8, 0x0e, 0xc8, 0x0e, 0xc8,
    0x0e, 0xc8, 0x0d, 0xc8, 0x0e, 0xc0, 0x0d, 0xc0, 0x0d, 0xc0, 0x0d, 0xc0,
    0x0e, 0xc0, 0x0f, 0xd8, 0x10, 0xe8, 0x10, 0xe8, 0x10, 0xe8, 0x10, 0xe8,
    0x0f, 0xe0, 0x10, 0xe0, 0x0f, 0xe0, 0x10, 0xe0, 0x10, 0xe0, 0x0f, 0xe0,
    0x0f, 0xe0, 0x0f, 0xe0, 0x0f, 0xe0, 0x0f, 0xd8, 0x0f, 0xd8, 0x0f, 0xd8,
    0x0f, 0xd8, 0x0f, 0xd8, 0x0e, 0xd8, 0x0f, 0xd0, 0x0e, 0xd0, 0x0e, 0xd0,
    0x0e, 0xd0, 0x0e, 0xd0, 0x0e, 0xd0, 0x0e, 0xc8, 0x0e, 0xd0, 0x10, 0xe0,
    0x10, 0xe8, 0x10, 0xe8, 0x10, 0xe8, 0x0f, 0xe8, 0x10, 0xe8, 0x10, 0xe0,
    0x10, 0xe0, 0x10, 0xe0, 0x0f, 0xe8, 0x0f, 0xe0, 0x10, 0xe0, 0x0f, 0xe0,
    0x0f, 0xe0, 0x10, 0xd8, 0x0f, 0xd8, 0x0f, 0xd8, 0x0f, 0xd8, 0x0f, 0xd8,
    0x0e, 0xd0, 0x0e, 0xd0, 0x0f, 0xd8, 0x10, 0xe8, 0x10, 0xe8, 0x10, 0xe8,
    0x10, 0xe8, 0x10, 0xe0, 0x10, 0xe8, 0x0f, 0xe8, 0x10, 0xe0, 0x10, 0xe0,
    0x0f, 0xe0, 0x10, 0xe0, 0x0f, 0xe0, 0x0f, 0xe0, 0x0f, 0xd8, 0x0f, 0xd8,
    0x0f, 0xd8, 0x0f, 0xd8, 0x0f, 0xe0, 0x10, 0xe8, 0x10, 0xe8, 0x10, 0xe8,
    0x10, 0xe8, 0x10, 0xe0, 0x10, 0xe8, 0x0f, 0xe0, 0x10, 0xe0, 0x0f, 0xe0,
    0x10, 0xe0, 0x0f, 0xe0, 0x0f, 0xe0, 0x0f, 0xe0, 0x0f, 0xd8, 0x0f, 0xe0,
    0x10, 0xe0, 0x10, 0xe8, 0x10, 0xe0, 0x10, 0xe0, 0x0f, 0xe8, 0x10, 0xe8,
    0x10, 0xe0, 0x10, 0xe0, 0x10, 0xe0, 0x0f, 0xe0, 0x0f, 0xe0, 0x0f, 0xe0,
    0x0f, 0xe0, 0x0f, 0xe0, 0x10, 0xe0, 0x0f, 0xe8, 0x10, 0xe8, 0x10, 0xe0,
    0x10, 0xe8, 0x0f, 0xe8, 0x10, 0xe0, 0x10, 0xe0, 0x0f, 0xe0, 0x10, 0xe0,
    0x0f, 0xe0, 0x0f, 0xe0, 0x0f, 0xd8, 0x0f, 0xe0, 0x10, 0xe8, 0x10, 0xe8,
    0x10, 0xe8, 0x10, 0xe8, 0x10, 0xe8, 0x0f, 0xe0, 0x0f, 0xe0, 0x10, 0xe0,
    0x0f, 0xe0, 0x0f, 0xe0, 0x0f, 0xe0, 0x10, 0xe0, 0x10, 0xe8, 0x10, 0xe8,
    0x10, 0xe8, 0x0f, 0xe0, 0x10, 0xe8, 0x10, 0xe8, 0x0f, 0xe0, 0x10, 0xe0,
    0x10, 0xe0, 0x0f, 0xe0, 0x0f, 0xe0, 0x0f, 0xd8, 0x0f, 0xe0, 0x10, 0xe0,
    0x10, 0xe8, 0x0f, 0xe8, 0x10, 0xe8, 0x10, 0xe0, 0x0f, 0xe0, 0x0f, 0xe0,
    0x10, 0xe0, 0x0f, 0xe0, 0x0f, 0xe0, 0x0f, 0xd8, 0x0f, 0xd8, 0x0f, 0xe0,
    0x10, 0xe8, 0x10, 0xe8, 0x10, 0xe0, 0x0f, 0xe0, 0x10, 0xe0, 0x0f, 0xe0,
    0x0f, 0xe0, 0x10, 0xe0, 0x0f, 0xe0, 0x0f, 0xd8, 0x0f, 0xd8, 0x0f, 0xd8,
    0x0f, 0xd8, 0x0f, 0xe0, 0x10, 0xe0, 0x0f, 0xe0, 0x10, 0xe0, 0x10, 0xe0,
    0x0f, 0xe0, 0x10, 0xd8, 0x0f, 0xe0, 0x0f, 0xe0, 0x0f, 0xd8, 0x0f, 0xd8,
    0x0e, 0xd8, 0x0f, 0xd8, 0x0e, 0xd0, 0x0f, 0xd8, 0x0f, 0xd8, 0x0f, 0xe0,
    0x0f, 0xe0, 0x10, 0xe0, 0x0f, 0xd8, 0x0f, 0xd8, 0x0f, 0xd8, 0x0f, 0xd8,
    0x0f, 0xd8, 0x0f, 0xd8, 0x0f, 0xd8, 0x0f, 0xd0, 0x0f, 0xd0, 0x0e, 0xd0,
    0x0e, 0xd0, 0x0e, 0xd0, 0x0f, 0xd8, 0x10, 0xe0, 0x0f, 0xe0, 0x0f, 0xd8,
    0x0f, 0xd8, 0x0f, 0xe0, 0x0f, 0xe0, 0x0f, 0xd8, 0x0f, 0xd8, 0x0f, 0xd8,
    0x0e, 0xd8, 0x0e, 0xd8, 0x0f, 0xd8, 0x0f, 0xd0, 0x0e, 0xd0, 0x0f, 0xd0,
    0x0e, 0xd0, 0x0e, 0xd0, 0x0e, 0xd0, 0x0e, 0xc8, 0x0e, 0xc8, 0x0e, 0xc8,
    0x0e, 0xc8, 0x0d, 0xc8, 0x0e, 0xd0, 0x0f, 0xd8, 0x0f, 0xd8, 0x0f, 0xd8,
    0x0e, 0xd8, 0x0f, 0xd8, 0x0e, 0xd0, 0x0e, 0xd0, 0x0f, 0xd8, 0x0e, 0xd0,
    0x0e, 0xd0, 0x0e, 0xd0, 0x0e, 0xd0, 0x0e, 0xc8, 0x0e, 0xd0, 0x0e, 0xd0,
    0x0e, 0xc8, 0x0e, 0xc8, 0x0e, 0xc8, 0x0e, 0xc8, 0x0d, 0xc8, 0x0e, 0xc8,
    0x0e, 0xc0, 0x0d, 0xc8, 0x0d, 0xc0, 0x0d, 0xc0, 0x0d, 0xc0, 0x0d, 0xc0,
    0x0d, 0xb8, 0x0d, 0xc0, 0x0d, 0xb8, 0x0c, 0xb8, 0x0d, 0xc0, 0x0e, 0xd0,
    0x0f, 0xd0, 0x0e, 0xd0, 0x0e, 0xd0, 0x0e, 0xd0, 0x0e, 0xc8, 0x0e, 0xc8,
    0x0e, 0xd0, 0x0f, 0xd0, 0x0e, 0xd0, 0x0f, 0xd0, 0x0e, 0xd0, 0x0e, 0xd0,
    0x0e, 0xd0, 0x0e, 0xd0, 0x0e, 0xc8, 0x0e, 0xc8, 0x0e, 0xc8, 0x0e, 0xc8,
    0x0e, 0xc8, 0x0e, 0xc8, 0x0e, 0xc8, 0x0d, 0xc8, 0x0d, 0xc0, 0x0d, 0xc0,
    0x0d, 0xc0, 0x0d, 0xc0, 0x0d, 0xc0, 0x0e, 0xc8, 0x0f, 0xe0, 0x10, 0xe8,
    0x10, 0xe8, 0x0f, 0xe8, 0x10, 0xe8, 0x10, 0xe0, 0x0f, 0xe0, 0x0f, 0xe8,
    0x10, 0xe0, 0x0f, 0xe0, 0x0f, 0xe0, 0x0f, 0xe0, 0x0f, 0xe0, 0x0f, 0xd8,
    0x0f, 0xd8, 0x0f, 0xd8, 0x0f, 0xd8, 0x0f, 0xd8, 0x0f, 0xd8, 0x0e, 0xd0,
    0x0f, 0xd0, 0x0e, 0xd0, 0x0f, 0xd0, 0x0e, 0xd0, 0x0e, 0xd0, 0x0e, 0xc8,
    0x0e, 0xc8, 0x0e, 0xd0, 0x10, 0xe0, 0x10, 0xe8, 0x10, 0xe8, 0x10, 0xe8,
    0x10, 0xe8, 0x10, 0xe0, 0x0f, 0xe8, 0x10, 0xe8, 0x0f, 0xe0, 0x0f, 0xe8,
    0x10, 0xe0, 0x10, 0xe0, 0x0f, 0xe0, 0x0f, 0xe0, 0x0f, 0xd8, 0x0f, 0xd8,
    0x0f, 0xd8, 0x0f, 0xd8, 0x0f, 0xd8, 0x0e, 0xd8, 0x0e, 0xd0, 0x0f, 0xd8,
    0x10, 0xe0, 0x10, 0xe8, 0x10, 0xe8, 0x0f, 0xe0, 0x10, 0xe8, 0x10, 0xe8,
    0x0f, 0xe8, 0x10, 0xe8, 0x10, 0xe0, 0x0f, 0xe0, 0x10, 0xe0, 0x0f, 0xe0,
    0x0f, 0xe0, 0x0f, 0xe0, 0x0f, 0xd8, 0x0f, 0xd8, 0x0f, 0xd8, 0x0f, 0xd8,
    0x0f, 0xe8, 0x10, 0xe8, 0x0f, 0xe8, 0x10, 0xe8, 0x0f, 0xe8, 0x10, 0xe8,
    0x10, 0xe8, 0x10, 0xe8, 0x10, 0xe0, 0x0f, 0xe0, 0x0f, 0xe0, 0x0f, 0xe0,
    0x10, 0xe0, 0x0f, 0xd8, 0x0f, 0xd8, 0x0f, 0xe0, 0x10, 0xe8, 0x0f, 0xe8,
    0x10, 0xe8, 0x10, 0xe8, 0x10, 0xe8, 0x0f, 0xe8, 0x10, 0xe0, 0x10, 0xe8,
    0x0f, 0xe0, 0x10, 0xe0, 0x10, 0xe0, 0x0f, 0xe0, 0x0f, 0xd8, 0x0f, 0xe0,
    0x10, 0xe8, 0x10, 0xe8, 0x0f, 0xe8, 0x10, 0xe0, 0x10, 0xe8, 0x0f, 0xe8,
    0x10, 0xe0, 0x0f, 0xe8, 0x0f, 0xe0, 0x10, 0xe0, 0x0f, 0xe0, 0x0f, 0xe0,
    0x0f, 0xd8, 0x10, 0xe0, 0x10, 0xe8, 0x10, 0xe0, 0x0f, 0xe8, 0x10, 0xe8,
    0x10, 0xe8, 0x10, 0xe0, 0x10, 0xe8, 0x0f, 0xe0, 0x10, 0xe0, 0x10, 0xe0,
    0x0f, 0xe0, 0x10, 0xe0, 0x10, 0xe0, 0x0f, 0xe8, 0x10, 0xe8, 0x10, 0xe0,
    0x0f, 0xe8, 0x10, 0xe0, 0x0f, 0xe0, 0x0f, 0xe0, 0x0f, 0xe0, 0x0f, 0xe0,
    0x0f, 0xe0, 0x0f, 0xd8, 0x0f, 0xd8, 0x0f, 0xe0, 0x10, 0xe8, 0x10, 0xe8,
    0x10, 0xe0, 0x0f, 0xe8, 0x10, 0xe0, 0x0f, 0xe0, 0x10, 0xe0, 0x0f, 0xe0,
    0x0f, 0xe0, 0x10, 0xd8, 0x0f, 0xd8, 0x0f, 0xd8, 0x0f, 0xe0, 0x10, 0xe8,
    0x10, 0xe8, 0x0f, 0xe0, 0x10, 0xe0, 0x0f, 0xe0, 0x0f, 0xe0, 0x0f, 0xe0,
    0x0f, 0xd8, 0x0f, 0xe0, 0x0f, 0xd8, 0x0f, 0xd8, 0x0e, 0xd8, 0x0f, 0xd8,
    0x0f, 0xe0, 0x0f, 0xe0, 0x10, 0xe0, 0x0f, 0xe0, 0x0f, 0xe0, 0x0f, 0xe0,
    0x0f, 0xe0, 0x0f, 0xd8, 0x0f, 0xd8, 0x0f, 0xd8, 0x0f, 0xd8, 0x0f, 0xd8,
    0x0f, 0xd8, 0x0e, 0xd0, 0x0f, 0xd8, 0x0f, 0xd8, 0x0f, 0xe0, 0x0f, 0xe0,
    0x0f, 0xe0, 0x0f, 0xd8, 0x0f, 0xe0, 0x0f, 0xd8, 0x0f, 0xd8, 0x0e, 0xd8,
    0x0f, 0xd8, 0x0e, 0xd0, 0x0f, 0xd0, 0x0f, 0xd8, 0x0e, 0xd0, 0x0e, 0xd0,
    0x0e, 0xd0, 0x0f, 0xd8, 0x0f, 0xe0, 0x10, 0xe0, 0x0f, 0xe0, 0x0f, 0xd8,
    0x0f, 0xd8, 0x0f, 0xd8, 0x0f, 0xd8, 0x0f, 0xd8, 0x0f, 0xd8, 0x0f, 0xd0,
    0x0f, 0xd8, 0x0e, 0xd0, 0x0e, 0xd0, 0x0f, 0xd0, 0x0e, 0xd0, 0x0e, 0xd0,
    0x0e, 0xd0, 0x0e, 0xc8, 0x0e, 0xd0, 0x0e, 0xc8, 0x0e, 0xc8, 0x0e, 0xc8,
    0x0d, 0xc8, 0x0e, 0xc8, 0x0e, 0xd8, 0x0f, 0xd8, 0x0f, 0xd8, 0x0f, 0xd8,
    0x0f, 0xd8, 0x0e, 0xd8, 0x0f, 0xd0, 0x0f, 0xd0, 0x0e, 0xd0, 0x0e, 0xd0,
    0x0f, 0xd0, 0x0e, 0xd0, 0x0e, 0xd0, 0x0e, 0xc8, 0x0e, 0xc8, 0x0e, 0xd0,
    0x0d, 0xc8, 0x0e, 0xc8, 0x0e, 0xc8, 0x0d, 0xc8, 0x0d, 0xc0, 0x0d, 0xc0,
    0x0d, 0xc0, 0x0e, 0xc0, 0x0d, 0xc0, 0x0d, 0xc0, 0x0d, 0xc0, 0x0d, 0xb8,
    0x0d, 0xc0, 0x0d, 0xb8, 0x0d, 0xb8, 0x0d, 0xb8, 0x0e, 0xc8, 0x0e, 0xd0,
    0x0e, 0xd0, 0x0e, 0xd0, 0x0e, 0xd0, 0x0e, 0xc8, 0x0e, 0xd0, 0x0e, 0xd0,
    0x0e, 0xd0, 0x0e, 0xd0, 0x0e, 0xd0, 0x0e, 0xd0, 0x0e, 0xc8, 0x0e, 0xc8,
    0x0e, 0xc8, 0x0e, 0xc8, 0x0e, 0xc8, 0x0e, 0xc8, 0x0e, 0xc8, 0x0d, 0xc8,
    0x0d, 0xc0, 0x0d, 0xc0, 0x0d, 0xc0, 0x0d, 0xc0, 0x0d, 0xc0, 0x0d, 0xc0,
    0x0e, 0xd0, 0x10, 0xe0, 0x10, 0xe8, 0x10, 0xe8, 0x10, 0xe0, 0x10, 0xe0,
    0x10, 0xe0, 0x0f, 0xe0, 0x10, 0xe0, 0x10, 0xe0, 0x0f, 0xe0, 0x0f, 0xe0,
    0x0f, 0xe0, 0x10, 0xe0, 0x0f, 0xd8, 0x0f, 0xd8, 0x0f, 0xd8, 0x0f, 0xd8,
    0x0f, 0xd8, 0x0f, 0xd8, 0x0e, 0xd8, 0x0f, 0xd0, 0x0e, 0xd0, 0x0e, 0xd0,
    0x0e, 0xd0, 0x0e, 0xd0, 0x0e, 0xc8, 0x0e, 0xc8, 0x0e, 0xd0, 0x0f, 0xe0,
    0x10, 0xe8, 0x10, 0xe8, 0x10, 0xe8, 0x0f, 0xe8, 0x10, 0xe0, 0x10, 0xe0,
    0x10, 0xe8, 0x0f, 0xe0, 0x0f, 0xe0, 0x10, 0xe0, 0x0f, 0xe0, 0x0f, 0xe0,
    0x0f, 0xe0, 0x0f, 0xd8, 0x0f, 0xd8, 0x0f, 0xd8, 0x0f, 0xd8, 0x0f, 0xd8,
    0x0e, 0xd0, 0x0e, 0xd0, 0x0f, 0xd0, 0x0f, 0xe0, 0x10, 0xe8, 0x10, 0xe8,
    0x0f, 0xe8, 0x10, 0xe8, 0x10, 0xe0, 0x0f, 0xe8, 0x10, 0xe0, 0x10, 0xe0,
    0x0f, 0xe0, 0x0f, 0xe0, 0x10, 0xe0, 0x0f, 0xe0, 0x0f, 0xe0, 0x0f, 0xd8,
    0x0f, 0xd8, 0x0f, 0xd8, 0x0f, 0xd8, 0x0f, 0xe0, 0x10, 0xe8, 0x10, 0xe8,
    0x10, 0xe0, 0x10, 0xe8, 0x0f, 0xe0, 0x10, 0xe8, 0x10, 0xe0, 0x0f, 0xe0,
    0x0f, 0xe0, 0x10, 0xe0, 0x0f, 0xe0, 0x0f, 0xe0, 0x0f, 0xe0, 0x0f, 0xd8,
    0x0f, 0xd8, 0x10, 0xe0, 0x10, 0xe8, 0x10, 0xe8, 0x0f, 0xe8, 0x10, 0xe8,
    0x10, 0xe0, 0x10, 0xe8, 0x0f, 0xe0, 0x0f, 0xe0, 0x0f, 0xe0, 0x0f, 0xe0,
    0x10, 0xe0, 0x0f, 0xd8, 0x0f, 0xd8, 0x0f, 0xe0, 0x10, 0xe8, 0x10, 0xe8,
    0x10, 0xe0, 0x10, 0xe8, 0x10, 0xe8, 0x10, 0xe0, 0x10, 0xe8, 0x0f, 0xe0,
    0x10, 0xe0, 0x0f, 0xe0, 0x0f, 0xe0, 0x10, 0xd8, 0x0f, 0xe0, 0x10, 0xe0,
    0x10, 0xe8, 0x0f, 0xe8, 0x10, 0xe0, 0x10, 0xe8, 0x0f, 0xe0, 0x10, 0xe8,
    0x10, 0xe0, 0x0f, 0xe0, 0x0f, 0xe0, 0x0f, 0xe0, 0x0f, 0xd8, 0x0f, 0xe0,
    0x10, 0xe8, 0x10, 0xe8, 0x10, 0xe8, 0x10, 0xe0, 0x10, 0xe8, 0x10, 0xe8,
    0x10, 0xe0, 0x0f, 0xe0, 0x10, 0xe0, 0x0f, 0xe0, 0x10, 0xe0, 0x0f, 0xd8,
    0x0f, 0xd8, 0x0f, 0xe0, 0x10, 0xe8, 0x10, 0xe8, 0x10, 0xe0, 0x0f, 0xe0,
    0x10, 0xe0, 0x10, 0xe0, 0x0f, 0xe0, 0x0f, 0xe0, 0x0f, 0xe0, 0x0f, 0xd8,
    0x0f, 0xd8, 0x0f, 0xd8, 0x0f, 0xe0, 0x10, 0xe8, 0x10, 0xe0, 0x0f, 0xe0,
    0x10, 0xe0, 0x10, 0xe0, 0x0f, 0xe0, 0x0f, 0xe0, 0x10, 0xd8, 0x0f, 0xe0,
    0x0f, 0xd8, 0x0f, 0xd8, 0x0f, 0xd8, 0x0f, 0xd8, 0x0f, 0xd8, 0x10, 0xe0,
    0x0f, 0xe0, 0x10, 0xe0, 0x0f, 0xe0, 0x0f, 0xd8, 0x10, 0xe0, 0x0f, 0xe0,
    0x0f, 0xd8, 0x0f, 0xd8, 0x0f, 0xd8, 0x0e, 0xd8, 0x0f, 0xd8, 0x0e, 0xd0,
    0x0e, 0xd0, 0x0f, 0xd8, 0x10, 0xe0, 0x0f, 0xe0, 0x0f, 0xe0, 0x0f, 0xd8,
    0x0f, 0xd8, 0x0f, 0xd8, 0x0f, 0xd8, 0x0f, 0xd8, 0x0e, 0xd8, 0x0f, 0xd8,
    0x0e, 0xd0, 0x0e, 0xd0, 0x0f, 0xd0, 0x0e, 0xd0, 0x0e, 0xd0, 0x0e, 0xc8,
    0x0f, 0xd8, 0x10, 0xe0, 0x0f, 0xe0, 0x0f, 0xd8, 0x0f, 0xe0, 0x0f, 0xd8,
    0x0f, 0xd8, 0x0e, 0xd8, 0x0f, 0xd8, 0x0f, 0xd8, 0x0e, 0xd0, 0x0e, 0xd8,
    0x0f, 0xd8, 0x0e, 0xd0, 0x0e, 0xd0, 0x0e, 0xd0, 0x0e, 0xd0, 0x0e, 0xd0,
    0x0e, 0xc8, 0x0e, 0xc8, 0x0e, 0xc8, 0x0e, 0xc8, 0x0e, 0xc8, 0x0d, 0xc0,
    0x0e, 0xc8, 0x0e, 0xd8, 0x0f, 0xd8, 0x0f, 0xd8, 0x0e, 0xd8, 0x0f, 0xd8,
    0x0f, 0xd0, 0x0e, 0xd0, 0x0f, 0xd8, 0x0f, 0xd0, 0x0e, 0xd0, 0x0e, 0xd0,
    0x0e, 0xd0, 0x0e, 0xd0, 0x0e, 0xc8, 0x0e, 0xc8, 0x0e, 0xc8, 0x0e, 0xc8,
    0x0e, 0xc8, 0x0e, 0xc8, 0x0d, 0xc8, 0x0e, 0xc8, 0x0e, 0xc0, 0x0d, 0xc0,
    0x0d, 0xc0, 0x0d, 0xc0, 0x0d, 0xc0, 0x0d, 0xc0, 0x0d, 0xc0, 0x0d, 0xb8,
    0x0d, 0xb8, 0x0d, 0xb8, 0x0c, 0xb8, 0x0d, 0xc0, 0x0e, 0xc8, 0x0f, 0xd0,
    0x0e, 0xd0, 0x0e, 0xd0, 0x0e, 0xd0, 0x0e, 0xd0, 0x0e, 0xd0, 0x0e, 0xd0,
    0x0e, 0xc8, 0x0e, 0xc8, 0x0e, 0xc8, 0x0e, 0xc8, 0x0e, 0xc8, 0x0e, 0xc8,
    0x0e, 0xc8, 0x0d, 0xc8, 0x0d, 0xc0, 0x0d, 0xc0, 0x0d, 0xc0, 0x0e, 0xc0,
    0x0d, 0xc0, 0x0d, 0xc0, 0x0e, 0xc0, 0x0e, 0xd0, 0x10, 0xe8, 0x10, 0xe8,
    0x10, 0xe8, 0x10, 0xe8, 0x0f, 0xe0, 0x0f, 0xe0, 0x0f, 0xe0, 0x0f, 0xe0,
    0x0f, 0xe0, 0x0f, 0xe0, 0x0f, 0xe0, 0x0f, 0xe0, 0x10, 0xe0, 0x0f, 0xd8,
    0x0f, 0xd8, 0x0f, 0xd8, 0x0f, 0xd8, 0x0f, 0xd8, 0x0e, 0xd8, 0x0e, 0xd0,
    0x0f, 0xd0, 0x0e, 0xd0, 0x0e, 0xd0, 0x0e, 0xd0, 0x0e, 0xd0, 0x0e, 0xc8,
    0x0e, 0xc8, 0x0e, 0xd0, 0x10, 0xe0, 0x10, 0xe8, 0x10, 0xe8, 0x10, 0xe8,
    0x0f, 0xe8, 0x10, 0xe8, 0x10, 0xe0, 0x0f, 0xe8, 0x10, 0xe0, 0x10, 0xe0,
    0x0f, 0xe0, 0x0f, 0xe0, 0x0f, 0xe0, 0x0f, 0xe0, 0x0f, 0xd8, 0x0f, 0xd8,
    0x0f, 0xd8, 0x0f, 0xd8, 0x0e, 0xd8, 0x0e, 0xd8, 0x0e, 0xd0, 0x0e, 0xd0,
    0x0f, 0xe0, 0x10, 0xe8, 0x10, 0xe8, 0x10, 0xe8, 0x10, 0xe8, 0x10, 0xe8,
    0x10, 0xe8, 0x10, 0xe0, 0x10, 0xe8, 0x0f, 0xe0, 0x0f, 0xe0, 0x10, 0xe0,
    0x0f, 0xe0, 0x0f, 0xe0, 0x0f, 0xd8, 0x0f, 0xd8, 0x0f, 0xd8, 0x0e, 0xd8,
    0x0f, 0xd8, 0x10, 0xe8, 0x10, 0xe8, 0x0f, 0xe8, 0x10, 0xe8, 0x10, 0xe8,
    0x10, 0xe8, 0x10, 0xe0, 0x10, 0xe8, 0x0f, 0xe0, 0x10, 0xe0, 0x10, 0xe0,
    0x0f, 0xe0, 0x0f, 0xe0, 0x0f, 0xd8, 0x0f, 0xd8, 0x0f, 0xd8, 0x10, 0xe8,
    0x10, 0xe8, 0x10, 0xe0, 0x10, 0xe8, 0x0f, 0xe8, 0x10, 0xe8, 0x10, 0xe0,
    0x10, 0xe0, 0x10, 0xe0, 0x10, 0xe0, 0x0f, 0xe0, 0x0f, 0xe0, 0x0f, 0xd8,
    0x0f, 0xd8, 0x10, 0xe0, 0x10, 0xe8, 0x10, 0xe8, 0x0f, 0xe8, 0x10, 0xe8,
    0x0f, 0xe8, 0x10, 0xe0, 0x10, 0xe0, 0x0f, 0xe0, 0x10, 0xe0, 0x0f, 0xe0,
    0x0f, 0xe0, 0x0f, 0xd8, 0x0f, 0xd8, 0x10, 0xe0, 0x10, 0xe8, 0x10, 0xe8,
    0x10, 0xe8, 0x10, 0xe8, 0x0f, 0xe0, 0x10, 0xe8, 0x0f, 0xe0, 0x10, 0xe0,
    0x10, 0xe0, 0x0f, 0xe0, 0x0f, 0xe0, 0x10, 0xe0, 0x10, 0xe8, 0x0f, 0xe8,
    0x10, 0xe0, 0x0f, 0xe8, 0x10, 0xe0, 0x10, 0xe8, 0x0f, 0xe0, 0x10, 0xe0,
    0x0f, 0xe0, 0x0f, 0xe0, 0x0f, 0xe0, 0x0f, 0xd8, 0x0f, 0xd8, 0x0f, 0xe0,
    0x10, 0xe8, 0x10, 0xe8, 0x10, 0xe0, 0x0f, 0xe8, 0x0f, 0xe0, 0x10, 0xe0,
    0x10, 0xe0, 0x0f, 0xe0, 0x0f, 0xe0, 0x0f, 0xd8, 0x0f, 0xd8, 0x0f, 0xd8,
    0x0f, 0xe0, 0x10, 0xe0, 0x10, 0xe8, 0x0f, 0xe0, 0x0f, 0xe0, 0x10, 0xe0,
    0x0f, 0xe0, 0x0f, 0xd8, 0x10, 0xe0, 0x0f, 0xe0, 0x0f, 0xd8, 0x0f, 0xd8,
    0x0f, 0xd8, 0x0f, 0xd8, 0x0f, 0xd8, 0x0f, 0xe0, 0x10, 0xe0, 0x10, 0xe0,
    0x0f, 0xe0, 0x0f, 0xd8, 0x0f, 0xe0, 0x0f, 0xe0, 0x0f, 0xd8, 0x0f, 0xd8,
    0x0f, 0xd8, 0x0f, 0xd8, 0x0e, 0xd8, 0x0f, 0xd0, 0x0e, 0xd0, 0x0f, 0xd0,
    0x0f, 0xd8, 0x0f, 0xe0, 0x10, 0xe0, 0x0f, 0xd8, 0x0f, 0xe0, 0x0f, 0xd8,
    0x0f, 0xd8, 0x0f, 0xd8, 0x0f, 0xd8, 0x0f, 0xd8, 0x0e, 0xd8, 0x0f, 0xd0,
    0x0e, 0xd0, 0x0e, 0xd0, 0x0e, 0xd0, 0x0e, 0xd0, 0x0e, 0xc8, 0x0f, 0xd8,
    0x10, 0xe0, 0x0f, 0xe0, 0x0f, 0xe0, 0x0f, 0xd8, 0x0f, 0xd8, 0x0f, 0xd8,
    0x0f, 0xd8, 0x0f, 0xd8, 0x0e, 0xd8, 0x0f, 0xd0, 0x0f, 0xd0, 0x0e, 0xd0,
    0x0f, 0xd0, 0x0e, 0xd0, 0x0e, 0xd0, 0x0e, 0xd0, 0x0e, 0xc8, 0x0e, 0xc8,
    0x0e, 0xd0, 0x0e, 0xc8, 0x0e, 0xc8, 0x0d, 0xc8, 0x0d, 0xc0, 0x0e, 0xc8,
    0x0e, 0xd0, 0x0f, 0xd8, 0x0f, 0xd8, 0x0e, 0xd8, 0x0e, 0xd0, 0x0e, 0xd8,
    0x0f, 0xd0, 0x0e, 0xd0, 0x0e, 0xd0, 0x0e, 0xd0, 0x0e, 0xd0, 0x0e, 0xd0,
    0x0e, 0xd0, 0x0e, 0xc8, 0x0e, 0xc8, 0x0e, 0xd0, 0x0d, 0xc8, 0x0e, 0xc8,
    0x0e, 0xc8, 0x0d, 0xc8, 0x0d, 0xc8, 0x0e, 0xc0, 0x0d, 0xc0, 0x0d, 0xc0,
    0x0d, 0xc0, 0x0d, 0xc0, 0x0d, 0xc0, 0x0d, 0xc0, 0x0d, 0xb8, 0x0d, 0xb8,
    0x0d, 0xb8, 0x0c, 0xb8, 0x0d, 0xb8, 0x0e, 0xc8, 0x0e, 0xd0, 0x0e, 0xd0,
    0x0e, 0xd0, 0x0e, 0xc8, 0x0e, 0xc8, 0x0e, 0xc8, 0x0e, 0xc8, 0x0e, 0xc8,
    0x0e, 0xc8, 0x0e, 0xc8, 0x0e, 0xc8, 0x0d, 0xc8, 0x0d, 0xc0, 0x0d, 0xc0,
    0x0d, 0xc0, 0x0e, 0xc0, 0x0d, 0xc0, 0x0d, 0xc0, 0x0d, 0xc0, 0x0e, 0xc0,
    0x0f, 0xd8, 0x10, 0xe8, 0x10, 0xe8, 0x10, 0xe0, 0x10, 0xe0, 0x0f, 0xe0,
    0x0f, 0xe8, 0x10, 0xe0, 0x10, 0xe0, 0x0f, 0xe0, 0x0f, 0xe0, 0x10, 0xe0,
    0x0f, 0xe0, 0x0f, 0xd8, 0x0f, 0xd8, 0x0f, 0xd8, 0x0f, 0xd8, 0x0f, 0xd8,
    0x0e, 0xd8, 0x0f, 0xd0, 0x0f, 0xd0, 0x0e, 0xd0, 0x0e, 0xd0, 0x0e, 0xd0,
    0x0e, 0xd0, 0x0e, 0xc8, 0x0e, 0xc8, 0x0e, 0xc8, 0x0e, 0xd0, 0x0f, 0xe0,
    0x10, 0xe8, 0x10, 0xe0, 0x10, 0xe8, 0x10, 0xe0, 0x10, 0xe8, 0x10, 0xe0,
    0x10, 0xe8, 0x0f, 0xe0, 0x0f, 0xe0, 0x10, 0xe0, 0x0f, 0xe0, 0x0f, 0xe0,
    0x10, 0xd8, 0x0f, 0xd8, 0x0f, 0xd8, 0x0f, 0xd8, 0x0f, 0xd8, 0x0e, 0xd8,
    0x0f, 0xd0, 0x0e, 0xd0, 0x0e, 0xd0, 0x0f, 0xd8, 0x10, 0xe8, 0x10, 0xe8,
    0x10, 0xe8, 0x0f, 0xe0, 0x10, 0xe0, 0x0f, 0xe8, 0x10, 0xe0, 0x10, 0xe8,
    0x0f, 0xe0, 0x0f, 0xe0, 0x10, 0xe0, 0x0f, 0xe0, 0x0f, 0xe0, 0x0f, 0xd8,
    0x0f, 0xd8, 0x0f, 0xd8, 0x0f, 0xd8, 0x0f, 0xd8, 0x0f, 0xe0, 0x10, 0xe8,
    0x10, 0xe8, 0x0f, 0xe0, 0x10, 0xe8, 0x10, 0xe8, 0x0f, 0xe8, 0x10, 0xe0,
    0x10, 0xe0, 0x0f, 0xe8, 0x0f, 0xe0, 0x0f, 0xe0, 0x0f, 0xe0, 0x0f, 0xe0,
    0x0f, 0xd8, 0x0f, 0xd8, 0x0f, 0xe0, 0x10, 0xe8, 0x0f, 0xe8, 0x10, 0xe8,
    0x10, 0xe0, 0x10, 0xe8, 0x0f, 0xe8, 0x10, 0xe0, 0x0f, 0xe8, 0x0f, 0xe0,
    0x10, 0xe0, 0x0f, 0xe0, 0x0f, 0xe0, 0x0f, 0xd8, 0x0f, 0xd8, 0x10, 0xe0,
    0x10, 0xe8, 0x0f, 0xe8, 0x10, 0xe0, 0x10, 0xe8, 0x10, 0xe8, 0x0f, 0xe0,
    0x10, 0xe8, 0x0f, 0xe0, 0x0f, 0xe0, 0x10, 0xe0, 0x0f, 0xe0, 0x0f, 0xd8,
    0x0f, 0xe0, 0x0f, 0xe0, 0x10, 0xe8, 0x0f, 0xe8, 0x10, 0xe8, 0x10, 0xe0,
    0x10, 0xe0, 0x0f, 0xe0, 0x0f, 0xe0, 0x10, 0xe0, 0x0f, 0xe0, 0x0f, 0xe0,
    0x0f, 0xd8, 0x10, 0xe0, 0x10, 0xe8, 0x10, 0xe0, 0x10, 0xe8, 0x10, 0xe8,
    0x0f, 0xe0, 0x10, 0xe0, 0x10, 0xe8, 0x0f, 0xe0, 0x10, 0xe0, 0x0f, 0xe0,
    0x0f, 0xe0, 0x0f, 0xd8, 0x0f, 0xd8, 0x0f, 0xe0, 0x10, 0xe8, 0x10, 0xe0,
    0x10, 0xe8, 0x10, 0xe0, 0x0f, 0xe0, 0x0f, 0xe0, 0x10, 0xe0, 0x0f, 0xe0,
    0x0f, 0xe0, 0x0f, 0xd8, 0x0f, 0xe0, 0x0f, 0xd8, 0x0f, 0xd8, 0x0f, 0xe0,
    0x10, 0xe8, 0x0f, 0xe0, 0x10, 0xe0, 0x10, 0xe0, 0x0f, 0xe0, 0x0f, 0xe0,
    0x0f, 0xe0, 0x0f, 0xd8, 0x0f, 0xd8, 0x0f, 0xd8, 0x0f, 0xd8, 0x0e, 0xd8,
    0x0e, 0xd8, 0x0f, 0xd8, 0x0f, 0xe0, 0x10, 0xe0, 0x0f, 0xe0, 0x0f, 0xe0,
    0x0f, 0xe0, 0x0f, 0xd8, 0x0f, 0xd8, 0x0f, 0xd8, 0x0f, 0xd8, 0x0f, 0xd8,
    0x0e, 0xd8, 0x0f, 0xd8, 0x0f, 0xd0, 0x0e, 0xd0, 0x0f, 0xd8, 0x0f, 0xd8,
    0x0f, 0xe0, 0x0f, 0xe0, 0x0f, 0xe0, 0x0f, 0xd8, 0x0f, 0xd8, 0x0f, 0xd8,
    0x0f, 0xd8, 0x0e, 0xd0, 0x0e, 0xd0, 0x0f, 0xd8, 0x0f, 0xd0, 0x0e, 0xd0,
    0x0e, 0xd0, 0x0e, 0xd0, 0x0e, 0xc8, 0x0e, 0xd0, 0x0f, 0xd8, 0x0f, 0xe0,
    0x0f, 0xe0, 0x0f, 0xd8, 0x0f, 0xd8, 0x0f, 0xd8, 0x0f, 0xd8, 0x0f, 0xd8,
    0x0f, 0xd8, 0x0f, 0xd8, 0x0e, 0xd0, 0x0e, 0xd8, 0x0f, 0xd0, 0x0e, 0xd0,
    0x0e, 0xd0, 0x0e, 0xd0, 0x0e, 0xd0, 0x0e, 0xc8, 0x0e, 0xc8, 0x0e, 0xd0,
    0x0e, 0xc8, 0x0e, 0xc8, 0x0d, 0xc8, 0x0d, 0xc0, 0x0d, 0xc0, 0x0e, 0xd0,
    0x0f, 0xd8, 0x0f, 0xd8, 0x0f, 0xd0, 0x0f, 0xd8, 0x0e, 0xd0, 0x0e, 0xd0,
    0x0f, 0xd0, 0x0e, 0xd0, 0x0e, 0xd0, 0x0e, 0xd0, 0x0e, 0xd0, 0x0e, 0xc8,
    0x0e, 0xc8, 0x0e, 0xc8, 0x0e, 0xc8, 0x0e, 0xc8, 0x0e, 0xc8, 0x0e, 0xc0,
    0x0d, 0xc8, 0x0e, 0xc0, 0x0d, 0xc0, 0x0d, 0xc0, 0x0d, 0xc0, 0x0d, 0xc0,
    0x0d, 0xb8, 0x0d, 0xc0, 0x0d, 0xc0, 0x0c, 0xb8, 0x0d, 0xb8, 0x0d, 0xb8,
    0x0c, 0xb8, 0x0c, 0xb8, 0x0d, 0xc0, 0x0e, 0xc8, 0x0e, 0xc8, 0x0e, 0xc8,
    0x0e, 0xc8, 0x0e, 0xc8, 0x0e, 0xc8, 0x0e, 0xc8, 0x0d, 0xc8, 0x0e, 0xc8,
    0x0d, 0xc0, 0x0d, 0xc0, 0x0d, 0xc0, 0x0e, 0xc0, 0x0d, 0xc0, 0x0d, 0xc0,
    0x0d, 0xc0, 0x0d, 0xb8, 0x0e, 0xc8, 0x0f, 0xe0, 0x10, 0xe8, 0x10, 0xe8,
    0x10, 0xe8, 0x10, 0xe0, 0x0f, 0xe0, 0x0f, 0xe0, 0x10, 0xe0, 0x10, 0xe0,
    0x0f, 0xe0, 0x0f, 0xe0, 0x10, 0xe0, 0x0f, 0xd8, 0x0f, 0xd8, 0x0f, 0xd8,
    0x0f, 0xd8, 0x0f, 0xd8, 0x0f, 0xd8, 0x0e, 0xd8, 0x0e, 0xd0, 0x0e, 0xd0,
    0x0e, 0xd0, 0x0e, 0xd0, 0x0e, 0xd0, 0x0e, 0xd0, 0x0e, 0xc8, 0x0e, 0xc8,
    0x0e, 0xc8, 0x0e, 0xd0, 0x0f, 0xd8, 0x10, 0xe8, 0x10, 0xe8, 0x10, 0xe8,
    0x0f, 0xe8, 0x10, 0xe8, 0x10, 0xe0, 0x0f, 0xe0, 0x10, 0xe0, 0x0f, 0xe0,
    0x10, 0xe0, 0x0f, 0xe0, 0x0f, 0xe0, 0x10, 0xe0, 0x0f, 0xd8, 0x0f, 0xd8,
    0x0f, 0xd8, 0x0f, 0xd8, 0x0e, 0xd8, 0x0e, 0xd8, 0x0f, 0xd0, 0x0e, 0xd0,
    0x0f, 0xd0, 0x10, 0xe0, 0x10, 0xe8, 0x10, 0xe8, 0x0f, 0xe8, 0x10, 0xe8,
    0x10, 0xe8, 0x0f, 0xe8, 0x10, 0xe0, 0x0f, 0xe0, 0x0f, 0xe0, 0x10, 0xe0,
    0x0f, 0xe0, 0x0f, 0xe0, 0x10, 0xe0, 0x0f, 0xd8, 0x0f, 0xd8, 0x0f, 0xd8,
    0x0e, 0xd0, 0x0f, 0xd8, 0x10, 0xe0, 0x10, 0xe8, 0x0f, 0xe8, 0x10, 0xe0,
    0x10, 0xe8, 0x10, 0xe8, 0x0f, 0xe0, 0x10, 0xe0, 0x10, 0xe8, 0x0f, 0xe0,
    0x0f, 0xe0, 0x10, 0xe0, 0x0f, 0xd8, 0x0f, 0xd8, 0x0f, 0xd8, 0x0f, 0xd8,
    0x0f, 0xe0, 0x10, 0xe8, 0x10, 0xe8, 0x0f, 0xe8, 0x10, 0xe8, 0x10, 0xe0,
    0x10, 0xe8, 0x10, 0xe0, 0x0f, 0xe0, 0x0f, 0xe0, 0x0f, 0xe0, 0x0f, 0xe0,
    0x0f, 0xe0, 0x0f, 0xd8, 0x0f, 0xd8, 0x10, 0xe0, 0x10, 0xe8, 0x0f, 0xe8,
    0x10, 0xe8, 0x10, 0xe0, 0x10, 0xe8, 0x10, 0xe0, 0x0f, 0xe0, 0x10, 0xe0,
    0x0f, 0xe0, 0x0f, 0xe0, 0x10, 0xe0, 0x0f, 0xd8, 0x0f, 0xd8, 0x10, 0xe8,
    0x10, 0xe8, 0x10, 0xe8, 0x0f, 0xe8, 0x10, 0xe8, 0x10, 0xe8, 0x10, 0xe0,
    0x0f, 0xe0, 0x10, 0xe0, 0x0f, 0xe0, 0x0f, 0xd8, 0x0f, 0xd8, 0x0f, 0xe0,
    0x10, 0xe8, 0x0f, 0xe8, 0x10, 0xe8, 0x10, 0xe8, 0x10, 0xe0, 0x0f, 0xe0,
    0x0f, 0xe0, 0x10, 0xe0, 0x0f, 0xe0, 0x0f, 0xe0, 0x10, 0xe0, 0x0f, 0xd8,
    0x0f, 0xd8, 0x0f, 0xd8, 0x0f, 0xe0, 0x10, 0xe8, 0x10, 0xe8, 0x0f, 0xe0,
    0x10, 0xe0, 0x10, 0xe0, 0x0f, 0xe0, 0x0f, 0xe0, 0x10, 0xe0, 0x0f, 0xd8,
    0x0f, 0xd8, 0x0f, 0xd8, 0x0f, 0xd8, 0x0f, 0xe0, 0x10, 0xe0, 0x0f, 0xe8,
    0x10, 0xe0, 0x0f, 0xe0, 0x0f, 0xe0, 0x10, 0xe0, 0x0f, 0xe0, 0x0f, 0xe0,
    0x0f, 0xd8, 0x0f, 0xd8, 0x0f, 0xd8, 0x0f, 0xd8, 0x0e, 0xd0, 0x0f, 0xd8,
    0x0f, 0xe0, 0x0f, 0xe0, 0x10, 0xe0, 0x0f, 0xe0, 0x10, 0xe0, 0x0f, 0xe0,
    0x0f, 0xe0, 0x0f, 0xd8, 0x0f, 0xd8, 0x0f, 0xd8, 0x0e, 0xd8, 0x0f, 0xd0,
    0x0e, 0xd0, 0x0e, 0xd8, 0x0e, 0xd0, 0x0f, 0xd8, 0x0f, 0xe0, 0x10, 0xe0,
    0x0f, 0xd8, 0x0f, 0xd8, 0x0f, 0xd8, 0x0f, 0xd8, 0x0f, 0xd8, 0x0e, 0xd8,
    0x0f, 0xd0, 0x0e, 0xd8, 0x0f, 0xd8, 0x0f, 0xd0, 0x0e, 0xd0, 0x0e, 0xd0,
    0x0e, 0xd0, 0x0e, 0xc8, 0x0e, 0xd0, 0x0f, 0xd8, 0x10, 0xe0, 0x0f, 0xe0,
    0x0f, 0xd8, 0x0f, 0xd8, 0x0e, 0xd8, 0x0f, 0xd8, 0x0f, 0xd8, 0x0e, 0xd8,
    0x0e, 0xd0, 0x0f, 0xd0, 0x0e, 0xd0, 0x0e, 0xd0, 0x0e, 0xd0, 0x0e, 0xd0,
    0x0e, 0xd0, 0x0e, 0xd0, 0x0e, 0xc8, 0x0e, 0xc8, 0x0d, 0xc8, 0x0e, 0xc8,
    0x0e, 0xc8, 0x0e, 0xc8, 0x0d, 0xc0, 0x0e, 0xc0, 0x0e, 0xd0, 0x0f, 0xd8,
    0x0f, 0xd8, 0x0e, 0xd8, 0x0f, 0xd8, 0x0f, 0xd0, 0x0e, 0xd0, 0x0f, 0xd0,
    0x0e, 0xd0, 0x0e, 0xd0, 0x0e, 0xd0, 0x0e, 0xd0, 0x0e, 0xc8, 0x0e, 0xc8,
    0x0e, 0xc8, 0x0d, 0xc8, 0x0e, 0xc8, 0x0e, 0xc8, 0x0d, 0xc8, 0x0d, 0xc0,
    0x0e, 0xc0, 0x0d, 0xc0, 0x0e, 0xc0, 0x0d, 0xc0, 0x0d, 0xc0, 0x0d, 0xc0,
    0x0d, 0xc0, 0x0d, 0xb8, 0x0d, 0xb8, 0x0d, 0xb8, 0x0d, 0xb8, 0x0c, 0xb8,
    0x0d, 0xb8, 0x0d, 0xb8, 0x0e, 0xc8, 0x0e, 0xc8, 0x0e, 0xc8, 0x0d, 0xc8,
    0x0e, 0xc8, 0x0d, 0xc8, 0x0d, 0xc0, 0x0d, 0xc0, 0x0d, 0xc0, 0x0d, 0xc0,
    0x0d, 0xc0, 0x0d, 0xc0, 0x0d, 0xc0, 0x0d, 0xb8, 0x0d, 0xb8, 0x0e, 0xd0,
    0x0f, 0xe0, 0x10, 0xe8, 0x0f, 0xe0, 0x10, 0xe0, 0x10, 0xe8, 0x0f, 0xe0,
    0x0f, 0xe0, 0x10, 0xe0, 0x10, 0xe0, 0x0f, 0xe0, 0x0f, 0xe0, 0x0f, 0xe0,
    0x0f, 0xd8, 0x0f, 0xd8, 0x0f, 0xd8, 0x0f, 0xd8, 0x0f, 0xd8, 0x0f, 0xd8,
    0x0e, 0xd0, 0x0f, 0xd0, 0x0e, 0xd0, 0x0e, 0xd0, 0x0e, 0xd0, 0x0e, 0xd0,
    0x0e, 0xd0, 0x0e, 0xc8, 0x0e, 0xc8, 0x0e, 0xc8, 0x0e, 0xc8, 0x0f, 0xd8,
    0x10, 0xe8, 0x10, 0xe8, 0x10, 0xe8, 0x10, 0xe0, 0x0f, 0xe8, 0x10, 0xe8,
    0x10, 0xe0, 0x0f, 0xe8, 0x0f, 0xe0, 0x10, 0xe0, 0x0f, 0xe0, 0x0f, 0xe0,
    0x0f, 0xe0, 0x0f, 0xd8, 0x0f, 0xd8, 0x0f, 0xd8, 0x0f, 0xd8, 0x0e, 0xd8,
    0x0f, 0xd0, 0x0f, 0xd0, 0x0e, 0xd0, 0x0e, 0xd0, 0x0f, 0xe0, 0x10, 0xe8,
    0x10, 0xe8, 0x0f, 0xe0, 0x10, 0xe8, 0x10, 0xe8, 0x10, 0xe8, 0x10, 0xe0,
    0x10, 0xe8, 0x0f, 0xe0, 0x10, 0xe0, 0x10, 0xe0, 0x0f, 0xe0, 0x0f, 0xd8,
    0x0f, 0xd8, 0x0f, 0xd8, 0x0f, 0xd8, 0x0e, 0xd8, 0x0f, 0xd8, 0x0f, 0xe0,
    0x10, 0xe8, 0x10, 0xe8, 0x10, 0xe8, 0x10, 0xe8, 0x10, 0xe8, 0x0f, 0xe0,
    0x10, 0xe8, 0x10, 0xe0, 0x0f, 0xe0, 0x10, 0xe0, 0x0f, 0xe0, 0x0f, 0xe0,
    0x0f, 0xd8, 0x0f, 0xd8, 0x0f, 0xd8, 0x0f, 0xd8, 0x10, 0xe8, 0x10, 0xe8,
    0x10, 0xe0, 0x10, 0xe8, 0x0f, 0xe8, 0x10, 0xe8, 0x10, 0xe8, 0x10, 0xe0,
    0x0f, 0xe0, 0x10, 0xe0, 0x0f, 0xe0, 0x10, 0xe0, 0x0f, 0xd8, 0x0f, 0xd8,
    0x0f, 0xe0, 0x10, 0xe8, 0x10, 0xe8, 0x10, 0xe8, 0x0f, 0xe8, 0x10, 0xe8,
    0x10, 0xe8, 0x10, 0xe8, 0x0f, 0xe0, 0x10, 0xe0, 0x0f, 0xe0, 0x0f, 0xe0,
    0x0f, 0xe0, 0x0f, 0xd8, 0x0f, 0xd8, 0x10, 0xe0, 0x10, 0xe8, 0x10, 0xe0,
    0x10, 0xe8, 0x0f, 0xe0, 0x10, 0xe8, 0x10, 0xe8, 0x0f, 0xe0, 0x0f, 0xe0,
    0x10, 0xe0, 0x0f, 0xe0, 0x0f, 0xd8, 0x0f, 0xe0, 0x10, 0xe0, 0x10, 0xe8,
    0x0f, 0xe8, 0x10, 0xe8, 0x10, 0xe0, 0x10, 0xe8, 0x0f, 0xe0, 0x10, 0xe0,
    0x0f, 0xe0, 0x0f, 0xe0, 0x0f, 0xd8, 0x0f, 0xd8, 0x0f, 0xd8, 0x0f, 0xd8,
    0x0f, 0xe0, 0x10, 0xe8, 0x10, 0xe8, 0x0f, 0xe0, 0x0f, 0xe0, 0x10, 0xe0,
    0x10, 0xe0, 0x0f, 0xe0, 0x0f, 0xe0, 0x0f, 0xd8, 0x0f, 0xd8, 0x0f, 0xd8,
    0x0e, 0xd8, 0x0f, 0xd8, 0x10, 0xe0, 0x10, 0xe0, 0x0f, 0xe0, 0x10, 0xe0,
    0x0f, 0xe0, 0x0f, 0xe0, 0x10, 0xe0, 0x0f, 0xe0, 0x0f, 0xd8, 0x0f, 0xd8,
    0x0f, 0xd8, 0x0f, 0xd8, 0x0e, 0xd8, 0x0f, 0xd0, 0x0f, 0xd8, 0x10, 0xe0,
    0x0f, 0xe0, 0x0f, 0xe0, 0x0f, 0xd8, 0x0f, 0xe0, 0x0f, 0xd8, 0x0f, 0xd8,
    0x0f, 0xd8, 0x0f, 0xd8, 0x0f, 0xd8, 0x0e, 0xd8, 0x0f, 0xd0, 0x0e, 0xd0,
    0x0e, 0xd0, 0x0e, 0xd0, 0x0f, 0xd8, 0x10, 0xe0, 0x0f, 0xe0, 0x0f, 0xd8,
    0x0f, 0xd8, 0x0f, 0xd8, 0x0f, 0xd8, 0x0f, 0xd8, 0x0e, 0xd8, 0x0e, 0xd0,
    0x0f, 0xd0, 0x0e, 0xd0, 0x0e, 0xd0, 0x0e, 0xd0, 0x0e, 0xd0, 0x0e, 0xc8,
    0x0e, 0xc8, 0x0f, 0xd0, 0x0f, 0xe0, 0x0f, 0xe0, 0x0f, 0xd8, 0x0f, 0xd8,
    0x0f, 0xd8, 0x0f, 0xd8, 0x0f, 0xd8, 0x0e, 0xd0, 0x0f, 0xd8, 0x0f, 0xd0,
    0x0e, 0xd0, 0x0f, 0xd0, 0x0f, 0xd0, 0x0e, 0xd0, 0x0e, 0xd0, 0x0e, 0xc8,
    0x0e, 0xc8, 0x0e, 0xc8, 0x0e, 0xc8, 0x0e, 0xc8, 0x0e, 0xc8, 0x0d, 0xc8,
    0x0d, 0xc8, 0x0d, 0xc0, 0x0d, 0xc0, 0x0e, 0xd0, 0x0f, 0xd8, 0x0f, 0xd8,
    0x0f, 0xd0, 0x0e, 0xd8, 0x0f, 0xd8, 0x0e, 0xd0, 0x0e, 0xd0, 0x0f, 0xd0,
    0x0e, 0xd0, 0x0e, 0xd0, 0x0e, 0xd0, 0x0e, 0xc8, 0x0e, 0xd0, 0x0e, 0xc8,
    0x0d, 0xc8, 0x0e, 0xc8, 0x0e, 0xc8, 0x0d, 0xc8, 0x0e, 0xc0, 0x0d, 0xc0,
    0x0d, 0xc0, 0x0d, 0xc0, 0x0d, 0xc0, 0x0d, 0xc0, 0x0d, 0xb8, 0x0d, 0xb8,
    0x0c, 0xb8, 0x0d, 0xb8, 0x0d, 0xb8, 0x0d, 0xb8, 0x0c, 0xb8, 0x0c, 0xb8,
    0x0e, 0xc8, 0x0d, 0xc8, 0x0d, 0xc8, 0x0d, 0xc8, 0x0d, 0xc0, 0x0d, 0xc0,
    0x0d, 0xc0, 0x0d, 0xc0, 0x0d, 0xc0, 0x0d, 0xc0, 0x0d, 0xc0, 0x0d, 0xc0,
    0x0d, 0xb8, 0x0d, 0xc0, 0x0f, 0xd0, 0x10, 0xe8, 0x10, 0xe8, 0x10, 0xe0,
    0x10, 0xe8, 0x0f, 0xe0, 0x0f, 0xe0, 0x10, 0xe0, 0x0f, 0xe0, 0x0f, 0xe0,
    0x0f, 0xe0, 0x0f, 0xe0, 0x0f, 0xd8, 0x0f, 0xd8, 0x0f, 0xd8, 0x0f, 0xd8,
    0x0f, 0xd8, 0x0e, 0xd8, 0x0e, 0xd0, 0x0e, 0xd0, 0x0e, 0xd0, 0x0e, 0xd0,
    0x0e, 0xd0, 0x0e, 0xd0, 0x0f, 0xd0, 0x0e, 0xc8, 0x0e, 0xc8, 0x0e, 0xc8,
    0x0e, 0xc8, 0x0e, 0xc8, 0x0f, 0xe0, 0x10, 0xe8, 0x10, 0xe8, 0x10, 0xe8,
    0x10, 0xe0, 0x10, 0xe8, 0x10, 0xe0, 0x0f, 0xe0, 0x0f, 0xe0, 0x10, 0xe0,
    0x10, 0xe0, 0x0f, 0xe0, 0x0f, 0xe0, 0x0f, 0xd8, 0x0f, 0xd8, 0x0f, 0xd8,
    0x0f, 0xd8, 0x0f, 0xd8, 0x0e, 0xd0, 0x0e, 0xd0, 0x0e, 0xd0, 0x0e, 0xd0,
    0x0e, 0xd0, 0x0f, 0xd8, 0x10, 0xe8, 0x10, 0xe8, 0x10, 0xe8, 0x10, 0xe8,
    0x10, 0xe0, 0x0f, 0xe8, 0x10, 0xe0, 0x10, 0xe0, 0x0f, 0xe0, 0x0f, 0xe0,
    0x0f, 0xe0, 0x0f, 0xe0, 0x0f, 0xd8, 0x0f, 0xd8, 0x0f, 0xd8, 0x0f, 0xd8,
    0x0e, 0xd0, 0x0e, 0xd0, 0x0f, 0xd8, 0x10, 0xe8, 0x10, 0xe8, 0x0f, 0xe8,
    0x10, 0xe0, 0x10, 0xe8, 0x0f, 0xe0, 0x10, 0xe0, 0x10, 0xe0, 0x0f, 0xe0,
    0x0f, 0xe0, 0x0f, 0xe0, 0x10, 0xe0, 0x0f, 0xd8, 0x0f, 0xd8, 0x0f, 0xd8,
    0x0f, 0xd8, 0x0f, 0xe0, 0x10, 0xe8, 0x10, 0xe8, 0x0f, 0xe8, 0x10, 0xe0,
    0x10, 0xe8, 0x0f, 0xe0, 0x10, 0xe0, 0x0f, 0xe0, 0x10, 0xe0, 0x0f, 0xe0,
    0x0f, 0xe0, 0x0f, 0xe0, 0x0f, 0xd8, 0x0f, 0xd8, 0x0f, 0xe0, 0x10, 0xe8,
    0x10, 0xe8, 0x10, 0xe0, 0x10, 0xe8, 0x0f, 0xe0, 0x10, 0xe0, 0x0f, 0xe0,
    0x0f, 0xe0, 0x10, 0xe0, 0x0f, 0xe0, 0x0f, 0xe0, 0x0f, 0xd8, 0x0f, 0xd8,
    0x0f, 0xd8, 0x0f, 0xe0, 0x10, 0xe8, 0x0f, 0xe8, 0x10, 0xe8, 0x10, 0xe0,
    0x10, 0xe0, 0x0f, 0xe0, 0x10, 0xe0, 0x0f, 0xe0, 0x0f, 0xe0, 0x0f, 0xe0,
    0x0f, 0xd8, 0x0f, 0xe0, 0x10, 0xe0, 0x10, 0xe8, 0x10, 0xe8, 0x0f, 0xe0,
    0x10, 0xe8, 0x10, 0xe8, 0x0f, 0xe0, 0x10, 0xe0, 0x10, 0xe0, 0x0f, 0xe0,
    0x0f, 0xe0, 0x0f, 0xd8, 0x0f, 0xd8, 0x0f, 0xd8, 0x0f, 0xe0, 0x10, 0xe8,
    0x10, 0xe8, 0x10, 0xe0, 0x0f, 0xe0, 0x0f, 0xe0, 0x10, 0xe0, 0x0f, 0xe0,
    0x0f, 0xe0, 0x0f, 0xd8, 0x0f, 0xd8, 0x0f, 0xd8, 0x0e, 0xd8, 0x0f, 0xd8,
    0x0f, 0xe0, 0x10, 0xe8, 0x0f, 0xe0, 0x10, 0xe0, 0x10, 0xe0, 0x0f, 0xe0,
    0x0f, 0xd8, 0x0f, 0xe0, 0x0f, 0xd8, 0x0f, 0xd8, 0x0f, 0xd8, 0x0f, 0xd8,
    0x0e, 0xd8, 0x0e, 0xd0, 0x0f, 0xd8, 0x0f, 0xe0, 0x10, 0xe0, 0x10, 0xe0,
    0x0f, 0xe0, 0x0f, 0xd8, 0x0f, 0xe0, 0x0f, 0xd8, 0x0f, 0xd8, 0x0f, 0xd8,
    0x0f, 0xd8, 0x0f, 0xd8, 0x0f, 0xd8, 0x0f, 0xd0, 0x0e, 0xd0, 0x0e, 0xd0,
    0x0f, 0xd0, 0x0f, 0xd8, 0x0f, 0xe0, 0x0f, 0xe0, 0x0f, 0xd8, 0x0f, 0xd8,
    0x0e, 0xd8, 0x0f, 0xd8, 0x0f, 0xd8, 0x0f, 0xd8, 0x0e, 0xd0, 0x0e, 0xd0,
    0x0f, 0xd0, 0x0e, 0xd0, 0x0e, 0xd0, 0x0e, 0xd0, 0x0e, 0xc8, 0x0e, 0xc8,
    0x0e, 0xd0, 0x0f, 0xe0, 0x0f, 0xe0, 0x0f, 0xd8, 0x0f, 0xd8, 0x0f, 0xd8,
    0x0f, 0xd8, 0x0e, 0xd8, 0x0f, 0xd8, 0x0f, 0xd0, 0x0e, 0xd8, 0x0e, 0xd8,
    0x0f, 0xd0, 0x0e, 0xd0, 0x0e, 0xd0, 0x0e, 0xd0, 0x0e, 0xc8, 0x0e, 0xd0,
    0x0e, 0xc8, 0x0e, 0xc8, 0x0e, 0xc8, 0x0d, 0xc8, 0x0e, 0xc8, 0x0e, 0xc0,
    0x0d, 0xc0, 0x0d, 0xc0, 0x0e, 0xc8, 0x0f, 0xd8, 0x0f, 0xd0, 0x0e, 0xd0,
    0x0e, 0xd0, 0x0f, 0xd0, 0x0e, 0xd0, 0x0f, 0xd0, 0x0e, 0xd0, 0x0e, 0xd0,
    0x0e, 0xc8, 0x0e, 0xc8, 0x0e, 0xc8, 0x0e, 0xd0, 0x0e, 0xc8, 0x0e, 0xc8,
    0x0e, 0xc8, 0x0d, 0xc8, 0x0e, 0xc0, 0x0d, 0xc8, 0x0d, 0xc8, 0x0e, 0xc0,
    0x0d, 0xc0, 0x0d, 0xc0, 0x0d, 0xc0, 0x0d, 0xc0, 0x0d, 0xc0, 0x0d, 0xb8,
    0x0d, 0xb8, 0x0d, 0xb8, 0x0c, 0xb8, 0x0d, 0xb8, 0x0d, 0xc8, 0x0d, 0xc0,
    0x0d, 0xc0, 0x0e, 0xc0, 0x0d, 0xc0, 0x0e, 0xc0, 0x0d, 0xc0, 0x0d, 0xc0,
    0x0d, 0xc0, 0x0d, 0xc0, 0x0d, 0xb8, 0x0d, 0xb8, 0x0d, 0xc0, 0x0f, 0xd8,
    0x10, 0xe8, 0x10, 0xe8, 0x10, 0xe0, 0x10, 0xe8, 0x10, 0xe0, 0x0f, 0xe0,
    0x10, 0xe0, 0x0f, 0xe0, 0x0f, 0xe0, 0x0f, 0xe0, 0x0f, 0xe0, 0x0f, 0xd8,
    0x0f, 0xd8, 0x0f, 0xd8, 0x0f, 0xd8, 0x0f, 0xd8, 0x0e, 0xd8, 0x0f, 0xd0,
    0x0e, 0xd8, 0x0e, 0xd0, 0x0f, 0xd0, 0x0e, 0xd0, 0x0e, 0xd0, 0x0e, 0xc8,
    0x0e, 0xc8, 0x0e, 0xc8, 0x0e, 0xc8, 0x0e, 0xc8, 0x0d, 0xc8, 0x0f, 0xd8,
    0x10, 0xe8, 0x10, 0xe8, 0x10, 0xe8, 0x0f, 0xe8, 0x0f, 0xe0, 0x10, 0xe8,
    0x10, 0xe0, 0x0f, 0xe0, 0x10, 0xe0, 0x0f, 0xe0, 0x0f, 0xe0, 0x0f, 0xe0,
    0x10, 0xe0, 0x0f, 0xd8, 0x0f, 0xd8, 0x0f, 0xd8, 0x0f, 0xd8, 0x0e, 0xd8,
    0x0e, 0xd0, 0x0e, 0xd0, 0x0e, 0xd0, 0x0e, 0xd0, 0x0f, 0xd8, 0x10, 0xe0,
    0x10, 0xe8, 0x0f, 0xe8, 0x10, 0xe8, 0x10, 0xe8, 0x0f, 0xe0, 0x10, 0xe8,
    0x10, 0xe0, 0x0f, 0xe0, 0x10, 0xe0, 0x0f, 0xe0, 0x0f, 0xe0, 0x0f, 0xe0,
    0x0f, 0xd8, 0x0f, 0xd8, 0x0f, 0xd8, 0x0f, 0xd8, 0x0e, 0xd0, 0x0f, 0xd8,
    0x0f, 0xe0, 0x10, 0xe8, 0x10, 0xe8, 0x0f, 0xe0, 0x10, 0xe8, 0x10, 0xe8,
    0x0f, 0xe0, 0x10, 0xe8, 0x10, 0xe0, 0x0f, 0xe0, 0x0f, 0xe0, 0x0f, 0xe0,
    0x0f, 0xd8, 0x0f, 0xd8, 0x0f, 0xd8, 0x0f, 0xd8, 0x0f, 0xd8, 0x0f, 0xe0,
    0x10, 0xe8, 0x10, 0xe8, 0x0f, 0xe8, 0x10, 0xe8, 0x10, 0xe8, 0x10, 0xe0,
    0x0f, 0xe0, 0x0f, 0xe0, 0x10, 0xe0, 0x0f, 0xe0, 0x0f, 0xd8, 0x0f, 0xe0,
    0x0f, 0xd8, 0x0f, 0xd8, 0x0f, 0xe0, 0x10, 0xe8, 0x0f, 0xe8, 0x10, 0xe8,
    0x10, 0xe8, 0x10, 0xe0, 0x10, 0xe8, 0x10, 0xe0, 0x0f, 0xe0, 0x0f, 0xe0,
    0x10, 0xe0, 0x0f, 0xd8, 0x0f, 0xd8, 0x0f, 0xd8, 0x0f, 0xe0, 0x10, 0xe8,
    0x10, 0xe8, 0x10, 0xe8, 0x0f, 0xe8, 0x10, 0xe8, 0x10, 0xe0, 0x0f, 0xe8,
    0x10, 0xe0, 0x10, 0xe0, 0x0f, 0xe0, 0x0f, 0xd8, 0x0f, 0xd8, 0x0f, 0xe0,
    0x10, 0xe0, 0x10, 0xe8, 0x10, 0xe8, 0x10, 0xe0, 0x10, 0xe0, 0x0f, 0xe8,
    0x0f, 0xe0, 0x10, 0xe0, 0x0f, 0xe0, 0x0f, 0xe0, 0x0f, 0xe0, 0x0f, 0xd8,
    0x0f, 0xd8, 0x0f, 0xd8, 0x0f, 0xe0, 0x10, 0xe8, 0x10, 0xe8, 0x10, 0xe0,
    0x0f, 0xe0, 0x10, 0xe0, 0x0f, 0xe0, 0x0f, 0xe0, 0x0f, 0xe0, 0x0f, 0xd8,
    0x0f, 0xd8, 0x0f, 0xd8, 0x0f, 0xd8, 0x0f, 0xd8, 0x0f, 0xd8, 0x10, 0xe8,
    0x10, 0xe8, 0x0f, 0xe0, 0x10, 0xe0, 0x0f, 0xe0, 0x0f, 0xe0, 0x0f, 0xd8,
    0x0f, 0xe0, 0x0f, 0xd8, 0x0f, 0xd8, 0x0f, 0xd8, 0x0f, 0xd8, 0x0e, 0xd0,
    0x0e, 0xd0, 0x0f, 0xd8, 0x10, 0xe0, 0x0f, 0xe0, 0x0f, 0xe0, 0x10, 0xe0,
    0x0f, 0xe0, 0x0f, 0xd8, 0x0f, 0xd8, 0x0f, 0xd8, 0x0e, 0xd8, 0x0e, 0xd0,
    0x0f, 0xd8, 0x0e, 0xd0, 0x0e, 0xd0, 0x0e, 0xd0, 0x0e, 0xd0, 0x0f, 0xd8,
    0x0f, 0xe0, 0x0f, 0xe0, 0x0f, 0xd8, 0x0f, 0xd8, 0x0f, 0xd8, 0x0f, 0xd8,
    0x0e, 0xd8, 0x0f, 0xd0, 0x0f, 0xd8, 0x0f, 0xd8, 0x0e, 0xd0, 0x0e, 0xd0,
    0x0e, 0xd0, 0x0e, 0xd0, 0x0e, 0xd0, 0x0e, 0xc8, 0x0e, 0xc8, 0x0f, 0xd0,
    0x0f, 0xe0, 0x0f, 0xe0, 0x0f, 0xd8, 0x0f, 0xd8, 0x0e, 0xd8, 0x0f, 0xd8,
    0x0f, 0xd8, 0x0e, 0xd0, 0x0e, 0xd0, 0x0e, 0xd0, 0x0e, 0xd0, 0x0e, 0xd0,
    0x0f, 0xd0, 0x0e, 0xd0, 0x0e, 0xd0, 0x0e, 0xc8, 0x0e, 0xc8, 0x0d, 0xc8,
    0x0e, 0xc8, 0x0e, 0xc8, 0x0d, 0xc8, 0x0d, 0xc0, 0x0d, 0xc0, 0x0d, 0xc0,
    0x0d, 0xc0, 0x0e, 0xc8, 0x0e, 0xd8, 0x0f, 0xd8, 0x0f, 0xd0, 0x0e, 0xd8,
    0x0e, 0xd0, 0x0e, 0xd0, 0x0e, 0xd0, 0x0e, 0xd0, 0x0e, 0xd0, 0x0e, 0xd0,
    0x0e, 0xc8, 0x0e, 0xc8, 0x0e, 0xc8, 0x0e, 0xc8, 0x0e, 0xc8, 0x0d, 0xc8,
    0x0e, 0xc0, 0x0d, 0xc0, 0x0d, 0xc0, 0x0d, 0xc0, 0x0d, 0xc0, 0x0d, 0xc0,
    0x0d, 0xc0, 0x0d, 0xc0, 0x0d, 0xc0, 0x0c, 0xb8, 0x0d, 0xb8, 0x0d, 0xb8,
    0x0c, 0xb8, 0x0d, 0xb8, 0x0d, 0xc0, 0x0d, 0xc0, 0x0e, 0xc0, 0x0d, 0xc0,
    0x0d, 0xc0, 0x0d, 0xc0, 0x0d, 0xc0, 0x0d, 0xb8, 0x0d, 0xb8, 0x0d, 0xb8,
    0x0d, 0xb8, 0x0d, 0xc8, 0x0f, 0xe0, 0x10, 0xe8, 0x10, 0xe8, 0x0f, 0xe0,
    0x0f, 0xe0, 0x0f, 0xe0, 0x0f, 0xe0, 0x10, 0xe0, 0x0f, 0xe0, 0x0f, 0xe0,
    0x10, 0xe0, 0x0f, 0xd8, 0x0f, 0xd8, 0x0f, 0xd8, 0x0f, 0xd8, 0x0f, 0xd8,
    0x0f, 0xd8, 0x0e, 0xd0, 0x0e, 0xd0, 0x0f, 0xd0, 0x0f, 0xd0, 0x0e, 0xd0,
    0x0e, 0xd0, 0x0e, 0xd0, 0x0e, 0xc8, 0x0e, 0xc8, 0x0e, 0xc8, 0x0e, 0xc8,
    0x0d, 0xc0, 0x0e, 0xc8, 0x0f, 0xd8, 0x10, 0xe8, 0x10, 0xe8, 0x0f, 0xe0,
    0x10, 0xe8, 0x10, 0xe8, 0x10, 0xe0, 0x10, 0xe0, 0x0f, 0xe0, 0x10, 0xe0,
    0x0f, 0xe0, 0x0f, 0xe0, 0x0f, 0xe0, 0x0f, 0xd8, 0x0f, 0xd8, 0x0f, 0xd8,
    0x0f, 0xd8, 0x0f, 0xd8, 0x0e, 0xd0, 0x0f, 0xd0, 0x0f, 0xd0, 0x0e, 0xd0,
    0x0e, 0xd0, 0x0f, 0xd0, 0x0f, 0xe0, 0x10, 0xe8, 0x10, 0xe0, 0x10, 0xe8,
    0x0f, 0xe8, 0x10, 0xe0, 0x10, 0xe8, 0x10, 0xe0, 0x0f, 0xe8, 0x0f, 0xe0,
    0x10, 0xe0, 0x0f, 0xe0, 0x0f, 0xe0, 0x0f, 0xd8, 0x0f, 0xd8, 0x0f, 0xd8,
    0x0f, 0xd8, 0x0e, 0xd8, 0x0e, 0xd0, 0x0f, 0xd8, 0x10, 0xe8, 0x10, 0xe8,
    0x10, 0xe8, 0x10, 0xe8, 0x10, 0xe8, 0x10, 0xe8, 0x10, 0xe0, 0x0f, 0xe8,
    0x0f, 0xe0, 0x10, 0xe0, 0x0f, 0xe0, 0x0f, 0xe0, 0x0f, 0xd8, 0x0f, 0xd8,
    0x0f, 0xd8, 0x0e, 0xd8, 0x0f, 0xd8, 0x10, 0xe8, 0x10, 0xe8, 0x10, 0xe0,
    0x10, 0xe0, 0x10, 0xe8, 0x10, 0xe8, 0x0f, 0xe8, 0x10, 0xe0, 0x10, 0xe0,
    0x0f, 0xe0, 0x0f, 0xe0, 0x0f, 0xe0, 0x0f, 0xd8, 0x0f, 0xd8, 0x0f, 0xd8,
    0x0f, 0xe0, 0x10, 0xe8, 0x10, 0xe0, 0x0f, 0xe8, 0x10, 0xe8, 0x0f, 0xe8,
    0x10, 0xe0, 0x0f, 0xe0, 0x10, 0xe0, 0x0f, 0xe0, 0x0f, 0xe0, 0x0f, 0xe0,
    0x0f, 0xd8, 0x0f, 0xd8, 0x0f, 0xe0, 0x10, 0xe8, 0x10, 0xe8, 0x10, 0xe0,
    0x10, 0xe8, 0x10, 0xe8, 0x10, 0xe0, 0x0f, 0xe0, 0x0f, 0xe0, 0x10, 0xe0,
    0x0f, 0xe0, 0x0f, 0xe0, 0x0f, 0xd8, 0x0f, 0xd8, 0x10, 0xe8, 0x10, 0xe8,
    0x0f, 0xe8, 0x10, 0xe0, 0x10, 0xe0, 0x0f, 0xe0, 0x10, 0xe0, 0x0f, 0xe0,
    0x0f, 0xe0, 0x0f, 0xe0, 0x10, 0xd8, 0x0f, 0xd8, 0x0f, 0xd8, 0x0f, 0xd8,
    0x0f, 0xd8, 0x0f, 0xe0, 0x10, 0xe8, 0x0f, 0xe0, 0x10, 0xe0, 0x10, 0xe0,
    0x10, 0xe0, 0x0f, 0xe0, 0x0f, 0xe0, 0x0f, 0xd8, 0x0f, 0xd8, 0x0f, 0xd8,
    0x0f, 0xd8, 0x0e, 0xd8, 0x0f, 0xd8, 0x0f, 0xe0, 0x10, 0xe0, 0x0f, 0xe0,
    0x0f, 0xe0, 0x10, 0xe0, 0x0f, 0xe0, 0x0f, 0xe0, 0x0f, 0xd8, 0x0f, 0xd8,
    0x0f, 0xd8, 0x0f, 0xd8, 0x0f, 0xd8, 0x0f, 0xd8, 0x0e, 0xd0, 0x0f, 0xd0,
    0x0f, 0xe0, 0x0f, 0xe0, 0x0f, 0xe0, 0x0f, 0xe0, 0x0f, 0xd8, 0x0f, 0xd8,
    0x0f, 0xd8, 0x0f, 0xd8, 0x0f, 0xd8, 0x0e, 0xd8, 0x0f, 0xd0, 0x0f, 0xd8,
    0x0e, 0xd8, 0x0e, 0xd0, 0x0e, 0xd0, 0x0e, 0xd0, 0x0f, 0xd8, 0x0f, 0xe0,
    0x0f, 0xd8, 0x0f, 0xd8, 0x0f, 0xd8, 0x0f, 0xd8, 0x0e, 0xd8, 0x0e, 0xd0,
    0x0f, 0xd0, 0x0e, 0xd8, 0x0f, 0xd0, 0x0e, 0xd0, 0x0f, 0xd0, 0x0e, 0xd0,
    0x0e, 0xc8, 0x0e, 0xc8, 0x0e, 0xc8, 0x0e, 0xc8, 0x0f, 0xd8, 0x0f, 0xd8,
    0x0f, 0xd8, 0x0f, 0xd8, 0x0f, 0xd8, 0x0f, 0xd8, 0x0f, 0xd8, 0x0f, 0xd8,
    0x0f, 0xd0, 0x0f, 0xd0, 0x0e, 0xd0, 0x0f, 0xd0, 0x0e, 0xd0, 0x0e, 0xd0,
    0x0e, 0xc8, 0x0e, 0xc8, 0x0e, 0xd0, 0x0e, 0xc8, 0x0e, 0xc8, 0x0e, 0xc8,
    0x0e, 0xc8, 0x0d, 0xc8, 0x0e, 0xc0, 0x0d, 0xc8, 0x0d, 0xc0, 0x0d, 0xc0,
    0x0e, 0xc8, 0x0e, 0xd8, 0x0f, 0xd8, 0x0f, 0xd0, 0x0e, 0xd0, 0x0e, 0xd0,
    0x0f, 0xd0, 0x0e, 0xd0, 0x0e, 0xd0, 0x0e, 0xd0, 0x0e, 0xc8, 0x0e, 0xc8,
    0x0e, 0xd0, 0x0d, 0xc8, 0x0e, 0xc8, 0x0e, 0xc8, 0x0d, 0xc8, 0x0e, 0xc8,
    0x0e, 0xc0, 0x0d, 0xc0, 0x0d, 0xc0, 0x0d, 0xc0, 0x0d, 0xc0, 0x0d, 0xb8,
    0x0d, 0xc0, 0x0d, 0xc0, 0x0d, 0xb8, 0x0d, 0xb8, 0x0d, 0xb8, 0x0c, 0xb8,
    0x0d, 0xc0, 0x0d, 0xc0, 0x0d, 0xc0, 0x0d, 0xc0, 0x0d, 0xc0, 0x0d, 0xb8,
    0x0d, 0xb8, 0x0d, 0xb8, 0x0c, 0xb8, 0x0d, 0xb8, 0x0e, 0xc8, 0x10, 0xe0,
    0x10, 0xe8, 0x10, 0xe0, 0x10, 0xe0, 0x0f, 0xe0, 0x10, 0xe0, 0x10, 0xe0,
    0x0f, 0xe0, 0x0f, 0xe0, 0x0f, 0xe0, 0x0f, 0xe0, 0x0f, 0xd8, 0x0f, 0xd8,
    0x0f, 0xd8, 0x0f, 0xd8, 0x0f, 0xd8, 0x0e, 0xd8, 0x0e, 0xd0, 0x0e, 0xd0,
    0x0e, 0xd0, 0x0e, 0xd0, 0x0e, 0xd0, 0x0e, 0xd0, 0x0e, 0xc8, 0x0e, 0xc8,
    0x0e, 0xc8, 0x0e, 0xc8, 0x0e, 0xc8, 0x0d, 0xc8, 0x0d, 0xc8, 0x0f, 0xd8,
    0x10, 0xe8, 0x10, 0xe8, 0x10, 0xe8, 0x10, 0xe8, 0x10, 0xe0, 0x10, 0xe0,
    0x0f, 0xe8, 0x0f, 0xe0, 0x10, 0xe0, 0x0f, 0xe0, 0x0f, 0xe0, 0x10, 0xe0,
    0x0f, 0xd8, 0x0f, 0xd8, 0x0f, 0xd8, 0x0f, 0xd8, 0x0e, 0xd8, 0x0e, 0xd0,
    0x0e, 0xd0, 0x0e, 0xd0, 0x0e, 0xd0, 0x0e, 0xd0, 0x0e, 0xc8, 0x0f, 0xe0,
    0x10, 0xe8, 0x10, 0xe8, 0x10, 0xe8, 0x10, 0xe8, 0x10, 0xe0, 0x0f, 0xe8,
    0x10, 0xe0, 0x10, 0xe0, 0x0f, 0xe0, 0x0f, 0xe0, 0x0f, 0xe0, 0x0f, 0xe0,
    0x0f, 0xd8, 0x0f, 0xd8, 0x0f, 0xd8, 0x0f, 0xd8, 0x0f, 0xd0, 0x0e, 0xd0,
    0x0f, 0xd8, 0x10, 0xe0, 0x10, 0xe8, 0x0f, 0xe8, 0x10, 0xe0, 0x10, 0xe8,
    0x0f, 0xe8, 0x10, 0xe0, 0x10, 0xe0, 0x0f, 0xe0, 0x10, 0xe0, 0x0f, 0xe0,
    0x0f, 0xe0, 0x0f, 0xd8, 0x0f, 0xd8, 0x0f, 0xd8, 0x0e, 0xd8, 0x0f, 0xd8,
    0x0f, 0xe0, 0x10, 0xe8, 0x10, 0xe8, 0x0f, 0xe8, 0x10, 0xe8, 0x10, 0xe0,
    0x0f, 0xe0, 0x10, 0xe0, 0x0f, 0xe0, 0x10, 0xe0, 0x0f, 0xe0, 0x0f, 0xe0,
    0x0f, 0xd8, 0x0f, 0xd8, 0x0f, 0xd8, 0x0f, 0xd8, 0x0f, 0xe0, 0x10, 0xe8,
    0x10, 0xe8, 0x10, 0xe0, 0x10, 0xe8, 0x10, 0xe0, 0x10, 0xe0, 0x0f, 0xe0,
    0x10, 0xe0, 0x0f, 0xe0, 0x0f, 0xe0, 0x0f, 0xd8, 0x0f, 0xd8, 0x0f, 0xd8,
    0x0f, 0xd8, 0x10, 0xe8, 0x0f, 0xe8, 0x0f, 0xe0, 0x10, 0xe8, 0x10, 0xe8,
    0x10, 0xe0, 0x0f, 0xe0, 0x0f, 0xe0, 0x0f, 0xe0, 0x0f, 0xe0, 0x0f, 0xd8,
    0x0f, 0xd8, 0x0f, 0xd8, 0x10, 0xe8, 0x10, 0xe8, 0x0f, 0xe8, 0x10, 0xe8,
    0x10, 0xe0, 0x10, 0xe0, 0x0f, 0xe0, 0x0f, 0xe0, 0x0f, 0xe0, 0x10, 0xd8,
    0x0f, 0xe0, 0x0f, 0xe0, 0x0f, 0xd8, 0x0f, 0xd8, 0x0f, 0xd8, 0x0f, 0xe0,
    0x10, 0xe8, 0x10, 0xe0, 0x0f, 0xe0, 0x0f, 0xe0, 0x10, 0xe0, 0x0f, 0xe0,
    0x0f, 0xe0, 0x0f, 0xd8, 0x0f, 0xd8, 0x0f, 0xd8, 0x0f, 0xd8, 0x0e, 0xd0,
    0x0e, 0xd8, 0x10, 0xe0, 0x10, 0xe0, 0x0f, 0xe0, 0x0f, 0xe0, 0x10, 0xe0,
    0x0f, 0xe0, 0x0f, 0xd8, 0x0f, 0xd8, 0x0f, 0xd8, 0x0f, 0xd8, 0x0e, 0xd8,
    0x0f, 0xd8, 0x0f, 0xd8, 0x0e, 0xd0, 0x0e, 0xd0, 0x0f, 0xd8, 0x10, 0xe0,
    0x10, 0xe0, 0x0f, 0xd8, 0x0f, 0xe0, 0x0f, 0xe0, 0x0f, 0xd8, 0x0f, 0xd8,
    0x0f, 0xd8, 0x0f, 0xd8, 0x0f, 0xd8, 0x0e, 0xd0, 0x0f, 0xd0, 0x0e, 0xd0,
    0x0f, 0xd0, 0x0e, 0xd0, 0x0e, 0xd0, 0x0f, 0xd8, 0x0f, 0xe0, 0x0f, 0xd8,
    0x0f, 0xd8, 0x0f, 0xd8, 0x0f, 0xd8, 0x0f, 0xd8, 0x0e, 0xd0, 0x0e, 0xd0,
    0x0f, 0xd0, 0x0e, 0xd0, 0x0e, 0xd0, 0x0e, 0xd0, 0x0e, 0xd0, 0x0e, 0xc8,
    0x0e, 0xc8, 0x0e, 0xc8, 0x0e, 0xd0, 0x0f, 0xd8, 0x0f, 0xe0, 0x0f, 0xd8,
    0x0f, 0xd8, 0x0e, 0xd8, 0x0f, 0xd8, 0x0e, 0xd8, 0x0e, 0xd0, 0x0f, 0xd8,
    0x0f, 0xd8, 0x0e, 0xd0, 0x0e, 0xd0, 0x0e, 0xd0, 0x0e, 0xd0, 0x0e, 0xd0,
    0x0e, 0xc8, 0x0e, 0xc8, 0x0e, 0xc8, 0x0e, 0xc8, 0x0e, 0xc8, 0x0d, 0xc8,
    0x0e, 0xc0, 0x0d, 0xc0, 0x0d, 0xc0, 0x0d, 0xc0, 0x0d, 0xc0, 0x0d, 0xc0,
    0x0e, 0xd0, 0x0f, 0xd8, 0x0f, 0xd0, 0x0e, 0xd8, 0x0f, 0xd0, 0x0e, 0xd0,
    0x0e, 0xd0, 0x0e, 0xd0, 0x0e, 0xc8, 0x0e, 0xc8, 0x0e, 0xd0, 0x0e, 0xc8,
    0x0e, 0xc8, 0x0e, 0xc8, 0x0d, 0xc8, 0x0e, 0xc8, 0x0d, 0xc0, 0x0d, 0xc8,
    0x0e, 0xc0, 0x0d, 0xc0, 0x0d, 0xc0, 0x0d, 0xc0, 0x0d, 0xc0, 0x0d, 0xc0,
    0x0c, 0xb8, 0x0d, 0xb8, 0x0d, 0xb8, 0x0c, 0xb8, 0x0d, 0xc0, 0x0d, 0xc0,
    0x0d, 0xc0, 0x0d, 0xb8, 0x0d, 0xb8, 0x0d, 0xb8, 0x0d, 0xb8, 0x0c, 0xb8,
    0x0d, 0xb8, 0x0e, 0xd8, 0x10, 0xe8, 0x10, 0xe8, 0x10, 0xe0, 0x0f, 0xe0,
    0x0f, 0xe0, 0x10, 0xe0, 0x0f, 0xe0, 0x0f, 0xe0, 0x0f, 0xe0, 0x10, 0xe0,
    0x0f, 0xd8, 0x0f, 0xd8, 0x0f, 0xd8, 0x0f, 0xd8, 0x0f, 0xd8, 0x0f, 0xd8,
    0x0e, 0xd8, 0x0f, 0xd0, 0x0f, 0xd0, 0x0e, 0xd0, 0x0e, 0xd0, 0x0e, 0xd0,
    0x0e, 0xd0, 0x0e, 0xc8, 0x0e, 0xc8, 0x0e, 0xc8, 0x0e, 0xc8, 0x0e, 0xc8,
    0x0d, 0xc0, 0x0e, 0xc0, 0x0f, 0xd8, 0x10, 0xe8, 0x10, 0xe8, 0x0f, 0xe8,
    0x10, 0xe8, 0x10, 0xe0, 0x0f, 0xe0, 0x10, 0xe8, 0x10, 0xe0, 0x0f, 0xe0,
    0x0f, 0xe0, 0x0f, 0xe0, 0x0f, 0xe0, 0x0f, 0xd8, 0x0f, 0xd8, 0x0f, 0xd8,
    0x0f, 0xd8, 0x0f, 0xd8, 0x0e, 0xd0, 0x0e, 0xd0, 0x0f, 0xd8, 0x0e, 0xd0,
    0x0e, 0xd0, 0x0e, 0xc8, 0x0f, 0xd8, 0x10, 0xe8, 0x10, 0xe8, 0x10, 0xe8,
    0x0f, 0xe8, 0x10, 0xe0, 0x10, 0xe8, 0x10, 0xe0, 0x0f, 0xe0, 0x0f, 0xe0,
    0x10, 0xe0, 0x10, 0xe0, 0x0f, 0xe0, 0x0f, 0xd8, 0x0f, 0xd8, 0x0f, 0xd8,
    0x0f, 0xd8, 0x0e, 0xd8, 0x0e, 0xd0, 0x0e, 0xd0, 0x0f, 0xd8, 0x10, 0xe8,
    0x10, 0xe8, 0x10, 0xe8, 0x0f, 0xe0, 0x10, 0xe8, 0x10, 0xe0, 0x0f, 0xe0,
    0x10, 0xe0, 0x0f, 0xe0, 0x0f, 0xe0, 0x10, 0xe0, 0x0f, 0xe0, 0x0f, 0xd8,
    0x0f, 0xd8, 0x0f, 0xd8, 0x0e, 0xd0, 0x0f, 0xd8, 0x10, 0xe0, 0x10, 0xe8,
    0x10, 0xe8, 0x0f, 0xe8, 0x10, 0xe8, 0x10, 0xe8, 0x10, 0xe0, 0x0f, 0xe0,
    0x0f, 0xe0, 0x10, 0xe0, 0x0f, 0xe0, 0x0f, 0xd8, 0x0f, 0xd8, 0x0f, 0xd8,
    0x0f, 0xd8, 0x0f, 0xd8, 0x10, 0xe8, 0x10, 0xe8, 0x0f, 0xe8, 0x10, 0xe8,
    0x10, 0xe0, 0x0f, 0xe8, 0x10, 0xe8, 0x0f, 0xe0, 0x0f, 0xe0, 0x0f, 0xe0,
    0x0f, 0xe0, 0x0f, 0xd8, 0x0f, 0xd8, 0x0f, 0xd8, 0x0f, 0xd8, 0x10, 0xe8,
    0x10, 0xe8, 0x10, 0xe8, 0x0f, 0xe0, 0x10, 0xe0, 0x0f, 0xe8, 0x10, 0xe0,
    0x10, 0xe0, 0x0f, 0xe0, 0x10, 0xe0, 0x0f, 0xd8, 0x0f, 0xd8, 0x0f, 0xd8,
    0x10, 0xe0, 0x10, 0xe8, 0x10, 0xe8, 0x0f, 0xe8, 0x10, 0xe0, 0x10, 0xe0,
    0x0f, 0xe0, 0x10, 0xe0, 0x0f, 0xe0, 0x0f, 0xe0, 0x0f, 0xd8, 0x0f, 0xd8,
    0x0f, 0xd8, 0x0e, 0xd8, 0x0f, 0xd8, 0x0f, 0xe0, 0x10, 0xe8, 0x10, 0xe0,
    0x0f, 0xe0, 0x0f, 0xe0, 0x10, 0xe0, 0x0f, 0xe0, 0x0f, 0xe0, 0x0f, 0xd8,
    0x0f, 0xd8, 0x0f, 0xd8, 0x0f, 0xd8, 0x0f, 0xd8, 0x0e, 0xd0, 0x0f, 0xd8,
    0x10, 0xe0, 0x10, 0xe0, 0x0f, 0xe0, 0x10, 0xe0, 0x0f, 0xe0, 0x0f, 0xe0,
    0x0f, 0xe0, 0x0f, 0xd8, 0x0f, 0xd8, 0x0f, 0xd8, 0x0e, 0xd8, 0x0f, 0xd0,
    0x0e, 0xd0, 0x0e, 0xd0, 0x0f, 0xd0, 0x0f, 0xd8, 0x0f, 0xe0, 0x0f, 0xe0,
    0x10, 0xe0, 0x0f, 0xd8, 0x0f, 0xd8, 0x0f, 0xd8, 0x0f, 0xd8, 0x0e, 0xd8,
    0x0e, 0xd8, 0x0f, 0xd0, 0x0e, 0xd0, 0x0f, 0xd0, 0x0e, 0xd0, 0x0e, 0xd0,
    0x0e, 0xc8, 0x0f, 0xd0, 0x0f, 0xe0, 0x0f, 0xe0, 0x0f, 0xd8, 0x0f, 0xd8,
    0x0f, 0xd8, 0x0f, 0xd8, 0x0f, 0xd8, 0x0e, 0xd0, 0x0e, 0xd8, 0x0e, 0xd0,
    0x0e, 0xd0, 0x0e, 0xd0, 0x0e, 0xd0, 0x0e, 0xc8, 0x0e, 0xc8, 0x0e, 0xd0,
    0x0d, 0xc8, 0x0e, 0xd0, 0x0f, 0xd8, 0x0f, 0xe0, 0x0f, 0xd8, 0x0f, 0xd8,
    0x0f, 0xd8, 0x0e, 0xd0, 0x0e, 0xd0, 0x0f, 0xd0, 0x0e, 0xd0, 0x0e, 0xd0,
    0x0e, 0xd0, 0x0e, 0xd0, 0x0e, 0xd0, 0x0e, 0xc8, 0x0e, 0xc8, 0x0e, 0xd0,
    0x0e, 0xc8, 0x0d, 0xc8, 0x0e, 0xc8, 0x0d, 0xc8, 0x0d, 0xc0, 0x0e, 0xc0,
    0x0d, 0xc0, 0x0d, 0xc0, 0x0d, 0xc0, 0x0d, 0xc0, 0x0d, 0xc0, 0x0e, 0xd0,
    0x0f, 0xd8, 0x0e, 0xd0, 0x0e, 0xd0, 0x0f, 0xd0, 0x0e, 0xd0, 0x0e, 0xd0,
    0x0e, 0xd0, 0x0e, 0xd0, 0x0e, 0xc8, 0x0e, 0xc8, 0x0e, 0xc8, 0x0e, 0xc8,
    0x0e, 0xc8, 0x0d, 0xc8, 0x0e, 0xc0, 0x0e, 0xc0, 0x0d, 0xc0, 0x0d, 0xc0,
    0x0d, 0xc0, 0x0d, 0xc0, 0x0d, 0xc0, 0x0d, 0xb8, 0x0d, 0xc0, 0x0d, 0xb8,
    0x0d, 0xb8, 0x0c, 0xb8, 0x0d, 0xb8, 0x0d, 0xb8, 0x0d, 0xb8, 0x0d, 0xb8,
    0x0d, 0xb8, 0x0c, 0xb8, 0x0c, 0xb8, 0x0d, 0xc0, 0x0f, 0xd8, 0x10, 0xe8,
    0x10, 0xe8, 0x10, 0xe0, 0x0f, 0xe0, 0x0f, 0xe0, 0x10, 0xe0, 0x0f, 0xe0,
    0x0f, 0xe0, 0x0f, 0xe0, 0x0f, 0xe0, 0x0f, 0xd8, 0x0f, 0xd8, 0x0f, 0xd8,
    0x0f, 0xd8, 0x0f, 0xd8, 0x0f, 0xd8, 0x0e, 0xd0, 0x0e, 0xd0, 0x0e, 0xd0,
    0x0e, 0xd0, 0x0e, 0xd0, 0x0e, 0xd0, 0x0e, 0xc8, 0x0e, 0xc8, 0x0e, 0xc8,
    0x0e, 0xc8, 0x0e, 0xc8, 0x0d, 0xc8, 0x0d, 0xc0, 0x0d, 0xc8, 0x0f, 0xd8,
    0x10, 0xe8, 0x10, 0xe8, 0x10, 0xe8, 0x0f, 0xe0, 0x10, 0xe8, 0x10, 0xe0,
    0x0f, 0xe0, 0x0f, 0xe0, 0x10, 0xe0, 0x0f, 0xe0, 0x0f, 0xe0, 0x0f, 0xd8,
    0x0f, 0xd8, 0x0f, 0xd8, 0x0f, 0xd8, 0x0f, 0xd8, 0x0e, 0xd8, 0x0e, 0xd0,
    0x0f, 0xd0, 0x0e, 0xd0, 0x0e, 0xd0, 0x0e, 0xd0, 0x0e, 0xc8, 0x0e, 0xd0,
    0x10, 0xe0, 0x10, 0xe8, 0x10, 0xe8, 0x0f, 0xe0, 0x10, 0xe8, 0x10, 0xe8,
    0x0f, 0xe0, 0x10, 0xe8, 0x0f, 0xe0, 0x10, 0xe0, 0x0f, 0xe0, 0x0f, 0xe0,
    0x0f, 0xe0, 0x0f, 0xd8, 0x0f, 0xd8, 0x0f, 0xd8, 0x0f, 0xd8, 0x0e, 0xd0,
    0x0e, 0xd0, 0x0f, 0xd0, 0x10, 0xe0, 0x10, 0xe8, 0x0f, 0xe8, 0x10, 0xe8,
    0x10, 0xe8, 0x10, 0xe8, 0x10, 0xe8, 0x0f, 0xe0, 0x0f, 0xe0, 0x10, 0xe0,
    0x0f, 0xe0, 0x0f, 0xe0, 0x0f, 0xd8, 0x0f, 0xd8, 0x0f, 0xd8, 0x0f, 0xd8,
    0x0e, 0xd0, 0x0f, 0xe0, 0x10, 0xe8, 0x10, 0xe8, 0x10, 0xe0, 0x10, 0xe0,
    0x0f, 0xe8, 0x10, 0xe0, 0x10, 0xe8, 0x0f, 0xe8, 0x10, 0xe0, 0x0f, 0xe0,
    0x0f, 0xe0, 0x0f, 0xd8, 0x0f, 0xd8, 0x0f, 0xd8, 0x0e, 0xd8, 0x0f, 0xd8,
    0x10, 0xe8, 0x10, 0xe8, 0x10, 0xe8, 0x0f, 0xe8, 0x10, 0xe0, 0x0f, 0xe0,
    0x0f, 0xe0, 0x10, 0xe0, 0x10, 0xe0, 0x0f, 0xe0, 0x0f, 0xd8, 0x0f, 0xd8,
    0x0f, 0xd8, 0x0f, 0xd8, 0x0f, 0xe0, 0x0f, 0xe8, 0x10, 0xe8, 0x10, 0xe8,
    0x10, 0xe0, 0x10, 0xe8, 0x0f, 0xe0, 0x10, 0xe0, 0x0f, 0xe0, 0x0f, 0xe0,
    0x0f, 0xe0, 0x0f, 0xd8, 0x0f, 0xd8, 0x0f, 0xe0, 0x0f, 0xe0, 0x10, 0xe8,
    0x10, 0xe8, 0x10, 0xe0, 0x10, 0xe8, 0x0f, 0xe0, 0x10, 0xe0, 0x0f, 0xe0,
    0x0f, 0xe0, 0x0f, 0xe0, 0x0f, 0xd8, 0x0f, 0xd8, 0x0f, 0xd8, 0x0e, 0xd8,
    0x0e, 0xd0, 0x0f, 0xe0, 0x10, 0xe8, 0x10, 0xe8, 0x0f, 0xe0, 0x10, 0xe0,
    0x10, 0xe0, 0x0f, 0xe0, 0x0f, 0xe0, 0x0f, 0xd8, 0x0f, 0xd8, 0x0f, 0xd8,
    0x0f, 0xd8, 0x0e, 0xd8, 0x0f, 0xd0, 0x0f, 0xd8, 0x0f, 0xe0, 0x10, 0xe0,
    0x0f, 0xe0, 0x0f, 0xe0, 0x10, 0xe0, 0x0f, 0xd8, 0x0f, 0xe0, 0x0f, 0xd8,
    0x0f, 0xd8, 0x0f, 0xd8, 0x0f, 0xd8, 0x0f, 0xd8, 0x0e, 0xd0, 0x0e, 0xd8,
    0x0e, 0xd0, 0x0f, 0xd8, 0x0f, 0xe0, 0x0f, 0xe0, 0x0f, 0xd8, 0x0f, 0xe0,
    0x0f, 0xd8, 0x0f, 0xd8, 0x0f, 0xd8, 0x0f, 0xd8, 0x0f, 0xd8, 0x0e, 0xd0,
    0x0f, 0xd8, 0x0e, 0xd0, 0x0e, 0xd0, 0x0e, 0xd0, 0x0e, 0xd0, 0x0e, 0xd0,
    0x0f, 0xd8, 0x0f, 0xd8, 0x0f, 0xd8, 0x0f, 0xd8, 0x0e, 0xd8, 0x0f, 0xd8,
    0x0f, 0xd8, 0x0f, 0xd0, 0x0f, 0xd0, 0x0f, 0xd0, 0x0e, 0xd0, 0x0e, 0xd0,
    0x0e, 0xd0, 0x0e, 0xd0, 0x0e, 0xc8, 0x0e, 0xc8, 0x0e, 0xc8, 0x0d, 0xc8,
    0x0e, 0xd0, 0x0f, 0xd8, 0x0f, 0xd8, 0x0f, 0xd8, 0x0f, 0xd8, 0x0f, 0xd8,
    0x0f, 0xd8, 0x0e, 0xd8, 0x0f, 0xd0, 0x0f, 0xd0, 0x0f, 0xd0, 0x0e, 0xd0,
    0x0e, 0xd0, 0x0e, 0xd0, 0x0e, 0xd0, 0x0e, 0xc8, 0x0e, 0xc8, 0x0e, 0xc8,
    0x0e, 0xc8, 0x0d, 0xc8, 0x0e, 0xc8, 0x0d, 0xc0, 0x0d, 0xc8, 0x0e, 0xc0,
    0x0d, 0xc0, 0x0d, 0xc0, 0x0d, 0xb8, 0x0d, 0xc0, 0x0e, 0xd0, 0x0f, 0xd8,
    0x0e, 0xd0, 0x0f, 0xd0, 0x0e, 0xd0, 0x0e, 0xd0, 0x0e, 0xd0, 0x0e, 0xd0,
    0x0e, 0xc8, 0x0e, 0xd0, 0x0e, 0xc8, 0x0d, 0xc8, 0x0e, 0xc8, 0x0e, 0xc8,
    0x0d, 0xc8, 0x0e, 0xc0, 0x0d, 0xc8, 0x0d, 0xc0, 0x0e, 0xc0, 0x0d, 0xc0,
    0x0d, 0xc0, 0x0d, 0xc0, 0x0d, 0xc0, 0x0d, 0xb8, 0x0d, 0xb8, 0x0d, 0xb8,
    0x0d, 0xb8, 0x0d, 0xb8, 0x0c, 0xb8, 0x0d, 0xb8, 0x0c, 0xb8, 0x0c, 0xb8,
    0x0e, 0xc8, 0x0f, 0xe0, 0x10, 0xe8, 0x10, 0xe0, 0x0f, 0xe0, 0x0f, 0xe0,
    0x10, 0xe0, 0x10, 0xe0, 0x0f, 0xe0, 0x0f, 0xe0, 0x0f, 0xe0, 0x0f, 0xe0,
    0x0f, 0xd8, 0x0f, 0xd8, 0x0f, 0xd8, 0x0f, 0xd8, 0x0e, 0xd8, 0x0e, 0xd0,
    0x0f, 0xd0, 0x0e, 0xd0, 0x0e, 0xd0, 0x0e, 0xd0, 0x0e, 0xd0, 0x0e, 0xd0,
    0x0e, 0xc8, 0x0e, 0xc8, 0x0e, 0xc8, 0x0e, 0xc8, 0x0e, 0xc8, 0x0d, 0xc8,
    0x0d, 0xc0, 0x0d, 0xc0, 0x0f, 0xd8, 0x10, 0xe8, 0x10, 0xe8, 0x0f, 0xe8,
    0x10, 0xe0, 0x10, 0xe0, 0x10, 0xe0, 0x0f, 0xe8, 0x0f, 0xe0, 0x10, 0xe0,
    0x0f, 0xe0, 0x0f, 0xe0, 0x10, 0xe0, 0x0f, 0xe0, 0x0f, 0xd8, 0x0f, 0xd8,
    0x0f, 0xd8, 0x0e, 0xd8, 0x0e, 0xd0, 0x0e, 0xd0, 0x0e, 0xd0, 0x0e, 0xd0,
    0x0e, 0xd0, 0x0e, 0xc8, 0x0e, 0xd0, 0x0f, 0xe0, 0x10, 0xe8, 0x10, 0xe8,
    0x10, 0xe8, 0x10, 0xe8, 0x10, 0xe8, 0x10, 0xe0, 0x10, 0xe0, 0x0f, 0xe0,
    0x10, 0xe0, 0x0f, 0xe0, 0x0f, 0xe0, 0x0f, 0xe0, 0x0f, 0xd8, 0x0f, 0xd8,
    0x0f, 0xd8, 0x0e, 0xd8, 0x0f, 0xd0, 0x0e, 0xd0, 0x0e, 0xd0, 0x0f, 0xe0,
    0x10, 0xe8, 0x10, 0xe8, 0x10, 0xe8, 0x0f, 0xe0, 0x10, 0xe8, 0x10, 0xe0,
    0x10, 0xe8, 0x0f, 0xe0, 0x10, 0xe0, 0x0f, 0xe0, 0x0f, 0xe0, 0x0f, 0xd8,
    0x0f, 0xd8, 0x0f, 0xd8, 0x0f, 0xd8, 0x0e, 0xd0, 0x0f, 0xd8, 0x0f, 0xe0,
    0x10, 0xe8, 0x0f, 0xe8, 0x10, 0xe8, 0x10, 0xe8, 0x10, 0xe0, 0x0f, 0xe0,
    0x0f, 0xe0, 0x10, 0xe0, 0x0f, 0xe0, 0x0f, 0xe0, 0x0f, 0xe0, 0x0f, 0xd8,
    0x0f, 0xd8, 0x0f, 0xd8, 0x0f, 0xd8, 0x0f, 0xe0, 0x10, 0xe8, 0x10, 0xe0,
    0x0f, 0xe8, 0x10, 0xe0, 0x10, 0xe8, 0x10, 0xe0, 0x0f, 0xe0, 0x10, 0xe0,
    0x0f, 0xe0, 0x0f, 0xe0, 0x0f, 0xd8, 0x0f, 0xd8, 0x0f, 0xd8, 0x0e, 0xd8,
    0x0f, 0xd8, 0x10, 0xe8, 0x10, 0xe8, 0x0f, 0xe0, 0x10, 0xe8, 0x10, 0xe0,
    0x0f, 0xe0, 0x0f, 0xe0, 0x10, 0xe0, 0x0f, 0xe0, 0x0f, 0xe0, 0x0f, 0xd8,
    0x0f, 0xd8, 0x0f, 0xd8, 0x0f, 0xe0, 0x10, 0xe8, 0x10, 0xe8, 0x0f, 0xe0,
    0x10, 0xe0, 0x10, 0xe8, 0x0f, 0xe0, 0x10, 0xe0, 0x0f, 0xe0, 0x0f, 0xd8,
    0x0f, 0xe0, 0x0f, 0xd8, 0x0f, 0xd8, 0x0f, 0xd8, 0x0f, 0xd0, 0x0f, 0xd8,
    0x10, 0xe0, 0x0f, 0xe8, 0x0f, 0xe0, 0x10, 0xe0, 0x0f, 0xe0, 0x0f, 0xe0,
    0x0f, 0xe0, 0x0f, 0xd8, 0x0f, 0xd8, 0x0f, 0xd8, 0x0f, 0xd8, 0x0e, 0xd8,
    0x0e, 0xd0, 0x0f, 0xd0, 0x0f, 0xe0, 0x0f, 0xe0, 0x10, 0xe0, 0x0f, 0xe0,
    0x0f, 0xe0, 0x10, 0xe0, 0x0f, 0xd8, 0x0f, 0xd8, 0x0f, 0xd8, 0x0f, 0xd8,
    0x0f, 0xd8, 0x0e, 0xd8, 0x0f, 0xd0, 0x0f, 0xd0, 0x0e, 0xd0, 0x0f, 0xd0,
    0x0f, 0xd8, 0x10, 0xe0, 0x0f, 0xe0, 0x0f, 0xe0, 0x0f, 0xd8, 0x0f, 0xd8,
    0x0f, 0xd8, 0x0f, 0xd8, 0x0e, 0xd8, 0x0e, 0xd0, 0x0f, 0xd0, 0x0e, 0xd0,
    0x0e, 0xd0, 0x0e, 0xd0, 0x0e, 0xd0, 0x0e, 0xc8, 0x0e, 0xd0, 0x0f, 0xd8,
    0x0f, 0xd8, 0x0f, 0xd8, 0x0e, 0xd8, 0x0e, 0xd8, 0x0f, 0xd8, 0x0e, 0xd0,
    0x0e, 0xd8, 0x0f, 0xd0, 0x0e, 0xd0, 0x0e, 0xd0, 0x0e, 0xd0, 0x0e, 0xc8,
    0x0e, 0xc8, 0x0e, 0xc8, 0x0e, 0xc8, 0x0e, 0xc8, 0x0d, 0xc8, 0x0e, 0xd0,
    0x0f, 0xd8, 0x0f, 0xd8, 0x0f, 0xd8, 0x0f, 0xd8, 0x0e, 0xd8, 0x0e, 0xd8,
    0x0f, 0xd8, 0x0f, 0xd0, 0x0e, 0xd0, 0x0e, 0xd0, 0x0e, 0xd0, 0x0e, 0xd0,
    0x0e, 0xd0, 0x0e, 0xc8, 0x0e, 0xc8, 0x0e, 0xd0, 0x0e, 0xc8, 0x0e, 0xc8,
    0x0e, 0xc8, 0x0d, 0xc8, 0x0d, 0xc0, 0x0e, 0xc0, 0x0d, 0xc0, 0x0d, 0xc0,
    0x0d, 0xc0, 0x0d, 0xb8, 0x0d, 0xc0, 0x0e, 0xd0, 0x0f, 0xd8, 0x0e, 0xd0,
    0x0f, 0xd0, 0x0e, 0xd0, 0x0e, 0xd0, 0x0e, 0xd0, 0x0e, 0xc8, 0x0e, 0xc8,
    0x0e, 0xd0, 0x0e, 0xc8, 0x0e, 0xc8, 0x0e, 0xc8, 0x0d, 0xc8, 0x0e, 0xc8,
    0x0e, 0xc0, 0x0d, 0xc0, 0x0d, 0xc0, 0x0d, 0xc0, 0x0d, 0xc0, 0x0d, 0xc0,
    0x0d, 0xc0, 0x0d, 0xb8, 0x0d, 0xc0, 0x0d, 0xb8, 0x0d, 0xb8, 0x0c, 0xb8,
    0x0c, 0xb8, 0x0c, 0xb0, 0x0c, 0xb8, 0x0e, 0xc8, 0x10, 0xe0, 0x10, 0xe8,
    0x10, 0xe0, 0x0f, 0xe0, 0x10, 0xe8, 0x0f, 0xe0, 0x0f, 0xe0, 0x0f, 0xe0,
    0x0f, 0xe0, 0x10, 0xe0, 0x0f, 0xd8, 0x0f, 0xd8, 0x0f, 0xd8, 0x0f, 0xd8,
    0x0f, 0xd8, 0x0f, 0xd8, 0x0e, 0xd0, 0x0e, 0xd0, 0x0e, 0xd0, 0x0e, 0xd0,
    0x0e, 0xd0, 0x0e, 0xd0, 0x0e, 0xc8, 0x0e, 0xc8, 0x0e, 0xc8, 0x0e, 0xc8,
    0x0e, 0xc8, 0x0d, 0xc8, 0x0d, 0xc8, 0x0d, 0xc0, 0x0d, 0xc0, 0x0f, 0xd0,
    0x10, 0xe8, 0x10, 0xe8, 0x10, 0xe0, 0x10, 0xe8, 0x0f, 0xe8, 0x10, 0xe8,
    0x10, 0xe0, 0x0f, 0xe0, 0x10, 0xe0, 0x0f, 0xe0, 0x0f, 0xe0, 0x0f, 0xe0,
    0x0f, 0xd8, 0x0f, 0xd8, 0x0f, 0xd8, 0x0f, 0xd8, 0x0f, 0xd8, 0x0f, 0xd0,
    0x0e, 0xd0, 0x0e, 0xd0, 0x0e, 0xd0, 0x0e, 0xd0, 0x0e, 0xc8, 0x0e, 0xc8,
    0x0f, 0xd8, 0x10, 0xe8, 0x10, 0xe8, 0x10, 0xe8, 0x0f, 0xe0, 0x10, 0xe8,
    0x0f, 0xe0, 0x10, 0xe8, 0x0f, 0xe0, 0x0f, 0xe0, 0x0f, 0xe0, 0x0f, 0xe0,
    0x10, 0xe0, 0x0f, 0xd8, 0x0f, 0xd8, 0x0f, 0xd8, 0x0f, 0xd8, 0x0e, 0xd0,
    0x0e, 0xd0, 0x0e, 0xd0, 0x0f, 0xd0, 0x10, 0xe8, 0x0f, 0xe8, 0x10, 0xe8,
    0x10, 0xe8, 0x10, 0xe8, 0x0f, 0xe0, 0x10, 0xe0, 0x0f, 0xe0, 0x10, 0xe0,
    0x0f, 0xe0, 0x0f, 0xe0, 0x10, 0xe0, 0x0f, 0xd8, 0x0f, 0xd8, 0x0f, 0xd8,
    0x0f, 0xd8, 0x0e, 0xd0, 0x0f, 0xd8, 0x10, 0xe0, 0x10, 0xe8, 0x10, 0xe8,
    0x0f, 0xe8, 0x10, 0xe8, 0x10, 0xe0, 0x0f, 0xe8, 0x10, 0xe0, 0x0f, 0xe0,
    0x0f, 0xe0, 0x10, 0xd8, 0x0f, 0xd8, 0x0f, 0xd8, 0x0f, 0xd8, 0x0e, 0xd8,
    0x0f, 0xd8, 0x0f, 0xe0, 0x10, 0xe8, 0x10, 0xe8, 0x10, 0xe8, 0x10, 0xe8,
    0x10, 0xe0, 0x10, 0xe8, 0x0f, 0xe0, 0x0f, 0xe0, 0x0f, 0xe0, 0x10, 0xe0,
    0x0f, 0xd8, 0x0f, 0xd8, 0x0f, 0xd8, 0x0e, 0xd8, 0x0f, 0xe0, 0x10, 0xe8,
    0x10, 0xe8, 0x10, 0xe0, 0x0f, 0xe8, 0x10, 0xe0, 0x0f, 0xe0, 0x10, 0xe0,
    0x0f, 0xe0, 0x0f, 0xd8, 0x10, 0xd8, 0x0f, 0xe0, 0x0f, 0xd8, 0x0f, 0xd8,
    0x0f, 0xe0, 0x10, 0xe8, 0x10, 0xe8, 0x0f, 0xe0, 0x10, 0xe0, 0x0f, 0xe0,
    0x0f, 0xe0, 0x10, 0xe0, 0x0f, 0xe0, 0x0f, 0xd8, 0x0f, 0xd8, 0x0f, 0xd8,
    0x0f, 0xd8, 0x0f, 0xd8, 0x0e, 0xd0, 0x0f, 0xd8, 0x10, 0xe0, 0x10, 0xe8,
    0x0f, 0xe0, 0x10, 0xe0, 0x10, 0xe0, 0x0f, 0xe0, 0x0f, 0xe0, 0x0f, 0xd8,
    0x0f, 0xd8, 0x0f, 0xd8, 0x0f, 0xd8, 0x0f, 0xd8, 0x0e, 0xd0, 0x0e, 0xd0,
    0x0f, 0xd8, 0x10, 0xe0, 0x10, 0xe0, 0x0f, 0xe0, 0x0f, 0xe0, 0x0f, 0xe0,
    0x0f, 0xd8, 0x0f, 0xd8, 0x0f, 0xd8, 0x0f, 0xd8, 0x0f, 0xd8, 0x0e, 0xd8,
    0x0e, 0xd0, 0x0e, 0xd0, 0x0e, 0xd0, 0x0e, 0xd0, 0x0f, 0xd8, 0x0f, 0xe0,
    0x0f, 0xe0, 0x0f, 0xe0, 0x0f, 0xd8, 0x0f, 0xd8, 0x0f, 0xd8, 0x0f, 0xd8,
    0x0e, 0xd8, 0x0f, 0xd8, 0x0f, 0xd0, 0x0e, 0xd0, 0x0e, 0xd0, 0x0e, 0xd0,
    0x0e, 0xd0, 0x0e, 0xc8, 0x0e, 0xc8, 0x0e, 0xd0, 0x0f, 0xe0, 0x0f, 0xd8,
    0x0f, 0xd8, 0x0f, 0xd8, 0x0f, 0xd0, 0x0e, 0xd8, 0x0e, 0xd0, 0x0e, 0xd8,
    0x0f, 0xd0, 0x0e, 0xd0, 0x0e, 0xd0, 0x0e, 0xd0, 0x0e, 0xd0, 0x0e, 0xc8,
    0x0e, 0xc8, 0x0e, 0xc8, 0x0e, 0xc8, 0x0d, 0xc8, 0x0e, 0xd0, 0x0f, 0xd8,
    0x0f, 0xd8, 0x0f, 0xd8, 0x0f, 0xd0, 0x0e, 0xd0, 0x0e, 0xd0, 0x0f, 0xd8,
    0x0e, 0xd8, 0x0e, 0xd0, 0x0f, 0xd0, 0x0e, 0xd0, 0x0e, 0xc8, 0x0e, 0xd0,
    0x0e, 0xc8, 0x0e, 0xc8, 0x0d, 0xc8, 0x0e, 0xc8, 0x0e, 0xc8, 0x0d, 0xc0,
    0x0e, 0xc0, 0x0d, 0xc8, 0x0d, 0xc0, 0x0e, 0xc0, 0x0d, 0xc0, 0x0d, 0xc0,
    0x0d, 0xb8, 0x0d, 0xc0, 0x0e, 0xc8, 0x0f, 0xd8, 0x0e, 0xd0, 0x0e, 0xd0,
    0x0e, 0xd0, 0x0e, 0xd0, 0x0e, 0xd0, 0x0e, 0xc8, 0x0e, 0xc8, 0x0e, 0xc8,
    0x0e, 0xc8, 0x0e, 0xc8, 0x0d, 0xc8, 0x0d, 0xc8, 0x0e, 0xc8, 0x0d, 0xc0,
    0x0d, 0xc0, 0x0e, 0xc0, 0x0d, 0xc0, 0x0d, 0xc0, 0x0d, 0xc0, 0x0d, 0xc0,
    0x0d, 0xb8, 0x0c, 0xb8, 0x0c, 0xb8, 0x0d, 0xb8, 0x0c, 0xb0, 0x0d, 0xb8,
    0x0f, 0xd8, 0x10, 0xe8, 0x10, 0xe8, 0x10, 0xe0, 0x0f, 0xe0, 0x10, 0xe0,
    0x10, 0xe0, 0x0f, 0xe0, 0x0f, 0xe0, 0x0f, 0xe0, 0x0f, 0xd8, 0x0f, 0xd8,
    0x0f, 0xd8, 0x0f, 0xd8, 0x0f, 0xd8, 0x0f, 0xd8, 0x0e, 0xd8, 0x0e, 0xd0,
    0x0e, 0xd0, 0x0f, 0xd0, 0x0e, 0xd0, 0x0e, 0xd0, 0x0e, 0xd0, 0x0e, 0xc8,
    0x0e, 0xc8, 0x0e, 0xc8, 0x0e, 0xc8, 0x0e, 0xc8, 0x0d, 0xc8, 0x0d, 0xc0,
    0x0d, 0xc0, 0x0d, 0xc0, 0x0f, 0xd0, 0x10, 0xe8, 0x10, 0xe8, 0x0f, 0xe8,
    0x10, 0xe8, 0x10, 0xe0, 0x10, 0xe0, 0x0f, 0xe0, 0x0f, 0xe0, 0x10, 0xe0,
    0x0f, 0xe0, 0x0f, 0xe0, 0x0f, 0xd8, 0x0f, 0xd8, 0x0f, 0xd8, 0x0f, 0xd8,
    0x0f, 0xd8, 0x0e, 0xd0, 0x0e, 0xd0, 0x0e, 0xd0, 0x0e, 0xd0, 0x0e, 0xd0,
    0x0e, 0xc8, 0x0e, 0xc8, 0x0e, 0xc8, 0x0f, 0xd8, 0x10, 0xe8, 0x10, 0xe8,
    0x10, 0xe8, 0x10, 0xe8, 0x10, 0xe8, 0x0f, 0xe0, 0x10, 0xe0, 0x0f, 0xe0,
    0x10, 0xe0, 0x0f, 0xe0, 0x0f, 0xe0, 0x10, 0xd8, 0x0f, 0xd8, 0x0f, 0xd8,
    0x0f, 0xd8, 0x0f, 0xd8, 0x0e, 0xd0, 0x0f, 0xd0, 0x0e, 0xd0, 0x0e, 0xd0,
    0x0f, 0xe0, 0x10, 0xe8, 0x10, 0xe0, 0x10, 0xe8, 0x10, 0xe8, 0x10, 0xe8,
    0x10, 0xe0, 0x0f, 0xe8, 0x0f, 0xe0, 0x10, 0xe0, 0x0f, 0xe0, 0x0f, 0xe0,
    0x0f, 0xe0, 0x0f, 0xd8, 0x0f, 0xd8, 0x0f, 0xd8, 0x0e, 0xd8, 0x0e, 0xd0,
    0x0f, 0xe0, 0x10, 0xe8, 0x10, 0xe8, 0x10, 0xe0, 0x10, 0xe8, 0x10, 0xe0,
    0x10, 0xe0, 0x10, 0xe0, 0x0f, 0xe0, 0x0f, 0xe0, 0x0f, 0xe0, 0x0f, 0xe0,
    0x0f, 0xd8, 0x0f, 0xd8, 0x0f, 0xd8, 0x0e, 0xd0, 0x0f, 0xd8, 0x10, 0xe0,
    0x0f, 0xe8, 0x10, 0xe8, 0x10, 0xe8, 0x0f, 0xe0, 0x10, 0xe0, 0x0f, 0xe0,
    0x10, 0xe0, 0x0f, 0xe0, 0x0f, 0xe0, 0x0f, 0xd8, 0x0f, 0xd8, 0x0f, 0xd8,
    0x0f, 0xd8, 0x0f, 0xd0, 0x0f, 0xe0, 0x10, 0xe8, 0x10, 0xe8, 0x10, 0xe8,
    0x10, 0xe0, 0x0f, 0xe8, 0x10, 0xe0, 0x10, 0xe0, 0x0f, 0xe0, 0x0f, 0xe0,
    0x0f, 0xd8, 0x0f, 0xd8, 0x0f, 0xd8, 0x0f, 0xd8, 0x0f, 0xe0, 0x10, 0xe8,
    0x10, 0xe8, 0x10, 0xe8, 0x10, 0xe8, 0x0f, 0xe0, 0x10, 0xe0, 0x0f, 0xe0,
    0x0f, 0xe0, 0x0f, 0xe0, 0x0f, 0xd8, 0x0f, 0xd8, 0x0f, 0xd8, 0x0f, 0xd8,
    0x0e, 0xd8, 0x0f, 0xd8, 0x0f, 0xe0, 0x10, 0xe0, 0x0f, 0xe0, 0x0f, 0xe0,
    0x10, 0xe0, 0x0f, 0xe0, 0x0f, 0xe0, 0x0f, 0xd8, 0x0f, 0xd8, 0x0f, 0xd8,
    0x0f, 0xd8, 0x0f, 0xd8, 0x0e, 0xd0, 0x0e, 0xd0, 0x0f, 0xd8, 0x0f, 0xe0,
    0x10, 0xe0, 0x0f, 0xe0, 0x0f, 0xe0, 0x10, 0xe0, 0x0f, 0xd8, 0x0f, 0xd8,
    0x0f, 0xd8, 0x0f, 0xd8, 0x0f, 0xd8, 0x0f, 0xd8, 0x0f, 0xd0, 0x0e, 0xd0,
    0x0e, 0xd8, 0x0e, 0xd0, 0x0f, 0xd0, 0x0f, 0xd8, 0x10, 0xe0, 0x0f, 0xd8,
    0x0f, 0xe0, 0x0f, 0xd8, 0x0f, 0xd8, 0x0f, 0xd8, 0x0f, 0xd8, 0x0f, 0xd0,
    0x0e, 0xd8, 0x0f, 0xd8, 0x0e, 0xd0, 0x0e, 0xd0, 0x0e, 0xd0, 0x0e, 0xc8,
    0x0e, 0xc8, 0x0e, 0xd0, 0x0f, 0xd8, 0x0f, 0xd8, 0x0f, 0xd8, 0x0f, 0xd8,
    0x0f, 0xd8, 0x0f, 0xd8, 0x0f, 0xd0, 0x0e, 0xd0, 0x0f, 0xd0, 0x0e, 0xd0,
    0x0f, 0xd0, 0x0e, 0xd0, 0x0e, 0xc8, 0x0e, 0xc8, 0x0e, 0xd0, 0x0e, 0xc8,
    0x0e, 0xc8, 0x0d, 0xc8, 0x0d, 0xc8, 0x0e, 0xd0, 0x0f, 0xd8, 0x0f, 0xd8,
    0x0f, 0xd8, 0x0f, 0xd8, 0x0f, 0xd0, 0x0e, 0xd0, 0x0e, 0xd0, 0x0f, 0xd0,
    0x0e, 0xd0, 0x0e, 0xd0, 0x0e, 0xd0, 0x0e, 0xd0, 0x0e, 0xc8, 0x0e, 0xc8,
    0x0e, 0xc8, 0x0e, 0xc8, 0x0d, 0xc8, 0x0e, 0xc8, 0x0e, 0xc0, 0x0d, 0xc0,
    0x0d, 0xc0, 0x0d, 0xc0, 0x0d, 0xc0, 0x0d, 0xc0, 0x0d, 0xc0, 0x0d, 0xb8,
    0x0d, 0xb8, 0x0e, 0xc8, 0x0e, 0xd0, 0x0f, 0xd0, 0x0e, 0xd0, 0x0e, 0xd0,
    0x0e, 0xd0, 0x0e, 0xd0, 0x0e, 0xc8, 0x0e, 0xd0, 0x0e, 0xc8, 0x0e, 0xc8,
    0x0e, 0xc8, 0x0e, 0xc8, 0x0d, 0xc8, 0x0e, 0xc8, 0x0e, 0xc0, 0x0d, 0xc0,
    0x0d, 0xc0, 0x0d, 0xc0, 0x0d, 0xc0, 0x0d, 0xc0, 0x0d, 0xc0, 0x0d, 0xb8,
    0x0c, 0xb0, 0x0c, 0xb0, 0x0d, 0xc0, 0x0f, 0xd8, 0x10, 0xe8, 0x10, 0xe0,
    0x0f, 0xe0, 0x0f, 0xe0, 0x0f, 0xe0, 0x0f, 0xe0, 0x0f, 0xe0, 0x0f, 0xe0,
    0x10, 0xe0, 0x0f, 0xd8, 0x0f, 0xd8, 0x0f, 0xd8, 0x0f, 0xd8, 0x0f, 0xd8,
    0x0e, 0xd8, 0x0f, 0xd0, 0x0f, 0xd0, 0x0e, 0xd0, 0x0e, 0xd0, 0x0e, 0xd0,
    0x0e, 0xd0, 0x0e, 0xc8, 0x0e, 0xc8, 0x0e, 0xc8, 0x0e, 0xc8, 0x0e, 0xc8,
    0x0d, 0xc8, 0x0d, 0xc0, 0x0d, 0xc0, 0x0d, 0xc0, 0x0d, 0xc0, 0x0f, 0xd0,
    0x10, 0xe8, 0x10, 0xe8, 0x10, 0xe8, 0x10, 0xe8, 0x0f, 0xe0, 0x10, 0xe0,
    0x0f, 0xe0, 0x0f, 0xe0, 0x0f, 0xe0, 0x0f, 0xe0, 0x0f, 0xe0, 0x10, 0xe0,
    0x0f, 0xd8, 0x0f, 0xd8, 0x0f, 0xd8, 0x0f, 0xd8, 0x0e, 0xd8, 0x0e, 0xd0,
    0x0f, 0xd0, 0x0e, 0xd0, 0x0e, 0xd0, 0x0e, 0xd0, 0x0e, 0xc8, 0x0e, 0xc8,
    0x0e, 0xd0, 0x10, 0xe0, 0x10, 0xe8, 0x10, 0xe8, 0x10, 0xe0, 0x0f, 0xe8,
    0x10, 0xe8, 0x10, 0xe0, 0x10, 0xe8, 0x0f, 0xe0, 0x10, 0xe0, 0x0f, 0xe0,
    0x0f, 0xe0, 0x0f, 0xd8, 0x0f, 0xd8, 0x0f, 0xd8, 0x0f, 0xd8, 0x0e, 0xd0,
    0x0e, 0xd0, 0x0e, 0xd0, 0x0e, 0xd0, 0x0f, 0xd8, 0x10, 0xe0, 0x10, 0xe8,
    0x10, 0xe8, 0x0f, 0xe0, 0x0f, 0xe8, 0x10, 0xe0, 0x10, 0xe8, 0x10, 0xe0,
    0x0f, 0xe0, 0x0f, 0xe0, 0x0f, 0xe0, 0x0f, 0xd8, 0x0f, 0xd8, 0x0f, 0xd8,
    0x0f, 0xd8, 0x0f, 0xd8, 0x0e, 0xd0, 0x0f, 0xd0, 0x0f, 0xe0, 0x10, 0xe8,
    0x10, 0xe8, 0x0f, 0xe8, 0x10, 0xe8, 0x0f, 0xe0, 0x0f, 0xe8, 0x10, 0xe0,
    0x10, 0xe0, 0x0f, 0xe0, 0x10, 0xe0, 0x0f, 0xd8, 0x0f, 0xd8, 0x0f, 0xd8,
    0x0f, 0xd8, 0x0e, 0xd0, 0x0f, 0xd8, 0x10, 0xe8, 0x10, 0xe8, 0x0f, 0xe8,
    0x10, 0xe0, 0x10, 0xe0, 0x0f, 0xe8, 0x0f, 0xe0, 0x10, 0xe0, 0x0f, 0xe0,
    0x0f, 0xe0, 0x0f, 0xd8, 0x0f, 0xd8, 0x0f, 0xd8, 0x0f, 0xd8, 0x0e, 0xd0,
    0x0f, 0xe0, 0x10, 0xe8, 0x10, 0xe8, 0x0f, 0xe0, 0x10, 0xe0, 0x10, 0xe8,
    0x0f, 0xe0, 0x0f, 0xe0, 0x0f, 0xe0, 0x0f, 0xe0, 0x0f, 0xe0, 0x0f, 0xd8,
    0x0f, 0xd8, 0x0f, 0xd8, 0x0f, 0xe0, 0x10, 0xe8, 0x10, 0xe8, 0x10, 0xe0,
    0x0f, 0xe0, 0x10, 0xe0, 0x10, 0xe0, 0x0f, 0xe0, 0x0f, 0xe0, 0x0f, 0xe0,
    0x0f, 0xd8, 0x0f, 0xd8, 0x0f, 0xd8, 0x0f, 0xd8, 0x0e, 0xd0, 0x0e, 0xd0,
    0x0f, 0xe0, 0x10, 0xe8, 0x10, 0xe0, 0x0f, 0xe0, 0x10, 0xe0, 0x0f, 0xe0,
    0x0f, 0xe0, 0x0f, 0xd8, 0x0f, 0xd8, 0x0f, 0xd8, 0x0f, 0xd8, 0x0e, 0xd8,
    0x0f, 0xd0, 0x0e, 0xd0, 0x0e, 0xd0, 0x0f, 0xe0, 0x10, 0xe0, 0x0f, 0xe0,
    0x0f, 0xe0, 0x0f, 0xd8, 0x0f, 0xe0, 0x0f, 0xe0, 0x0f, 0xd8, 0x0f, 0xd8,
    0x0e, 0xd8, 0x0f, 0xd8, 0x0f, 0xd0, 0x0e, 0xd0, 0x0f, 0xd0, 0x0e, 0xd0,
    0x0e, 0xd0, 0x0f, 0xd8, 0x0f, 0xe0, 0x0f, 0xe0, 0x0f, 0xd8, 0x0f, 0xd8,
    0x0f, 0xd8, 0x0f, 0xd8, 0x0e, 0xd8, 0x0e, 0xd8, 0x0f, 0xd0, 0x0e, 0xd0,
    0x0f, 0xd0, 0x0f, 0xd0, 0x0e, 0xd0, 0x0e, 0xd0, 0x0e, 0xc8, 0x0e, 0xc8,
    0x0e, 0xd0, 0x0f, 0xd8, 0x0f, 0xd8, 0x0f, 0xd8, 0x0e, 0xd8, 0x0f, 0xd8,
    0x0e, 0xd0, 0x0e, 0xd0, 0x0e, 0xd0, 0x0e, 0xd0, 0x0e, 0xd0, 0x0e, 0xd0,
    0x0e, 0xd0, 0x0e, 0xc8, 0x0e, 0xc8, 0x0e, 0xc8, 0x0e, 0xc8, 0x0e, 0xc8,
    0x0d, 0xc0, 0x0e, 0xc8, 0x0e, 0xd0, 0x0f, 0xd8, 0x0f, 0xd8, 0x0e, 0xd8,
    0x0e, 0xd8, 0x0f, 0xd0, 0x0f, 0xd8, 0x0e, 0xd0, 0x0e, 0xd0, 0x0e, 0xd0,
    0x0e, 0xd0, 0x0e, 0xd0, 0x0e, 0xc8, 0x0e, 0xc8, 0x0e, 0xd0, 0x0e, 0xc8,
    0x0e, 0xc8, 0x0d, 0xc8, 0x0d, 0xc8, 0x0e, 0xc0, 0x0e, 0xc0, 0x0d, 0xc0,
    0x0d, 0xc0, 0x0d, 0xc0, 0x0d, 0xc0, 0x0d, 0xb8, 0x0c, 0xb8, 0x0d, 0xb8,
    0x0e, 0xc8, 0x0e, 0xd0, 0x0f, 0xd0, 0x0e, 0xd0, 0x0e, 0xd0, 0x0e, 0xd0,
    0x0e, 0xc8, 0x0e, 0xc8, 0x0e, 0xd0, 0x0d, 0xc8, 0x0e, 0xc8, 0x0e, 0xc8,
    0x0d, 0xc0, 0x0d, 0xc8, 0x0d, 0xc0, 0x0d, 0xc0, 0x0d, 0xc0, 0x0d, 0xc0,
    0x0d, 0xb8, 0x0d, 0xc0, 0x0d, 0xc0, 0x0d, 0xb8, 0x0c, 0xb0, 0x0d, 0xc8,
    0x10, 0xe0, 0x10, 0xe8, 0x0f, 0xe0, 0x10, 0xe0, 0x0f, 0xe0, 0x0f, 0xe0,
    0x10, 0xe0, 0x0f, 0xe0, 0x0f, 0xe0, 0x0f, 0xd8, 0x0f, 0xd8, 0x0f, 0xd8,
    0x0f, 0xd8, 0x0f, 0xd8, 0x0e, 0xd8, 0x0e, 0xd0, 0x0f, 0xd0, 0x0e, 0xd8,
    0x0e, 0xd0, 0x0e, 0xd0, 0x0e, 0xd0, 0x0e, 0xd0, 0x0e, 0xc8, 0x0e, 0xc8,
    0x0e, 0xc8, 0x0e, 0xc8, 0x0e, 0xc8, 0x0d, 0xc8, 0x0d, 0xc0, 0x0d, 0xc0,
    0x0d, 0xc0, 0x0e, 0xc0, 0x0f, 0xd0, 0x10, 0xe8, 0x10, 0xe8, 0x10, 0xe8,
    0x10, 0xe0, 0x10, 0xe8, 0x10, 0xe0, 0x0f, 0xe0, 0x10, 0xe0, 0x10, 0xe0,
    0x0f, 0xe0, 0x0f, 0xe0, 0x0f, 0xe0, 0x0f, 0xd8, 0x0f, 0xd8, 0x0f, 0xd8,
    0x0e, 0xd8, 0x0f, 0xd0, 0x0e, 0xd0, 0x0e, 0xd0, 0x0e, 0xd0, 0x0e, 0xd0,
    0x0e, 0xc8, 0x0e, 0xc8, 0x0e, 0xc8, 0x0e, 0xd0, 0x0f, 0xe0, 0x10, 0xe8,
    0x10, 0xe8, 0x0f, 0xe8, 0x10, 0xe0, 0x10, 0xe0, 0x10, 0xe0, 0x0f, 0xe0,
    0x0f, 0xe0, 0x10, 0xe0, 0x0f, 0xe0, 0x0f, 0xe0, 0x0f, 0xd8, 0x0f, 0xd8,
    0x0f, 0xd8, 0x0f, 0xd8, 0x0e, 0xd0, 0x0f, 0xd0, 0x0e, 0xd8, 0x0e, 0xd0,
    0x0e, 0xd0, 0x0f, 0xd8, 0x10, 0xe8, 0x10, 0xe8, 0x10, 0xe8, 0x10, 0xe8,
    0x10, 0xe0, 0x0f, 0xe0, 0x10, 0xe0, 0x0f, 0xe0, 0x10, 0xe0, 0x0f, 0xe0,
    0x0f, 0xd8, 0x0f, 0xd8, 0x0f, 0xd8, 0x0f, 0xd8, 0x0f, 0xd8, 0x0e, 0xd0,
    0x0e, 0xd0, 0x0f, 0xd8, 0x10, 0xe8, 0x10, 0xe8, 0x10, 0xe8, 0x10, 0xe8,
    0x10, 0xe0, 0x0f, 0xe0, 0x0f, 0xe0, 0x10, 0xe0, 0x0f, 0xe0, 0x0f, 0xe0,
    0x0f, 0xe0, 0x0f, 0xd8, 0x0f, 0xd8, 0x0f, 0xd8, 0x0e, 0xd0, 0x0e, 0xd0,
    0x0f, 0xe0, 0x10, 0xe8, 0x10, 0xe8, 0x10, 0xe8, 0x10, 0xe0, 0x10, 0xe8,
    0x10, 0xe0, 0x0f, 0xe0, 0x10, 0xe0, 0x0f, 0xe0, 0x0f, 0xe0, 0x0f, 0xd8,
    0x0f, 0xd8, 0x0f, 0xd8, 0x0e, 0xd8, 0x0f, 0xd0, 0x0f, 0xe0, 0x10, 0xe8,
    0x10, 0xe8, 0x10, 0xe0, 0x10, 0xe8, 0x0f, 0xe0, 0x10, 0xe0, 0x0f, 0xe0,
    0x0f, 0xe0, 0x10, 0xd8, 0x0f, 0xd8, 0x0f, 0xd8, 0x0f, 0xd8, 0x0f, 0xd8,
    0x0f, 0xe0, 0x10, 0xe8, 0x0f, 0xe8, 0x10, 0xe0, 0x0f, 0xe0, 0x0f, 0xe8,
    0x10, 0xe0, 0x0f, 0xe0, 0x0f, 0xe0, 0x0f, 0xd8, 0x0f, 0xd8, 0x0f, 0xd8,
    0x0f, 0xd8, 0x0f, 0xd8, 0x0e, 0xd8, 0x0f, 0xd0, 0x0f, 0xe0, 0x10, 0xe0,
    0x10, 0xe0, 0x0f, 0xe0, 0x10, 0xe0, 0x0f, 0xe0, 0x0f, 0xe0, 0x0f, 0xd8,
    0x0f, 0xd8, 0x0f, 0xd8, 0x0f, 0xd8, 0x0e, 0xd8, 0x0f, 0xd0, 0x0f, 0xd8,
    0x0e, 0xd0, 0x0f, 0xd8, 0x10, 0xe0, 0x10, 0xe0, 0x0f, 0xe0, 0x0f, 0xd8,
    0x0f, 0xe0, 0x0f, 0xe0, 0x0f, 0xd8, 0x0f, 0xd8, 0x0f, 0xd8, 0x0e, 0xd8,
    0x0e, 0xd0, 0x0f, 0xd0, 0x0e, 0xd0, 0x0e, 0xd0, 0x0e, 0xd0, 0x0e, 0xd0,
    0x0f, 0xd8, 0x10, 0xe0, 0x0f, 0xe0, 0x0f, 0xd8, 0x0f, 0xd8, 0x0f, 0xd8,
    0x0f, 0xd8, 0x0f, 0xd8, 0x0e, 0xd0, 0x0e, 0xd0, 0x0f, 0xd0, 0x0e, 0xd0,
    0x0e, 0xd0, 0x0e, 0xd0, 0x0e, 0xd0, 0x0e, 0xc8, 0x0e, 0xc8, 0x0e, 0xd0,
    0x0f, 0xd8, 0x0f, 0xd8, 0x0e, 0xd8, 0x0f, 0xd8, 0x0f, 0xd8, 0x0f, 0xd0,
    0x0e, 0xd8, 0x0e, 0xd0, 0x0f, 0xd0, 0x0e, 0xd0, 0x0e, 0xd0, 0x0e, 0xc8,
    0x0e, 0xc8, 0x0e, 0xc8, 0x0e, 0xc8, 0x0d, 0xc8, 0x0e, 0xc0, 0x0d, 0xc0,
    0x0d, 0xc8, 0x0e, 0xd8, 0x0f, 0xd8, 0x0f, 0xd8, 0x0f, 0xd8, 0x0f, 0xd8,
    0x0e, 0xd0, 0x0f, 0xd0, 0x0f, 0xd0, 0x0e, 0xd0, 0x0e, 0xd0, 0x0e, 0xd0,
    0x0e, 0xc8, 0x0e, 0xc8, 0x0e, 0xc8, 0x0e, 0xc8, 0x0e, 0xc8, 0x0d, 0xc8,
    0x0d, 0xc8, 0x0e, 0xc8, 0x0d, 0xc0, 0x0d, 0xc0, 0x0d, 0xc0, 0x0d, 0xc0,
    0x0d, 0xc0, 0x0d, 0xc0, 0x0d, 0xb8, 0x0d, 0xb8, 0x0d, 0xb8, 0x0d, 0xc8,
    0x0e, 0xd0, 0x0f, 0xd0, 0x0e, 0xd0, 0x0e, 0xd0, 0x0e, 0xd0, 0x0e, 0xc8,
    0x0e, 0xc8, 0x0e, 0xc8, 0x0e, 0xc8, 0x0e, 0xc8, 0x0e, 0xc8, 0x0e, 0xc8,
    0x0e, 0xc8, 0x0d, 0xc0, 0x0d, 0xc0, 0x0e, 0xc0, 0x0d, 0xc0, 0x0d, 0xc0,
    0x0d, 0xc0, 0x0d, 0xc0, 0x0e, 0xd0, 0x10, 0xe0, 0x10, 0xe8, 0x0f, 0xe0,
    0x10, 0xe0, 0x10, 0xe0, 0x0f, 0xe0, 0x0f, 0xe0, 0x10, 0xe0, 0x0f, 0xe0,
    0x0f, 0xd8, 0x0f, 0xd8, 0x0f, 0xd8, 0x0f, 0xd8, 0x0f, 0xd8, 0x0e, 0xd8,
    0x0f, 0xd0, 0x0f, 0xd0, 0x0e, 0xd0, 0x0e, 0xd0, 0x0e, 0xd0, 0x0e, 0xd0,
    0x0e, 0xc8, 0x0e, 0xc8, 0x0e, 0xc8, 0x0e, 0xc8, 0x0e, 0xc8, 0x0d, 0xc8,
    0x0d, 0xc0, 0x0d, 0xc0, 0x0e, 0xc0, 0x0d, 0xc0, 0x0d, 0xc0, 0x0e, 0xd0,
    0x10, 0xe8, 0x10, 0xe8, 0x0f, 0xe8, 0x10, 0xe0, 0x0f, 0xe0, 0x0f, 0xe0,
    0x0f, 0xe0, 0x10, 0xe0, 0x0f, 0xe0, 0x0f, 0xe0, 0x0f, 0xd8, 0x0f, 0xd8,
    0x0f, 0xd8, 0x0f, 0xd8, 0x0f, 0xd8, 0x0f, 0xd8, 0x0e, 0xd0, 0x0e, 0xd0,
    0x0e, 0xd0, 0x0e, 0xd0, 0x0e, 0xd0, 0x0e, 0xd0, 0x0e, 0xc8, 0x0e, 0xc8,
    0x0e, 0xc8, 0x0f, 0xd8, 0x10, 0xe8, 0x10, 0xe0, 0x10, 0xe8, 0x10, 0xe8,
    0x0f, 0xe0, 0x10, 0xe0, 0x0f, 0xe8, 0x0f, 0xe0, 0x10, 0xe0, 0x0f, 0xe0,
    0x0f, 0xe0, 0x0f, 0xd8, 0x0f, 0xd8, 0x0f, 0xd8, 0x0f, 0xd8, 0x0e, 0xd8,
    0x0e, 0xd0, 0x0e, 0xd0, 0x0e, 0xd0, 0x0e, 0xc8, 0x0f, 0xd8, 0x10, 0xe8,
    0x10, 0xe8, 0x0f, 0xe8, 0x10, 0xe8, 0x10, 0xe0, 0x10, 0xe8, 0x0f, 0xe8,
    0x0f, 0xe0, 0x10, 0xe0, 0x0f, 0xe0, 0x0f, 0xe0, 0x0f, 0xe0, 0x0f, 0xd8,
    0x0f, 0xd8, 0x0f, 0xd8, 0x0e, 0xd0, 0x0e, 0xd0, 0x0e, 0xd0, 0x0f, 0xe0,
    0x10, 0xe8, 0x10, 0xe8, 0x0f, 0xe0, 0x10, 0xe8, 0x10, 0xe8, 0x10, 0xe0,
    0x10, 0xe0, 0x0f, 0xe0, 0x0f, 0xe0, 0x0f, 0xe0, 0x0f, 0xd8, 0x0f, 0xd8,
    0x0f, 0xd8, 0x0f, 0xd8, 0x0e, 0xd0, 0x0f, 0xd8, 0x0f, 0xe0, 0x10, 0xe8,
    0x10, 0xe8, 0x0f, 0xe8, 0x10, 0xe0, 0x0f, 0xe0, 0x0f, 0xe0, 0x10, 0xe0,
    0x0f, 0xe0, 0x0f, 0xe0, 0x10, 0xd8, 0x0f, 0xd8, 0x0f, 0xd8, 0x0f, 0xd8,
    0x0e, 0xd0, 0x0f, 0xd8, 0x0f, 0xe0, 0x10, 0xe8, 0x10, 0xe8, 0x0f, 0xe0,
    0x10, 0xe8, 0x10, 0xe0, 0x0f, 0xe0, 0x10, 0xe0, 0x0f, 0xe0, 0x0f, 0xd8,
    0x0f, 0xd8, 0x0f, 0xd8, 0x0f, 0xd8, 0x0e, 0xd8, 0x0f, 0xe0, 0x10, 0xe8,
    0x10, 0xe0, 0x0f, 0xe0, 0x10, 0xe8, 0x0f, 0xe0, 0x10, 0xe0, 0x0f, 0xe0,
    0x10, 0xe0, 0x0f, 0xd8, 0x0f, 0xe0, 0x0f, 0xd8, 0x0f, 0xd8, 0x0f, 0xd8,
    0x0e, 0xd0, 0x0e, 0xd0, 0x0f, 0xd8, 0x0f, 0xe0, 0x10, 0xe8, 0x0f, 0xe0,
    0x10, 0xe0, 0x0f, 0xe0, 0x0f, 0xd8, 0x0f, 0xe0, 0x0f, 0xd8, 0x0f, 0xd8,
    0x0f, 0xd8, 0x0e, 0xd8, 0x0e, 0xd0, 0x0f, 0xd0, 0x0e, 0xd0, 0x0e, 0xd0,
    0x0f, 0xe0, 0x10, 0xe0, 0x0f, 0xe0, 0x10, 0xe0, 0x0f, 0xd8, 0x0f, 0xd8,
    0x0f, 0xd8, 0x0f, 0xd8, 0x0f, 0xd8, 0x0e, 0xd8, 0x0f, 0xd8, 0x0f, 0xd0,
    0x0e, 0xd0, 0x0f, 0xd0, 0x0e, 0xd0, 0x0e, 0xc8, 0x0f, 0xd0, 0x0f, 0xe0,
    0x0f, 0xe0, 0x0f, 0xd8, 0x0f, 0xd8, 0x0f, 0xd8, 0x0f, 0xd8, 0x0f, 0xd8,
    0x0e, 0xd8, 0x0f, 0xd8, 0x0e, 0xd0, 0x0e, 0xd0, 0x0f, 0xd0, 0x0e, 0xd0,
    0x0e, 0xd0, 0x0e, 0xc8, 0x0e, 0xc8, 0x0e, 0xc8, 0x0e, 0xd8, 0x0f, 0xd8,
    0x0f, 0xd8, 0x0f, 0xd8, 0x0f, 0xd8, 0x0e, 0xd0, 0x0f, 0xd0, 0x0f, 0xd0,
    0x0e, 0xd0, 0x0e, 0xd0, 0x0e, 0xd0, 0x0e, 0xd0, 0x0e, 0xc8, 0x0e, 0xc8,
    0x0e, 0xd0, 0x0d, 0xc8, 0x0e, 0xc8, 0x0d, 0xc8, 0x0d, 0xc0, 0x0e, 0xc8,
    0x0f, 0xd8, 0x0f, 0xd8, 0x0e, 0xd0, 0x0f, 0xd8, 0x0e, 0xd8, 0x0e, 0xd0,
    0x0f, 0xd0, 0x0e, 0xd0, 0x0e, 0xd0, 0x0e, 0xd0, 0x0e, 0xd0, 0x0e, 0xc8,
    0x0e, 0xc8, 0x0e, 0xc8, 0x0e, 0xc8, 0x0e, 0xc8, 0x0e, 0xc8, 0x0d, 0xc0,
    0x0d, 0xc8, 0x0e, 0xc0, 0x0d, 0xc0, 0x0d, 0xc0, 0x0d, 0xc0, 0x0d, 0xc0,
    0x0d, 0xc0, 0x0d, 0xb8, 0x0d, 0xb8, 0x0c, 0xb8, 0x0d, 0xc0, 0x0e, 0xd0,
    0x0f, 0xd0, 0x0e, 0xd0, 0x0e, 0xd0, 0x0e, 0xd0, 0x0e, 0xc8, 0x0e, 0xc8,
    0x0e, 0xc8, 0x0d, 0xc8, 0x0e, 0xc8, 0x0e, 0xc8, 0x0d, 0xc8, 0x0e, 0xc0,
    0x0d, 0xc0, 0x0d, 0xc0, 0x0d, 0xc0, 0x0d, 0xc0, 0x0d, 0xc0, 0x0d, 0xc0,
    0x10, 0xe8, 0x10, 0xe0, 0x0f, 0xe0, 0x0f, 0xe0, 0x10, 0xe0, 0x0f, 0xe0,
    0x0f, 0xe0, 0x0f, 0xe0, 0x0f, 0xd8, 0x0f, 0xd8, 0x0f, 0xd8, 0x0f, 0xd8,
    0x0f, 0xd8, 0x0f, 0xd8, 0x0e, 0xd0, 0x0e, 0xd0, 0x0e, 0xd0, 0x0e, 0xd0,
    0x0e, 0xd0, 0x0e, 0xd0, 0x0e, 0xc8, 0x0e, 0xc8, 0x0e, 0xc8, 0x0e, 0xc8,
    0x0e, 0xc8, 0x0e, 0xc8, 0x0d, 0xc8, 0x0d, 0xc0, 0x0d, 0xc0, 0x0d, 0xc0,
    0x0d, 0xc0, 0x0d, 0xc0, 0x0e, 0xd0, 0x10, 0xe0, 0x10, 0xe8, 0x10, 0xe8,
    0x10, 0xe0, 0x10, 0xe0, 0x10, 0xe8, 0x0f, 0xe0, 0x10, 0xe0, 0x0f, 0xe0,
    0x0f, 0xe0, 0x0f, 0xe0, 0x0f, 0xe0, 0x0f, 0xd8, 0x0f, 0xd8, 0x0f, 0xd8,
    0x0e, 0xd8, 0x0f, 0xd0, 0x0e, 0xd0, 0x0e, 0xd0, 0x0e, 0xd0, 0x0e, 0xd0,
    0x0e, 0xc8, 0x0e, 0xc8, 0x0e, 0xc8, 0x0e, 0xc8, 0x0e, 0xd0, 0x10, 0xe0,
    0x10, 0xe8, 0x10, 0xe8, 0x10, 0xe8, 0x10, 0xe8, 0x10, 0xe0, 0x0f, 0xe8,
    0x10, 0xe0, 0x10, 0xe0, 0x0f, 0xe0, 0x0f, 0xe0, 0x0f, 0xd8, 0x0f, 0xd8,
    0x0f, 0xd8, 0x0f, 0xd8, 0x0f, 0xd8, 0x0e, 0xd0, 0x0f, 0xd0, 0x0e, 0xd0,
    0x0e, 0xc8, 0x0e, 0xd0, 0x0f, 0xd8, 0x10, 0xe8, 0x10, 0xe0, 0x10, 0xe8,
    0x0f, 0xe8, 0x10, 0xe0, 0x0f, 0xe0, 0x10, 0xe0, 0x10, 0xe0, 0x0f, 0xe0,
    0x0f, 0xe0, 0x0f, 0xd8, 0x0f, 0xd8, 0x0f, 0xd8, 0x0f, 0xd8, 0x0f, 0xd8,
    0x0e, 0xd0, 0x0e, 0xd0, 0x0f, 0xd0, 0x10, 0xe0, 0x10, 0xe8, 0x10, 0xe8,
    0x10, 0xe8, 0x0f, 0xe0, 0x10, 0xe8, 0x10, 0xe0, 0x0f, 0xe0, 0x0f, 0xe0,
    0x10, 0xe0, 0x0f, 0xd8, 0x0f, 0xd8, 0x0f, 0xd8, 0x0f, 0xd8, 0x0e, 0xd8,
    0x0e, 0xd0, 0x0f, 0xd8, 0x10, 0xe0, 0x10, 0xe8, 0x10, 0xe8, 0x10, 0xe0,
    0x10, 0xe8, 0x0f, 0xe0, 0x10, 0xe0, 0x10, 0xe0, 0x0f, 0xe0, 0x0f, 0xe0,
    0x0f, 0xd8, 0x0f, 0xd8, 0x0f, 0xd8, 0x0f, 0xd8, 0x0e, 0xd0, 0x0e, 0xd8,
    0x0f, 0xe0, 0x10, 0xe8, 0x10, 0xe8, 0x10, 0xe0, 0x0f, 0xe0, 0x0f, 0xe0,
    0x10, 0xe0, 0x0f, 0xe0, 0x0f, 0xe0, 0x0f, 0xe0, 0x0f, 0xd8, 0x0f, 0xd8,
    0x0f, 0xd8, 0x0e, 0xd0, 0x0f, 0xe0, 0x10, 0xe8, 0x10, 0xe8, 0x10, 0xe0,
    0x0f, 0xe0, 0x10, 0xe0, 0x0f, 0xe0, 0x0f, 0xe0, 0x0f, 0xe0, 0x0f, 0xd8,
    0x0f, 0xd8, 0x0f, 0xd8, 0x0f, 0xd8, 0x0e, 0xd8, 0x0f, 0xd0, 0x0e, 0xd0,
    0x0f, 0xd8, 0x10, 0xe0, 0x0f, 0xe0, 0x10, 0xe0, 0x10, 0xe0, 0x0f, 0xe0,
    0x0f, 0xe0, 0x0f, 0xd8, 0x0f, 0xd8, 0x0f, 0xd8, 0x0f, 0xd8, 0x0f, 0xd8,
    0x0e, 0xd0, 0x0e, 0xd0, 0x0e, 0xd0, 0x0e, 0xd0, 0x0f, 0xd8, 0x10, 0xe0,
    0x0f, 0xe0, 0x0f, 0xe0, 0x0f, 0xe0, 0x0f, 0xd8, 0x0f, 0xd8, 0x0f, 0xd8,
    0x0f, 0xd8, 0x0e, 0xd8, 0x0f, 0xd0, 0x0e, 0xd8, 0x0e, 0xd0, 0x0e, 0xd0,
    0x0e, 0xd0, 0x0e, 0xd0, 0x0e, 0xd0, 0x0f, 0xd8, 0x0f, 0xe0, 0x0f, 0xe0,
    0x0f, 0xd8, 0x0f, 0xd8, 0x0e, 0xd8, 0x0e, 0xd8, 0x0f, 0xd0, 0x0f, 0xd0,
    0x0e, 0xd0, 0x0e, 0xd0, 0x0e, 0xd0, 0x0e, 0xd0, 0x0e, 0xc8, 0x0e, 0xc8,
    0x0e, 0xc8, 0x0e, 0xc8, 0x0e, 0xd0, 0x0f, 0xd8, 0x0f, 0xd8, 0x0f, 0xd0,
    0x0e, 0xd8, 0x0e, 0xd0, 0x0f, 0xd0, 0x0e, 0xd0, 0x0e, 0xd0, 0x0e, 0xd0,
    0x0e, 0xd0, 0x0e, 0xc8, 0x0e, 0xc8, 0x0e, 0xc8, 0x0e, 0xc8, 0x0e, 0xc8,
    0x0e, 0xc8, 0x0e, 0xc8, 0x0d, 0xc0, 0x0d, 0xc0, 0x0e, 0xc8, 0x0f, 0xd8,
    0x0f, 0xd8, 0x0e, 0xd0, 0x0f, 0xd8, 0x0e, 0xd0, 0x0e, 0xd0, 0x0e, 0xd0,
    0x0f, 0xd0, 0x0e, 0xd0, 0x0e, 0xd0, 0x0e, 0xc8, 0x0e, 0xd0, 0x0e, 0xd0,
    0x0d, 0xc8, 0x0e, 0xc8, 0x0e, 0xc8, 0x0d, 0xc0, 0x0e, 0xc0, 0x0e, 0xc0,
    0x0d, 0xc0, 0x0d, 0xc0, 0x0d, 0xc0, 0x0d, 0xc0, 0x0d, 0xc0, 0x0d, 0xb8,
    0x0d, 0xb8, 0x0d, 0xb8, 0x0d, 0xb8, 0x0d, 0xc0, 0x0e, 0xd0, 0x0e, 0xd0,
    0x0e, 0xc8, 0x0e, 0xd0, 0x0e, 0xd0, 0x0e, 0xc8, 0x0e, 0xd0, 0x0e, 0xc8,
    0x0e, 0xc8, 0x0d, 0xc8, 0x0e, 0xc8, 0x0d, 0xc8, 0x0e, 0xc0, 0x0d, 0xc0,
    0x0d, 0xc0, 0x0d, 0xc0, 0x0d, 0xc0, 0x0d, 0xb8, 0x0f, 0xe0, 0x10, 0xe0,
    0x10, 0xe0, 0x0f, 0xe0, 0x0f, 0xe0, 0x0f, 0xe0, 0x0f, 0xe0, 0x0f, 0xd8,
    0x0f, 0xd8, 0x0f, 0xd8, 0x0f, 0xd8, 0x0f, 0xd8, 0x0f, 0xd8, 0x0e, 0xd0,
    0x0f, 0xd0, 0x0e, 0xd8, 0x0e, 0xd0, 0x0e, 0xd0, 0x0e, 0xd0, 0x0e, 0xc8,
    0x0e, 0xc8, 0x0e, 0xc8, 0x0e, 0xc8, 0x0e, 0xc8, 0x0d, 0xc8, 0x0d, 0xc0,
    0x0d, 0xc0, 0x0e, 0xc0, 0x0d, 0xc0, 0x0d, 0xc0, 0x0d, 0xb8, 0x0e, 0xd0,
    0x10, 0xe0, 0x10, 0xe8, 0x10, 0xe8, 0x10, 0xe8, 0x0f, 0xe0, 0x0f, 0xe0,
    0x10, 0xe8, 0x10, 0xe0, 0x0f, 0xe0, 0x0f, 0xe0, 0x10, 0xe0, 0x0f, 0xd8,
    0x0f, 0xd8, 0x0f, 0xd8, 0x0f, 0xd8, 0x0f, 0xd8, 0x0e, 0xd0, 0x0e, 0xd0,
    0x0f, 0xd0, 0x0e, 0xd0, 0x0e, 0xd0, 0x0e, 0xc8, 0x0e, 0xc8, 0x0e, 0xc8,
    0x0e, 0xc8, 0x0e, 0xd0, 0x0f, 0xe0, 0x10, 0xe8, 0x10, 0xe8, 0x0f, 0xe8,
    0x0f, 0xe0, 0x10, 0xe0, 0x10, 0xe0, 0x0f, 0xe0, 0x0f, 0xe0, 0x0f, 0xe0,
    0x0f, 0xe0, 0x0f, 0xe0, 0x0f, 0xd8, 0x0f, 0xd8, 0x0f, 0xd8, 0x0e, 0xd8,
    0x0e, 0xd0, 0x0f, 0xd0, 0x0e, 0xd0, 0x0e, 0xd0, 0x0e, 0xc8, 0x0f, 0xd8,
    0x10, 0xe8, 0x10, 0xe8, 0x10, 0xe8, 0x10, 0xe8, 0x10, 0xe0, 0x10, 0xe8,
    0x0f, 0xe0, 0x10, 0xe0, 0x0f, 0xe0, 0x0f, 0xe0, 0x0f, 0xe0, 0x0f, 0xd8,
    0x0f, 0xd8, 0x0f, 0xd8, 0x0f, 0xd8, 0x0e, 0xd0, 0x0e, 0xd0, 0x0e, 0xd0,
    0x0f, 0xd8, 0x10, 0xe8, 0x10, 0xe8, 0x10, 0xe8, 0x10, 0xe8, 0x10, 0xe0,
    0x0f, 0xe0, 0x0f, 0xe0, 0x10, 0xe0, 0x0f, 0xe0, 0x0f, 0xe0, 0x0f, 0xe0,
    0x0f, 0xd8, 0x0f, 0xd8, 0x0f, 0xd8, 0x0f, 0xd0, 0x0e, 0xd0, 0x0f, 0xd8,
    0x10, 0xe0, 0x10, 0xe8, 0x0f, 0xe8, 0x10, 0xe0, 0x10, 0xe8, 0x0f, 0xe8,
    0x10, 0xe0, 0x0f, 0xe0, 0x0f, 0xe0, 0x0f, 0xe0, 0x0f, 0xd8, 0x0f, 0xd8,
    0x0f, 0xd8, 0x0f, 0xd8, 0x0e, 0xd0, 0x0f, 0xd0, 0x10, 0xe0, 0x10, 0xe8,
    0x10, 0xe8, 0x10, 0xe0, 0x0f, 0xe8, 0x10, 0xe0, 0x10, 0xe0, 0x0f, 0xe0,
    0x0f, 0xe0, 0x0f, 0xd8, 0x0f, 0xd8, 0x0f, 0xd8, 0x0f, 0xd8, 0x0e, 0xd0,
    0x0f, 0xd8, 0x10, 0xe8, 0x10, 0xe8, 0x0f, 0xe0, 0x10, 0xe0, 0x10, 0xe0,
    0x0f, 0xe0, 0x0f, 0xe0, 0x10, 0xe0, 0x0f, 0xd8, 0x0f, 0xd8, 0x0f, 0xd8,
    0x0f, 0xd8, 0x0f, 0xd8, 0x0e, 0xd8, 0x0e, 0xd0, 0x0f, 0xd8, 0x0f, 0xe0,
    0x10, 0xe8, 0x0f, 0xe0, 0x0f, 0xe0, 0x0f, 0xe0, 0x10, 0xe0, 0x0f, 0xd8,
    0x0f, 0xd8, 0x0f, 0xd8, 0x0f, 0xd8, 0x0f, 0xd8, 0x0f, 0xd0, 0x0e, 0xd0,
    0x0e, 0xd8, 0x0e, 0xd0, 0x0f, 0xd8, 0x0f, 0xe0, 0x10, 0xe0, 0x0f, 0xe0,
    0x0f, 0xd8, 0x0f, 0xd8, 0x0f, 0xe0, 0x0f, 0xd8, 0x0f, 0xd8, 0x0f, 0xd8,
    0x0f, 0xd0, 0x0e, 0xd0, 0x0f, 0xd0, 0x0e, 0xd0, 0x0e, 0xd0, 0x0e, 0xc8,
    0x0e, 0xc8, 0x0f, 0xd0, 0x0f, 0xe0, 0x0f, 0xe0, 0x0f, 0xd8, 0x0f, 0xd8,
    0x0f, 0xd8, 0x0e, 0xd8, 0x0f, 0xd0, 0x0e, 0xd8, 0x0e, 0xd0, 0x0f, 0xd0,
    0x0e, 0xd0, 0x0e, 0xd0, 0x0e, 0xd0, 0x0e, 0xc8, 0x0e, 0xc8, 0x0e, 0xc8,
    0x0e, 0xc8, 0x0e, 0xd0, 0x0f, 0xd8, 0x0f, 0xd8, 0x0e, 0xd8, 0x0f, 0xd8,
    0x0f, 0xd0, 0x0e, 0xd8, 0x0e, 0xd0, 0x0f, 0xd0, 0x0e, 0xd0, 0x0e, 0xd0,
    0x0e, 0xc8, 0x0e, 0xc8, 0x0e, 0xc8, 0x0d, 0xc8, 0x0e, 0xc8, 0x0d, 0xc8,
    0x0d, 0xc0, 0x0d, 0xc0, 0x0d, 0xc0, 0x0e, 0xd0, 0x0f, 0xd8, 0x0f, 0xd8,
    0x0f, 0xd0, 0x0f, 0xd8, 0x0e, 0xd8, 0x0f, 0xd0, 0x0e, 0xd0, 0x0e, 0xd0,
    0x0e, 0xd0, 0x0e, 0xd0, 0x0e, 0xc8, 0x0e, 0xc8, 0x0e, 0xc8, 0x0e, 0xc8,
    0x0e, 0xc8, 0x0e, 0xc8, 0x0d, 0xc8, 0x0d, 0xc8, 0x0d, 0xc0, 0x0e, 0xc0,
    0x0d, 0xc0, 0x0d, 0xc0, 0x0d, 0xc0, 0x0d, 0xc0, 0x0d, 0xb8, 0x0d, 0xb8,
    0x0d, 0xb8, 0x0c, 0xb8, 0x0d, 0xc0, 0x0e, 0xc8, 0x0f, 0xd0, 0x0e, 0xd0,
    0x0e, 0xd0, 0x0e, 0xc8, 0x0e, 0xc8, 0x0e, 0xc8, 0x0e, 0xc8, 0x0e, 0xc8,
    0x0d, 0xc8, 0x0e, 0xc8, 0x0d, 0xc0, 0x0d, 0xc0, 0x0e, 0xc0, 0x0d, 0xc0,
    0x0d, 0xc0, 0x0d, 0xc0, 0x0f, 0xe0, 0x10, 0xe0, 0x0f, 0xe0, 0x0f, 0xe0,
    0x0f, 0xe0, 0x0f, 0xd8, 0x0f, 0xd8, 0x0f, 0xd8, 0x0f, 0xd8, 0x0f, 0xd8,
    0x0f, 0xd8, 0x0e, 0xd8, 0x0e, 0xd0, 0x0e, 0xd0, 0x0e, 0xd0, 0x0e, 0xd0,
    0x0e, 0xd0, 0x0e, 0xd0, 0x0e, 0xc8, 0x0e, 0xc8, 0x0e, 0xd0, 0x0e, 0xc8,
    0x0e, 0xc8, 0x0d, 0xc8, 0x0d, 0xc0, 0x0d, 0xc0, 0x0d, 0xc0, 0x0d, 0xc0,
    0x0d, 0xc0, 0x0d, 0xb8, 0x0e, 0xd0, 0x10, 0xe0, 0x10, 0xe8, 0x10, 0xe8,
    0x10, 0xe0, 0x10, 0xe0, 0x0f, 0xe0, 0x0f, 0xe0, 0x10, 0xe0, 0x0f, 0xe0,
    0x0f, 0xe0, 0x0f, 0xe0, 0x0f, 0xd8, 0x0f, 0xd8, 0x0f, 0xd8, 0x0f, 0xd8,
    0x0f, 0xd8, 0x0e, 0xd0, 0x0e, 0xd0, 0x0e, 0xd0, 0x0e, 0xd0, 0x0e, 0xd0,
    0x0e, 0xc8, 0x0e, 0xc8, 0x0e, 0xc8, 0x0e, 0xc8, 0x0e, 0xc8, 0x0f, 0xd8,
    0x10, 0xe8, 0x10, 0xe8, 0x10, 0xe8, 0x10, 0xe8, 0x10, 0xe0, 0x0f, 0xe0,
    0x0f, 0xe0, 0x10, 0xe0, 0x0f, 0xe0, 0x0f, 0xe0, 0x10, 0xe0, 0x0f, 0xd8,
    0x0f, 0xd8, 0x0f, 0xd8, 0x0f, 0xd8, 0x0e, 0xd0, 0x0e, 0xd0, 0x0e, 0xd0,
    0x0e, 0xd0, 0x0e, 0xc8, 0x0e, 0xd0, 0x0f, 0xe0, 0x10, 0xe8, 0x10, 0xe0,
    0x0f, 0xe8, 0x10, 0xe8, 0x10, 0xe0, 0x0f, 0xe0, 0x0f, 0xe0, 0x10, 0xe0,
    0x0f, 0xe0, 0x0f, 0xe0, 0x0f, 0xd8, 0x0f, 0xd8, 0x0f, 0xd8, 0x0f, 0xd8,
    0x0e, 0xd0, 0x0e, 0xd0, 0x0e, 0xd0, 0x0e, 0xd0, 0x0f, 0xe0, 0x10, 0xe8,
    0x10, 0xe8, 0x0f, 0xe8, 0x10, 0xe0, 0x10, 0xe8, 0x0f, 0xe0, 0x10, 0xe0,
    0x0f, 0xe0, 0x0f, 0xe0, 0x0f, 0xe0, 0x0f, 0xd8, 0x0f, 0xd8, 0x0f, 0xd8,
    0x0e, 0xd8, 0x0e, 0xd0, 0x0e, 0xd0, 0x0f, 0xd8, 0x10, 0xe8, 0x0f, 0xe8,
    0x10, 0xe8, 0x10, 0xe0, 0x0f, 0xe0, 0x0f, 0xe0, 0x10, 0xe0, 0x0f, 0xe0,
    0x0f, 0xe0, 0x0f, 0xd8, 0x0f, 0xd8, 0x0f, 0xd8, 0x0e, 0xd8, 0x0f, 0xd8,
    0x0e, 0xd0, 0x0f, 0xd8, 0x0f, 0xe8, 0x10, 0xe8, 0x10, 0xe0, 0x0f, 0xe0,
    0x0f, 0xe0, 0x10, 0xe0, 0x0f, 0xe0, 0x0f, 0xe0, 0x10, 0xe0, 0x0f, 0xd8,
    0x0f, 0xd8, 0x0f, 0xd8, 0x0f, 0xd8, 0x0e, 0xd8, 0x0f, 0xd8, 0x10, 0xe8,
    0x10, 0xe8, 0x0f, 0xe0, 0x0f, 0xe0, 0x10, 0xe0, 0x10, 0xe0, 0x0f, 0xe0,
    0x0f, 0xe0, 0x0f, 0xe0, 0x0f, 0xd8, 0x0f, 0xd8, 0x0f, 0xd8, 0x0f, 0xd8,
    0x0e, 0xd0, 0x0e, 0xd0, 0x0e, 0xd0, 0x0f, 0xe0, 0x10, 0xe0, 0x10, 0xe0,
    0x0f, 0xe0, 0x0f, 0xe0, 0x0f, 0xd8, 0x0f, 0xd8, 0x0f, 0xe0, 0x0f, 0xd8,
    0x0e, 0xd8, 0x0e, 0xd8, 0x0f, 0xd0, 0x0f, 0xd0, 0x0e, 0xd0, 0x0e, 0xd0,
    0x0f, 0xd0, 0x0f, 0xd8, 0x10, 0xe0, 0x0f, 0xe0, 0x0f, 0xe0, 0x0f, 0xd8,
    0x0f, 0xd8, 0x0f, 0xd8, 0x0f, 0xd8, 0x0e, 0xd8, 0x0f, 0xd8, 0x0f, 0xd0,
    0x0e, 0xd0, 0x0e, 0xd0, 0x0f, 0xd0, 0x0e, 0xd0, 0x0e, 0xc8, 0x0e, 0xd0,
    0x0f, 0xd8, 0x0f, 0xd8, 0x0f, 0xd8, 0x0f, 0xd8, 0x0f, 0xd8, 0x0f, 0xd8,
    0x0f, 0xd8, 0x0e, 0xd0, 0x0e, 0xd0, 0x0f, 0xd0, 0x0e, 0xd0, 0x0e, 0xd0,
    0x0e, 0xd0, 0x0e, 0xc8, 0x0e, 0xd0, 0x0e, 0xd0, 0x0d, 0xc8, 0x0e, 0xc8,
    0x0e, 0xd0, 0x0f, 0xd8, 0x0f, 0xd8, 0x0e, 0xd0, 0x0e, 0xd0, 0x0f, 0xd0,
    0x0e, 0xd0, 0x0e, 0xd0, 0x0e, 0xd0, 0x0e, 0xd0, 0x0e, 0xd0, 0x0e, 0xc8,
    0x0e, 0xd0, 0x0e, 0xc8, 0x0d, 0xc8, 0x0e, 0xc8, 0x0e, 0xc0, 0x0d, 0xc0,
    0x0d, 0xc0, 0x0d, 0xc0, 0x0e, 0xd0, 0x0f, 0xd8, 0x0e, 0xd8, 0x0e, 0xd0,
    0x0f, 0xd0, 0x0e, 0xd0, 0x0e, 0xd0, 0x0e, 0xd0, 0x0e, 0xd0, 0x0e, 0xd0,
    0x0e, 0xc8, 0x0e, 0xc8, 0x0e, 0xc8, 0x0e, 0xc8, 0x0d, 0xc8, 0x0e, 0xc8,
    0x0e, 0xc8, 0x0d, 0xc0, 0x0d, 0xc0, 0x0d, 0xc0, 0x0d, 0xc0, 0x0d, 0xc0,
    0x0d, 0xc0, 0x0d, 0xb8, 0x0c, 0xc0, 0x0d, 0xb8, 0x0c, 0xb8, 0x0d, 0xb8,
    0x0c, 0xb8, 0x0d, 0xb8, 0x0e, 0xc8, 0x0e, 0xd0, 0x0e, 0xd0, 0x0e, 0xc8,
    0x0e, 0xd0, 0x0e, 0xc8, 0x0e, 0xc8, 0x0e, 0xc8, 0x0e, 0xc8, 0x0d, 0xc8,
    0x0e, 0xc8, 0x0d, 0xc0, 0x0d, 0xc8, 0x0e, 0xc0, 0x0d, 0xc0, 0x0d, 0xc0,
    0x0f, 0xe0, 0x0f, 0xe0, 0x0f, 0xe0, 0x0f, 0xe0, 0x0f, 0xd8, 0x0f, 0xd8,
    0x0f, 0xd8, 0x0f, 0xd8, 0x0f, 0xd8, 0x0e, 0xd8, 0x0e, 0xd0, 0x0e, 0xd0,
    0x0f, 0xd0, 0x0e, 0xd0, 0x0e, 0xd0, 0x0e, 0xd0, 0x0e, 0xc8, 0x0e, 0xc8,
    0x0e, 0xc8, 0x0e, 0xc8, 0x0e, 0xc8, 0x0d, 0xc8, 0x0d, 0xc0, 0x0d, 0xc0,
    0x0e, 0xc0, 0x0d, 0xc0, 0x0d, 0xc0, 0x0d, 0xc0, 0x0d, 0xb8, 0x0e, 0xc8,
    0x10, 0xe0, 0x10, 0xe8, 0x0f, 0xe8, 0x10, 0xe8, 0x10, 0xe0, 0x0f, 0xe0,
    0x10, 0xe0, 0x0f, 0xe0, 0x0f, 0xe0, 0x0f, 0xe0, 0x0f, 0xe0, 0x0f, 0xd8,
    0x0f, 0xd8, 0x0f, 0xd8, 0x0f, 0xd8, 0x0f, 0xd8, 0x0e, 0xd0, 0x0e, 0xd0,
    0x0f, 0xd0, 0x0e, 0xd0, 0x0e, 0xc8, 0x0e, 0xc8, 0x0e, 0xc8, 0x0e, 0xc8,
    0x0d, 0xc8, 0x0d, 0xc0, 0x0f, 0xd8, 0x10, 0xe8, 0x10, 0xe8, 0x10, 0xe8,
    0x0f, 0xe8, 0x10, 0xe0, 0x10, 0xe8, 0x0f, 0xe0, 0x10, 0xe0, 0x10, 0xe0,
    0x0f, 0xe0, 0x0f, 0xe0, 0x0f, 0xd8, 0x0f, 0xd8, 0x0f, 0xd8, 0x0f, 0xd8,
    0x0e, 0xd0, 0x0f, 0xd0, 0x0e, 0xd0, 0x0e, 0xd0, 0x0e, 0xc8, 0x0e, 0xc8,
    0x0f, 0xd8, 0x10, 0xe8, 0x10, 0xe8, 0x10, 0xe8, 0x10, 0xe8, 0x0f, 0xe0,
    0x10, 0xe0, 0x0f, 0xe0, 0x10, 0xe0, 0x0f, 0xe0, 0x0f, 0xe0, 0x10, 0xe0,
    0x0f, 0xd8, 0x0f, 0xd8, 0x0f, 0xd8, 0x0e, 0xd8, 0x0f, 0xd0, 0x0e, 0xd0,
    0x0e, 0xd0, 0x0f, 0xd0, 0x10, 0xe8, 0x10, 0xe8, 0x10, 0xe8, 0x0f, 0xe8,
    0x10, 0xe0, 0x10, 0xe0, 0x0f, 0xe8, 0x10, 0xe0, 0x0f, 0xe0, 0x0f, 0xe0,
    0x0f, 0xd8, 0x0f, 0xd8, 0x0f, 0xd8, 0x0f, 0xd8, 0x0e, 0xd0, 0x0e, 0xd0,
    0x0e, 0xd0, 0x0f, 0xe0, 0x10, 0xe8, 0x10, 0xe8, 0x10, 0xe8, 0x10, 0xe0,
    0x0f, 0xe0, 0x10, 0xe0, 0x0f, 0xe0, 0x0f, 0xe0, 0x10, 0xe0, 0x0f, 0xd8,
    0x0f, 0xd8, 0x0f, 0xd8, 0x0f, 0xd8, 0x0e, 0xd0, 0x0e, 0xd0, 0x0f, 0xd8,
    0x0f, 0xe8, 0x10, 0xe8, 0x10, 0xe0, 0x0f, 0xe8, 0x10, 0xe0, 0x10, 0xe0,
    0x0f, 0xe0, 0x0f, 0xe0, 0x0f, 0xd8, 0x0f, 0xd8, 0x0f, 0xd8, 0x0f, 0xd8,
    0x0e, 0xd8, 0x0e, 0xd0, 0x0f, 0xd8, 0x10, 0xe0, 0x10, 0xe8, 0x10, 0xe0,
    0x0f, 0xe8, 0x0f, 0xe0, 0x0f, 0xe0, 0x0f, 0xe0, 0x0f, 0xd8, 0x0f, 0xd8,
    0x0f, 0xd8, 0x0f, 0xd8, 0x0f, 0xd8, 0x0e, 0xd8, 0x0f, 0xd0, 0x0f, 0xd0,
    0x0e, 0xd0, 0x0f, 0xd8, 0x10, 0xe0, 0x10, 0xe0, 0x0f, 0xe0, 0x0f, 0xe0,
    0x0f, 0xe0, 0x0f, 0xd8, 0x0f, 0xd8, 0x0f, 0xd8, 0x0f, 0xd8, 0x0e, 0xd8,
    0x0e, 0xd0, 0x0f, 0xd0, 0x0e, 0xd0, 0x0e, 0xd0, 0x0e, 0xd0, 0x0f, 0xd8,
    0x0f, 0xe0, 0x0f, 0xe0, 0x10, 0xe0, 0x0f, 0xd8, 0x0f, 0xd8, 0x0f, 0xd8,
    0x0f, 0xd8, 0x0f, 0xd8, 0x0e, 0xd0, 0x0e, 0xd8, 0x0e, 0xd0, 0x0e, 0xd0,
    0x0e, 0xd0, 0x0e, 0xd0, 0x0e, 0xc8, 0x0e, 0xc8, 0x0f, 0xd0, 0x0f, 0xe0,
    0x0f, 0xe0, 0x0f, 0xd8, 0x0f, 0xd8, 0x0f, 0xd8, 0x0e, 0xd8, 0x0f, 0xd0,
    0x0e, 0xd0, 0x0e, 0xd0, 0x0f, 0xd0, 0x0e, 0xd0, 0x0e, 0xd0, 0x0e, 0xc8,
    0x0e, 0xc8, 0x0e, 0xc8, 0x0e, 0xc8, 0x0e, 0xc8, 0x0e, 0xc8, 0x0e, 0xd8,
    0x0f, 0xd8, 0x0f, 0xd8, 0x0e, 0xd0, 0x0e, 0xd8, 0x0f, 0xd0, 0x0e, 0xd0,
    0x0e, 0xd0, 0x0e, 0xd0, 0x0e, 0xc8, 0x0e, 0xc8, 0x0e, 0xc8, 0x0e, 0xc8,
    0x0e, 0xc8, 0x0e, 0xc8, 0x0d, 0xc8, 0x0e, 0xc0, 0x0d, 0xc0, 0x0d, 0xc0,
    0x0d, 0xc0, 0x0e, 0xd0, 0x0f, 0xd8, 0x0f, 0xd0, 0x0e, 0xd8, 0x0f, 0xd0,
    0x0f, 0xd0, 0x0f, 0xd0, 0x0e, 0xd0, 0x0e, 0xd0, 0x0e, 0xd0, 0x0e, 0xc8,
    0x0e, 0xd0, 0x0e, 0xc8, 0x0e, 0xc8, 0x0d, 0xc8, 0x0e, 0xc8, 0x0e, 0xc0,
    0x0d, 0xc8, 0x0d, 0xc0, 0x0e, 0xc0, 0x0d, 0xc0, 0x0d, 0xc0, 0x0d, 0xb8,
    0x0d, 0xc0, 0x0d, 0xb8, 0x0d, 0xb8, 0x0d, 0xb8, 0x0c, 0xb8, 0x0c, 0xb8,
    0x0d, 0xb8, 0x0e, 0xc8, 0x0e, 0xd0, 0x0e, 0xd0, 0x0e, 0xc8, 0x0e, 0xc8,
    0x0e, 0xd0, 0x0d, 0xc8, 0x0e, 0xc8, 0x0e, 0xc8, 0x0d, 0xc0, 0x0e, 0xc0,
    0x0d, 0xc8, 0x0d, 0xc0, 0x0d, 0xc0, 0x0d, 0xc0, 0x0f, 0xe0, 0x0f, 0xd8,
    0x0f, 0xd8, 0x0f, 0xd8, 0x0f, 0xd8, 0x0f, 0xd8, 0x0f, 0xd8, 0x0f, 0xd8,
    0x0e, 0xd0, 0x0e, 0xd0, 0x0f, 0xd0, 0x0e, 0xd0, 0x0e, 0xd0, 0x0e, 0xd0,
    0x0e, 0xc8, 0x0e, 0xc8, 0x0e, 0xc8, 0x0e, 0xc8, 0x0e, 0xc8, 0x0e, 0xc8,
    0x0d, 0xc0, 0x0d, 0xc0, 0x0d, 0xc0, 0x0d, 0xc0, 0x0d, 0xc0, 0x0d, 0xc0,
    0x0d, 0xb8, 0x0d, 0xb8, 0x0e, 0xc8, 0x0f, 0xe0, 0x10, 0xe8, 0x10, 0xe8,
    0x10, 0xe0, 0x0f, 0xe0, 0x0f, 0xe8, 0x10, 0xe0, 0x0f, 0xe0, 0x0f, 0xe0,
    0x0f, 0xe0, 0x0f, 0xd8, 0x0f, 0xd8, 0x0f, 0xd8, 0x0f, 0xd8, 0x0e, 0xd8,
    0x0e, 0xd0, 0x0f, 0xd0, 0x0e, 0xd0, 0x0e, 0xd0, 0x0e, 0xd0, 0x0e, 0xd0,
    0x0e, 0xc8, 0x0e, 0xc8, 0x0e, 0xc8, 0x0d, 0xc8, 0x0d, 0xc0, 0x0e, 0xd0,
    0x10, 0xe8, 0x10, 0xe8, 0x0f, 0xe8, 0x10, 0xe0, 0x10, 0xe0, 0x10, 0xe8,
    0x0f, 0xe0, 0x0f, 0xe0, 0x0f, 0xe0, 0x0f, 0xe0, 0x0f, 0xe0, 0x0f, 0xd8,
    0x0f, 0xd8, 0x0f, 0xd8, 0x0f, 0xd8, 0x0e, 0xd0, 0x0e, 0xd0, 0x0e, 0xd0,
    0x0e, 0xd0, 0x0e, 0xd0, 0x0e, 0xc8, 0x0e, 0xd0, 0x10, 0xe0, 0x10, 0xe8,
    0x10, 0xe8, 0x10, 0xe8, 0x10, 0xe8, 0x10, 0xe0, 0x0f, 0xe8, 0x10, 0xe8,
    0x0f, 0xe0, 0x10, 0xe0, 0x0f, 0xd8, 0x0f, 0xd8, 0x0f, 0xd8, 0x0f, 0xd8,
    0x0f, 0xd8, 0x0e, 0xd0, 0x0e, 0xd0, 0x0e, 0xd0, 0x0e, 0xd0, 0x0f, 0xd8,
    0x10, 0xe8, 0x10, 0xe8, 0x10, 0xe0, 0x10, 0xe8, 0x10, 0xe0, 0x0f, 0xe0,
    0x0f, 0xe0, 0x10, 0xe0, 0x0f, 0xe0, 0x0f, 0xd8, 0x0f, 0xd8, 0x0f, 0xd8,
    0x0f, 0xd8, 0x0f, 0xd8, 0x0e, 0xd0, 0x0e, 0xd0, 0x0f, 0xd8, 0x0f, 0xe0,
    0x10, 0xe8, 0x10, 0xe0, 0x10, 0xe8, 0x10, 0xe8, 0x0f, 0xe0, 0x10, 0xe0,
    0x0f, 0xe0, 0x0f, 0xe0, 0x0f, 0xd8, 0x0f, 0xd8, 0x0f, 0xd8, 0x0f, 0xd8,
    0x0e, 0xd8, 0x0e, 0xd0, 0x0e, 0xd0, 0x0f, 0xd8, 0x10, 0xe8, 0x10, 0xe0,
    0x10, 0xe8, 0x0f, 0xe0, 0x0f, 0xe0, 0x10, 0xe0, 0x0f, 0xe0, 0x0f, 0xe0,
    0x0f, 0xe0, 0x0f, 0xd8, 0x0f, 0xd8, 0x0f, 0xd8, 0x0f, 0xd8, 0x0e, 0xd0,
    0x0f, 0xd8, 0x10, 0xe8, 0x0f, 0xe8, 0x10, 0xe0, 0x10, 0xe0, 0x10, 0xe0,
    0x0f, 0xe0, 0x10, 0xe0, 0x0f, 0xe0, 0x0f, 0xd8, 0x0f, 0xd8, 0x0f, 0xd8,
    0x0f, 0xd8, 0x0e, 0xd8, 0x0e, 0xd0, 0x0f, 0xd0, 0x0e, 0xd0, 0x0f, 0xd8,
    0x0f, 0xe0, 0x10, 0xe0, 0x0f, 0xe0, 0x0f, 0xe0, 0x10, 0xe0, 0x0f, 0xd8,
    0x0f, 0xd8, 0x0f, 0xd8, 0x0f, 0xd8, 0x0f, 0xd8, 0x0e, 0xd0, 0x0e, 0xd0,
    0x0e, 0xd0, 0x0e, 0xd0, 0x0e, 0xd0, 0x0f, 0xd0, 0x0f, 0xe0, 0x10, 0xe0,
    0x0f, 0xe0, 0x0f, 0xd8, 0x0f, 0xe0, 0x0f, 0xd8, 0x0f, 0xd8, 0x0f, 0xd8,
    0x0f, 0xd0, 0x0f, 0xd8, 0x0e, 0xd0, 0x0f, 0xd0, 0x0e, 0xd0, 0x0e, 0xd0,
    0x0e, 0xc8, 0x0e, 0xc8, 0x0e, 0xd0, 0x0f, 0xd8, 0x0f, 0xe0, 0x0f, 0xd8,
    0x0f, 0xd8, 0x0e, 0xd8, 0x0f, 0xd8, 0x0f, 0xd8, 0x0f, 0xd8, 0x0e, 0xd0,
    0x0e, 0xd0, 0x0f, 0xd0, 0x0e, 0xd0, 0x0e, 0xc8, 0x0e, 0xc8, 0x0e, 0xc8,
    0x0e, 0xc8, 0x0d, 0xc8, 0x0d, 0xc8, 0x0e, 0xc8, 0x0f, 0xd8, 0x0f, 0xd8,
    0x0f, 0xd0, 0x0e, 0xd0, 0x0f, 0xd8, 0x0f, 0xd0, 0x0e, 0xd0, 0x0e, 0xd0,
    0x0e, 0xd0, 0x0e, 0xc8, 0x0e, 0xc8, 0x0e, 0xc8, 0x0e, 0xc8, 0x0d, 0xc8,
    0x0d, 0xc8, 0x0e, 0xc0, 0x0d, 0xc0, 0x0d, 0xc0, 0x0d, 0xc0, 0x0d, 0xc0,
    0x0e, 0xd0, 0x0f, 0xd8, 0x0e, 0xd0, 0x0e, 0xd0, 0x0e, 0xd0, 0x0e, 0xd0,
    0x0e, 0xd0, 0x0e, 0xd0, 0x0e, 0xd0, 0x0e, 0xc8, 0x0e, 0xc8, 0x0e, 0xd0,
    0x0e, 0xc8, 0x0e, 0xc8, 0x0d, 0xc8, 0x0e, 0xc8, 0x0d, 0xc0, 0x0d, 0xc0,
    0x0e, 0xc0, 0x0d, 0xc0, 0x0d, 0xc0, 0x0d, 0xc0, 0x0d, 0xc0, 0x0d, 0xb8,
    0x0d, 0xb8, 0x0d, 0xb8, 0x0d, 0xb8, 0x0c, 0xb8, 0x0c, 0xb8, 0x0d, 0xb8,
    0x0e, 0xc8, 0x0e, 0xd0, 0x0e, 0xd0, 0x0e, 0xc8, 0x0e, 0xc8, 0x0e, 0xc8,
    0x0e, 0xc8, 0x0e, 0xc8, 0x0e, 0xc8, 0x0d, 0xc8, 0x0e, 0xc0, 0x0e, 0xc0,
    0x0d, 0xc0, 0x0d, 0xc0, 0x0f, 0xe0, 0x0f, 0xd8, 0x0f, 0xd8, 0x0f, 0xd8,
    0x0f, 0xd8, 0x0f, 0xd8, 0x0e, 0xd8, 0x0f, 0xd0, 0x0e, 0xd0, 0x0e, 0xd0,
    0x0e, 0xd0, 0x0e, 0xd0, 0x0e, 0xd0, 0x0e, 0xc8, 0x0e, 0xc8, 0x0e, 0xc8,
    0x0e, 0xc8, 0x0e, 0xc8, 0x0d, 0xc8, 0x0d, 0xc0, 0x0d, 0xc0, 0x0d, 0xc0,
    0x0d, 0xc0, 0x0d, 0xc0, 0x0d, 0xc0, 0x0d, 0xb8, 0x0c, 0xb8, 0x0e, 0xc8,
    0x0f, 0xe0, 0x10, 0xe8, 0x10, 0xe8, 0x10, 0xe8, 0x10, 0xe0, 0x0f, 0xe0,
    0x10, 0xe0, 0x10, 0xe0, 0x0f, 0xe0, 0x0f, 0xe0, 0x0f, 0xd8, 0x0f, 0xd8,
    0x0f, 0xd8, 0x0f, 0xd8, 0x0f, 0xd8, 0x0f, 0xd8, 0x0e, 0xd0, 0x0e, 0xd0,
    0x0e, 0xd0, 0x0e, 0xd0, 0x0e, 0xc8, 0x0e, 0xc8, 0x0e, 0xc8, 0x0e, 0xc8,
    0x0d, 0xc8, 0x0d, 0xc0, 0x0e, 0xc8, 0x0f, 0xe0, 0x10, 0xe8, 0x10, 0xe8,
    0x10, 0xe8, 0x10, 0xe0, 0x10, 0xe0, 0x0f, 0xe8, 0x10, 0xe0, 0x10, 0xe0,
    0x0f, 0xe0, 0x0f, 0xe0, 0x0f, 0xd8, 0x0f, 0xd8, 0x0f, 0xd8, 0x0f, 0xd8,
    0x0e, 0xd0, 0x0e, 0xd8, 0x0e, 0xd0, 0x0f, 0xd0, 0x0e, 0xd0, 0x0e, 0xc8,
    0x0e, 0xc8, 0x0f, 0xd8, 0x10, 0xe8, 0x10, 0xe8, 0x0f, 0xe0, 0x10, 0xe8,
    0x10, 0xe0, 0x10, 0xe0, 0x0f, 0xe0, 0x10, 0xe0, 0x0f, 0xe0, 0x0f, 0xe0,
    0x0f, 0xe0, 0x0f, 0xd8, 0x0f, 0xd8, 0x0f, 0xd8, 0x0e, 0xd0, 0x0e, 0xd0,
    0x0f, 0xd0, 0x0e, 0xd0, 0x0e, 0xd0, 0x10, 0xe0, 0x10, 0xe8, 0x10, 0xe8,
    0x0f, 0xe0, 0x10, 0xe8, 0x10, 0xe8, 0x0f, 0xe0, 0x10, 0xe0, 0x0f, 0xe0,
    0x0f, 0xe0, 0x0f, 0xd8, 0x0f, 0xd8, 0x0f, 0xd8, 0x0f, 0xd8, 0x0e, 0xd8,
    0x0f, 0xd0, 0x0e, 0xd0, 0x0f, 0xd8, 0x0f, 0xe0, 0x10, 0xe8, 0x10, 0xe8,
    0x0f, 0xe0, 0x10, 0xe0, 0x0f, 0xe0, 0x10, 0xe0, 0x10, 0xe0, 0x0f, 0xe0,
    0x0f, 0xe0, 0x0f, 0xd8, 0x0f, 0xd8, 0x0f, 0xd8, 0x0e, 0xd8, 0x0f, 0xd0,
    0x0e, 0xd0, 0x0f, 0xd8, 0x0f, 0xe8, 0x10, 0xe8, 0x10, 0xe0, 0x10, 0xe0,
    0x0f, 0xe0, 0x10, 0xe0, 0x0f, 0xe0, 0x0f, 0xe0, 0x10, 0xe0, 0x0f, 0xd8,
    0x0f, 0xd8, 0x0f, 0xd8, 0x0e, 0xd8, 0x0f, 0xd0, 0x0f, 0xd8, 0x10, 0xe0,
    0x10, 0xe8, 0x0f, 0xe0, 0x0f, 0xe0, 0x10, 0xe0, 0x0f, 0xe0, 0x0f, 0xe0,
    0x10, 0xe0, 0x0f, 0xd8, 0x0f, 0xd8, 0x0f, 0xd8, 0x0f, 0xd8, 0x0f, 0xd8,
    0x0e, 0xd0, 0x0e, 0xd0, 0x0e, 0xd0, 0x0e, 0xd0, 0x0f, 0xe0, 0x10, 0xe0,
    0x0f, 0xe0, 0x0f, 0xe0, 0x0f, 0xd8, 0x0f, 0xd8, 0x0f, 0xd8, 0x0f, 0xd8,
    0x0f, 0xd8, 0x0f, 0xd8, 0x0f, 0xd0, 0x0e, 0xd0, 0x0e, 0xd0, 0x0f, 0xd0,
    0x0e, 0xd0, 0x0e, 0xd0, 0x0f, 0xd8, 0x0f, 0xe0, 0x0f, 0xd8, 0x0f, 0xe0,
    0x0f, 0xd8, 0x0f, 0xd8, 0x0f, 0xd8, 0x0e, 0xd8, 0x0f, 0xd8, 0x0e, 0xd0,
    0x0e, 0xd0, 0x0f, 0xd0, 0x0e, 0xd0, 0x0e, 0xd0, 0x0e, 0xd0, 0x0e, 0xc8,
    0x0e, 0xc8, 0x0f, 0xd0, 0x0f, 0xd8, 0x0f, 0xd8, 0x0f, 0xd8, 0x0f, 0xd8,
    0x0e, 0xd8, 0x0e, 0xd0, 0x0f, 0xd0, 0x0e, 0xd0, 0x0e, 0xd0, 0x0e, 0xd0,
    0x0e, 0xd0, 0x0e, 0xd0, 0x0e, 0xd0, 0x0e, 0xc8, 0x0e, 0xc8, 0x0e, 0xc8,
    0x0e, 0xc8, 0x0d, 0xc8, 0x0e, 0xd0, 0x0f, 0xd8, 0x0f, 0xd8, 0x0e, 0xd0,
    0x0e, 0xd0, 0x0e, 0xd0, 0x0e, 0xd0, 0x0e, 0xd0, 0x0e, 0xd0, 0x0e, 0xc8,
    0x0e, 0xd0, 0x0e, 0xc8, 0x0e, 0xc8, 0x0e, 0xc8, 0x0d, 0xc8, 0x0d, 0xc0,
    0x0d, 0xc0, 0x0e, 0xc8, 0x0d, 0xc0, 0x0d, 0xc0, 0x0e, 0xc0, 0x0f, 0xd0,
    0x0f, 0xd8, 0x0f, 0xd8, 0x0e, 0xd0, 0x0e, 0xd0, 0x0f, 0xd0, 0x0e, 0xd0,
    0x0e, 0xd0, 0x0e, 0xc8, 0x0e, 0xc8, 0x0e, 0xc8, 0x0e, 0xc8, 0x0e, 0xc8,
    0x0e, 0xc8, 0x0d, 0xc8, 0x0e, 0xc0, 0x0d, 0xc0, 0x0d, 0xc0, 0x0d, 0xc0,
    0x0d, 0xc0, 0x0d, 0xc0, 0x0d, 0xc0, 0x0d, 0xb8, 0x0c, 0xb8, 0x0d, 0xb8,
    0x0d, 0xb8, 0x0d, 0xb8, 0x0c, 0xb8, 0x0c, 0xb0, 0x0c, 0xb8, 0x0e, 0xc0,
    0x0e, 0xd0, 0x0e, 0xd0, 0x0e, 0xc8, 0x0e, 0xc8, 0x0e, 0xc8, 0x0e, 0xc8,
    0x0d, 0xc8, 0x0d, 0xc8, 0x0e, 0xc8, 0x0d, 0xc0, 0x0d, 0xc0, 0x0d, 0xc0,
    0x0f, 0xd8, 0x0f, 0xd8, 0x0f, 0xd8, 0x0f, 0xd8, 0x0f, 0xd8, 0x0e, 0xd0,
    0x0e, 0xd0, 0x0f, 0xd0, 0x0e, 0xd0, 0x0e, 0xd0, 0x0e, 0xd0, 0x0e, 0xd0,
    0x0e, 0xc8, 0x0e, 0xc8, 0x0e, 0xc8, 0x0e, 0xc8, 0x0e, 0xc8, 0x0d, 0xc0,
    0x0d, 0xc0, 0x0d, 0xc0, 0x0d, 0xc0, 0x0d, 0xc0, 0x0d, 0xc0, 0x0d, 0xc0,
    0x0d, 0xb8, 0x0d, 0xb8, 0x0e, 0xc8, 0x0f, 0xe0, 0x10, 0xe8, 0x10, 0xe8,
    0x10, 0xe8, 0x0f, 0xe0, 0x10, 0xe0, 0x0f, 0xe0, 0x0f, 0xe0, 0x0f, 0xe0,
    0x0f, 0xe0, 0x0f, 0xd8, 0x0f, 0xd8, 0x0f, 0xd8, 0x0f, 0xd8, 0x0f, 0xd8,
    0x0e, 0xd0, 0x0e, 0xd0, 0x0e, 0xd0, 0x0f, 0xd0, 0x0e, 0xd0, 0x0e, 0xc8,
    0x0e, 0xc8, 0x0e, 0xc8, 0x0e, 0xc8, 0x0e, 0xc8, 0x0d, 0xc0, 0x0e, 0xc0,
    0x0f, 0xd8, 0x10, 0xe8, 0x10, 0xe8, 0x10, 0xe0, 0x0f, 0xe8, 0x10, 0xe8,
    0x0f, 0xe0, 0x0f, 0xe0, 0x10, 0xe0, 0x0f, 0xe0, 0x0f, 0xe0, 0x0f, 0xd8,
    0x0f, 0xd8, 0x0f, 0xd8, 0x0f, 0xd8, 0x0f, 0xd8, 0x0e, 0xd0, 0x0f, 0xd0,
    0x0e, 0xd0, 0x0e, 0xd0, 0x0e, 0xc8, 0x0e, 0xc8, 0x0e, 0xd0, 0x0f, 0xe0,
    0x10, 0xe8, 0x10, 0xe8, 0x10, 0xe8, 0x0f, 0xe0, 0x10, 0xe8, 0x0f, 0xe0,
    0x0f, 0xe0, 0x0f, 0xe0, 0x0f, 0xe0, 0x0f, 0xd8, 0x0f, 0xd8, 0x0f, 0xd8,
    0x0f, 0xd8, 0x0e, 0xd8, 0x0f, 0xd0, 0x0e, 0xd0, 0x0e, 0xd0, 0x0e, 0xc8,
    0x0f, 0xd0, 0x10, 0xe8, 0x10, 0xe8, 0x0f, 0xe8, 0x10, 0xe0, 0x10, 0xe8,
    0x0f, 0xe0, 0x10, 0xe0, 0x10, 0xe0, 0x0f, 0xe0, 0x0f, 0xe0, 0x0f, 0xd8,
    0x0f, 0xd8, 0x0f, 0xd8, 0x0f, 0xd8, 0x0e, 0xd0, 0x0e, 0xd0, 0x0e, 0xd0,
    0x0f, 0xd8, 0x10, 0xe0, 0x10, 0xe8, 0x10, 0xe8, 0x10, 0xe0, 0x0f, 0xe0,
    0x0f, 0xe0, 0x0f, 0xe0, 0x0f, 0xe0, 0x0f, 0xe0, 0x10, 0xd8, 0x0f, 0xd8,
    0x0f, 0xd8, 0x0f, 0xd8, 0x0f, 0xd0, 0x0e, 0xd0, 0x0e, 0xd0, 0x0f, 0xd8,
    0x10, 0xe8, 0x0f, 0xe8, 0x10, 0xe0, 0x10, 0xe8, 0x0f, 0xe0, 0x0f, 0xe0,
    0x0f, 0xe0, 0x10, 0xe0, 0x0f, 0xd8, 0x0f, 0xd8, 0x0f, 0xd8, 0x0f, 0xd8,
    0x0e, 0xd8, 0x0e, 0xd0, 0x0f, 0xd8, 0x10, 0xe0, 0x10, 0xe8, 0x0f, 0xe0,
    0x10, 0xe0, 0x0f, 0xe0, 0x0f, 0xe0, 0x0f, 0xe0, 0x0f, 0xd8, 0x0f, 0xe0,
    0x0f, 0xd8, 0x0f, 0xd8, 0x0f, 0xd8, 0x0f, 0xd8, 0x0e, 0xd0, 0x0e, 0xd0,
    0x0e, 0xd0, 0x0f, 0xd0, 0x0f, 0xe0, 0x10, 0xe0, 0x10, 0xe0, 0x0f, 0xe0,
    0x0f, 0xe0, 0x0f, 0xd8, 0x0f, 0xd8, 0x0f, 0xd8, 0x0e, 0xd8, 0x0f, 0xd8,
    0x0e, 0xd0, 0x0f, 0xd8, 0x0e, 0xd0, 0x0e, 0xd0, 0x0e, 0xd0, 0x0e, 0xc8,
    0x0f, 0xd8, 0x0f, 0xe0, 0x0f, 0xe0, 0x10, 0xe0, 0x0f, 0xd8, 0x0f, 0xd8,
    0x0f, 0xd8, 0x0f, 0xd8, 0x0e, 0xd8, 0x0f, 0xd0, 0x0e, 0xd0, 0x0e, 0xd0,
    0x0e, 0xd0, 0x0e, 0xd0, 0x0e, 0xd0, 0x0e, 0xc8, 0x0e, 0xc8, 0x0e, 0xd0,
    0x0f, 0xd8, 0x0f, 0xe0, 0x0f, 0xd8, 0x0f, 0xd8, 0x0e, 0xd8, 0x0f, 0xd0,
    0x0e, 0xd0, 0x0f, 0xd8, 0x0f, 0xd0, 0x0e, 0xd0, 0x0e, 0xd0, 0x0e, 0xd0,
    0x0e, 0xc8, 0x0e, 0xc8, 0x0e, 0xc8, 0x0e, 0xc8, 0x0d, 0xc8, 0x0d, 0xc0,
    0x0e, 0xc8, 0x0f, 0xd8, 0x0e, 0xd8, 0x0f, 0xd0, 0x0f, 0xd8, 0x0e, 0xd0,
    0x0e, 0xd0, 0x0f, 0xd0, 0x0e, 0xd0, 0x0e, 0xc8, 0x0e, 0xc8, 0x0e, 0xd0,
    0x0e, 0xc8, 0x0e, 0xc8, 0x0e, 0xc8, 0x0e, 0xc8, 0x0d, 0xc0, 0x0d, 0xc0,
    0x0d, 0xc0, 0x0d, 0xc0, 0x0d, 0xc0, 0x0d, 0xc8, 0x0f, 0xd8, 0x0f, 0xd8,
    0x0e, 0xd0, 0x0f, 0xd0, 0x0f, 0xd0, 0x0e, 0xd0, 0x0e, 0xd0, 0x0e, 0xd0,
    0x0e, 0xd0, 0x0e, 0xc8, 0x0e, 0xc8, 0x0d, 0xc8, 0x0e, 0xc8, 0x0e, 0xc8,
    0x0d, 0xc8, 0x0e, 0xc0, 0x0d, 0xc0, 0x0d, 0xc0, 0x0d, 0xc0, 0x0d, 0xc0,
    0x0d, 0xc0, 0x0d, 0xc0, 0x0d, 0xb8, 0x0d, 0xb8, 0x0d, 0xb8, 0x0c, 0xb8,
    0x0d, 0xb8, 0x0c, 0xb8, 0x0c, 0xb0, 0x0c, 0xb0, 0x0d, 0xc0, 0x0e, 0xd0,
    0x0e, 0xd0, 0x0e, 0xc8, 0x0e, 0xd0, 0x0e, 0xc8, 0x0e, 0xc8, 0x0e, 0xc8,
    0x0d, 0xc8, 0x0e, 0xc8, 0x0d, 0xc0, 0x0d, 0xc0, 0x0f, 0xd8, 0x0f, 0xd8,
    0x0f, 0xd8, 0x0e, 0xd8, 0x0f, 0xd8, 0x0f, 0xd0, 0x0e, 0xd0, 0x0e, 0xd0,
    0x0e, 0xd0, 0x0e, 0xd0, 0x0e, 0xc8, 0x0e, 0xc8, 0x0e, 0xc8, 0x0e, 0xc8,
    0x0e, 0xc8, 0x0d, 0xc8, 0x0d, 0xc0, 0x0e, 0xc0, 0x0d, 0xc0, 0x0d, 0xc0,
    0x0d, 0xc0, 0x0d, 0xc0, 0x0d, 0xb8, 0x0d, 0xb8, 0x0c, 0xb0, 0x0e, 0xc8,
    0x0f, 0xe0, 0x10, 0xe8, 0x10, 0xe8, 0x10, 0xe0, 0x0f, 0xe8, 0x0f, 0xe0,
    0x10, 0xe0, 0x10, 0xe0, 0x0f, 0xe0, 0x0f, 0xe0, 0x0f, 0xd8, 0x0f, 0xd8,
    0x0f, 0xd8, 0x0f, 0xd8, 0x0f, 0xd8, 0x0f, 0xd8, 0x0e, 0xd0, 0x0e, 0xd0,
    0x0e, 0xd0, 0x0e, 0xd0, 0x0e, 0xc8, 0x0e, 0xc8, 0x0e, 0xd0, 0x0e, 0xc8,
    0x0d, 0xc8, 0x0d, 0xc0, 0x0d, 0xc0, 0x0f, 0xd0, 0x10, 0xe8, 0x10, 0xe8,
    0x10, 0xe8, 0x0f, 0xe0, 0x10, 0xe0, 0x10, 0xe0, 0x0f, 0xe0, 0x10, 0xe0,
    0x0f, 0xe0, 0x0f, 0xe0, 0x0f, 0xd8, 0x0f, 0xd8, 0x0f, 0xd8, 0x0f, 0xd8,
    0x0f, 0xd8, 0x0e, 0xd0, 0x0e, 0xd0, 0x0e, 0xd0, 0x0e, 0xd0, 0x0e, 0xc8,
    0x0e, 0xc8, 0x0e, 0xc8, 0x0f, 0xd8, 0x10, 0xe8, 0x10, 0xe8, 0x10, 0xe8,
    0x10, 0xe0, 0x10, 0xe8, 0x0f, 0xe0, 0x10, 0xe0, 0x0f, 0xe0, 0x0f, 0xe0,
    0x0f, 0xe0, 0x0f, 0xd8, 0x0f, 0xd8, 0x0f, 0xd8, 0x0f, 0xd8, 0x0e, 0xd0,
    0x0e, 0xd0, 0x0e, 0xd0, 0x0e, 0xd0, 0x0e, 0xd0, 0x0f, 0xd8, 0x10, 0xe8,
    0x10, 0xe8, 0x10, 0xe8, 0x10, 0xe8, 0x0f, 0xe0, 0x0f, 0xe0, 0x10, 0xe0,
    0x0f, 0xe0, 0x0f, 0xe0, 0x0f, 0xd8, 0x0f, 0xd8, 0x0f, 0xd8, 0x0f, 0xd8,
    0x0e, 0xd0, 0x0f, 0xd0, 0x0e, 0xd0, 0x0e, 0xd0, 0x0f, 0xd8, 0x10, 0xe8,
    0x0f, 0xe8, 0x10, 0xe8, 0x10, 0xe8, 0x0f, 0xe0, 0x10, 0xe0, 0x10, 0xe0,
    0x0f, 0xe0, 0x0f, 0xd8, 0x0f, 0xd8, 0x0f, 0xd8, 0x0f, 0xd8, 0x0e, 0xd8,
    0x0e, 0xd8, 0x0e, 0xd0, 0x0e, 0xd0, 0x0f, 0xd8, 0x10, 0xe8, 0x10, 0xe0,
    0x0f, 0xe0, 0x0f, 0xe0, 0x10, 0xe0, 0x0f, 0xe0, 0x0f, 0xe0, 0x0f, 0xe0,
    0x0f, 0xd8, 0x0f, 0xd8, 0x0f, 0xd8, 0x0f, 0xd8, 0x0e, 0xd0, 0x0e, 0xd0,
    0x0e, 0xd8, 0x10, 0xe0, 0x10, 0xe8, 0x10, 0xe8, 0x0f, 0xe0, 0x10, 0xe0,
    0x10, 0xe0, 0x0f, 0xe0, 0x0f, 0xe0, 0x0f, 0xd8, 0x0f, 0xd8, 0x0f, 0xd8,
    0x0e, 0xd8, 0x0e, 0xd0, 0x0f, 0xd0, 0x0f, 0xd8, 0x0e, 0xd0, 0x0e, 0xd0,
    0x0f, 0xd8, 0x10, 0xe0, 0x0f, 0xe0, 0x0f, 0xe0, 0x10, 0xe0, 0x0f, 0xd8,
    0x0f, 0xd8, 0x0f, 0xd8, 0x0f, 0xd8, 0x0e, 0xd8, 0x0f, 0xd0, 0x0e, 0xd0,
    0x0e, 0xd0, 0x0e, 0xd0, 0x0e, 0xd0, 0x0e, 0xc8, 0x0f, 0xd0, 0x0f, 0xe0,
    0x0f, 0xe0, 0x0f, 0xd8, 0x0f, 0xd8, 0x0f, 0xd8, 0x0f, 0xd8, 0x0f, 0xd8,
    0x0f, 0xd8, 0x0e, 0xd0, 0x0f, 0xd8, 0x0f, 0xd0, 0x0e, 0xd0, 0x0e, 0xd0,
    0x0e, 0xd0, 0x0e, 0xc8, 0x0e, 0xc8, 0x0d, 0xc8, 0x0e, 0xd0, 0x0f, 0xd8,
    0x0f, 0xd8, 0x0f, 0xd8, 0x0f, 0xd8, 0x0f, 0xd8, 0x0e, 0xd0, 0x0e, 0xd0,
    0x0f, 0xd0, 0x0e, 0xd0, 0x0e, 0xd0, 0x0e, 0xd0, 0x0e, 0xc8, 0x0e, 0xc8,
    0x0e, 0xd0, 0x0e, 0xc8, 0x0e, 0xc8, 0x0d, 0xc0, 0x0d, 0xc0, 0x0e, 0xc8,
    0x0e, 0xd8, 0x0f, 0xd8, 0x0e, 0xd0, 0x0f, 0xd0, 0x0e, 0xd0, 0x0e, 0xd0,
    0x0e, 0xd0, 0x0e, 0xd0, 0x0e, 0xc8, 0x0e, 0xc8, 0x0e, 0xc8, 0x0d, 0xc8,
    0x0e, 0xc8, 0x0d, 0xc8, 0x0e, 0xc0, 0x0d, 0xc0, 0x0d, 0xc0, 0x0d, 0xc0,
    0x0d, 0xc0, 0x0d, 0xb8, 0x0d, 0xc8, 0x0e, 0xd0, 0x0f, 0xd8, 0x0e, 0xd0,
    0x0e, 0xd0, 0x0e, 0xd0, 0x0e, 0xd0, 0x0e, 0xd0, 0x0e, 0xc8, 0x0e, 0xc8,
    0x0e, 0xd0, 0x0e, 0xc8, 0x0e, 0xc8, 0x0d, 0xc8, 0x0d, 0xc8, 0x0e, 0xc0,
    0x0d, 0xc0, 0x0d, 0xc0, 0x0e, 0xc0, 0x0d, 0xc0, 0x0d, 0xc0, 0x0d, 0xc0,
    0x0d, 0xc0, 0x0d, 0xb8, 0x0c, 0xb8, 0x0d, 0xb8, 0x0d, 0xb8, 0x0d, 0xb8,
    0x0c, 0xb8, 0x0c, 0xb0, 0x0c, 0xb0, 0x0d, 0xc0, 0x0e, 0xc8, 0x0e, 0xd0,
    0x0e, 0xc8, 0x0d, 0xc8, 0x0e, 0xc8, 0x0e, 0xc8, 0x0e, 0xc8, 0x0d, 0xc0,
    0x0e, 0xc8, 0x0d, 0xc0, 0x0f, 0xd8, 0x0f, 0xd8, 0x0e, 0xd0, 0x0e, 0xd0,
    0x0e, 0xd0, 0x0e, 0xd0, 0x0e, 0xd0, 0x0e, 0xd0, 0x0e, 0xc8, 0x0e, 0xc8,
    0x0e, 0xc8, 0x0e, 0xc8, 0x0e, 0xc8, 0x0e, 0xc8, 0x0d, 0xc8, 0x0d, 0xc0,
    0x0d, 0xc0, 0x0d, 0xc0, 0x0d, 0xc0, 0x0d, 0xc0, 0x0d, 0xc0, 0x0d, 0xb8,
    0x0d, 0xb8, 0x0c, 0xb0, 0x0e, 0xc8, 0x0f, 0xe0, 0x10, 0xe8, 0x10, 0xe8,
    0x10, 0xe0, 0x0f, 0xe0, 0x10, 0xe0, 0x0f, 0xe0, 0x0f, 0xe0, 0x0f, 0xe0,
    0x0f, 0xe0, 0x0f, 0xe0, 0x0f, 0xd8, 0x0f, 0xd8, 0x0f, 0xd8, 0x0f, 0xd8,
    0x0e, 0xd0, 0x0e, 0xd0, 0x0e, 0xd0, 0x0e, 0xd0, 0x0e, 0xd0, 0x0e, 0xc8,
    0x0e, 0xc8, 0x0e, 0xc8, 0x0e, 0xc8, 0x0d, 0xc8, 0x0d, 0xc0, 0x0d, 0xc0,
    0x0e, 0xd0, 0x10, 0xe0, 0x10, 0xe8, 0x0f, 0xe8, 0x10, 0xe8, 0x10, 0xe0,
    0x0f, 0xe8, 0x10, 0xe0, 0x0f, 0xe0, 0x0f, 0xe0, 0x0f, 0xe0, 0x0f, 0xd8,
    0x0f, 0xd8, 0x0f, 0xd8, 0x0f, 0xd8, 0x0e, 0xd8, 0x0e, 0xd0, 0x0e, 0xd0,
    0x0e, 0xd0, 0x0e, 0xd0, 0x0e, 0xc8, 0x0e, 0xc8, 0x0e, 0xc8, 0x0e, 0xd0,
    0x10, 0xe0, 0x10, 0xe8, 0x0f, 0xe8, 0x10, 0xe0, 0x10, 0xe8, 0x0f, 0xe0,
    0x0f, 0xe0, 0x10, 0xe0, 0x0f, 0xe0, 0x10, 0xe0, 0x0f, 0xd8, 0x0f, 0xd8,
    0x0f, 0xd8, 0x0f, 0xd8, 0x0e, 0xd0, 0x0e, 0xd0, 0x0e, 0xd0, 0x0e, 0xd0,
    0x0e, 0xc8, 0x0f, 0xd0, 0x0f, 0xe0, 0x10, 0xe8, 0x10, 0xe8, 0x0f, 0xe0,
    0x10, 0xe0, 0x0f, 0xe0, 0x10, 0xe0, 0x0f, 0xe0, 0x0f, 0xe0, 0x0f, 0xd8,
    0x0f, 0xd8, 0x0f, 0xd8, 0x0f, 0xd8, 0x0f, 0xd8, 0x0e, 0xd0, 0x0e, 0xd0,
    0x0e, 0xd0, 0x0e, 0xd0, 0x0f, 0xe0, 0x10, 0xe8, 0x10, 0xe0, 0x10, 0xe0,
    0x10, 0xe0, 0x0f, 0xe0, 0x10, 0xe0, 0x0f, 0xe0, 0x0f, 0xe0, 0x0f, 0xe0,
    0x0f, 0xd8, 0x0f, 0xd8, 0x0e, 0xd8, 0x0f, 0xd8, 0x0f, 0xd0, 0x0e, 0xd0,
    0x0e, 0xd0, 0x0f, 0xd8, 0x10, 0xe8, 0x10, 0xe0, 0x10, 0xe8, 0x0f, 0xe0,
    0x10, 0xe0, 0x10, 0xe0, 0x0f, 0xe0, 0x0f, 0xe0, 0x0f, 0xd8, 0x0f, 0xd8,
    0x0f, 0xd8, 0x0e, 0xd8, 0x0f, 0xd0, 0x0e, 0xd0, 0x0e, 0xd8, 0x0f, 0xe0,
    0x10, 0xe8, 0x10, 0xe0, 0x0f, 0xe0, 0x10, 0xe0, 0x0f, 0xe0, 0x0f, 0xe0,
    0x0f, 0xd8, 0x0f, 0xd8, 0x0f, 0xd8, 0x0f, 0xd8, 0x0f, 0xd8, 0x0f, 0xd8,
    0x0e, 0xd0, 0x0e, 0xd0, 0x0e, 0xd0, 0x0e, 0xd0, 0x0f, 0xd8, 0x10, 0xe0,
    0x0f, 0xe0, 0x0f, 0xe0, 0x0f, 0xe0, 0x0f, 0xd8, 0x0f, 0xd8, 0x0f, 0xd8,
    0x0f, 0xd8, 0x0f, 0xd8, 0x0e, 0xd0, 0x0e, 0xd0, 0x0f, 0xd0, 0x0e, 0xd0,
    0x0e, 0xd0, 0x0e, 0xc8, 0x0e, 0xc8, 0x0f, 0xd8, 0x10, 0xe0, 0x0f, 0xe0,
    0x0f, 0xd8, 0x0f, 0xd8, 0x0f, 0xd8, 0x0f, 0xd8, 0x0e, 0xd8, 0x0e, 0xd0,
    0x0f, 0xd8, 0x0e, 0xd0, 0x0e, 0xd0, 0x0e, 0xd0, 0x0e, 0xd0, 0x0e, 0xc8,
    0x0e, 0xc8, 0x0e, 0xc8, 0x0e, 0xd0, 0x0f, 0xd8, 0x0f, 0xd8, 0x0e, 0xd8,
    0x0f, 0xd8, 0x0f, 0xd8, 0x0e, 0xd0, 0x0e, 0xd8, 0x0e, 0xd0, 0x0f, 0xd0,
    0x0e, 0xd0, 0x0e, 0xd0, 0x0e, 0xc8, 0x0e, 0xc8, 0x0e, 0xc8, 0x0e, 0xc8,
    0x0e, 0xc8, 0x0d, 0xc8, 0x0e, 0xc0, 0x0e, 0xc0, 0x0e, 0xd0, 0x0f, 0xd8,
    0x0e, 0xd0, 0x0e, 0xd8, 0x0f, 0xd0, 0x0e, 0xd0, 0x0e, 0xd0, 0x0e, 0xd0,
    0x0e, 0xc8, 0x0e, 0xc8, 0x0e, 0xc8, 0x0e, 0xc8, 0x0e, 0xc8, 0x0d, 0xc8,
    0x0d, 0xc0, 0x0e, 0xc0, 0x0d, 0xc0, 0x0d, 0xc0, 0x0d, 0xc0, 0x0d, 0xb8,
    0x0d, 0xb8, 0x0e, 0xc8, 0x0f, 0xd8, 0x0f, 0xd8, 0x0e, 0xd0, 0x0f, 0xd0,
    0x0e, 0xd0, 0x0e, 0xd0, 0x0e, 0xd0, 0x0e, 0xc8, 0x0e, 0xc8, 0x0e, 0xd0,
    0x0e, 0xc8, 0x0e, 0xc8, 0x0e, 0xc8, 0x0d, 0xc8, 0x0e, 0xc0, 0x0d, 0xc8,
    0x0d, 0xc0, 0x0d, 0xc0, 0x0d, 0xb8, 0x0d, 0xb8, 0x0d, 0xc0, 0x0d, 0xb8,
    0x0d, 0xb8, 0x0d, 0xb8, 0x0c, 0xb8, 0x0d, 0xb8, 0x0c, 0xb8, 0x0c, 0xb8,
    0x0c, 0xb0, 0x0c, 0xb0, 0x0d, 0xc0, 0x0e, 0xc8, 0x0e, 0xc8, 0x0e, 0xc8,
    0x0e, 0xc8, 0x0e, 0xc8, 0x0e, 0xc8, 0x0e, 0xc0, 0x0d, 0xc0, 0x0d, 0xc8
};
